10-04 20:04:31.021 I/hakuX-lane(22669): [occl804] f=5426 wait=0 procs=2 q=11 qnz=1 pend=0 rep=11 repnz=1 repmax=307200 v=0,0,0,0,0,0,0,0,0,0,307200
10-04 20:04:31.028 I/hakuX-lane(22669): [occl804] f=5427 wait=0 procs=1 q=5 qnz=1 pend=0 rep=5 repnz=1 repmax=307200 v=0,0,0,0,307200
10-04 20:04:31.061 I/hakuX-lane(22669): [occl804] f=5428 wait=0 procs=2 q=11 qnz=1 pend=0 rep=11 repnz=1 repmax=307200 v=0,0,0,0,0,0,0,0,0,0,307200
10-04 20:04:31.068 I/hakuX-lane(22669): [occl804] f=5429 wait=0 procs=1 q=5 qnz=1 pend=0 rep=5 repnz=1 repmax=307200 v=0,0,0,0,307200
10-04 20:04:31.100 I/hakuX-lane(22669): [occl804] f=5430 wait=0 procs=2 q=11 qnz=1 pend=0 rep=11 repnz=1 repmax=307200 v=0,0,0,0,0,0,0,0,0,0,307200
10-04 20:04:31.106 I/hakuX-lane(22669): [occl804] f=5431 wait=0 procs=1 q=5 qnz=1 pend=0 rep=5 repnz=1 repmax=307200 v=0,0,0,0,307200
10-04 20:04:31.136 I/hakuX-lane(22669): [occl804] f=5432 wait=0 procs=2 q=11 qnz=1 pend=0 rep=11 repnz=1 repmax=307200 v=0,0,0,0,0,0,0,0,0,0,307200
10-04 20:04:31.144 I/hakuX-lane(22669): [occl804] f=5433 wait=0 procs=1 q=5 qnz=1 pend=0 rep=5 repnz=1 repmax=307200 v=0,0,0,0,307200
10-04 20:04:31.175 I/hakuX-lane(22669): [occl804] f=5434 wait=0 procs=2 q=11 qnz=1 pend=0 rep=11 repnz=1 repmax=307200 v=0,0,0,0,0,0,0,0,0,0,307200
10-04 20:04:31.182 I/hakuX-lane(22669): [occl804] f=5435 wait=0 procs=1 q=5 qnz=1 pend=0 rep=5 repnz=1 repmax=307200 v=0,0,0,0,307200
10-04 20:04:31.212 I/hakuX-lane(22669): [occl804] f=5436 wait=0 procs=2 q=11 qnz=1 pend=0 rep=11 repnz=1 repmax=307200 v=0,0,0,0,0,0,0,0,0,0,307200
10-04 20:04:31.224 I/hakuX-lane(22669): [occl804] f=5437 wait=0 procs=1 q=5 qnz=1 pend=0 rep=5 repnz=1 repmax=307200 v=0,0,0,0,307200
10-04 20:04:31.256 I/hakuX-lane(22669): [occl804] f=5438 wait=0 procs=2 q=11 qnz=1 pend=0 rep=11 repnz=1 repmax=307200 v=0,0,0,0,0,0,0,0,0,0,307200
10-04 20:04:31.262 I/hakuX-lane(22669): [occl804] f=5439 wait=0 procs=1 q=5 qnz=1 pend=0 rep=5 repnz=1 repmax=307200 v=0,0,0,0,307200
10-04 20:04:31.291 I/hakuX-lane(22669): [occl804] f=5440 wait=0 procs=2 q=11 qnz=1 pend=0 rep=11 repnz=1 repmax=307200 v=0,0,0,0,0,0,0,0,0,0,307200
10-04 20:04:31.297 I/hakuX-lane(22669): [occl804] f=5441 wait=0 procs=1 q=5 qnz=1 pend=0 rep=5 repnz=1 repmax=307200 v=0,0,0,0,307200
10-04 20:04:31.326 I/hakuX-lane(22669): [occl804] f=5442 wait=0 procs=2 q=11 qnz=1 pend=0 rep=11 repnz=1 repmax=307200 v=0,0,0,0,0,0,0,0,0,0,307200
10-04 20:04:31.333 I/hakuX-lane(22669): [occl804] f=5443 wait=0 procs=1 q=5 qnz=1 pend=0 rep=5 repnz=1 repmax=307200 v=0,0,0,0,307200
10-04 20:04:31.361 I/hakuX-lane(22669): [occl804] f=5444 wait=0 procs=2 q=11 qnz=1 pend=0 rep=11 repnz=1 repmax=307200 v=0,0,0,0,0,0,0,0,0,0,307200
10-04 20:04:31.382 I/hakuX-lane(22669): [occl804] f=5445 wait=0 procs=2 q=11 qnz=1 pend=0 rep=11 repnz=1 repmax=307200 v=0,0,0,0,307200,0,0,0,0,0,0
10-04 20:04:31.406 I/hakuX-lane(22669): [occl804] f=5446 wait=0 procs=1 q=5 qnz=1 pend=0 rep=5 repnz=1 repmax=307200 v=0,0,0,0,307200
10-04 20:04:31.413 I/hakuX-lane(22669): [occl804] f=5447 wait=0 procs=1 q=5 qnz=1 pend=0 rep=5 repnz=1 repmax=307200 v=0,0,0,0,307200
10-04 20:04:31.440 I/hakuX-lane(22669): [occl804] f=5448 wait=0 procs=2 q=11 qnz=1 pend=0 rep=11 repnz=1 repmax=307200 v=0,0,0,0,0,0,0,0,0,0,307200
10-04 20:04:31.446 I/hakuX-lane(22669): [occl804] f=5449 wait=0 procs=1 q=5 qnz=1 pend=0 rep=5 repnz=1 repmax=307200 v=0,0,0,0,307200
10-04 20:04:31.478 I/hakuX-lane(22669): [occl804] f=5450 wait=0 procs=2 q=11 qnz=1 pend=0 rep=11 repnz=1 repmax=307200 v=0,0,0,0,0,0,0,0,0,0,307200
10-04 20:04:31.485 I/hakuX-lane(22669): [occl804] f=5451 wait=0 procs=1 q=5 qnz=1 pend=0 rep=5 repnz=1 repmax=307200 v=0,0,0,0,307200
10-04 20:04:31.511 I/hakuX-lane(22669): [occl804] f=5452 wait=0 procs=2 q=11 qnz=1 pend=0 rep=11 repnz=1 repmax=307200 v=0,0,0,0,0,0,0,0,0,0,307200
10-04 20:04:31.519 I/hakuX-lane(22669): [occl804] f=5453 wait=0 procs=1 q=5 qnz=1 pend=0 rep=5 repnz=1 repmax=307200 v=0,0,0,0,307200
10-04 20:04:31.550 I/hakuX-lane(22669): [occl804] f=5454 wait=0 procs=2 q=11 qnz=1 pend=0 rep=11 repnz=1 repmax=307200 v=0,0,0,0,0,0,0,0,0,0,307200
10-04 20:04:31.579 I/hakuX-lane(22669): [occl804] f=5456 wait=0 procs=2 q=16 qnz=2 pend=0 rep=16 repnz=2 repmax=307200 v=0,0,0,0,307200,0,0,0,0,0,0,0,0,0,0,307200
10-04 20:04:31.587 I/hakuX-lane(22669): [occl804] f=5457 wait=0 procs=1 q=5 qnz=1 pend=0 rep=5 repnz=1 repmax=307200 v=0,0,0,0,307200
10-04 20:04:31.622 I/hakuX-lane(22669): [occl804] f=5458 wait=0 procs=2 q=11 qnz=1 pend=0 rep=11 repnz=1 repmax=307200 v=0,0,0,0,0,0,0,0,0,0,307200
10-04 20:04:31.629 I/hakuX-lane(22669): [occl804] f=5459 wait=0 procs=1 q=5 qnz=1 pend=0 rep=5 repnz=1 repmax=307200 v=0,0,0,0,307200
10-04 20:04:31.657 I/hakuX-lane(22669): [occl804] f=5460 wait=0 procs=2 q=11 qnz=1 pend=0 rep=11 repnz=1 repmax=307200 v=0,0,0,0,0,0,0,0,0,0,307200
10-04 20:04:31.664 I/hakuX-lane(22669): [occl804] f=5461 wait=0 procs=1 q=5 qnz=1 pend=0 rep=5 repnz=1 repmax=307200 v=0,0,0,0,307200
10-04 20:04:31.677 I/hakuX-lane(22669): [occl804] f=5462 wait=0 procs=1 q=6 qnz=0 pend=0 rep=6 repnz=0 repmax=0 v=0,0,0,0,0,0
10-04 20:04:31.699 I/hakuX-lane(22669): [occl804] f=5463 wait=0 procs=2 q=10 qnz=2 pend=0 rep=10 repnz=2 repmax=307200 v=0,0,0,0,307200,0,0,0,0,307200
10-04 20:04:31.731 I/hakuX-lane(22669): [occl804] f=5464 wait=0 procs=2 q=11 qnz=1 pend=0 rep=11 repnz=1 repmax=307200 v=0,0,0,0,0,0,0,0,0,0,307200
10-04 20:04:31.757 I/hakuX-lane(22669): [occl804] f=5466 wait=0 procs=2 q=16 qnz=2 pend=0 rep=16 repnz=2 repmax=307200 v=0,0,0,0,307200,0,0,0,0,0,0,0,0,0,0,307200
10-04 20:04:31.765 I/hakuX-lane(22669): [occl804] f=5467 wait=0 procs=1 q=5 qnz=1 pend=0 rep=5 repnz=1 repmax=307200 v=0,0,0,0,307200
10-04 20:04:31.796 I/hakuX-lane(22669): [occl804] f=5468 wait=0 procs=2 q=11 qnz=1 pend=0 rep=11 repnz=1 repmax=307200 v=0,0,0,0,0,0,0,0,0,0,307200
10-04 20:04:31.802 I/hakuX-lane(22669): [occl804] f=5469 wait=0 procs=1 q=5 qnz=1 pend=0 rep=5 repnz=1 repmax=307200 v=0,0,0,0,307200
10-04 20:04:31.837 I/hakuX-lane(22669): [occl804] f=5470 wait=0 procs=2 q=11 qnz=1 pend=0 rep=11 repnz=1 repmax=307200 v=0,0,0,0,0,0,0,0,0,0,307200
10-04 20:04:31.850 I/hakuX-lane(22669): [occl804] f=5472 wait=0 procs=1 q=11 qnz=1 pend=0 rep=11 repnz=1 repmax=307200 v=0,0,0,0,307200,0,0,0,0,0,0
10-04 20:04:31.865 I/hakuX-lane(22669): [occl804] f=5473 wait=0 procs=1 q=5 qnz=1 pend=0 rep=5 repnz=1 repmax=307200 v=0,0,0,0,307200
10-04 20:04:31.880 I/hakuX-lane(22669): [occl804] f=5474 wait=0 procs=1 q=11 qnz=1 pend=0 rep=11 repnz=1 repmax=307200 v=0,0,0,0,307200,0,0,0,0,0,0
10-04 20:04:31.896 I/hakuX-lane(22669): [occl804] f=5475 wait=0 procs=1 q=5 qnz=1 pend=0 rep=5 repnz=1 repmax=307200 v=0,0,0,0,307200
10-04 20:04:31.926 I/hakuX-lane(22669): [occl804] f=5476 wait=0 procs=2 q=16 qnz=2 pend=0 rep=16 repnz=2 repmax=307200 v=0,0,0,0,307200,0,0,0,0,0,0,0,0,0,0,307200
10-04 20:04:31.942 I/hakuX-lane(22669): [occl804] f=5477 wait=0 procs=1 q=5 qnz=1 pend=0 rep=5 repnz=1 repmax=307200 v=0,0,0,0,307200
10-04 20:04:31.952 I/hakuX-lane(22669): [occl804] f=5478 wait=0 procs=1 q=6 qnz=0 pend=0 rep=6 repnz=0 repmax=0 v=0,0,0,0,0,0
10-04 20:04:31.966 I/hakuX-lane(22669): [occl804] f=5479 wait=0 procs=1 q=5 qnz=1 pend=0 rep=5 repnz=1 repmax=307200 v=0,0,0,0,307200
10-04 20:04:31.982 I/hakuX-lane(22669): [occl804] f=5480 wait=0 procs=1 q=6 qnz=0 pend=0 rep=6 repnz=0 repmax=0 v=0,0,0,0,0,0
10-04 20:04:32.001 I/hakuX-lane(22669): [occl804] f=5481 wait=0 procs=2 q=10 qnz=2 pend=0 rep=10 repnz=2 repmax=307200 v=0,0,0,0,307200,0,0,0,0,307200
10-04 20:04:32.031 I/hakuX-lane(22669): [occl804] f=5482 wait=0 procs=2 q=11 qnz=1 pend=0 rep=11 repnz=1 repmax=307200 v=0,0,0,0,0,0,0,0,0,0,307200
10-04 20:04:32.056 I/hakuX-lane(22669): [occl804] f=5484 wait=0 procs=2 q=16 qnz=2 pend=0 rep=16 repnz=2 repmax=307200 v=0,0,0,0,307200,0,0,0,0,0,0,0,0,0,0,307200
10-04 20:04:32.063 I/hakuX-lane(22669): [occl804] f=5485 wait=0 procs=1 q=5 qnz=1 pend=0 rep=5 repnz=1 repmax=307200 v=0,0,0,0,307200
10-04 20:04:32.087 I/hakuX-lane(22669): [occl804] f=5486 wait=0 procs=2 q=11 qnz=1 pend=0 rep=11 repnz=1 repmax=307200 v=0,0,0,0,0,0,0,0,0,0,307200
10-04 20:04:32.094 I/hakuX-lane(22669): [occl804] f=5487 wait=0 procs=1 q=5 qnz=1 pend=0 rep=5 repnz=1 repmax=307200 v=0,0,0,0,307200
10-04 20:04:32.120 I/hakuX-lane(22669): [occl804] f=5488 wait=0 procs=2 q=11 qnz=1 pend=0 rep=11 repnz=1 repmax=307200 v=0,0,0,0,0,0,0,0,0,0,307200
10-04 20:04:32.127 I/hakuX-lane(22669): [occl804] f=5489 wait=0 procs=1 q=5 qnz=1 pend=0 rep=5 repnz=1 repmax=307200 v=0,0,0,0,307200
10-04 20:04:32.140 I/hakuX-lane(22669): [occl804] f=5490 wait=0 procs=1 q=6 qnz=0 pend=0 rep=6 repnz=0 repmax=0 v=0,0,0,0,0,0
10-04 20:04:32.158 I/hakuX-lane(22669): [occl804] f=5491 wait=0 procs=2 q=10 qnz=2 pend=0 rep=10 repnz=2 repmax=307200 v=0,0,0,0,307200,0,0,0,0,307200
10-04 20:04:32.188 I/hakuX-lane(22669): [occl804] f=5492 wait=0 procs=2 q=11 qnz=1 pend=0 rep=11 repnz=1 repmax=307200 v=0,0,0,0,0,0,0,0,0,0,307200
10-04 20:04:32.204 I/hakuX-lane(22669): [occl804] f=5494 wait=0 procs=1 q=11 qnz=1 pend=0 rep=11 repnz=1 repmax=307200 v=0,0,0,0,307200,0,0,0,0,0,0
10-04 20:04:32.221 I/hakuX-lane(22669): [occl804] f=5495 wait=0 procs=2 q=10 qnz=2 pend=0 rep=10 repnz=2 repmax=307200 v=0,0,0,0,307200,0,0,0,0,307200
10-04 20:04:32.235 I/hakuX-lane(22669): [occl804] f=5496 wait=0 procs=1 q=6 qnz=0 pend=0 rep=6 repnz=0 repmax=0 v=0,0,0,0,0,0
10-04 20:04:32.251 I/hakuX-lane(22669): [occl804] f=5497 wait=0 procs=1 q=5 qnz=1 pend=0 rep=5 repnz=1 repmax=307200 v=0,0,0,0,307200
10-04 20:04:32.283 I/hakuX-lane(22669): [occl804] f=5498 wait=0 procs=2 q=16 qnz=2 pend=0 rep=16 repnz=2 repmax=307200 v=0,0,0,0,307200,0,0,0,0,0,0,0,0,0,0,307200
10-04 20:04:32.312 I/hakuX-lane(22669): [occl804] f=5500 wait=0 procs=2 q=16 qnz=2 pend=0 rep=16 repnz=2 repmax=307200 v=0,0,0,0,307200,0,0,0,0,0,0,0,0,0,0,307200
10-04 20:04:32.319 I/hakuX-lane(22669): [occl804] f=5501 wait=0 procs=1 q=5 qnz=1 pend=0 rep=5 repnz=1 repmax=307200 v=0,0,0,0,307200
10-04 20:04:32.331 I/hakuX-lane(22669): [occl804] f=5502 wait=0 procs=1 q=6 qnz=0 pend=0 rep=6 repnz=0 repmax=0 v=0,0,0,0,0,0
10-04 20:04:32.348 I/hakuX-lane(22669): [occl804] f=5503 wait=0 procs=1 q=5 qnz=1 pend=0 rep=5 repnz=1 repmax=307200 v=0,0,0,0,307200
10-04 20:04:32.365 I/hakuX-lane(22669): [occl804] f=5504 wait=0 procs=1 q=11 qnz=1 pend=0 rep=11 repnz=1 repmax=307200 v=0,0,0,0,307200,0,0,0,0,0,0
10-04 20:04:32.381 I/hakuX-lane(22669): [occl804] f=5505 wait=0 procs=1 q=5 qnz=1 pend=0 rep=5 repnz=1 repmax=307200 v=0,0,0,0,307200
10-04 20:04:32.398 I/hakuX-lane(22669): [occl804] f=5506 wait=0 procs=1 q=6 qnz=0 pend=0 rep=6 repnz=0 repmax=0 v=0,0,0,0,0,0
10-04 20:04:32.415 I/hakuX-lane(22669): [occl804] f=5507 wait=0 procs=1 q=5 qnz=1 pend=0 rep=5 repnz=1 repmax=307200 v=0,0,0,0,307200
10-04 20:04:32.431 I/hakuX-lane(22669): [occl804] f=5508 wait=0 procs=1 q=6 qnz=0 pend=0 rep=6 repnz=0 repmax=0 v=0,0,0,0,0,0
10-04 20:04:32.448 I/hakuX-lane(22669): [occl804] f=5509 wait=0 procs=1 q=5 qnz=1 pend=0 rep=5 repnz=1 repmax=307200 v=0,0,0,0,307200
10-04 20:04:32.465 I/hakuX-lane(22669): [occl804] f=5510 wait=0 procs=1 q=6 qnz=0 pend=0 rep=6 repnz=0 repmax=0 v=0,0,0,0,0,0
10-04 20:04:32.481 I/hakuX-lane(22669): [occl804] f=5511 wait=0 procs=1 q=5 qnz=1 pend=0 rep=5 repnz=1 repmax=307200 v=0,0,0,0,307200
10-04 20:04:32.501 I/hakuX-lane(22669): [occl804] f=5512 wait=0 procs=1 q=6 qnz=0 pend=0 rep=6 repnz=0 repmax=0 v=0,0,0,0,0,0
10-04 20:04:32.519 I/hakuX-lane(22669): [occl804] f=5513 wait=0 procs=1 q=5 qnz=1 pend=0 rep=5 repnz=1 repmax=307200 v=0,0,0,0,307200
10-04 20:04:32.554 I/hakuX-lane(22669): [occl804] f=5514 wait=0 procs=2 q=11 qnz=1 pend=0 rep=11 repnz=1 repmax=307200 v=0,0,0,0,0,0,0,0,0,0,307200
10-04 20:04:32.562 I/hakuX-lane(22669): [occl804] f=5515 wait=0 procs=1 q=5 qnz=1 pend=0 rep=5 repnz=1 repmax=307200 v=0,0,0,0,307200
10-04 20:04:32.599 I/hakuX-lane(22669): [occl804] f=5516 wait=0 procs=2 q=11 qnz=1 pend=0 rep=11 repnz=1 repmax=307200 v=0,0,0,0,0,0,0,0,0,0,307200
10-04 20:04:32.606 I/hakuX-lane(22669): [occl804] f=5517 wait=0 procs=1 q=5 qnz=1 pend=0 rep=5 repnz=1 repmax=307200 v=0,0,0,0,307200
10-04 20:04:32.633 I/hakuX-lane(22669): [occl804] f=5518 wait=0 procs=2 q=11 qnz=1 pend=0 rep=11 repnz=1 repmax=307200 v=0,0,0,0,0,0,0,0,0,0,307200
10-04 20:04:32.640 I/hakuX-lane(22669): [occl804] f=5519 wait=0 procs=1 q=5 qnz=1 pend=0 rep=5 repnz=1 repmax=307200 v=0,0,0,0,307200
10-04 20:04:32.668 I/hakuX-lane(22669): [occl804] f=5520 wait=0 procs=2 q=11 qnz=1 pend=0 rep=11 repnz=1 repmax=307200 v=0,0,0,0,0,0,0,0,0,0,307200
10-04 20:04:32.682 I/hakuX-lane(22669): [occl804] f=5521 wait=0 procs=1 q=5 qnz=1 pend=0 rep=5 repnz=1 repmax=307200 v=0,0,0,0,307200
10-04 20:04:32.709 I/hakuX-lane(22669): [occl804] f=5522 wait=0 procs=2 q=11 qnz=1 pend=0 rep=11 repnz=1 repmax=307200 v=0,0,0,0,0,0,0,0,0,0,307200
10-04 20:04:32.716 I/hakuX-lane(22669): [occl804] f=5523 wait=0 procs=1 q=5 qnz=1 pend=0 rep=5 repnz=1 repmax=307200 v=0,0,0,0,307200
10-04 20:04:32.743 I/hakuX-lane(22669): [occl804] f=5524 wait=0 procs=2 q=11 qnz=1 pend=0 rep=11 repnz=1 repmax=307200 v=0,0,0,0,0,0,0,0,0,0,307200
10-04 20:04:32.750 I/hakuX-lane(22669): [occl804] f=5525 wait=0 procs=1 q=5 qnz=1 pend=0 rep=5 repnz=1 repmax=307200 v=0,0,0,0,307200
10-04 20:04:32.773 I/hakuX-lane(22669): [occl804] f=5526 wait=0 procs=2 q=11 qnz=1 pend=0 rep=11 repnz=1 repmax=307200 v=0,0,0,0,0,0,0,0,0,0,307200
10-04 20:04:32.783 I/hakuX-lane(22669): [occl804] f=5527 wait=0 procs=1 q=5 qnz=1 pend=0 rep=5 repnz=1 repmax=307200 v=0,0,0,0,307200
10-04 20:04:32.803 I/hakuX-lane(22669): [occl804] f=5528 wait=0 procs=2 q=11 qnz=1 pend=0 rep=11 repnz=1 repmax=307200 v=0,0,0,0,0,0,0,0,0,0,307200
10-04 20:04:32.809 I/hakuX-lane(22669): [occl804] f=5529 wait=0 procs=1 q=5 qnz=1 pend=0 rep=5 repnz=1 repmax=307200 v=0,0,0,0,307200
10-04 20:04:32.842 I/hakuX-lane(22669): [occl804] f=5530 wait=0 procs=2 q=11 qnz=1 pend=0 rep=11 repnz=1 repmax=307200 v=0,0,0,0,0,0,0,0,0,0,307200
10-04 20:04:32.850 I/hakuX-lane(22669): [occl804] f=5531 wait=0 procs=1 q=5 qnz=1 pend=0 rep=5 repnz=1 repmax=307200 v=0,0,0,0,307200
10-04 20:04:32.873 I/hakuX-lane(22669): [occl804] f=5532 wait=0 procs=2 q=11 qnz=1 pend=0 rep=11 repnz=1 repmax=307200 v=0,0,0,0,0,0,0,0,0,0,307200
10-04 20:04:32.880 I/hakuX-lane(22669): [occl804] f=5533 wait=0 procs=1 q=5 qnz=1 pend=0 rep=5 repnz=1 repmax=307200 v=0,0,0,0,307200
10-04 20:04:32.910 I/hakuX-lane(22669): [occl804] f=5534 wait=0 procs=2 q=11 qnz=1 pend=0 rep=11 repnz=1 repmax=307200 v=0,0,0,0,0,0,0,0,0,0,307200
10-04 20:04:32.918 I/hakuX-lane(22669): [occl804] f=5535 wait=0 procs=1 q=5 qnz=1 pend=0 rep=5 repnz=1 repmax=307200 v=0,0,0,0,307200
10-04 20:04:32.944 I/hakuX-lane(22669): [occl804] f=5536 wait=0 procs=2 q=11 qnz=1 pend=0 rep=11 repnz=1 repmax=307200 v=0,0,0,0,0,0,0,0,0,0,307200
10-04 20:04:32.951 I/hakuX-lane(22669): [occl804] f=5537 wait=0 procs=1 q=5 qnz=1 pend=0 rep=5 repnz=1 repmax=307200 v=0,0,0,0,307200
10-04 20:04:32.974 I/hakuX-lane(22669): [occl804] f=5538 wait=0 procs=2 q=11 qnz=1 pend=0 rep=11 repnz=1 repmax=307200 v=0,0,0,0,0,0,0,0,0,0,307200
10-04 20:04:32.980 I/hakuX-lane(22669): [occl804] f=5539 wait=0 procs=1 q=5 qnz=1 pend=0 rep=5 repnz=1 repmax=307200 v=0,0,0,0,307200
10-04 20:04:33.005 I/hakuX-lane(22669): [occl804] f=5540 wait=0 procs=2 q=11 qnz=1 pend=0 rep=11 repnz=1 repmax=307200 v=0,0,0,0,0,0,0,0,0,0,307200
10-04 20:04:33.012 I/hakuX-lane(22669): [occl804] f=5541 wait=0 procs=1 q=5 qnz=1 pend=0 rep=5 repnz=1 repmax=307200 v=0,0,0,0,307200
10-04 20:04:33.040 I/hakuX-lane(22669): [occl804] f=5542 wait=0 procs=2 q=11 qnz=1 pend=0 rep=11 repnz=1 repmax=307200 v=0,0,0,0,0,0,0,0,0,0,307200
10-04 20:04:33.048 I/hakuX-lane(22669): [occl804] f=5543 wait=0 procs=1 q=5 qnz=1 pend=0 rep=5 repnz=1 repmax=307200 v=0,0,0,0,307200
10-04 20:04:33.074 I/hakuX-lane(22669): [occl804] f=5544 wait=0 procs=2 q=11 qnz=1 pend=0 rep=11 repnz=1 repmax=307200 v=0,0,0,0,0,0,0,0,0,0,307200
10-04 20:04:33.080 I/hakuX-lane(22669): [occl804] f=5545 wait=0 procs=1 q=5 qnz=1 pend=0 rep=5 repnz=1 repmax=307200 v=0,0,0,0,307200
10-04 20:04:33.094 I/hakuX-lane(22669): [occl804] f=5546 wait=0 procs=1 q=6 qnz=0 pend=0 rep=6 repnz=0 repmax=0 v=0,0,0,0,0,0
10-04 20:04:33.112 I/hakuX-lane(22669): [occl804] f=5547 wait=0 procs=2 q=10 qnz=2 pend=0 rep=10 repnz=2 repmax=307200 v=0,0,0,0,307200,0,0,0,0,307200
10-04 20:04:33.142 I/hakuX-lane(22669): [occl804] f=5548 wait=0 procs=2 q=11 qnz=1 pend=0 rep=11 repnz=1 repmax=307200 v=0,0,0,0,0,0,0,0,0,0,307200
10-04 20:04:33.148 I/hakuX-lane(22669): [occl804] f=5549 wait=0 procs=1 q=5 qnz=1 pend=0 rep=5 repnz=1 repmax=307200 v=0,0,0,0,307200
10-04 20:04:33.174 I/hakuX-lane(22669): [occl804] f=5550 wait=0 procs=2 q=11 qnz=1 pend=0 rep=11 repnz=1 repmax=307200 v=0,0,0,0,0,0,0,0,0,0,307200
10-04 20:04:33.180 I/hakuX-lane(22669): [occl804] f=5551 wait=0 procs=1 q=5 qnz=1 pend=0 rep=5 repnz=1 repmax=307200 v=0,0,0,0,307200
10-04 20:04:33.213 I/hakuX-lane(22669): [occl804] f=5552 wait=0 procs=2 q=11 qnz=1 pend=0 rep=11 repnz=1 repmax=307200 v=0,0,0,0,0,0,0,0,0,0,307200
10-04 20:04:33.246 I/hakuX-lane(22669): [occl804] f=5554 wait=0 procs=2 q=16 qnz=2 pend=0 rep=16 repnz=2 repmax=307200 v=0,0,0,0,307200,0,0,0,0,0,0,0,0,0,0,307200
10-04 20:04:33.253 I/hakuX-lane(22669): [occl804] f=5555 wait=0 procs=1 q=5 qnz=1 pend=0 rep=5 repnz=1 repmax=307200 v=0,0,0,0,307200
10-04 20:04:33.280 I/hakuX-lane(22669): [occl804] f=5556 wait=0 procs=2 q=11 qnz=1 pend=0 rep=11 repnz=1 repmax=307200 v=0,0,0,0,0,0,0,0,0,0,307200
10-04 20:04:33.286 I/hakuX-lane(22669): [occl804] f=5557 wait=0 procs=1 q=5 qnz=1 pend=0 rep=5 repnz=1 repmax=307200 v=0,0,0,0,307200
10-04 20:04:33.317 I/hakuX-lane(22669): [occl804] f=5558 wait=0 procs=2 q=11 qnz=1 pend=0 rep=11 repnz=1 repmax=307200 v=0,0,0,0,0,0,0,0,0,0,307200
10-04 20:04:33.323 I/hakuX-lane(22669): [occl804] f=5559 wait=0 procs=1 q=5 qnz=1 pend=0 rep=5 repnz=1 repmax=307200 v=0,0,0,0,307200
10-04 20:04:33.356 I/hakuX-lane(22669): [occl804] f=5560 wait=0 procs=2 q=11 qnz=1 pend=0 rep=11 repnz=1 repmax=307200 v=0,0,0,0,0,0,0,0,0,0,307200
10-04 20:04:33.362 I/hakuX-lane(22669): [occl804] f=5561 wait=0 procs=1 q=5 qnz=1 pend=0 rep=5 repnz=1 repmax=307200 v=0,0,0,0,307200
10-04 20:04:33.397 I/hakuX-lane(22669): [occl804] f=5562 wait=0 procs=2 q=11 qnz=1 pend=0 rep=11 repnz=1 repmax=307200 v=0,0,0,0,0,0,0,0,0,0,307200
10-04 20:04:33.403 I/hakuX-lane(22669): [occl804] f=5563 wait=0 procs=1 q=5 qnz=1 pend=0 rep=5 repnz=1 repmax=307200 v=0,0,0,0,307200
10-04 20:04:33.433 I/hakuX-lane(22669): [occl804] f=5564 wait=0 procs=2 q=11 qnz=1 pend=0 rep=11 repnz=1 repmax=307200 v=0,0,0,0,0,0,0,0,0,0,307200
10-04 20:04:33.440 I/hakuX-lane(22669): [occl804] f=5565 wait=0 procs=1 q=5 qnz=1 pend=0 rep=5 repnz=1 repmax=307200 v=0,0,0,0,307200
10-04 20:04:33.481 I/hakuX-lane(22669): [occl804] f=5566 wait=0 procs=2 q=11 qnz=1 pend=0 rep=11 repnz=1 repmax=307200 v=0,0,0,0,0,0,0,0,0,0,307200
10-04 20:04:33.487 I/hakuX-lane(22669): [occl804] f=5567 wait=0 procs=1 q=5 qnz=1 pend=0 rep=5 repnz=1 repmax=307200 v=0,0,0,0,307200
10-04 20:04:33.515 I/hakuX-lane(22669): [occl804] f=5568 wait=0 procs=2 q=11 qnz=1 pend=0 rep=11 repnz=1 repmax=307200 v=0,0,0,0,0,0,0,0,0,0,307200
10-04 20:04:33.523 I/hakuX-lane(22669): [occl804] f=5569 wait=0 procs=1 q=5 qnz=1 pend=0 rep=5 repnz=1 repmax=307200 v=0,0,0,0,307200
10-04 20:04:33.550 I/hakuX-lane(22669): [occl804] f=5570 wait=0 procs=2 q=11 qnz=1 pend=0 rep=11 repnz=1 repmax=307200 v=0,0,0,0,0,0,0,0,0,0,307200
10-04 20:04:33.557 I/hakuX-lane(22669): [occl804] f=5571 wait=0 procs=1 q=5 qnz=1 pend=0 rep=5 repnz=1 repmax=307200 v=0,0,0,0,307200
10-04 20:04:33.590 I/hakuX-lane(22669): [occl804] f=5572 wait=0 procs=2 q=11 qnz=1 pend=0 rep=11 repnz=1 repmax=307200 v=0,0,0,0,0,0,0,0,0,0,307200
10-04 20:04:33.596 I/hakuX-lane(22669): [occl804] f=5573 wait=0 procs=1 q=5 qnz=1 pend=0 rep=5 repnz=1 repmax=307200 v=0,0,0,0,307200
10-04 20:04:33.629 I/hakuX-lane(22669): [occl804] f=5574 wait=0 procs=2 q=11 qnz=1 pend=0 rep=11 repnz=1 repmax=307200 v=0,0,0,0,0,0,0,0,0,0,307200
10-04 20:04:33.635 I/hakuX-lane(22669): [occl804] f=5575 wait=0 procs=1 q=5 qnz=1 pend=0 rep=5 repnz=1 repmax=307200 v=0,0,0,0,307200
10-04 20:04:33.667 I/hakuX-lane(22669): [occl804] f=5576 wait=0 procs=2 q=11 qnz=1 pend=0 rep=11 repnz=1 repmax=307200 v=0,0,0,0,0,0,0,0,0,0,307200
10-04 20:04:33.675 I/hakuX-lane(22669): [occl804] f=5577 wait=0 procs=1 q=5 qnz=1 pend=0 rep=5 repnz=1 repmax=307200 v=0,0,0,0,307200
10-04 20:04:33.704 I/hakuX-lane(22669): [occl804] f=5578 wait=0 procs=2 q=11 qnz=1 pend=0 rep=11 repnz=1 repmax=307200 v=0,0,0,0,0,0,0,0,0,0,307200
10-04 20:04:33.710 I/hakuX-lane(22669): [occl804] f=5579 wait=0 procs=1 q=5 qnz=1 pend=0 rep=5 repnz=1 repmax=307200 v=0,0,0,0,307200
10-04 20:04:33.742 I/hakuX-lane(22669): [occl804] f=5580 wait=0 procs=2 q=11 qnz=1 pend=0 rep=11 repnz=1 repmax=307200 v=0,0,0,0,0,0,0,0,0,0,307200
10-04 20:04:33.749 I/hakuX-lane(22669): [occl804] f=5581 wait=0 procs=1 q=5 qnz=1 pend=0 rep=5 repnz=1 repmax=307200 v=0,0,0,0,307200
10-04 20:04:33.773 I/hakuX-lane(22669): [occl804] f=5582 wait=0 procs=2 q=11 qnz=1 pend=0 rep=11 repnz=1 repmax=307200 v=0,0,0,0,0,0,0,0,0,0,307200
10-04 20:04:33.780 I/hakuX-lane(22669): [occl804] f=5583 wait=0 procs=1 q=5 qnz=1 pend=0 rep=5 repnz=1 repmax=307200 v=0,0,0,0,307200
10-04 20:04:33.818 I/hakuX-lane(22669): [occl804] f=5584 wait=0 procs=2 q=11 qnz=1 pend=0 rep=11 repnz=1 repmax=307200 v=0,0,0,0,0,0,0,0,0,0,307200
10-04 20:04:33.825 I/hakuX-lane(22669): [occl804] f=5585 wait=0 procs=1 q=5 qnz=1 pend=0 rep=5 repnz=1 repmax=307200 v=0,0,0,0,307200
10-04 20:04:33.850 I/hakuX-lane(22669): [occl804] f=5586 wait=0 procs=2 q=11 qnz=1 pend=0 rep=11 repnz=1 repmax=307200 v=0,0,0,0,0,0,0,0,0,0,307200
10-04 20:04:33.857 I/hakuX-lane(22669): [occl804] f=5587 wait=0 procs=1 q=5 qnz=1 pend=0 rep=5 repnz=1 repmax=307200 v=0,0,0,0,307200
10-04 20:04:33.893 I/hakuX-lane(22669): [occl804] f=5588 wait=0 procs=2 q=11 qnz=1 pend=0 rep=11 repnz=1 repmax=307200 v=0,0,0,0,0,0,0,0,0,0,307200
10-04 20:04:33.900 I/hakuX-lane(22669): [occl804] f=5589 wait=0 procs=1 q=5 qnz=1 pend=0 rep=5 repnz=1 repmax=307200 v=0,0,0,0,307200
10-04 20:04:33.912 I/hakuX-lane(22669): [occl804] f=5590 wait=0 procs=1 q=6 qnz=0 pend=0 rep=6 repnz=0 repmax=0 v=0,0,0,0,0,0
10-04 20:04:33.936 I/hakuX-lane(22669): [occl804] f=5591 wait=0 procs=2 q=10 qnz=2 pend=0 rep=10 repnz=2 repmax=307200 v=0,0,0,0,307200,0,0,0,0,307200
10-04 20:04:33.970 I/hakuX-lane(22669): [occl804] f=5592 wait=0 procs=2 q=11 qnz=1 pend=0 rep=11 repnz=1 repmax=307200 v=0,0,0,0,0,0,0,0,0,0,307200
10-04 20:04:33.977 I/hakuX-lane(22669): [occl804] f=5593 wait=0 procs=1 q=5 qnz=1 pend=0 rep=5 repnz=1 repmax=307200 v=0,0,0,0,307200
10-04 20:04:34.009 I/hakuX-lane(22669): [occl804] f=5594 wait=0 procs=2 q=11 qnz=1 pend=0 rep=11 repnz=1 repmax=307200 v=0,0,0,0,0,0,0,0,0,0,307200
10-04 20:04:34.017 I/hakuX-lane(22669): [occl804] f=5595 wait=0 procs=1 q=5 qnz=1 pend=0 rep=5 repnz=1 repmax=307200 v=0,0,0,0,307200
10-04 20:04:34.043 I/hakuX-lane(22669): [occl804] f=5596 wait=0 procs=2 q=11 qnz=1 pend=0 rep=11 repnz=1 repmax=307200 v=0,0,0,0,0,0,0,0,0,0,307200
10-04 20:04:34.050 I/hakuX-lane(22669): [occl804] f=5597 wait=0 procs=1 q=5 qnz=1 pend=0 rep=5 repnz=1 repmax=307200 v=0,0,0,0,307200
10-04 20:04:34.076 I/hakuX-lane(22669): [occl804] f=5598 wait=0 procs=2 q=11 qnz=1 pend=0 rep=11 repnz=1 repmax=307200 v=0,0,0,0,0,0,0,0,0,0,307200
10-04 20:04:34.084 I/hakuX-lane(22669): [occl804] f=5599 wait=0 procs=1 q=5 qnz=1 pend=0 rep=5 repnz=1 repmax=307200 v=0,0,0,0,307200
10-04 20:04:34.111 I/hakuX-lane(22669): [occl804] f=5600 wait=0 procs=2 q=11 qnz=1 pend=0 rep=11 repnz=1 repmax=307200 v=0,0,0,0,0,0,0,0,0,0,307200
10-04 20:04:34.118 I/hakuX-lane(22669): [occl804] f=5601 wait=0 procs=1 q=5 qnz=1 pend=0 rep=5 repnz=1 repmax=307200 v=0,0,0,0,307200
10-04 20:04:34.145 I/hakuX-lane(22669): [occl804] f=5602 wait=0 procs=2 q=11 qnz=1 pend=0 rep=11 repnz=1 repmax=307200 v=0,0,0,0,0,0,0,0,0,0,307200
10-04 20:04:34.153 I/hakuX-lane(22669): [occl804] f=5603 wait=0 procs=1 q=5 qnz=1 pend=0 rep=5 repnz=1 repmax=307200 v=0,0,0,0,307200
10-04 20:04:34.180 I/hakuX-lane(22669): [occl804] f=5604 wait=0 procs=2 q=11 qnz=1 pend=0 rep=11 repnz=1 repmax=307200 v=0,0,0,0,0,0,0,0,0,0,307200
10-04 20:04:34.186 I/hakuX-lane(22669): [occl804] f=5605 wait=0 procs=1 q=5 qnz=1 pend=0 rep=5 repnz=1 repmax=307200 v=0,0,0,0,307200
10-04 20:04:34.225 I/hakuX-lane(22669): [occl804] f=5606 wait=0 procs=2 q=11 qnz=1 pend=0 rep=11 repnz=1 repmax=307200 v=0,0,0,0,0,0,0,0,0,0,307200
10-04 20:04:34.231 I/hakuX-lane(22669): [occl804] f=5607 wait=0 procs=1 q=5 qnz=1 pend=0 rep=5 repnz=1 repmax=307200 v=0,0,0,0,307200
10-04 20:04:34.244 I/hakuX-lane(22669): [occl804] f=5608 wait=0 procs=1 q=6 qnz=0 pend=0 rep=6 repnz=0 repmax=0 v=0,0,0,0,0,0
10-04 20:04:34.265 I/hakuX-lane(22669): [occl804] f=5609 wait=0 procs=2 q=10 qnz=2 pend=0 rep=10 repnz=2 repmax=307200 v=0,0,0,0,307200,0,0,0,0,307200
10-04 20:04:34.279 I/hakuX-lane(22669): [occl804] f=5610 wait=0 procs=1 q=6 qnz=0 pend=0 rep=6 repnz=0 repmax=0 v=0,0,0,0,0,0
10-04 20:04:34.295 I/hakuX-lane(22669): [occl804] f=5611 wait=0 procs=2 q=10 qnz=2 pend=0 rep=10 repnz=2 repmax=307200 v=0,0,0,0,307200,0,0,0,0,307200
10-04 20:04:34.309 I/hakuX-lane(22669): [occl804] f=5612 wait=0 procs=1 q=6 qnz=0 pend=0 rep=6 repnz=0 repmax=0 v=0,0,0,0,0,0
10-04 20:04:34.337 I/hakuX-lane(22669): [occl804] f=5613 wait=0 procs=1 q=5 qnz=1 pend=0 rep=5 repnz=1 repmax=307200 v=0,0,0,0,307200
10-04 20:04:34.360 I/hakuX-lane(22669): [occl804] f=5614 wait=0 procs=1 q=11 qnz=1 pend=0 rep=11 repnz=1 repmax=307200 v=0,0,0,0,307200,0,0,0,0,0,0
10-04 20:04:34.367 I/hakuX-lane(22669): [occl804] f=5615 wait=0 procs=1 q=5 qnz=1 pend=0 rep=5 repnz=1 repmax=307200 v=0,0,0,0,307200
10-04 20:04:34.379 I/hakuX-lane(22669): [occl804] f=5616 wait=0 procs=1 q=6 qnz=0 pend=0 rep=6 repnz=0 repmax=0 v=0,0,0,0,0,0
10-04 20:04:34.394 I/hakuX-lane(22669): [occl804] f=5617 wait=0 procs=1 q=5 qnz=1 pend=0 rep=5 repnz=1 repmax=307200 v=0,0,0,0,307200
10-04 20:04:34.421 I/hakuX-lane(22669): [occl804] f=5618 wait=0 procs=2 q=16 qnz=2 pend=0 rep=16 repnz=2 repmax=307200 v=0,0,0,0,307200,0,0,0,0,0,0,0,0,0,0,307200
10-04 20:04:34.428 I/hakuX-lane(22669): [occl804] f=5619 wait=0 procs=1 q=5 qnz=1 pend=0 rep=5 repnz=1 repmax=307200 v=0,0,0,0,307200
10-04 20:04:34.458 I/hakuX-lane(22669): [occl804] f=5620 wait=0 procs=2 q=11 qnz=1 pend=0 rep=11 repnz=1 repmax=307200 v=0,0,0,0,0,0,0,0,0,0,307200
10-04 20:04:34.464 I/hakuX-lane(22669): [occl804] f=5621 wait=0 procs=1 q=5 qnz=1 pend=0 rep=5 repnz=1 repmax=307200 v=0,0,0,0,307200
10-04 20:04:34.479 I/hakuX-lane(22669): [occl804] f=5622 wait=0 procs=1 q=6 qnz=0 pend=0 rep=6 repnz=0 repmax=0 v=0,0,0,0,0,0
10-04 20:04:34.496 I/hakuX-lane(22669): [occl804] f=5623 wait=0 procs=2 q=10 qnz=2 pend=0 rep=10 repnz=2 repmax=307200 v=0,0,0,0,307200,0,0,0,0,307200
10-04 20:04:34.511 I/hakuX-lane(22669): [occl804] f=5624 wait=0 procs=1 q=6 qnz=0 pend=0 rep=6 repnz=0 repmax=0 v=0,0,0,0,0,0
10-04 20:04:34.528 I/hakuX-lane(22669): [occl804] f=5625 wait=0 procs=2 q=10 qnz=2 pend=0 rep=10 repnz=2 repmax=307200 v=0,0,0,0,307200,0,0,0,0,307200
10-04 20:04:34.541 I/hakuX-lane(22669): [occl804] f=5626 wait=0 procs=1 q=6 qnz=0 pend=0 rep=6 repnz=0 repmax=0 v=0,0,0,0,0,0
10-04 20:04:34.561 I/hakuX-lane(22669): [occl804] f=5627 wait=0 procs=1 q=5 qnz=1 pend=0 rep=5 repnz=1 repmax=307200 v=0,0,0,0,307200
10-04 20:04:34.588 I/hakuX-lane(22669): [occl804] f=5628 wait=0 procs=1 q=11 qnz=1 pend=0 rep=11 repnz=1 repmax=307200 v=0,0,0,0,307200,0,0,0,0,0,0
10-04 20:04:34.606 I/hakuX-lane(22669): [occl804] f=5629 wait=0 procs=2 q=10 qnz=2 pend=0 rep=10 repnz=2 repmax=307200 v=0,0,0,0,307200,0,0,0,0,307200
10-04 20:04:34.632 I/hakuX-lane(22669): [occl804] f=5630 wait=0 procs=2 q=11 qnz=1 pend=0 rep=11 repnz=1 repmax=307200 v=0,0,0,0,0,0,0,0,0,0,307200
10-04 20:04:34.641 I/hakuX-lane(22669): [occl804] f=5631 wait=0 procs=1 q=5 qnz=1 pend=0 rep=5 repnz=1 repmax=307200 v=0,0,0,0,307200
10-04 20:04:34.667 I/hakuX-lane(22669): [occl804] f=5632 wait=0 procs=2 q=11 qnz=1 pend=0 rep=11 repnz=1 repmax=307200 v=0,0,0,0,0,0,0,0,0,0,307200
10-04 20:04:34.674 I/hakuX-lane(22669): [occl804] f=5633 wait=0 procs=1 q=5 qnz=1 pend=0 rep=5 repnz=1 repmax=307200 v=0,0,0,0,307200
10-04 20:04:34.705 I/hakuX-lane(22669): [occl804] f=5634 wait=0 procs=2 q=11 qnz=1 pend=0 rep=11 repnz=1 repmax=307200 v=0,0,0,0,0,0,0,0,0,0,307200
10-04 20:04:34.712 I/hakuX-lane(22669): [occl804] f=5635 wait=0 procs=1 q=5 qnz=1 pend=0 rep=5 repnz=1 repmax=307200 v=0,0,0,0,307200
10-04 20:04:34.738 I/hakuX-lane(22669): [occl804] f=5636 wait=0 procs=2 q=11 qnz=1 pend=0 rep=11 repnz=1 repmax=307200 v=0,0,0,0,0,0,0,0,0,0,307200
10-04 20:04:34.745 I/hakuX-lane(22669): [occl804] f=5637 wait=0 procs=1 q=5 qnz=1 pend=0 rep=5 repnz=1 repmax=307200 v=0,0,0,0,307200
10-04 20:04:34.770 I/hakuX-lane(22669): [occl804] f=5638 wait=0 procs=2 q=11 qnz=1 pend=0 rep=11 repnz=1 repmax=307200 v=0,0,0,0,0,0,0,0,0,0,307200
10-04 20:04:34.777 I/hakuX-lane(22669): [occl804] f=5639 wait=0 procs=1 q=5 qnz=1 pend=0 rep=5 repnz=1 repmax=307200 v=0,0,0,0,307200
10-04 20:04:34.809 I/hakuX-lane(22669): [occl804] f=5640 wait=0 procs=2 q=11 qnz=1 pend=0 rep=11 repnz=1 repmax=307200 v=0,0,0,0,0,0,0,0,0,0,307200
10-04 20:04:34.816 I/hakuX-lane(22669): [occl804] f=5641 wait=0 procs=1 q=5 qnz=1 pend=0 rep=5 repnz=1 repmax=307200 v=0,0,0,0,307200
10-04 20:04:34.841 I/hakuX-lane(22669): [occl804] f=5642 wait=0 procs=2 q=11 qnz=1 pend=0 rep=11 repnz=1 repmax=307200 v=0,0,0,0,0,0,0,0,0,0,307200
10-04 20:04:34.848 I/hakuX-lane(22669): [occl804] f=5643 wait=0 procs=1 q=5 qnz=1 pend=0 rep=5 repnz=1 repmax=307200 v=0,0,0,0,307200
10-04 20:04:34.871 I/hakuX-lane(22669): [occl804] f=5644 wait=0 procs=2 q=11 qnz=1 pend=0 rep=11 repnz=1 repmax=307200 v=0,0,0,0,0,0,0,0,0,0,307200
10-04 20:04:34.878 I/hakuX-lane(22669): [occl804] f=5645 wait=0 procs=1 q=5 qnz=1 pend=0 rep=5 repnz=1 repmax=307200 v=0,0,0,0,307200
10-04 20:04:34.903 I/hakuX-lane(22669): [occl804] f=5646 wait=0 procs=2 q=11 qnz=1 pend=0 rep=11 repnz=1 repmax=307200 v=0,0,0,0,0,0,0,0,0,0,307200
10-04 20:04:34.911 I/hakuX-lane(22669): [occl804] f=5647 wait=0 procs=1 q=5 qnz=1 pend=0 rep=5 repnz=1 repmax=307200 v=0,0,0,0,307200
10-04 20:04:34.936 I/hakuX-lane(22669): [occl804] f=5648 wait=0 procs=2 q=11 qnz=1 pend=0 rep=11 repnz=1 repmax=307200 v=0,0,0,0,0,0,0,0,0,0,307200
10-04 20:04:34.953 I/hakuX-lane(22669): [occl804] f=5650 wait=0 procs=1 q=11 qnz=1 pend=0 rep=11 repnz=1 repmax=307200 v=0,0,0,0,307200,0,0,0,0,0,0
10-04 20:04:34.969 I/hakuX-lane(22669): [occl804] f=5651 wait=0 procs=1 q=5 qnz=1 pend=0 rep=5 repnz=1 repmax=307200 v=0,0,0,0,307200
10-04 20:04:34.986 I/hakuX-lane(22669): [occl804] f=5652 wait=0 procs=1 q=6 qnz=0 pend=0 rep=6 repnz=0 repmax=0 v=0,0,0,0,0,0
10-04 20:04:35.003 I/hakuX-lane(22669): [occl804] f=5653 wait=0 procs=1 q=5 qnz=1 pend=0 rep=5 repnz=1 repmax=307200 v=0,0,0,0,307200
10-04 20:04:35.019 I/hakuX-lane(22669): [occl804] f=5654 wait=0 procs=1 q=6 qnz=0 pend=0 rep=6 repnz=0 repmax=0 v=0,0,0,0,0,0
10-04 20:04:35.036 I/hakuX-lane(22669): [occl804] f=5655 wait=0 procs=1 q=5 qnz=1 pend=0 rep=5 repnz=1 repmax=307200 v=0,0,0,0,307200
10-04 20:04:35.054 I/hakuX-lane(22669): [occl804] f=5656 wait=0 procs=1 q=6 qnz=0 pend=0 rep=6 repnz=0 repmax=0 v=0,0,0,0,0,0
10-04 20:04:35.069 I/hakuX-lane(22669): [occl804] f=5657 wait=0 procs=1 q=5 qnz=1 pend=0 rep=5 repnz=1 repmax=307200 v=0,0,0,0,307200
10-04 20:04:35.088 I/hakuX-lane(22669): [occl804] f=5658 wait=0 procs=1 q=6 qnz=0 pend=0 rep=6 repnz=0 repmax=0 v=0,0,0,0,0,0
10-04 20:04:35.113 I/hakuX-lane(22669): [occl804] f=5659 wait=0 procs=1 q=5 qnz=1 pend=0 rep=5 repnz=1 repmax=307200 v=0,0,0,0,307200
10-04 20:04:35.123 I/hakuX-lane(22669): [occl804] f=5660 wait=0 procs=1 q=6 qnz=0 pend=0 rep=6 repnz=0 repmax=0 v=0,0,0,0,0,0
10-04 20:04:35.140 I/hakuX-lane(22669): [occl804] f=5661 wait=0 procs=1 q=5 qnz=1 pend=0 rep=5 repnz=1 repmax=307200 v=0,0,0,0,307200
10-04 20:04:35.161 I/hakuX-lane(22669): [occl804] f=5662 wait=0 procs=1 q=6 qnz=0 pend=0 rep=6 repnz=0 repmax=0 v=0,0,0,0,0,0
10-04 20:04:35.178 I/hakuX-lane(22669): [occl804] f=5663 wait=0 procs=1 q=5 qnz=1 pend=0 rep=5 repnz=1 repmax=307200 v=0,0,0,0,307200
10-04 20:04:35.220 I/hakuX-lane(22669): [occl804] f=5664 wait=0 procs=2 q=11 qnz=1 pend=0 rep=11 repnz=1 repmax=307200 v=0,0,0,0,0,0,0,0,0,0,307200
10-04 20:04:35.227 I/hakuX-lane(22669): [occl804] f=5665 wait=0 procs=1 q=5 qnz=1 pend=0 rep=5 repnz=1 repmax=307200 v=0,0,0,0,307200
10-04 20:04:35.261 I/hakuX-lane(22669): [occl804] f=5666 wait=0 procs=2 q=11 qnz=1 pend=0 rep=11 repnz=1 repmax=307200 v=0,0,0,0,0,0,0,0,0,0,307200
10-04 20:04:35.268 I/hakuX-lane(22669): [occl804] f=5667 wait=0 procs=1 q=5 qnz=1 pend=0 rep=5 repnz=1 repmax=307200 v=0,0,0,0,307200
10-04 20:04:35.296 I/hakuX-lane(22669): [occl804] f=5668 wait=0 procs=2 q=11 qnz=1 pend=0 rep=11 repnz=1 repmax=307200 v=0,0,0,0,0,0,0,0,0,0,307200
10-04 20:04:35.303 I/hakuX-lane(22669): [occl804] f=5669 wait=0 procs=1 q=5 qnz=1 pend=0 rep=5 repnz=1 repmax=307200 v=0,0,0,0,307200
10-04 20:04:35.331 I/hakuX-lane(22669): [occl804] f=5670 wait=0 procs=2 q=11 qnz=1 pend=0 rep=11 repnz=1 repmax=307200 v=0,0,0,0,0,0,0,0,0,0,307200
10-04 20:04:35.339 I/hakuX-lane(22669): [occl804] f=5671 wait=0 procs=1 q=5 qnz=1 pend=0 rep=5 repnz=1 repmax=307200 v=0,0,0,0,307200
10-04 20:04:35.369 I/hakuX-lane(22669): [occl804] f=5672 wait=0 procs=2 q=11 qnz=1 pend=0 rep=11 repnz=1 repmax=307200 v=0,0,0,0,0,0,0,0,0,0,307200
10-04 20:04:35.376 I/hakuX-lane(22669): [occl804] f=5673 wait=0 procs=1 q=5 qnz=1 pend=0 rep=5 repnz=1 repmax=307200 v=0,0,0,0,307200
10-04 20:04:35.402 I/hakuX-lane(22669): [occl804] f=5674 wait=0 procs=2 q=11 qnz=1 pend=0 rep=11 repnz=1 repmax=307200 v=0,0,0,0,0,0,0,0,0,0,307200
10-04 20:04:35.409 I/hakuX-lane(22669): [occl804] f=5675 wait=0 procs=1 q=5 qnz=1 pend=0 rep=5 repnz=1 repmax=307200 v=0,0,0,0,307200
10-04 20:04:35.441 I/hakuX-lane(22669): [occl804] f=5676 wait=0 procs=2 q=11 qnz=1 pend=0 rep=11 repnz=1 repmax=307200 v=0,0,0,0,0,0,0,0,0,0,307200
10-04 20:04:35.449 I/hakuX-lane(22669): [occl804] f=5677 wait=0 procs=1 q=5 qnz=1 pend=0 rep=5 repnz=1 repmax=307200 v=0,0,0,0,307200
10-04 20:04:35.463 I/hakuX-lane(22669): [occl804] f=5678 wait=0 procs=1 q=6 qnz=0 pend=0 rep=6 repnz=0 repmax=0 v=0,0,0,0,0,0
10-04 20:04:35.483 I/hakuX-lane(22669): [occl804] f=5679 wait=0 procs=2 q=10 qnz=2 pend=0 rep=10 repnz=2 repmax=307200 v=0,0,0,0,307200,0,0,0,0,307200
10-04 20:04:35.511 I/hakuX-lane(22669): [occl804] f=5680 wait=0 procs=2 q=11 qnz=1 pend=0 rep=11 repnz=1 repmax=307200 v=0,0,0,0,0,0,0,0,0,0,307200
10-04 20:04:35.518 I/hakuX-lane(22669): [occl804] f=5681 wait=0 procs=1 q=5 qnz=1 pend=0 rep=5 repnz=1 repmax=307200 v=0,0,0,0,307200
10-04 20:04:35.545 I/hakuX-lane(22669): [occl804] f=5682 wait=0 procs=2 q=11 qnz=1 pend=0 rep=11 repnz=1 repmax=307200 v=0,0,0,0,0,0,0,0,0,0,307200
10-04 20:04:35.551 I/hakuX-lane(22669): [occl804] f=5683 wait=0 procs=1 q=5 qnz=1 pend=0 rep=5 repnz=1 repmax=307200 v=0,0,0,0,307200
10-04 20:04:35.580 I/hakuX-lane(22669): [occl804] f=5684 wait=0 procs=2 q=11 qnz=1 pend=0 rep=11 repnz=1 repmax=307200 v=0,0,0,0,0,0,0,0,0,0,307200
10-04 20:04:35.587 I/hakuX-lane(22669): [occl804] f=5685 wait=0 procs=1 q=5 qnz=1 pend=0 rep=5 repnz=1 repmax=307200 v=0,0,0,0,307200
10-04 20:04:35.620 I/hakuX-lane(22669): [occl804] f=5686 wait=0 procs=2 q=11 qnz=1 pend=0 rep=11 repnz=1 repmax=307200 v=0,0,0,0,0,0,0,0,0,0,307200
10-04 20:04:35.626 I/hakuX-lane(22669): [occl804] f=5687 wait=0 procs=1 q=5 qnz=1 pend=0 rep=5 repnz=1 repmax=307200 v=0,0,0,0,307200
10-04 20:04:35.660 I/hakuX-lane(22669): [occl804] f=5688 wait=0 procs=2 q=11 qnz=1 pend=0 rep=11 repnz=1 repmax=307200 v=0,0,0,0,0,0,0,0,0,0,307200
10-04 20:04:35.666 I/hakuX-lane(22669): [occl804] f=5689 wait=0 procs=1 q=5 qnz=1 pend=0 rep=5 repnz=1 repmax=307200 v=0,0,0,0,307200
10-04 20:04:35.692 I/hakuX-lane(22669): [occl804] f=5690 wait=0 procs=2 q=11 qnz=1 pend=0 rep=11 repnz=1 repmax=307200 v=0,0,0,0,0,0,0,0,0,0,307200
10-04 20:04:35.698 I/hakuX-lane(22669): [occl804] f=5691 wait=0 procs=1 q=5 qnz=1 pend=0 rep=5 repnz=1 repmax=307200 v=0,0,0,0,307200
10-04 20:04:35.728 I/hakuX-lane(22669): [occl804] f=5692 wait=0 procs=2 q=11 qnz=1 pend=0 rep=11 repnz=1 repmax=307200 v=0,0,0,0,0,0,0,0,0,0,307200
10-04 20:04:35.734 I/hakuX-lane(22669): [occl804] f=5693 wait=0 procs=1 q=5 qnz=1 pend=0 rep=5 repnz=1 repmax=307200 v=0,0,0,0,307200
10-04 20:04:35.759 I/hakuX-lane(22669): [occl804] f=5694 wait=0 procs=2 q=11 qnz=1 pend=0 rep=11 repnz=1 repmax=307200 v=0,0,0,0,0,0,0,0,0,0,307200
10-04 20:04:35.766 I/hakuX-lane(22669): [occl804] f=5695 wait=0 procs=1 q=5 qnz=1 pend=0 rep=5 repnz=1 repmax=307200 v=0,0,0,0,307200
10-04 20:04:35.792 I/hakuX-lane(22669): [occl804] f=5696 wait=0 procs=2 q=11 qnz=1 pend=0 rep=11 repnz=1 repmax=307200 v=0,0,0,0,0,0,0,0,0,0,307200
10-04 20:04:35.799 I/hakuX-lane(22669): [occl804] f=5697 wait=0 procs=1 q=5 qnz=1 pend=0 rep=5 repnz=1 repmax=307200 v=0,0,0,0,307200
10-04 20:04:35.832 I/hakuX-lane(22669): [occl804] f=5698 wait=0 procs=2 q=11 qnz=1 pend=0 rep=11 repnz=1 repmax=307200 v=0,0,0,0,0,0,0,0,0,0,307200
10-04 20:04:35.838 I/hakuX-lane(22669): [occl804] f=5699 wait=0 procs=1 q=5 qnz=1 pend=0 rep=5 repnz=1 repmax=307200 v=0,0,0,0,307200
10-04 20:04:35.863 I/hakuX-lane(22669): [occl804] f=5700 wait=0 procs=2 q=11 qnz=1 pend=0 rep=11 repnz=1 repmax=307200 v=0,0,0,0,0,0,0,0,0,0,307200
10-04 20:04:35.870 I/hakuX-lane(22669): [occl804] f=5701 wait=0 procs=1 q=5 qnz=1 pend=0 rep=5 repnz=1 repmax=307200 v=0,0,0,0,307200
10-04 20:04:35.897 I/hakuX-lane(22669): [occl804] f=5702 wait=0 procs=2 q=11 qnz=1 pend=0 rep=11 repnz=1 repmax=307200 v=0,0,0,0,0,0,0,0,0,0,307200
10-04 20:04:35.904 I/hakuX-lane(22669): [occl804] f=5703 wait=0 procs=1 q=5 qnz=1 pend=0 rep=5 repnz=1 repmax=307200 v=0,0,0,0,307200
10-04 20:04:35.921 I/hakuX-lane(22669): [occl804] f=5704 wait=0 procs=1 q=6 qnz=0 pend=0 rep=6 repnz=0 repmax=0 v=0,0,0,0,0,0
10-04 20:04:35.938 I/hakuX-lane(22669): [occl804] f=5705 wait=0 procs=2 q=10 qnz=2 pend=0 rep=10 repnz=2 repmax=307200 v=0,0,0,0,307200,0,0,0,0,307200
10-04 20:04:35.950 I/hakuX-lane(22669): [occl804] f=5706 wait=0 procs=1 q=6 qnz=0 pend=0 rep=6 repnz=0 repmax=0 v=0,0,0,0,0,0
10-04 20:04:35.965 I/hakuX-lane(22669): [occl804] f=5707 wait=0 procs=1 q=5 qnz=1 pend=0 rep=5 repnz=1 repmax=307200 v=0,0,0,0,307200
10-04 20:04:35.979 I/hakuX-lane(22669): [occl804] f=5708 wait=0 procs=1 q=6 qnz=0 pend=0 rep=6 repnz=0 repmax=0 v=0,0,0,0,0,0
10-04 20:04:36.002 I/hakuX-lane(22669): [occl804] f=5709 wait=0 procs=2 q=10 qnz=2 pend=0 rep=10 repnz=2 repmax=307200 v=0,0,0,0,307200,0,0,0,0,307200
10-04 20:04:36.016 I/hakuX-lane(22669): [occl804] f=5710 wait=0 procs=1 q=6 qnz=0 pend=0 rep=6 repnz=0 repmax=0 v=0,0,0,0,0,0
10-04 20:04:36.032 I/hakuX-lane(22669): [occl804] f=5711 wait=0 procs=1 q=5 qnz=1 pend=0 rep=5 repnz=1 repmax=307200 v=0,0,0,0,307200
10-04 20:04:36.058 I/hakuX-lane(22669): [occl804] f=5712 wait=0 procs=2 q=16 qnz=2 pend=0 rep=16 repnz=2 repmax=307200 v=0,0,0,0,307200,0,0,0,0,0,0,0,0,0,0,307200
10-04 20:04:36.066 I/hakuX-lane(22669): [occl804] f=5713 wait=0 procs=1 q=5 qnz=1 pend=0 rep=5 repnz=1 repmax=307200 v=0,0,0,0,307200
10-04 20:04:36.089 I/hakuX-lane(22669): [occl804] f=5714 wait=0 procs=2 q=11 qnz=1 pend=0 rep=11 repnz=1 repmax=307200 v=0,0,0,0,0,0,0,0,0,0,307200
10-04 20:04:36.097 I/hakuX-lane(22669): [occl804] f=5715 wait=0 procs=1 q=5 qnz=1 pend=0 rep=5 repnz=1 repmax=307200 v=0,0,0,0,307200
10-04 20:04:36.111 I/hakuX-lane(22669): [occl804] f=5716 wait=0 procs=1 q=6 qnz=0 pend=0 rep=6 repnz=0 repmax=0 v=0,0,0,0,0,0
10-04 20:04:36.127 I/hakuX-lane(22669): [occl804] f=5717 wait=0 procs=1 q=5 qnz=1 pend=0 rep=5 repnz=1 repmax=307200 v=0,0,0,0,307200
10-04 20:04:36.159 I/hakuX-lane(22669): [occl804] f=5718 wait=0 procs=2 q=16 qnz=2 pend=0 rep=16 repnz=2 repmax=307200 v=0,0,0,0,307200,0,0,0,0,0,0,0,0,0,0,307200
10-04 20:04:36.175 I/hakuX-lane(22669): [occl804] f=5720 wait=0 procs=1 q=11 qnz=1 pend=0 rep=11 repnz=1 repmax=307200 v=0,0,0,0,307200,0,0,0,0,0,0
10-04 20:04:36.194 I/hakuX-lane(22669): [occl804] f=5721 wait=0 procs=2 q=10 qnz=2 pend=0 rep=10 repnz=2 repmax=307200 v=0,0,0,0,307200,0,0,0,0,307200
10-04 20:04:36.207 I/hakuX-lane(22669): [occl804] f=5722 wait=0 procs=1 q=6 qnz=0 pend=0 rep=6 repnz=0 repmax=0 v=0,0,0,0,0,0
10-04 20:04:36.226 I/hakuX-lane(22669): [occl804] f=5723 wait=0 procs=1 q=5 qnz=1 pend=0 rep=5 repnz=1 repmax=307200 v=0,0,0,0,307200
10-04 20:04:36.244 I/hakuX-lane(22669): [occl804] f=5724 wait=0 procs=1 q=11 qnz=1 pend=0 rep=11 repnz=1 repmax=307200 v=0,0,0,0,307200,0,0,0,0,0,0
10-04 20:04:36.268 I/hakuX-lane(22669): [occl804] f=5725 wait=0 procs=1 q=5 qnz=1 pend=0 rep=5 repnz=1 repmax=307200 v=0,0,0,0,307200
10-04 20:04:36.281 I/hakuX-lane(22669): [occl804] f=5726 wait=0 procs=1 q=11 qnz=1 pend=0 rep=11 repnz=1 repmax=307200 v=0,0,0,0,307200,0,0,0,0,0,0
10-04 20:04:36.298 I/hakuX-lane(22669): [occl804] f=5727 wait=0 procs=2 q=10 qnz=2 pend=0 rep=10 repnz=2 repmax=307200 v=0,0,0,0,307200,0,0,0,0,307200
10-04 20:04:36.310 I/hakuX-lane(22669): [occl804] f=5728 wait=0 procs=1 q=6 qnz=0 pend=0 rep=6 repnz=0 repmax=0 v=0,0,0,0,0,0
10-04 20:04:36.336 I/hakuX-lane(22669): [occl804] f=5729 wait=0 procs=2 q=10 qnz=2 pend=0 rep=10 repnz=2 repmax=307200 v=0,0,0,0,307200,0,0,0,0,307200
10-04 20:04:36.361 I/hakuX-lane(22669): [occl804] f=5730 wait=0 procs=2 q=11 qnz=1 pend=0 rep=11 repnz=1 repmax=307200 v=0,0,0,0,0,0,0,0,0,0,307200
10-04 20:04:36.367 I/hakuX-lane(22669): [occl804] f=5731 wait=0 procs=1 q=5 qnz=1 pend=0 rep=5 repnz=1 repmax=307200 v=0,0,0,0,307200
10-04 20:04:36.397 I/hakuX-lane(22669): [occl804] f=5732 wait=0 procs=2 q=11 qnz=1 pend=0 rep=11 repnz=1 repmax=307200 v=0,0,0,0,0,0,0,0,0,0,307200
10-04 20:04:36.419 I/hakuX-lane(22669): [occl804] f=5734 wait=0 procs=1 q=11 qnz=1 pend=0 rep=11 repnz=1 repmax=307200 v=0,0,0,0,307200,0,0,0,0,0,0
10-04 20:04:36.436 I/hakuX-lane(22669): [occl804] f=5735 wait=0 procs=2 q=10 qnz=2 pend=0 rep=10 repnz=2 repmax=307200 v=0,0,0,0,307200,0,0,0,0,307200
10-04 20:04:36.450 I/hakuX-lane(22669): [occl804] f=5736 wait=0 procs=1 q=6 qnz=0 pend=0 rep=6 repnz=0 repmax=0 v=0,0,0,0,0,0
10-04 20:04:36.465 I/hakuX-lane(22669): [occl804] f=5737 wait=0 procs=1 q=5 qnz=1 pend=0 rep=5 repnz=1 repmax=307200 v=0,0,0,0,307200
10-04 20:04:36.480 I/hakuX-lane(22669): [occl804] f=5738 wait=0 procs=1 q=11 qnz=1 pend=0 rep=11 repnz=1 repmax=307200 v=0,0,0,0,307200,0,0,0,0,0,0
10-04 20:04:36.503 I/hakuX-lane(22669): [occl804] f=5739 wait=0 procs=2 q=10 qnz=2 pend=0 rep=10 repnz=2 repmax=307200 v=0,0,0,0,307200,0,0,0,0,307200
10-04 20:04:36.533 I/hakuX-lane(22669): [occl804] f=5740 wait=0 procs=2 q=11 qnz=1 pend=0 rep=11 repnz=1 repmax=307200 v=0,0,0,0,0,0,0,0,0,0,307200
10-04 20:04:36.540 I/hakuX-lane(22669): [occl804] f=5741 wait=0 procs=1 q=5 qnz=1 pend=0 rep=5 repnz=1 repmax=307200 v=0,0,0,0,307200
10-04 20:04:36.571 I/hakuX-lane(22669): [occl804] f=5742 wait=0 procs=2 q=11 qnz=1 pend=0 rep=11 repnz=1 repmax=307200 v=0,0,0,0,0,0,0,0,0,0,307200
10-04 20:04:36.577 I/hakuX-lane(22669): [occl804] f=5743 wait=0 procs=1 q=5 qnz=1 pend=0 rep=5 repnz=1 repmax=307200 v=0,0,0,0,307200
10-04 20:04:36.606 I/hakuX-lane(22669): [occl804] f=5744 wait=0 procs=2 q=11 qnz=1 pend=0 rep=11 repnz=1 repmax=307200 v=0,0,0,0,0,0,0,0,0,0,307200
10-04 20:04:36.612 I/hakuX-lane(22669): [occl804] f=5745 wait=0 procs=1 q=5 qnz=1 pend=0 rep=5 repnz=1 repmax=307200 v=0,0,0,0,307200
10-04 20:04:36.648 I/hakuX-lane(22669): [occl804] f=5746 wait=0 procs=2 q=11 qnz=1 pend=0 rep=11 repnz=1 repmax=307200 v=0,0,0,0,0,0,0,0,0,0,307200
10-04 20:04:36.660 I/hakuX-lane(22669): [occl804] f=5747 wait=0 procs=1 q=5 qnz=1 pend=0 rep=5 repnz=1 repmax=307200 v=0,0,0,0,307200
10-04 20:04:36.674 I/hakuX-lane(22669): [occl804] f=5748 wait=0 procs=1 q=6 qnz=0 pend=0 rep=6 repnz=0 repmax=0 v=0,0,0,0,0,0
10-04 20:04:36.693 I/hakuX-lane(22669): [occl804] f=5749 wait=0 procs=2 q=10 qnz=2 pend=0 rep=10 repnz=2 repmax=307200 v=0,0,0,0,307200,0,0,0,0,307200
10-04 20:04:36.723 I/hakuX-lane(22669): [occl804] f=5750 wait=0 procs=2 q=11 qnz=1 pend=0 rep=11 repnz=1 repmax=307200 v=0,0,0,0,0,0,0,0,0,0,307200
10-04 20:04:36.731 I/hakuX-lane(22669): [occl804] f=5751 wait=0 procs=1 q=5 qnz=1 pend=0 rep=5 repnz=1 repmax=307200 v=0,0,0,0,307200
10-04 20:04:36.756 I/hakuX-lane(22669): [occl804] f=5752 wait=0 procs=2 q=11 qnz=1 pend=0 rep=11 repnz=1 repmax=307200 v=0,0,0,0,0,0,0,0,0,0,307200
10-04 20:04:36.763 I/hakuX-lane(22669): [occl804] f=5753 wait=0 procs=1 q=5 qnz=1 pend=0 rep=5 repnz=1 repmax=307200 v=0,0,0,0,307200
10-04 20:04:36.788 I/hakuX-lane(22669): [occl804] f=5754 wait=0 procs=2 q=11 qnz=1 pend=0 rep=11 repnz=1 repmax=307200 v=0,0,0,0,0,0,0,0,0,0,307200
10-04 20:04:36.795 I/hakuX-lane(22669): [occl804] f=5755 wait=0 procs=1 q=5 qnz=1 pend=0 rep=5 repnz=1 repmax=307200 v=0,0,0,0,307200
10-04 20:04:36.826 I/hakuX-lane(22669): [occl804] f=5756 wait=0 procs=2 q=11 qnz=1 pend=0 rep=11 repnz=1 repmax=307200 v=0,0,0,0,0,0,0,0,0,0,307200
10-04 20:04:36.833 I/hakuX-lane(22669): [occl804] f=5757 wait=0 procs=1 q=5 qnz=1 pend=0 rep=5 repnz=1 repmax=307200 v=0,0,0,0,307200
10-04 20:04:36.858 I/hakuX-lane(22669): [occl804] f=5758 wait=0 procs=2 q=11 qnz=1 pend=0 rep=11 repnz=1 repmax=307200 v=0,0,0,0,0,0,0,0,0,0,307200
10-04 20:04:36.865 I/hakuX-lane(22669): [occl804] f=5759 wait=0 procs=1 q=5 qnz=1 pend=0 rep=5 repnz=1 repmax=307200 v=0,0,0,0,307200
10-04 20:04:36.877 I/hakuX-lane(22669): [occl804] f=5760 wait=0 procs=1 q=6 qnz=0 pend=0 rep=6 repnz=0 repmax=0 v=0,0,0,0,0,0
10-04 20:04:36.891 I/hakuX-lane(22669): [occl804] f=5761 wait=0 procs=1 q=5 qnz=1 pend=0 rep=5 repnz=1 repmax=307200 v=0,0,0,0,307200
10-04 20:04:36.927 I/hakuX-lane(22669): [occl804] f=5762 wait=0 procs=2 q=11 qnz=1 pend=0 rep=11 repnz=1 repmax=307200 v=0,0,0,0,0,0,0,0,0,0,307200
10-04 20:04:36.959 I/hakuX-lane(22669): [occl804] f=5764 wait=0 procs=2 q=16 qnz=2 pend=0 rep=16 repnz=2 repmax=307200 v=0,0,0,0,307200,0,0,0,0,0,0,0,0,0,0,307200
10-04 20:04:36.992 I/hakuX-lane(22669): [occl804] f=5766 wait=0 procs=2 q=16 qnz=2 pend=0 rep=16 repnz=2 repmax=307200 v=0,0,0,0,307200,0,0,0,0,0,0,0,0,0,0,307200
10-04 20:04:37.024 I/hakuX-lane(22669): [occl804] f=5768 wait=0 procs=2 q=16 qnz=2 pend=0 rep=16 repnz=2 repmax=307200 v=0,0,0,0,307200,0,0,0,0,0,0,0,0,0,0,307200
10-04 20:04:37.030 I/hakuX-lane(22669): [occl804] f=5769 wait=0 procs=1 q=5 qnz=1 pend=0 rep=5 repnz=1 repmax=307200 v=0,0,0,0,307200
10-04 20:04:37.066 I/hakuX-lane(22669): [occl804] f=5770 wait=0 procs=2 q=11 qnz=1 pend=0 rep=11 repnz=1 repmax=307200 v=0,0,0,0,0,0,0,0,0,0,307200
10-04 20:04:37.082 I/hakuX-lane(22669): [occl804] f=5772 wait=0 procs=1 q=11 qnz=1 pend=0 rep=11 repnz=1 repmax=307200 v=0,0,0,0,307200,0,0,0,0,0,0
10-04 20:04:37.097 I/hakuX-lane(22669): [occl804] f=5773 wait=0 procs=1 q=5 qnz=1 pend=0 rep=5 repnz=1 repmax=307200 v=0,0,0,0,307200
10-04 20:04:37.129 I/hakuX-lane(22669): [occl804] f=5774 wait=0 procs=2 q=16 qnz=2 pend=0 rep=16 repnz=2 repmax=307200 v=0,0,0,0,307200,0,0,0,0,0,0,0,0,0,0,307200
10-04 20:04:37.151 I/hakuX-lane(22669): [occl804] f=5776 wait=0 procs=1 q=11 qnz=1 pend=0 rep=11 repnz=1 repmax=307200 v=0,0,0,0,307200,0,0,0,0,0,0
10-04 20:04:37.166 I/hakuX-lane(22669): [occl804] f=5777 wait=0 procs=1 q=5 qnz=1 pend=0 rep=5 repnz=1 repmax=307200 v=0,0,0,0,307200
10-04 20:04:37.181 I/hakuX-lane(22669): [occl804] f=5778 wait=0 procs=1 q=11 qnz=1 pend=0 rep=11 repnz=1 repmax=307200 v=0,0,0,0,307200,0,0,0,0,0,0
10-04 20:04:37.199 I/hakuX-lane(22669): [occl804] f=5779 wait=0 procs=2 q=10 qnz=2 pend=0 rep=10 repnz=2 repmax=307200 v=0,0,0,0,307200,0,0,0,0,307200
10-04 20:04:37.212 I/hakuX-lane(22669): [occl804] f=5780 wait=0 procs=1 q=6 qnz=0 pend=0 rep=6 repnz=0 repmax=0 v=0,0,0,0,0,0
10-04 20:04:37.228 I/hakuX-lane(22669): [occl804] f=5781 wait=0 procs=1 q=5 qnz=1 pend=0 rep=5 repnz=1 repmax=307200 v=0,0,0,0,307200
10-04 20:04:37.255 I/hakuX-lane(22669): [occl804] f=5782 wait=0 procs=2 q=16 qnz=2 pend=0 rep=16 repnz=2 repmax=307200 v=0,0,0,0,307200,0,0,0,0,0,0,0,0,0,0,307200
10-04 20:04:37.261 I/hakuX-lane(22669): [occl804] f=5783 wait=0 procs=1 q=5 qnz=1 pend=0 rep=5 repnz=1 repmax=307200 v=0,0,0,0,307200
10-04 20:04:37.292 I/hakuX-lane(22669): [occl804] f=5784 wait=0 procs=2 q=11 qnz=1 pend=0 rep=11 repnz=1 repmax=307200 v=0,0,0,0,0,0,0,0,0,0,307200
10-04 20:04:37.307 I/hakuX-lane(22669): [occl804] f=5786 wait=0 procs=1 q=11 qnz=1 pend=0 rep=11 repnz=1 repmax=307200 v=0,0,0,0,307200,0,0,0,0,0,0
10-04 20:04:37.324 I/hakuX-lane(22669): [occl804] f=5787 wait=0 procs=1 q=5 qnz=1 pend=0 rep=5 repnz=1 repmax=307200 v=0,0,0,0,307200
10-04 20:04:37.347 I/hakuX-lane(22669): [occl804] f=5788 wait=0 procs=1 q=11 qnz=1 pend=0 rep=11 repnz=1 repmax=307200 v=0,0,0,0,307200,0,0,0,0,0,0
10-04 20:04:37.362 I/hakuX-lane(22669): [occl804] f=5789 wait=0 procs=2 q=10 qnz=2 pend=0 rep=10 repnz=2 repmax=307200 v=0,0,0,0,307200,0,0,0,0,307200
10-04 20:04:37.394 I/hakuX-lane(22669): [occl804] f=5790 wait=0 procs=2 q=11 qnz=1 pend=0 rep=11 repnz=1 repmax=307200 v=0,0,0,0,0,0,0,0,0,0,307200
10-04 20:04:37.402 I/hakuX-lane(22669): [occl804] f=5791 wait=0 procs=1 q=5 qnz=1 pend=0 rep=5 repnz=1 repmax=307200 v=0,0,0,0,307200
10-04 20:04:37.415 I/hakuX-lane(22669): [occl804] f=5792 wait=0 procs=1 q=6 qnz=0 pend=0 rep=6 repnz=0 repmax=0 v=0,0,0,0,0,0
10-04 20:04:37.427 I/hakuX-lane(22669): [occl804] f=5793 wait=0 procs=1 q=5 qnz=1 pend=0 rep=5 repnz=1 repmax=307200 v=0,0,0,0,307200
10-04 20:04:37.461 I/hakuX-lane(22669): [occl804] f=5794 wait=0 procs=2 q=16 qnz=2 pend=0 rep=16 repnz=2 repmax=307200 v=0,0,0,0,307200,0,0,0,0,0,0,0,0,0,0,307200
10-04 20:04:37.485 I/hakuX-lane(22669): [occl804] f=5796 wait=0 procs=1 q=11 qnz=1 pend=0 rep=11 repnz=1 repmax=307200 v=0,0,0,0,307200,0,0,0,0,0,0
10-04 20:04:37.501 I/hakuX-lane(22669): [occl804] f=5797 wait=0 procs=2 q=10 qnz=2 pend=0 rep=10 repnz=2 repmax=307200 v=0,0,0,0,307200,0,0,0,0,307200
10-04 20:04:37.512 I/hakuX-lane(22669): [occl804] f=5798 wait=0 procs=1 q=6 qnz=0 pend=0 rep=6 repnz=0 repmax=0 v=0,0,0,0,0,0
10-04 20:04:37.528 I/hakuX-lane(22669): [occl804] f=5799 wait=0 procs=1 q=5 qnz=1 pend=0 rep=5 repnz=1 repmax=307200 v=0,0,0,0,307200
10-04 20:04:37.549 I/hakuX-lane(22669): [occl804] f=5800 wait=0 procs=1 q=11 qnz=1 pend=0 rep=11 repnz=1 repmax=307200 v=0,0,0,0,307200,0,0,0,0,0,0
10-04 20:04:37.563 I/hakuX-lane(22669): [occl804] f=5801 wait=0 procs=1 q=5 qnz=1 pend=0 rep=5 repnz=1 repmax=307200 v=0,0,0,0,307200
10-04 20:04:37.591 I/hakuX-lane(22669): [occl804] f=5802 wait=0 procs=2 q=16 qnz=2 pend=0 rep=16 repnz=2 repmax=307200 v=0,0,0,0,307200,0,0,0,0,0,0,0,0,0,0,307200
10-04 20:04:37.598 I/hakuX-lane(22669): [occl804] f=5803 wait=0 procs=1 q=5 qnz=1 pend=0 rep=5 repnz=1 repmax=307200 v=0,0,0,0,307200
10-04 20:04:37.613 I/hakuX-lane(22669): [occl804] f=5804 wait=0 procs=1 q=6 qnz=0 pend=0 rep=6 repnz=0 repmax=0 v=0,0,0,0,0,0
10-04 20:04:37.634 I/hakuX-lane(22669): [occl804] f=5805 wait=0 procs=1 q=5 qnz=1 pend=0 rep=5 repnz=1 repmax=307200 v=0,0,0,0,307200
10-04 20:04:37.650 I/hakuX-lane(22669): [occl804] f=5806 wait=0 procs=1 q=11 qnz=1 pend=0 rep=11 repnz=1 repmax=307200 v=0,0,0,0,307200,0,0,0,0,0,0
10-04 20:04:37.667 I/hakuX-lane(22669): [occl804] f=5807 wait=0 procs=2 q=10 qnz=2 pend=0 rep=10 repnz=2 repmax=307200 v=0,0,0,0,307200,0,0,0,0,307200
10-04 20:04:37.681 I/hakuX-lane(22669): [occl804] f=5808 wait=0 procs=1 q=6 qnz=0 pend=0 rep=6 repnz=0 repmax=0 v=0,0,0,0,0,0
10-04 20:04:37.700 I/hakuX-lane(22669): [occl804] f=5809 wait=0 procs=2 q=10 qnz=2 pend=0 rep=10 repnz=2 repmax=307200 v=0,0,0,0,307200,0,0,0,0,307200
10-04 20:04:37.712 I/hakuX-lane(22669): [occl804] f=5810 wait=0 procs=1 q=6 qnz=0 pend=0 rep=6 repnz=0 repmax=0 v=0,0,0,0,0,0
10-04 20:04:37.735 I/hakuX-lane(22669): [occl804] f=5811 wait=0 procs=2 q=10 qnz=2 pend=0 rep=10 repnz=2 repmax=307200 v=0,0,0,0,307200,0,0,0,0,307200
10-04 20:04:37.750 I/hakuX-lane(22669): [occl804] f=5812 wait=0 procs=1 q=6 qnz=0 pend=0 rep=6 repnz=0 repmax=0 v=0,0,0,0,0,0
10-04 20:04:37.764 I/hakuX-lane(22669): [occl804] f=5813 wait=0 procs=1 q=5 qnz=1 pend=0 rep=5 repnz=1 repmax=307200 v=0,0,0,0,307200
10-04 20:04:37.779 I/hakuX-lane(22669): [occl804] f=5814 wait=0 procs=1 q=11 qnz=1 pend=0 rep=11 repnz=1 repmax=307200 v=0,0,0,0,307200,0,0,0,0,0,0
10-04 20:04:37.798 I/hakuX-lane(22669): [occl804] f=5815 wait=0 procs=2 q=10 qnz=2 pend=0 rep=10 repnz=2 repmax=307200 v=0,0,0,0,307200,0,0,0,0,307200
10-04 20:04:37.825 I/hakuX-lane(22669): [occl804] f=5816 wait=0 procs=2 q=11 qnz=1 pend=0 rep=11 repnz=1 repmax=307200 v=0,0,0,0,0,0,0,0,0,0,307200
10-04 20:04:37.832 I/hakuX-lane(22669): [occl804] f=5817 wait=0 procs=1 q=5 qnz=1 pend=0 rep=5 repnz=1 repmax=307200 v=0,0,0,0,307200
10-04 20:04:37.863 I/hakuX-lane(22669): [occl804] f=5818 wait=0 procs=2 q=11 qnz=1 pend=0 rep=11 repnz=1 repmax=307200 v=0,0,0,0,0,0,0,0,0,0,307200
10-04 20:04:37.877 I/hakuX-lane(22669): [occl804] f=5820 wait=0 procs=1 q=11 qnz=1 pend=0 rep=11 repnz=1 repmax=307200 v=0,0,0,0,307200,0,0,0,0,0,0
10-04 20:04:37.894 I/hakuX-lane(22669): [occl804] f=5821 wait=0 procs=1 q=5 qnz=1 pend=0 rep=5 repnz=1 repmax=307200 v=0,0,0,0,307200
10-04 20:04:37.911 I/hakuX-lane(22669): [occl804] f=5822 wait=0 procs=1 q=11 qnz=1 pend=0 rep=11 repnz=1 repmax=307200 v=0,0,0,0,307200,0,0,0,0,0,0
10-04 20:04:37.930 I/hakuX-lane(22669): [occl804] f=5823 wait=0 procs=1 q=5 qnz=1 pend=0 rep=5 repnz=1 repmax=307200 v=0,0,0,0,307200
10-04 20:04:37.963 I/hakuX-lane(22669): [occl804] f=5824 wait=0 procs=2 q=16 qnz=2 pend=0 rep=16 repnz=2 repmax=307200 v=0,0,0,0,307200,0,0,0,0,0,0,0,0,0,0,307200
10-04 20:04:37.970 I/hakuX-lane(22669): [occl804] f=5825 wait=0 procs=1 q=5 qnz=1 pend=0 rep=5 repnz=1 repmax=307200 v=0,0,0,0,307200
10-04 20:04:37.983 I/hakuX-lane(22669): [occl804] f=5826 wait=0 procs=1 q=6 qnz=0 pend=0 rep=6 repnz=0 repmax=0 v=0,0,0,0,0,0
10-04 20:04:37.998 I/hakuX-lane(22669): [occl804] f=5827 wait=0 procs=1 q=5 qnz=1 pend=0 rep=5 repnz=1 repmax=307200 v=0,0,0,0,307200
10-04 20:04:38.014 I/hakuX-lane(22669): [occl804] f=5828 wait=0 procs=1 q=11 qnz=1 pend=0 rep=11 repnz=1 repmax=307200 v=0,0,0,0,307200,0,0,0,0,0,0
10-04 20:04:38.029 I/hakuX-lane(22669): [occl804] f=5829 wait=0 procs=1 q=5 qnz=1 pend=0 rep=5 repnz=1 repmax=307200 v=0,0,0,0,307200
10-04 20:04:38.061 I/hakuX-lane(22669): [occl804] f=5830 wait=0 procs=2 q=16 qnz=2 pend=0 rep=16 repnz=2 repmax=307200 v=0,0,0,0,307200,0,0,0,0,0,0,0,0,0,0,307200
10-04 20:04:38.076 I/hakuX-lane(22669): [occl804] f=5832 wait=0 procs=1 q=11 qnz=1 pend=0 rep=11 repnz=1 repmax=307200 v=0,0,0,0,307200,0,0,0,0,0,0
10-04 20:04:38.093 I/hakuX-lane(22669): [occl804] f=5833 wait=0 procs=1 q=5 qnz=1 pend=0 rep=5 repnz=1 repmax=307200 v=0,0,0,0,307200
10-04 20:04:38.108 I/hakuX-lane(22669): [occl804] f=5834 wait=0 procs=1 q=11 qnz=1 pend=0 rep=11 repnz=1 repmax=307200 v=0,0,0,0,307200,0,0,0,0,0,0
10-04 20:04:38.125 I/hakuX-lane(22669): [occl804] f=5835 wait=0 procs=1 q=5 qnz=1 pend=0 rep=5 repnz=1 repmax=307200 v=0,0,0,0,307200
10-04 20:04:38.142 I/hakuX-lane(22669): [occl804] f=5836 wait=0 procs=1 q=11 qnz=1 pend=0 rep=11 repnz=1 repmax=307200 v=0,0,0,0,307200,0,0,0,0,0,0
10-04 20:04:38.158 I/hakuX-lane(22669): [occl804] f=5837 wait=0 procs=1 q=5 qnz=1 pend=0 rep=5 repnz=1 repmax=307200 v=0,0,0,0,307200
10-04 20:04:38.178 I/hakuX-lane(22669): [occl804] f=5838 wait=0 procs=1 q=6 qnz=0 pend=0 rep=6 repnz=0 repmax=0 v=0,0,0,0,0,0
10-04 20:04:38.195 I/hakuX-lane(22669): [occl804] f=5839 wait=0 procs=1 q=5 qnz=1 pend=0 rep=5 repnz=1 repmax=307200 v=0,0,0,0,307200
10-04 20:04:38.209 I/hakuX-lane(22669): [occl804] f=5840 wait=0 procs=1 q=6 qnz=0 pend=0 rep=6 repnz=0 repmax=0 v=0,0,0,0,0,0
10-04 20:04:38.243 I/hakuX-lane(22669): [occl804] f=5841 wait=0 procs=2 q=10 qnz=2 pend=0 rep=10 repnz=2 repmax=307200 v=0,0,0,0,307200,0,0,0,0,307200
10-04 20:04:38.266 I/hakuX-lane(22669): [occl804] f=5842 wait=0 procs=2 q=11 qnz=1 pend=0 rep=11 repnz=1 repmax=307200 v=0,0,0,0,0,0,0,0,0,0,307200
10-04 20:04:38.274 I/hakuX-lane(22669): [occl804] f=5843 wait=0 procs=1 q=5 qnz=1 pend=0 rep=5 repnz=1 repmax=307200 v=0,0,0,0,307200
10-04 20:04:38.305 I/hakuX-lane(22669): [occl804] f=5844 wait=0 procs=2 q=11 qnz=1 pend=0 rep=11 repnz=1 repmax=307200 v=0,0,0,0,0,0,0,0,0,0,307200
10-04 20:04:38.312 I/hakuX-lane(22669): [occl804] f=5845 wait=0 procs=1 q=5 qnz=1 pend=0 rep=5 repnz=1 repmax=307200 v=0,0,0,0,307200
10-04 20:04:38.337 I/hakuX-lane(22669): [occl804] f=5846 wait=0 procs=2 q=11 qnz=1 pend=0 rep=11 repnz=1 repmax=307200 v=0,0,0,0,0,0,0,0,0,0,307200
10-04 20:04:38.344 I/hakuX-lane(22669): [occl804] f=5847 wait=0 procs=1 q=5 qnz=1 pend=0 rep=5 repnz=1 repmax=307200 v=0,0,0,0,307200
10-04 20:04:38.369 I/hakuX-lane(22669): [occl804] f=5848 wait=0 procs=2 q=11 qnz=1 pend=0 rep=11 repnz=1 repmax=307200 v=0,0,0,0,0,0,0,0,0,0,307200
10-04 20:04:38.376 I/hakuX-lane(22669): [occl804] f=5849 wait=0 procs=1 q=5 qnz=1 pend=0 rep=5 repnz=1 repmax=307200 v=0,0,0,0,307200
10-04 20:04:38.403 I/hakuX-lane(22669): [occl804] f=5850 wait=0 procs=2 q=11 qnz=1 pend=0 rep=11 repnz=1 repmax=307200 v=0,0,0,0,0,0,0,0,0,0,307200
10-04 20:04:38.410 I/hakuX-lane(22669): [occl804] f=5851 wait=0 procs=1 q=5 qnz=1 pend=0 rep=5 repnz=1 repmax=307200 v=0,0,0,0,307200
10-04 20:04:38.436 I/hakuX-lane(22669): [occl804] f=5852 wait=0 procs=2 q=11 qnz=1 pend=0 rep=11 repnz=1 repmax=307200 v=0,0,0,0,0,0,0,0,0,0,307200
10-04 20:04:38.443 I/hakuX-lane(22669): [occl804] f=5853 wait=0 procs=1 q=5 qnz=1 pend=0 rep=5 repnz=1 repmax=307200 v=0,0,0,0,307200
10-04 20:04:38.469 I/hakuX-lane(22669): [occl804] f=5854 wait=0 procs=2 q=11 qnz=1 pend=0 rep=11 repnz=1 repmax=307200 v=0,0,0,0,0,0,0,0,0,0,307200
10-04 20:04:38.478 I/hakuX-lane(22669): [occl804] f=5855 wait=0 procs=1 q=5 qnz=1 pend=0 rep=5 repnz=1 repmax=307200 v=0,0,0,0,307200
10-04 20:04:38.508 I/hakuX-lane(22669): [occl804] f=5856 wait=0 procs=2 q=11 qnz=1 pend=0 rep=11 repnz=1 repmax=307200 v=0,0,0,0,0,0,0,0,0,0,307200
10-04 20:04:38.515 I/hakuX-lane(22669): [occl804] f=5857 wait=0 procs=1 q=5 qnz=1 pend=0 rep=5 repnz=1 repmax=307200 v=0,0,0,0,307200
10-04 20:04:38.542 I/hakuX-lane(22669): [occl804] f=5858 wait=0 procs=2 q=11 qnz=1 pend=0 rep=11 repnz=1 repmax=307200 v=0,0,0,0,0,0,0,0,0,0,307200
10-04 20:04:38.549 I/hakuX-lane(22669): [occl804] f=5859 wait=0 procs=1 q=5 qnz=1 pend=0 rep=5 repnz=1 repmax=307200 v=0,0,0,0,307200
10-04 20:04:38.587 I/hakuX-lane(22669): [occl804] f=5860 wait=0 procs=2 q=11 qnz=1 pend=0 rep=11 repnz=1 repmax=307200 v=0,0,0,0,0,0,0,0,0,0,307200
10-04 20:04:38.601 I/hakuX-lane(22669): [occl804] f=5862 wait=0 procs=1 q=11 qnz=1 pend=0 rep=11 repnz=1 repmax=307200 v=0,0,0,0,307200,0,0,0,0,0,0
10-04 20:04:38.620 I/hakuX-lane(22669): [occl804] f=5863 wait=0 procs=1 q=5 qnz=1 pend=0 rep=5 repnz=1 repmax=307200 v=0,0,0,0,307200
10-04 20:04:38.633 I/hakuX-lane(22669): [occl804] f=5864 wait=0 procs=1 q=11 qnz=1 pend=0 rep=11 repnz=1 repmax=307200 v=0,0,0,0,307200,0,0,0,0,0,0
10-04 20:04:38.651 I/hakuX-lane(22669): [occl804] f=5865 wait=0 procs=2 q=10 qnz=2 pend=0 rep=10 repnz=2 repmax=307200 v=0,0,0,0,307200,0,0,0,0,307200
10-04 20:04:38.678 I/hakuX-lane(22669): [occl804] f=5866 wait=0 procs=2 q=11 qnz=1 pend=0 rep=11 repnz=1 repmax=307200 v=0,0,0,0,0,0,0,0,0,0,307200
10-04 20:04:38.684 I/hakuX-lane(22669): [occl804] f=5867 wait=0 procs=1 q=5 qnz=1 pend=0 rep=5 repnz=1 repmax=307200 v=0,0,0,0,307200
10-04 20:04:38.710 I/hakuX-lane(22669): [occl804] f=5868 wait=0 procs=2 q=11 qnz=1 pend=0 rep=11 repnz=1 repmax=307200 v=0,0,0,0,0,0,0,0,0,0,307200
10-04 20:04:38.717 I/hakuX-lane(22669): [occl804] f=5869 wait=0 procs=1 q=5 qnz=1 pend=0 rep=5 repnz=1 repmax=307200 v=0,0,0,0,307200
10-04 20:04:38.740 I/hakuX-lane(22669): [occl804] f=5870 wait=0 procs=2 q=11 qnz=1 pend=0 rep=11 repnz=1 repmax=307200 v=0,0,0,0,0,0,0,0,0,0,307200
10-04 20:04:38.747 I/hakuX-lane(22669): [occl804] f=5871 wait=0 procs=1 q=5 qnz=1 pend=0 rep=5 repnz=1 repmax=307200 v=0,0,0,0,307200
10-04 20:04:38.774 I/hakuX-lane(22669): [occl804] f=5872 wait=0 procs=2 q=11 qnz=1 pend=0 rep=11 repnz=1 repmax=307200 v=0,0,0,0,0,0,0,0,0,0,307200
10-04 20:04:38.782 I/hakuX-lane(22669): [occl804] f=5873 wait=0 procs=1 q=5 qnz=1 pend=0 rep=5 repnz=1 repmax=307200 v=0,0,0,0,307200
10-04 20:04:38.808 I/hakuX-lane(22669): [occl804] f=5874 wait=0 procs=2 q=11 qnz=1 pend=0 rep=11 repnz=1 repmax=307200 v=0,0,0,0,0,0,0,0,0,0,307200
10-04 20:04:38.817 I/hakuX-lane(22669): [occl804] f=5875 wait=0 procs=1 q=5 qnz=1 pend=0 rep=5 repnz=1 repmax=307200 v=0,0,0,0,307200
10-04 20:04:38.832 I/hakuX-lane(22669): [occl804] f=5876 wait=0 procs=1 q=6 qnz=0 pend=0 rep=6 repnz=0 repmax=0 v=0,0,0,0,0,0
10-04 20:04:38.845 I/hakuX-lane(22669): [occl804] f=5877 wait=0 procs=1 q=5 qnz=1 pend=0 rep=5 repnz=1 repmax=307200 v=0,0,0,0,307200
10-04 20:04:38.880 I/hakuX-lane(22669): [occl804] f=5878 wait=0 procs=2 q=16 qnz=2 pend=0 rep=16 repnz=2 repmax=307200 v=0,0,0,0,307200,0,0,0,0,0,0,0,0,0,0,307200
10-04 20:04:38.886 I/hakuX-lane(22669): [occl804] f=5879 wait=0 procs=1 q=5 qnz=1 pend=0 rep=5 repnz=1 repmax=307200 v=0,0,0,0,307200
10-04 20:04:38.914 I/hakuX-lane(22669): [occl804] f=5880 wait=0 procs=2 q=11 qnz=1 pend=0 rep=11 repnz=1 repmax=307200 v=0,0,0,0,0,0,0,0,0,0,307200
10-04 20:04:38.940 I/hakuX-lane(22669): [occl804] f=5882 wait=0 procs=2 q=16 qnz=2 pend=0 rep=16 repnz=2 repmax=307200 v=0,0,0,0,307200,0,0,0,0,0,0,0,0,0,0,307200
10-04 20:04:38.947 I/hakuX-lane(22669): [occl804] f=5883 wait=0 procs=1 q=5 qnz=1 pend=0 rep=5 repnz=1 repmax=307200 v=0,0,0,0,307200
10-04 20:04:38.974 I/hakuX-lane(22669): [occl804] f=5884 wait=0 procs=2 q=11 qnz=1 pend=0 rep=11 repnz=1 repmax=307200 v=0,0,0,0,0,0,0,0,0,0,307200
10-04 20:04:38.980 I/hakuX-lane(22669): [occl804] f=5885 wait=0 procs=1 q=5 qnz=1 pend=0 rep=5 repnz=1 repmax=307200 v=0,0,0,0,307200
10-04 20:04:39.010 I/hakuX-lane(22669): [occl804] f=5886 wait=0 procs=2 q=11 qnz=1 pend=0 rep=11 repnz=1 repmax=307200 v=0,0,0,0,0,0,0,0,0,0,307200
10-04 20:04:39.017 I/hakuX-lane(22669): [occl804] f=5887 wait=0 procs=1 q=5 qnz=1 pend=0 rep=5 repnz=1 repmax=307200 v=0,0,0,0,307200
10-04 20:04:39.030 I/hakuX-lane(22669): [occl804] f=5888 wait=0 procs=1 q=6 qnz=0 pend=0 rep=6 repnz=0 repmax=0 v=0,0,0,0,0,0
10-04 20:04:39.047 I/hakuX-lane(22669): [occl804] f=5889 wait=0 procs=2 q=10 qnz=0 pend=0 rep=10 repnz=0 repmax=0 v=0,0,0,0,0,0,0,0,0,0
10-04 20:04:39.076 I/hakuX-lane(22669): [occl804] f=5890 wait=0 procs=2 q=11 qnz=0 pend=0 rep=11 repnz=0 repmax=0 v=0,0,0,0,0,0,0,0,0,0,0
10-04 20:04:39.100 I/hakuX-lane(22669): [occl804] f=5892 wait=0 procs=1 q=11 qnz=0 pend=0 rep=11 repnz=0 repmax=0 v=0,0,0,0,0,0,0,0,0,0,0
10-04 20:04:39.117 I/hakuX-lane(22669): [occl804] f=5893 wait=0 procs=2 q=10 qnz=0 pend=0 rep=10 repnz=0 repmax=0 v=0,0,0,0,0,0,0,0,0,0
10-04 20:04:39.142 I/hakuX-lane(22669): [occl804] f=5894 wait=0 procs=2 q=11 qnz=0 pend=0 rep=11 repnz=0 repmax=0 v=0,0,0,0,0,0,0,0,0,0,0
10-04 20:04:39.149 I/hakuX-lane(22669): [occl804] f=5895 wait=0 procs=1 q=5 qnz=0 pend=0 rep=5 repnz=0 repmax=0 v=0,0,0,0,0
10-04 20:04:39.179 I/hakuX-lane(22669): [occl804] f=5896 wait=0 procs=2 q=11 qnz=0 pend=0 rep=11 repnz=0 repmax=0 v=0,0,0,0,0,0,0,0,0,0,0
10-04 20:04:39.193 I/hakuX-lane(22669): [occl804] f=5898 wait=0 procs=1 q=11 qnz=0 pend=0 rep=11 repnz=0 repmax=0 v=0,0,0,0,0,0,0,0,0,0,0
10-04 20:04:39.210 I/hakuX-lane(22669): [occl804] f=5899 wait=0 procs=1 q=5 qnz=0 pend=0 rep=5 repnz=0 repmax=0 v=0,0,0,0,0
10-04 20:04:39.227 I/hakuX-lane(22669): [occl804] f=5900 wait=0 procs=1 q=11 qnz=0 pend=0 rep=11 repnz=0 repmax=0 v=0,0,0,0,0,0,0,0,0,0,0
10-04 20:04:39.243 I/hakuX-lane(22669): [occl804] f=5901 wait=0 procs=1 q=5 qnz=0 pend=0 rep=5 repnz=0 repmax=0 v=0,0,0,0,0
10-04 20:04:39.276 I/hakuX-lane(22669): [occl804] f=5902 wait=0 procs=1 q=11 qnz=0 pend=0 rep=11 repnz=0 repmax=0 v=0,0,0,0,0,0,0,0,0,0,0
10-04 20:04:39.310 I/hakuX-lane(22669): [occl804] f=5904 wait=0 procs=1 q=11 qnz=0 pend=0 rep=11 repnz=0 repmax=0 v=0,0,0,0,0,0,0,0,0,0,0
10-04 20:04:39.339 I/hakuX-lane(22669): [occl804] f=5906 wait=0 procs=2 q=16 qnz=0 pend=0 rep=16 repnz=0 repmax=0 v=0,0,0,0,0,0,0,0,0,0,0,0,0,0,0,0
10-04 20:04:39.348 I/hakuX-lane(22669): [occl804] f=5907 wait=0 procs=1 q=5 qnz=0 pend=0 rep=5 repnz=0 repmax=0 v=0,0,0,0,0
10-04 20:04:39.364 I/hakuX-lane(22669): [occl804] f=5908 wait=0 procs=1 q=6 qnz=0 pend=0 rep=6 repnz=0 repmax=0 v=0,0,0,0,0,0
10-04 20:04:39.384 I/hakuX-lane(22669): [occl804] f=5909 wait=0 procs=2 q=10 qnz=0 pend=0 rep=10 repnz=0 repmax=0 v=0,0,0,0,0,0,0,0,0,0
10-04 20:04:39.396 I/hakuX-lane(22669): [occl804] f=5910 wait=0 procs=1 q=6 qnz=0 pend=0 rep=6 repnz=0 repmax=0 v=0,0,0,0,0,0
10-04 20:04:39.411 I/hakuX-lane(22669): [occl804] f=5911 wait=0 procs=1 q=5 qnz=0 pend=0 rep=5 repnz=0 repmax=0 v=0,0,0,0,0
10-04 20:04:39.443 I/hakuX-lane(22669): [occl804] f=5912 wait=0 procs=1 q=11 qnz=0 pend=0 rep=11 repnz=0 repmax=0 v=0,0,0,0,0,0,0,0,0,0,0
10-04 20:04:39.476 I/hakuX-lane(22669): [occl804] f=5914 wait=0 procs=1 q=11 qnz=0 pend=0 rep=11 repnz=0 repmax=0 v=0,0,0,0,0,0,0,0,0,0,0
10-04 20:04:39.510 I/hakuX-lane(22669): [occl804] f=5916 wait=0 procs=1 q=11 qnz=0 pend=0 rep=11 repnz=0 repmax=0 v=0,0,0,0,0,0,0,0,0,0,0
10-04 20:04:39.526 I/hakuX-lane(22669): [occl804] f=5918 wait=0 procs=1 q=11 qnz=0 pend=0 rep=11 repnz=0 repmax=0 v=0,0,0,0,0,0,0,0,0,0,0
10-04 20:04:39.543 I/hakuX-lane(22669): [occl804] f=5919 wait=0 procs=1 q=5 qnz=0 pend=0 rep=5 repnz=0 repmax=0 v=0,0,0,0,0
10-04 20:04:39.563 I/hakuX-lane(22669): [occl804] f=5920 wait=0 procs=1 q=6 qnz=0 pend=0 rep=6 repnz=0 repmax=0 v=0,0,0,0,0,0
10-04 20:04:39.593 I/hakuX-lane(22669): [occl804] f=5921 wait=0 procs=1 q=5 qnz=0 pend=0 rep=5 repnz=0 repmax=0 v=0,0,0,0,0
10-04 20:04:39.626 I/hakuX-lane(22669): [occl804] f=5923 wait=0 procs=1 q=11 qnz=0 pend=0 rep=11 repnz=0 repmax=0 v=0,0,0,0,0,0,0,0,0,0,0
10-04 20:04:39.643 I/hakuX-lane(22669): [occl804] f=5925 wait=0 procs=1 q=5 qnz=0 pend=0 rep=5 repnz=0 repmax=0 v=0,0,0,0,0
10-04 20:04:39.663 I/hakuX-lane(22669): [occl804] f=5926 wait=0 procs=1 q=6 qnz=0 pend=0 rep=6 repnz=0 repmax=0 v=0,0,0,0,0,0
10-04 20:04:39.693 I/hakuX-lane(22669): [occl804] f=5927 wait=0 procs=1 q=5 qnz=0 pend=0 rep=5 repnz=0 repmax=0 v=0,0,0,0,0
10-04 20:04:39.711 I/hakuX-lane(22669): [occl804] f=5929 wait=0 procs=1 q=11 qnz=0 pend=0 rep=11 repnz=0 repmax=0 v=0,0,0,0,0,0,0,0,0,0,0
10-04 20:04:39.727 I/hakuX-lane(22669): [occl804] f=5930 wait=0 procs=1 q=5 qnz=0 pend=0 rep=5 repnz=0 repmax=0 v=0,0,0,0,0
10-04 20:04:39.746 I/hakuX-lane(22669): [occl804] f=5931 wait=0 procs=1 q=6 qnz=0 pend=0 rep=6 repnz=0 repmax=0 v=0,0,0,0,0,0
10-04 20:04:39.778 I/hakuX-lane(22669): [occl804] f=5932 wait=0 procs=2 q=10 qnz=0 pend=0 rep=10 repnz=0 repmax=0 v=0,0,0,0,0,0,0,0,0,0
10-04 20:04:39.786 I/hakuX-lane(22669): [occl804] f=5933 wait=0 procs=1 q=5 qnz=0 pend=0 rep=5 repnz=0 repmax=0 v=0,0,0,0,0
10-04 20:04:39.826 I/hakuX-lane(22669): [occl804] f=5934 wait=0 procs=2 q=11 qnz=0 pend=0 rep=11 repnz=0 repmax=0 v=0,0,0,0,0,0,0,0,0,0,0
10-04 20:04:39.834 I/hakuX-lane(22669): [occl804] f=5935 wait=0 procs=1 q=5 qnz=0 pend=0 rep=5 repnz=0 repmax=0 v=0,0,0,0,0
10-04 20:04:39.849 I/hakuX-lane(22669): [occl804] f=5936 wait=0 procs=1 q=6 qnz=0 pend=0 rep=6 repnz=0 repmax=0 v=0,0,0,0,0,0
10-04 20:04:39.864 I/hakuX-lane(22669): [occl804] f=5937 wait=0 procs=1 q=5 qnz=0 pend=0 rep=5 repnz=0 repmax=0 v=0,0,0,0,0
10-04 20:04:39.906 I/hakuX-lane(22669): [occl804] f=5938 wait=0 procs=2 q=11 qnz=0 pend=0 rep=11 repnz=0 repmax=0 v=0,0,0,0,0,0,0,0,0,0,0
10-04 20:04:39.913 I/hakuX-lane(22669): [occl804] f=5939 wait=0 procs=1 q=5 qnz=0 pend=0 rep=5 repnz=0 repmax=0 v=0,0,0,0,0
10-04 20:04:39.949 I/hakuX-lane(22669): [occl804] f=5940 wait=0 procs=2 q=11 qnz=0 pend=0 rep=11 repnz=0 repmax=0 v=0,0,0,0,0,0,0,0,0,0,0
10-04 20:04:39.956 I/hakuX-lane(22669): [occl804] f=5941 wait=0 procs=1 q=5 qnz=0 pend=0 rep=5 repnz=0 repmax=0 v=0,0,0,0,0
10-04 20:04:39.970 I/hakuX-lane(22669): [occl804] f=5942 wait=0 procs=1 q=6 qnz=0 pend=0 rep=6 repnz=0 repmax=0 v=0,0,0,0,0,0
10-04 20:04:39.985 I/hakuX-lane(22669): [occl804] f=5943 wait=0 procs=1 q=5 qnz=0 pend=0 rep=5 repnz=0 repmax=0 v=0,0,0,0,0
10-04 20:04:40.003 I/hakuX-lane(22669): [occl804] f=5944 wait=0 procs=1 q=6 qnz=0 pend=0 rep=6 repnz=0 repmax=0 v=0,0,0,0,0,0
10-04 20:04:40.034 I/hakuX-lane(22669): [occl804] f=5945 wait=0 procs=1 q=5 qnz=0 pend=0 rep=5 repnz=0 repmax=0 v=0,0,0,0,0
10-04 20:04:40.041 I/hakuX-lane(22669): [occl804] f=5946 wait=0 procs=1 q=5 qnz=0 pend=0 rep=5 repnz=0 repmax=0 v=0,0,0,0,0
10-04 20:04:40.075 I/hakuX-lane(22669): [occl804] f=5947 wait=0 procs=2 q=11 qnz=0 pend=0 rep=11 repnz=0 repmax=0 v=0,0,0,0,0,0,0,0,0,0,0
10-04 20:04:40.082 I/hakuX-lane(22669): [occl804] f=5948 wait=0 procs=1 q=5 qnz=0 pend=0 rep=5 repnz=0 repmax=0 v=0,0,0,0,0
10-04 20:04:40.097 I/hakuX-lane(22669): [occl804] f=5949 wait=0 procs=1 q=6 qnz=0 pend=0 rep=6 repnz=0 repmax=0 v=0,0,0,0,0,0
10-04 20:04:40.110 I/hakuX-lane(22669): [occl804] f=5950 wait=0 procs=1 q=5 qnz=0 pend=0 rep=5 repnz=0 repmax=0 v=0,0,0,0,0
10-04 20:04:40.124 I/hakuX-lane(22669): [occl804] f=5951 wait=0 procs=1 q=6 qnz=0 pend=0 rep=6 repnz=0 repmax=0 v=0,0,0,0,0,0
10-04 20:04:40.146 I/hakuX-lane(22669): [occl804] f=5952 wait=0 procs=1 q=5 qnz=0 pend=0 rep=5 repnz=0 repmax=0 v=0,0,0,0,0
10-04 20:04:40.186 I/hakuX-lane(22669): [occl804] f=5953 wait=0 procs=2 q=16 qnz=0 pend=0 rep=16 repnz=0 repmax=0 v=0,0,0,0,0,0,0,0,0,0,0,0,0,0,0,0
10-04 20:04:40.193 I/hakuX-lane(22669): [occl804] f=5954 wait=0 procs=1 q=5 qnz=0 pend=0 rep=5 repnz=0 repmax=0 v=0,0,0,0,0
10-04 20:04:40.233 I/hakuX-lane(22669): [occl804] f=5955 wait=0 procs=2 q=11 qnz=0 pend=0 rep=11 repnz=0 repmax=0 v=0,0,0,0,0,0,0,0,0,0,0
10-04 20:04:40.240 I/hakuX-lane(22669): [occl804] f=5956 wait=0 procs=1 q=5 qnz=0 pend=0 rep=5 repnz=0 repmax=0 v=0,0,0,0,0
10-04 20:04:40.265 I/hakuX-lane(22669): [occl804] f=5957 wait=0 procs=2 q=11 qnz=0 pend=0 rep=11 repnz=0 repmax=0 v=0,0,0,0,0,0,0,0,0,0,0
10-04 20:04:40.272 I/hakuX-lane(22669): [occl804] f=5958 wait=0 procs=1 q=5 qnz=0 pend=0 rep=5 repnz=0 repmax=0 v=0,0,0,0,0
10-04 20:04:40.294 I/hakuX-lane(22669): [occl804] f=5959 wait=0 procs=2 q=11 qnz=0 pend=0 rep=11 repnz=0 repmax=0 v=0,0,0,0,0,0,0,0,0,0,0
10-04 20:04:40.301 I/hakuX-lane(22669): [occl804] f=5960 wait=0 procs=1 q=5 qnz=0 pend=0 rep=5 repnz=0 repmax=0 v=0,0,0,0,0
10-04 20:04:40.328 I/hakuX-lane(22669): [occl804] f=5961 wait=0 procs=2 q=11 qnz=0 pend=0 rep=11 repnz=0 repmax=0 v=0,0,0,0,0,0,0,0,0,0,0
10-04 20:04:40.335 I/hakuX-lane(22669): [occl804] f=5962 wait=0 procs=1 q=5 qnz=0 pend=0 rep=5 repnz=0 repmax=0 v=0,0,0,0,0
10-04 20:04:40.350 I/hakuX-lane(22669): [occl804] f=5963 wait=0 procs=1 q=6 qnz=0 pend=0 rep=6 repnz=0 repmax=0 v=0,0,0,0,0,0
10-04 20:04:40.362 I/hakuX-lane(22669): [occl804] f=5964 wait=0 procs=1 q=5 qnz=0 pend=0 rep=5 repnz=0 repmax=0 v=0,0,0,0,0
10-04 20:04:40.394 I/hakuX-lane(22669): [occl804] f=5965 wait=0 procs=2 q=16 qnz=0 pend=0 rep=16 repnz=0 repmax=0 v=0,0,0,0,0,0,0,0,0,0,0,0,0,0,0,0
10-04 20:04:40.415 I/hakuX-lane(22669): [occl804] f=5967 wait=0 procs=1 q=11 qnz=0 pend=0 rep=11 repnz=0 repmax=0 v=0,0,0,0,0,0,0,0,0,0,0
10-04 20:04:40.430 I/hakuX-lane(22669): [occl804] f=5968 wait=0 procs=1 q=5 qnz=0 pend=0 rep=5 repnz=0 repmax=0 v=0,0,0,0,0
10-04 20:04:40.446 I/hakuX-lane(22669): [occl804] f=5969 wait=0 procs=1 q=11 qnz=0 pend=0 rep=11 repnz=0 repmax=0 v=0,0,0,0,0,0,0,0,0,0,0
10-04 20:04:40.461 I/hakuX-lane(22669): [occl804] f=5970 wait=0 procs=1 q=5 qnz=0 pend=0 rep=5 repnz=0 repmax=0 v=0,0,0,0,0
10-04 20:04:40.493 I/hakuX-lane(22669): [occl804] f=5971 wait=0 procs=2 q=16 qnz=0 pend=0 rep=16 repnz=0 repmax=0 v=0,0,0,0,0,0,0,0,0,0,0,0,0,0,0,0
10-04 20:04:40.524 I/hakuX-lane(22669): [occl804] f=5973 wait=0 procs=2 q=16 qnz=0 pend=0 rep=16 repnz=0 repmax=0 v=0,0,0,0,0,0,0,0,0,0,0,0,0,0,0,0
10-04 20:04:40.540 I/hakuX-lane(22669): [occl804] f=5975 wait=0 procs=1 q=11 qnz=0 pend=0 rep=11 repnz=0 repmax=0 v=0,0,0,0,0,0,0,0,0,0,0
10-04 20:04:40.557 I/hakuX-lane(22669): [occl804] f=5976 wait=0 procs=1 q=5 qnz=0 pend=0 rep=5 repnz=0 repmax=0 v=0,0,0,0,0
10-04 20:04:40.573 I/hakuX-lane(22669): [occl804] f=5977 wait=0 procs=1 q=11 qnz=0 pend=0 rep=11 repnz=0 repmax=0 v=0,0,0,0,0,0,0,0,0,0,0
10-04 20:04:40.591 I/hakuX-lane(22669): [occl804] f=5978 wait=0 procs=2 q=10 qnz=0 pend=0 rep=10 repnz=0 repmax=0 v=0,0,0,0,0,0,0,0,0,0
10-04 20:04:40.604 I/hakuX-lane(22669): [occl804] f=5979 wait=0 procs=1 q=6 qnz=0 pend=0 rep=6 repnz=0 repmax=0 v=0,0,0,0,0,0
10-04 20:04:40.620 I/hakuX-lane(22669): [occl804] f=5980 wait=0 procs=1 q=5 qnz=0 pend=0 rep=5 repnz=0 repmax=0 v=0,0,0,0,0
10-04 20:04:40.635 I/hakuX-lane(22669): [occl804] f=5981 wait=0 procs=1 q=11 qnz=0 pend=0 rep=11 repnz=0 repmax=0 v=0,0,0,0,0,0,0,0,0,0,0
10-04 20:04:40.652 I/hakuX-lane(22669): [occl804] f=5982 wait=0 procs=2 q=10 qnz=0 pend=0 rep=10 repnz=0 repmax=0 v=0,0,0,0,0,0,0,0,0,0
10-04 20:04:40.683 I/hakuX-lane(22669): [occl804] f=5983 wait=0 procs=2 q=11 qnz=0 pend=0 rep=11 repnz=0 repmax=0 v=0,0,0,0,0,0,0,0,0,0,0
10-04 20:04:40.699 I/hakuX-lane(22669): [occl804] f=5985 wait=0 procs=1 q=11 qnz=0 pend=0 rep=11 repnz=0 repmax=0 v=0,0,0,0,0,0,0,0,0,0,0
10-04 20:04:40.716 I/hakuX-lane(22669): [occl804] f=5986 wait=0 procs=1 q=5 qnz=0 pend=0 rep=5 repnz=0 repmax=0 v=0,0,0,0,0
10-04 20:04:40.749 I/hakuX-lane(22669): [occl804] f=5987 wait=0 procs=1 q=11 qnz=0 pend=0 rep=11 repnz=0 repmax=0 v=0,0,0,0,0,0,0,0,0,0,0
10-04 20:04:40.782 I/hakuX-lane(22669): [occl804] f=5989 wait=0 procs=1 q=11 qnz=0 pend=0 rep=11 repnz=0 repmax=0 v=0,0,0,0,0,0,0,0,0,0,0
10-04 20:04:40.816 I/hakuX-lane(22669): [occl804] f=5991 wait=0 procs=1 q=11 qnz=0 pend=0 rep=11 repnz=0 repmax=0 v=0,0,0,0,0,0,0,0,0,0,0
10-04 20:04:40.832 I/hakuX-lane(22669): [occl804] f=5993 wait=0 procs=1 q=5 qnz=0 pend=0 rep=5 repnz=0 repmax=0 v=0,0,0,0,0
10-04 20:04:40.850 I/hakuX-lane(22669): [occl804] f=5994 wait=0 procs=1 q=6 qnz=0 pend=0 rep=6 repnz=0 repmax=0 v=0,0,0,0,0,0
10-04 20:04:40.882 I/hakuX-lane(22669): [occl804] f=5995 wait=0 procs=1 q=5 qnz=0 pend=0 rep=5 repnz=0 repmax=0 v=0,0,0,0,0
10-04 20:04:40.916 I/hakuX-lane(22669): [occl804] f=5997 wait=0 procs=1 q=11 qnz=0 pend=0 rep=11 repnz=0 repmax=0 v=0,0,0,0,0,0,0,0,0,0,0
10-04 20:04:40.933 I/hakuX-lane(22669): [occl804] f=5999 wait=0 procs=1 q=5 qnz=0 pend=0 rep=5 repnz=0 repmax=0 v=0,0,0,0,0
10-04 20:04:40.950 I/hakuX-lane(22669): [occl804] f=6000 wait=0 procs=1 q=6 qnz=0 pend=0 rep=6 repnz=0 repmax=0 v=0,0,0,0,0,0
10-04 20:04:40.983 I/hakuX-lane(22669): [occl804] f=6001 wait=0 procs=1 q=5 qnz=0 pend=0 rep=5 repnz=0 repmax=0 v=0,0,0,0,0
10-04 20:04:41.017 I/hakuX-lane(22669): [occl804] f=6003 wait=0 procs=1 q=11 qnz=0 pend=0 rep=11 repnz=0 repmax=0 v=0,0,0,0,0,0,0,0,0,0,0
10-04 20:04:41.033 I/hakuX-lane(22669): [occl804] f=6005 wait=0 procs=1 q=5 qnz=0 pend=0 rep=5 repnz=0 repmax=0 v=0,0,0,0,0
10-04 20:04:41.051 I/hakuX-lane(22669): [occl804] f=6006 wait=0 procs=1 q=6 qnz=0 pend=0 rep=6 repnz=0 repmax=0 v=0,0,0,0,0,0
10-04 20:04:41.083 I/hakuX-lane(22669): [occl804] f=6007 wait=0 procs=1 q=5 qnz=0 pend=0 rep=5 repnz=0 repmax=0 v=0,0,0,0,0
10-04 20:04:41.116 I/hakuX-lane(22669): [occl804] f=6009 wait=0 procs=1 q=11 qnz=0 pend=0 rep=11 repnz=0 repmax=0 v=0,0,0,0,0,0,0,0,0,0,0
10-04 20:04:41.133 I/hakuX-lane(22669): [occl804] f=6011 wait=0 procs=1 q=5 qnz=0 pend=0 rep=5 repnz=0 repmax=0 v=0,0,0,0,0
10-04 20:04:41.152 I/hakuX-lane(22669): [occl804] f=6012 wait=0 procs=1 q=6 qnz=0 pend=0 rep=6 repnz=0 repmax=0 v=0,0,0,0,0,0
10-04 20:04:41.183 I/hakuX-lane(22669): [occl804] f=6013 wait=0 procs=1 q=5 qnz=0 pend=0 rep=5 repnz=0 repmax=0 v=0,0,0,0,0
10-04 20:04:41.217 I/hakuX-lane(22669): [occl804] f=6015 wait=0 procs=1 q=11 qnz=0 pend=0 rep=11 repnz=0 repmax=0 v=0,0,0,0,0,0,0,0,0,0,0
10-04 20:04:41.233 I/hakuX-lane(22669): [occl804] f=6017 wait=0 procs=1 q=5 qnz=0 pend=0 rep=5 repnz=0 repmax=0 v=0,0,0,0,0
10-04 20:04:41.250 I/hakuX-lane(22669): [occl804] f=6018 wait=0 procs=1 q=6 qnz=0 pend=0 rep=6 repnz=0 repmax=0 v=0,0,0,0,0,0
10-04 20:04:41.283 I/hakuX-lane(22669): [occl804] f=6019 wait=0 procs=1 q=5 qnz=0 pend=0 rep=5 repnz=0 repmax=0 v=0,0,0,0,0
10-04 20:04:41.317 I/hakuX-lane(22669): [occl804] f=6021 wait=0 procs=1 q=11 qnz=0 pend=0 rep=11 repnz=0 repmax=0 v=0,0,0,0,0,0,0,0,0,0,0
10-04 20:04:41.349 I/hakuX-lane(22669): [occl804] f=6023 wait=0 procs=1 q=5 qnz=0 pend=0 rep=5 repnz=0 repmax=0 v=0,0,0,0,0
10-04 20:04:41.356 I/hakuX-lane(22669): [occl804] f=6024 wait=0 procs=1 q=6 qnz=0 pend=0 rep=6 repnz=0 repmax=0 v=0,0,0,0,0,0
10-04 20:04:41.384 I/hakuX-lane(22669): [occl804] f=6025 wait=0 procs=1 q=5 qnz=0 pend=0 rep=5 repnz=0 repmax=0 v=0,0,0,0,0
10-04 20:04:41.417 I/hakuX-lane(22669): [occl804] f=6027 wait=0 procs=1 q=11 qnz=0 pend=0 rep=11 repnz=0 repmax=0 v=0,0,0,0,0,0,0,0,0,0,0
10-04 20:04:41.449 I/hakuX-lane(22669): [occl804] f=6029 wait=0 procs=1 q=11 qnz=0 pend=0 rep=11 repnz=0 repmax=0 v=0,0,0,0,0,0,0,0,0,0,0
10-04 20:04:41.467 I/hakuX-lane(22669): [occl804] f=6031 wait=0 procs=1 q=5 qnz=0 pend=0 rep=5 repnz=0 repmax=0 v=0,0,0,0,0
10-04 20:04:41.485 I/hakuX-lane(22669): [occl804] f=6032 wait=0 procs=1 q=6 qnz=0 pend=0 rep=6 repnz=0 repmax=0 v=0,0,0,0,0,0
10-04 20:04:41.517 I/hakuX-lane(22669): [occl804] f=6033 wait=0 procs=1 q=5 qnz=0 pend=0 rep=5 repnz=0 repmax=0 v=0,0,0,0,0
10-04 20:04:41.550 I/hakuX-lane(22669): [occl804] f=6035 wait=0 procs=1 q=11 qnz=0 pend=0 rep=11 repnz=0 repmax=0 v=0,0,0,0,0,0,0,0,0,0,0
10-04 20:04:41.567 I/hakuX-lane(22669): [occl804] f=6037 wait=0 procs=1 q=5 qnz=0 pend=0 rep=5 repnz=0 repmax=0 v=0,0,0,0,0
10-04 20:04:41.585 I/hakuX-lane(22669): [occl804] f=6038 wait=0 procs=1 q=6 qnz=0 pend=0 rep=6 repnz=0 repmax=0 v=0,0,0,0,0,0
10-04 20:04:41.600 I/hakuX-lane(22669): [occl804] f=6039 wait=0 procs=1 q=5 qnz=0 pend=0 rep=5 repnz=0 repmax=0 v=0,0,0,0,0
10-04 20:04:41.618 I/hakuX-lane(22669): [occl804] f=6040 wait=0 procs=1 q=6 qnz=0 pend=0 rep=6 repnz=0 repmax=0 v=0,0,0,0,0,0
10-04 20:04:41.649 I/hakuX-lane(22669): [occl804] f=6041 wait=0 procs=1 q=5 qnz=0 pend=0 rep=5 repnz=0 repmax=0 v=0,0,0,0,0
10-04 20:04:41.683 I/hakuX-lane(22669): [occl804] f=6043 wait=0 procs=1 q=11 qnz=0 pend=0 rep=11 repnz=0 repmax=0 v=0,0,0,0,0,0,0,0,0,0,0
10-04 20:04:41.700 I/hakuX-lane(22669): [occl804] f=6045 wait=0 procs=1 q=5 qnz=0 pend=0 rep=5 repnz=0 repmax=0 v=0,0,0,0,0
10-04 20:04:41.718 I/hakuX-lane(22669): [occl804] f=6046 wait=0 procs=1 q=6 qnz=0 pend=0 rep=6 repnz=0 repmax=0 v=0,0,0,0,0,0
10-04 20:04:41.750 I/hakuX-lane(22669): [occl804] f=6047 wait=0 procs=1 q=5 qnz=0 pend=0 rep=5 repnz=0 repmax=0 v=0,0,0,0,0
10-04 20:04:41.783 I/hakuX-lane(22669): [occl804] f=6049 wait=0 procs=1 q=11 qnz=0 pend=0 rep=11 repnz=0 repmax=0 v=0,0,0,0,0,0,0,0,0,0,0
10-04 20:04:41.817 I/hakuX-lane(22669): [occl804] f=6051 wait=0 procs=1 q=11 qnz=0 pend=0 rep=11 repnz=0 repmax=0 v=0,0,0,0,0,0,0,0,0,0,0
10-04 20:04:41.833 I/hakuX-lane(22669): [occl804] f=6053 wait=0 procs=1 q=5 qnz=0 pend=0 rep=5 repnz=0 repmax=0 v=0,0,0,0,0
10-04 20:04:41.851 I/hakuX-lane(22669): [occl804] f=6054 wait=0 procs=1 q=6 qnz=0 pend=0 rep=6 repnz=0 repmax=0 v=0,0,0,0,0,0
10-04 20:04:41.883 I/hakuX-lane(22669): [occl804] f=6055 wait=0 procs=1 q=5 qnz=0 pend=0 rep=5 repnz=0 repmax=0 v=0,0,0,0,0
10-04 20:04:41.917 I/hakuX-lane(22669): [occl804] f=6057 wait=0 procs=1 q=11 qnz=0 pend=0 rep=11 repnz=0 repmax=0 v=0,0,0,0,0,0,0,0,0,0,0
10-04 20:04:41.934 I/hakuX-lane(22669): [occl804] f=6059 wait=0 procs=1 q=5 qnz=0 pend=0 rep=5 repnz=0 repmax=0 v=0,0,0,0,0
10-04 20:04:41.953 I/hakuX-lane(22669): [occl804] f=6060 wait=0 procs=1 q=6 qnz=0 pend=0 rep=6 repnz=0 repmax=0 v=0,0,0,0,0,0
10-04 20:04:41.983 I/hakuX-lane(22669): [occl804] f=6061 wait=0 procs=1 q=5 qnz=0 pend=0 rep=5 repnz=0 repmax=0 v=0,0,0,0,0
10-04 20:04:42.017 I/hakuX-lane(22669): [occl804] f=6063 wait=0 procs=1 q=11 qnz=0 pend=0 rep=11 repnz=0 repmax=0 v=0,0,0,0,0,0,0,0,0,0,0
10-04 20:04:42.033 I/hakuX-lane(22669): [occl804] f=6065 wait=0 procs=1 q=5 qnz=0 pend=0 rep=5 repnz=0 repmax=0 v=0,0,0,0,0
10-04 20:04:42.051 I/hakuX-lane(22669): [occl804] f=6066 wait=0 procs=1 q=6 qnz=0 pend=0 rep=6 repnz=0 repmax=0 v=0,0,0,0,0,0
10-04 20:04:42.083 I/hakuX-lane(22669): [occl804] f=6067 wait=0 procs=1 q=5 qnz=0 pend=0 rep=5 repnz=0 repmax=0 v=0,0,0,0,0
10-04 20:04:42.117 I/hakuX-lane(22669): [occl804] f=6069 wait=0 procs=1 q=11 qnz=0 pend=0 rep=11 repnz=0 repmax=0 v=0,0,0,0,0,0,0,0,0,0,0
10-04 20:04:42.134 I/hakuX-lane(22669): [occl804] f=6071 wait=0 procs=1 q=5 qnz=0 pend=0 rep=5 repnz=0 repmax=0 v=0,0,0,0,0
10-04 20:04:42.152 I/hakuX-lane(22669): [occl804] f=6072 wait=0 procs=1 q=6 qnz=0 pend=0 rep=6 repnz=0 repmax=0 v=0,0,0,0,0,0
10-04 20:04:42.184 I/hakuX-lane(22669): [occl804] f=6073 wait=0 procs=1 q=5 qnz=0 pend=0 rep=5 repnz=0 repmax=0 v=0,0,0,0,0
10-04 20:04:42.218 I/hakuX-lane(22669): [occl804] f=6075 wait=0 procs=1 q=11 qnz=0 pend=0 rep=11 repnz=0 repmax=0 v=0,0,0,0,0,0,0,0,0,0,0
10-04 20:04:42.234 I/hakuX-lane(22669): [occl804] f=6077 wait=0 procs=1 q=5 qnz=0 pend=0 rep=5 repnz=0 repmax=0 v=0,0,0,0,0
10-04 20:04:42.252 I/hakuX-lane(22669): [occl804] f=6078 wait=0 procs=1 q=6 qnz=0 pend=0 rep=6 repnz=0 repmax=0 v=0,0,0,0,0,0
10-04 20:04:42.283 I/hakuX-lane(22669): [occl804] f=6079 wait=0 procs=1 q=5 qnz=0 pend=0 rep=5 repnz=0 repmax=0 v=0,0,0,0,0
10-04 20:04:42.318 I/hakuX-lane(22669): [occl804] f=6081 wait=0 procs=1 q=11 qnz=0 pend=0 rep=11 repnz=0 repmax=0 v=0,0,0,0,0,0,0,0,0,0,0
10-04 20:04:42.333 I/hakuX-lane(22669): [occl804] f=6083 wait=0 procs=1 q=5 qnz=0 pend=0 rep=5 repnz=0 repmax=0 v=0,0,0,0,0
10-04 20:04:42.351 I/hakuX-lane(22669): [occl804] f=6084 wait=0 procs=1 q=6 qnz=0 pend=0 rep=6 repnz=0 repmax=0 v=0,0,0,0,0,0
10-04 20:04:42.384 I/hakuX-lane(22669): [occl804] f=6085 wait=0 procs=1 q=5 qnz=0 pend=0 rep=5 repnz=0 repmax=0 v=0,0,0,0,0
10-04 20:04:42.417 I/hakuX-lane(22669): [occl804] f=6087 wait=0 procs=1 q=11 qnz=0 pend=0 rep=11 repnz=0 repmax=0 v=0,0,0,0,0,0,0,0,0,0,0
10-04 20:04:42.434 I/hakuX-lane(22669): [occl804] f=6089 wait=0 procs=1 q=5 qnz=0 pend=0 rep=5 repnz=0 repmax=0 v=0,0,0,0,0
10-04 20:04:42.452 I/hakuX-lane(22669): [occl804] f=6090 wait=0 procs=1 q=6 qnz=0 pend=0 rep=6 repnz=0 repmax=0 v=0,0,0,0,0,0
10-04 20:04:42.484 I/hakuX-lane(22669): [occl804] f=6091 wait=0 procs=1 q=5 qnz=0 pend=0 rep=5 repnz=0 repmax=0 v=0,0,0,0,0
10-04 20:04:42.517 I/hakuX-lane(22669): [occl804] f=6093 wait=0 procs=1 q=11 qnz=0 pend=0 rep=11 repnz=0 repmax=0 v=0,0,0,0,0,0,0,0,0,0,0
10-04 20:04:42.535 I/hakuX-lane(22669): [occl804] f=6095 wait=0 procs=1 q=5 qnz=0 pend=0 rep=5 repnz=0 repmax=0 v=0,0,0,0,0
10-04 20:04:42.551 I/hakuX-lane(22669): [occl804] f=6096 wait=0 procs=1 q=6 qnz=0 pend=0 rep=6 repnz=0 repmax=0 v=0,0,0,0,0,0
10-04 20:04:42.584 I/hakuX-lane(22669): [occl804] f=6097 wait=0 procs=1 q=5 qnz=0 pend=0 rep=5 repnz=0 repmax=0 v=0,0,0,0,0
10-04 20:04:42.618 I/hakuX-lane(22669): [occl804] f=6099 wait=0 procs=1 q=11 qnz=0 pend=0 rep=11 repnz=0 repmax=0 v=0,0,0,0,0,0,0,0,0,0,0
10-04 20:04:42.634 I/hakuX-lane(22669): [occl804] f=6101 wait=0 procs=1 q=5 qnz=0 pend=0 rep=5 repnz=0 repmax=0 v=0,0,0,0,0
10-04 20:04:42.653 I/hakuX-lane(22669): [occl804] f=6102 wait=0 procs=1 q=6 qnz=0 pend=0 rep=6 repnz=0 repmax=0 v=0,0,0,0,0,0
10-04 20:04:42.689 I/hakuX-lane(22669): [occl804] f=6103 wait=0 procs=1 q=5 qnz=0 pend=0 rep=5 repnz=0 repmax=0 v=0,0,0,0,0
10-04 20:04:42.717 I/hakuX-lane(22669): [occl804] f=6105 wait=0 procs=1 q=11 qnz=0 pend=0 rep=11 repnz=0 repmax=0 v=0,0,0,0,0,0,0,0,0,0,0
10-04 20:04:42.734 I/hakuX-lane(22669): [occl804] f=6107 wait=0 procs=1 q=5 qnz=0 pend=0 rep=5 repnz=0 repmax=0 v=0,0,0,0,0
10-04 20:04:42.750 I/hakuX-lane(22669): [occl804] f=6108 wait=0 procs=1 q=6 qnz=0 pend=0 rep=6 repnz=0 repmax=0 v=0,0,0,0,0,0
10-04 20:04:42.767 I/hakuX-lane(22669): [occl804] f=6109 wait=0 procs=1 q=5 qnz=0 pend=0 rep=5 repnz=0 repmax=0 v=0,0,0,0,0
10-04 20:04:42.784 I/hakuX-lane(22669): [occl804] f=6110 wait=0 procs=1 q=6 qnz=0 pend=0 rep=6 repnz=0 repmax=0 v=0,0,0,0,0,0
10-04 20:04:42.817 I/hakuX-lane(22669): [occl804] f=6111 wait=0 procs=1 q=5 qnz=0 pend=0 rep=5 repnz=0 repmax=0 v=0,0,0,0,0
10-04 20:04:42.850 I/hakuX-lane(22669): [occl804] f=6113 wait=0 procs=1 q=11 qnz=0 pend=0 rep=11 repnz=0 repmax=0 v=0,0,0,0,0,0,0,0,0,0,0
10-04 20:04:42.884 I/hakuX-lane(22669): [occl804] f=6115 wait=0 procs=1 q=11 qnz=0 pend=0 rep=11 repnz=0 repmax=0 v=0,0,0,0,0,0,0,0,0,0,0
10-04 20:04:42.901 I/hakuX-lane(22669): [occl804] f=6117 wait=0 procs=1 q=5 qnz=0 pend=0 rep=5 repnz=0 repmax=0 v=0,0,0,0,0
10-04 20:04:42.918 I/hakuX-lane(22669): [occl804] f=6118 wait=0 procs=1 q=6 qnz=0 pend=0 rep=6 repnz=0 repmax=0 v=0,0,0,0,0,0
10-04 20:04:42.951 I/hakuX-lane(22669): [occl804] f=6119 wait=0 procs=1 q=5 qnz=0 pend=0 rep=5 repnz=0 repmax=0 v=0,0,0,0,0
10-04 20:04:42.984 I/hakuX-lane(22669): [occl804] f=6121 wait=0 procs=1 q=11 qnz=0 pend=0 rep=11 repnz=0 repmax=0 v=0,0,0,0,0,0,0,0,0,0,0
10-04 20:04:43.001 I/hakuX-lane(22669): [occl804] f=6123 wait=0 procs=1 q=5 qnz=0 pend=0 rep=5 repnz=0 repmax=0 v=0,0,0,0,0
10-04 20:04:43.019 I/hakuX-lane(22669): [occl804] f=6124 wait=0 procs=1 q=6 qnz=0 pend=0 rep=6 repnz=0 repmax=0 v=0,0,0,0,0,0
10-04 20:04:43.051 I/hakuX-lane(22669): [occl804] f=6125 wait=0 procs=1 q=5 qnz=0 pend=0 rep=5 repnz=0 repmax=0 v=0,0,0,0,0
10-04 20:04:43.084 I/hakuX-lane(22669): [occl804] f=6127 wait=0 procs=1 q=11 qnz=0 pend=0 rep=11 repnz=0 repmax=0 v=0,0,0,0,0,0,0,0,0,0,0
10-04 20:04:43.102 I/hakuX-lane(22669): [occl804] f=6129 wait=0 procs=1 q=5 qnz=0 pend=0 rep=5 repnz=0 repmax=0 v=0,0,0,0,0
10-04 20:04:43.120 I/hakuX-lane(22669): [occl804] f=6130 wait=0 procs=1 q=6 qnz=0 pend=0 rep=6 repnz=0 repmax=0 v=0,0,0,0,0,0
10-04 20:04:43.151 I/hakuX-lane(22669): [occl804] f=6131 wait=0 procs=1 q=5 qnz=0 pend=0 rep=5 repnz=0 repmax=0 v=0,0,0,0,0
10-04 20:04:43.184 I/hakuX-lane(22669): [occl804] f=6133 wait=0 procs=1 q=11 qnz=0 pend=0 rep=11 repnz=0 repmax=0 v=0,0,0,0,0,0,0,0,0,0,0
10-04 20:04:43.201 I/hakuX-lane(22669): [occl804] f=6135 wait=0 procs=1 q=5 qnz=0 pend=0 rep=5 repnz=0 repmax=0 v=0,0,0,0,0
10-04 20:04:43.218 I/hakuX-lane(22669): [occl804] f=6136 wait=0 procs=1 q=6 qnz=0 pend=0 rep=6 repnz=0 repmax=0 v=0,0,0,0,0,0
10-04 20:04:43.251 I/hakuX-lane(22669): [occl804] f=6137 wait=0 procs=1 q=5 qnz=0 pend=0 rep=5 repnz=0 repmax=0 v=0,0,0,0,0
10-04 20:04:43.285 I/hakuX-lane(22669): [occl804] f=6139 wait=0 procs=1 q=11 qnz=0 pend=0 rep=11 repnz=0 repmax=0 v=0,0,0,0,0,0,0,0,0,0,0
10-04 20:04:43.301 I/hakuX-lane(22669): [occl804] f=6141 wait=0 procs=1 q=5 qnz=0 pend=0 rep=5 repnz=0 repmax=0 v=0,0,0,0,0
10-04 20:04:43.318 I/hakuX-lane(22669): [occl804] f=6142 wait=0 procs=1 q=6 qnz=0 pend=0 rep=6 repnz=0 repmax=0 v=0,0,0,0,0,0
10-04 20:04:43.351 I/hakuX-lane(22669): [occl804] f=6143 wait=0 procs=1 q=5 qnz=0 pend=0 rep=5 repnz=0 repmax=0 v=0,0,0,0,0
10-04 20:04:43.384 I/hakuX-lane(22669): [occl804] f=6145 wait=0 procs=1 q=11 qnz=0 pend=0 rep=11 repnz=0 repmax=0 v=0,0,0,0,0,0,0,0,0,0,0
10-04 20:04:43.418 I/hakuX-lane(22669): [occl804] f=6147 wait=0 procs=1 q=11 qnz=0 pend=0 rep=11 repnz=0 repmax=0 v=0,0,0,0,0,0,0,0,0,0,0
10-04 20:04:43.434 I/hakuX-lane(22669): [occl804] f=6149 wait=0 procs=1 q=5 qnz=0 pend=0 rep=5 repnz=0 repmax=0 v=0,0,0,0,0
10-04 20:04:43.451 I/hakuX-lane(22669): [occl804] f=6150 wait=0 procs=1 q=6 qnz=0 pend=0 rep=6 repnz=0 repmax=0 v=0,0,0,0,0,0
10-04 20:04:43.484 I/hakuX-lane(22669): [occl804] f=6151 wait=0 procs=1 q=5 qnz=0 pend=0 rep=5 repnz=0 repmax=0 v=0,0,0,0,0
10-04 20:04:43.518 I/hakuX-lane(22669): [occl804] f=6153 wait=0 procs=1 q=11 qnz=0 pend=0 rep=11 repnz=0 repmax=0 v=0,0,0,0,0,0,0,0,0,0,0
10-04 20:04:43.534 I/hakuX-lane(22669): [occl804] f=6155 wait=0 procs=1 q=5 qnz=0 pend=0 rep=5 repnz=0 repmax=0 v=0,0,0,0,0
10-04 20:04:43.551 I/hakuX-lane(22669): [occl804] f=6156 wait=0 procs=1 q=6 qnz=0 pend=0 rep=6 repnz=0 repmax=0 v=0,0,0,0,0,0
10-04 20:04:43.584 I/hakuX-lane(22669): [occl804] f=6157 wait=0 procs=1 q=5 qnz=0 pend=0 rep=5 repnz=0 repmax=0 v=0,0,0,0,0
10-04 20:04:43.618 I/hakuX-lane(22669): [occl804] f=6159 wait=0 procs=1 q=11 qnz=0 pend=0 rep=11 repnz=0 repmax=0 v=0,0,0,0,0,0,0,0,0,0,0
10-04 20:04:43.634 I/hakuX-lane(22669): [occl804] f=6161 wait=0 procs=1 q=5 qnz=0 pend=0 rep=5 repnz=0 repmax=0 v=0,0,0,0,0
10-04 20:04:43.651 I/hakuX-lane(22669): [occl804] f=6162 wait=0 procs=1 q=6 qnz=0 pend=0 rep=6 repnz=0 repmax=0 v=0,0,0,0,0,0
10-04 20:04:43.684 I/hakuX-lane(22669): [occl804] f=6163 wait=0 procs=1 q=5 qnz=0 pend=0 rep=5 repnz=0 repmax=0 v=0,0,0,0,0
10-04 20:04:43.718 I/hakuX-lane(22669): [occl804] f=6165 wait=0 procs=1 q=11 qnz=0 pend=0 rep=11 repnz=0 repmax=0 v=0,0,0,0,0,0,0,0,0,0,0
10-04 20:04:43.734 I/hakuX-lane(22669): [occl804] f=6167 wait=0 procs=1 q=5 qnz=0 pend=0 rep=5 repnz=0 repmax=0 v=0,0,0,0,0
10-04 20:04:43.751 I/hakuX-lane(22669): [occl804] f=6168 wait=0 procs=1 q=6 qnz=0 pend=0 rep=6 repnz=0 repmax=0 v=0,0,0,0,0,0
10-04 20:04:43.784 I/hakuX-lane(22669): [occl804] f=6169 wait=0 procs=1 q=5 qnz=0 pend=0 rep=5 repnz=0 repmax=0 v=0,0,0,0,0
10-04 20:04:43.818 I/hakuX-lane(22669): [occl804] f=6171 wait=0 procs=1 q=11 qnz=0 pend=0 rep=11 repnz=0 repmax=0 v=0,0,0,0,0,0,0,0,0,0,0
10-04 20:04:43.834 I/hakuX-lane(22669): [occl804] f=6173 wait=0 procs=1 q=5 qnz=0 pend=0 rep=5 repnz=0 repmax=0 v=0,0,0,0,0
10-04 20:04:43.851 I/hakuX-lane(22669): [occl804] f=6174 wait=0 procs=1 q=6 qnz=0 pend=0 rep=6 repnz=0 repmax=0 v=0,0,0,0,0,0
10-04 20:04:43.884 I/hakuX-lane(22669): [occl804] f=6175 wait=0 procs=1 q=5 qnz=0 pend=0 rep=5 repnz=0 repmax=0 v=0,0,0,0,0
10-04 20:04:43.918 I/hakuX-lane(22669): [occl804] f=6177 wait=0 procs=1 q=11 qnz=0 pend=0 rep=11 repnz=0 repmax=0 v=0,0,0,0,0,0,0,0,0,0,0
10-04 20:04:43.934 I/hakuX-lane(22669): [occl804] f=6179 wait=0 procs=1 q=5 qnz=0 pend=0 rep=5 repnz=0 repmax=0 v=0,0,0,0,0
10-04 20:04:43.951 I/hakuX-lane(22669): [occl804] f=6180 wait=0 procs=1 q=6 qnz=0 pend=0 rep=6 repnz=0 repmax=0 v=0,0,0,0,0,0
10-04 20:04:43.984 I/hakuX-lane(22669): [occl804] f=6181 wait=0 procs=1 q=5 qnz=0 pend=0 rep=5 repnz=0 repmax=0 v=0,0,0,0,0
10-04 20:04:44.018 I/hakuX-lane(22669): [occl804] f=6183 wait=0 procs=1 q=11 qnz=0 pend=0 rep=11 repnz=0 repmax=0 v=0,0,0,0,0,0,0,0,0,0,0
10-04 20:04:44.034 I/hakuX-lane(22669): [occl804] f=6185 wait=0 procs=1 q=5 qnz=0 pend=0 rep=5 repnz=0 repmax=0 v=0,0,0,0,0
10-04 20:04:44.051 I/hakuX-lane(22669): [occl804] f=6186 wait=0 procs=1 q=6 qnz=0 pend=0 rep=6 repnz=0 repmax=0 v=0,0,0,0,0,0
10-04 20:04:44.085 I/hakuX-lane(22669): [occl804] f=6187 wait=0 procs=1 q=5 qnz=0 pend=0 rep=5 repnz=0 repmax=0 v=0,0,0,0,0
10-04 20:04:44.118 I/hakuX-lane(22669): [occl804] f=6189 wait=0 procs=1 q=11 qnz=0 pend=0 rep=11 repnz=0 repmax=0 v=0,0,0,0,0,0,0,0,0,0,0
10-04 20:04:44.134 I/hakuX-lane(22669): [occl804] f=6191 wait=0 procs=1 q=5 qnz=0 pend=0 rep=5 repnz=0 repmax=0 v=0,0,0,0,0
10-04 20:04:44.151 I/hakuX-lane(22669): [occl804] f=6192 wait=0 procs=1 q=6 qnz=0 pend=0 rep=6 repnz=0 repmax=0 v=0,0,0,0,0,0
10-04 20:04:44.184 I/hakuX-lane(22669): [occl804] f=6193 wait=0 procs=1 q=5 qnz=0 pend=0 rep=5 repnz=0 repmax=0 v=0,0,0,0,0
10-04 20:04:44.218 I/hakuX-lane(22669): [occl804] f=6195 wait=0 procs=1 q=11 qnz=0 pend=0 rep=11 repnz=0 repmax=0 v=0,0,0,0,0,0,0,0,0,0,0
10-04 20:04:44.234 I/hakuX-lane(22669): [occl804] f=6197 wait=0 procs=1 q=5 qnz=0 pend=0 rep=5 repnz=0 repmax=0 v=0,0,0,0,0
10-04 20:04:44.251 I/hakuX-lane(22669): [occl804] f=6198 wait=0 procs=1 q=6 qnz=0 pend=0 rep=6 repnz=0 repmax=0 v=0,0,0,0,0,0
10-04 20:04:44.284 I/hakuX-lane(22669): [occl804] f=6199 wait=0 procs=1 q=5 qnz=0 pend=0 rep=5 repnz=0 repmax=0 v=0,0,0,0,0
10-04 20:04:44.319 I/hakuX-lane(22669): [occl804] f=6201 wait=0 procs=1 q=11 qnz=0 pend=0 rep=11 repnz=0 repmax=0 v=0,0,0,0,0,0,0,0,0,0,0
10-04 20:04:44.337 I/hakuX-lane(22669): [occl804] f=6203 wait=0 procs=2 q=10 qnz=0 pend=0 rep=10 repnz=0 repmax=0 v=0,0,0,0,0,0,0,0,0,0
10-04 20:04:44.367 I/hakuX-lane(22669): [occl804] f=6204 wait=0 procs=2 q=11 qnz=0 pend=0 rep=11 repnz=0 repmax=0 v=0,0,0,0,0,0,0,0,0,0,0
10-04 20:04:44.372 I/hakuX-lane(22669): [occl804] f=6205 wait=0 procs=1 q=5 qnz=0 pend=0 rep=5 repnz=0 repmax=0 v=0,0,0,0,0
10-04 20:04:44.399 I/hakuX-lane(22669): [occl804] f=6206 wait=0 procs=2 q=11 qnz=0 pend=0 rep=11 repnz=0 repmax=0 v=0,0,0,0,0,0,0,0,0,0,0
10-04 20:04:44.404 I/hakuX-lane(22669): [occl804] f=6207 wait=0 procs=1 q=5 qnz=0 pend=0 rep=5 repnz=0 repmax=0 v=0,0,0,0,0
10-04 20:04:44.433 I/hakuX-lane(22669): [occl804] f=6208 wait=0 procs=2 q=11 qnz=0 pend=0 rep=11 repnz=0 repmax=0 v=0,0,0,0,0,0,0,0,0,0,0
10-04 20:04:44.439 I/hakuX-lane(22669): [occl804] f=6209 wait=0 procs=1 q=5 qnz=0 pend=0 rep=5 repnz=0 repmax=0 v=0,0,0,0,0
10-04 20:04:44.472 I/hakuX-lane(22669): [occl804] f=6210 wait=0 procs=2 q=11 qnz=0 pend=0 rep=11 repnz=0 repmax=0 v=0,0,0,0,0,0,0,0,0,0,0
10-04 20:04:44.477 I/hakuX-lane(22669): [occl804] f=6211 wait=0 procs=1 q=5 qnz=0 pend=0 rep=5 repnz=0 repmax=0 v=0,0,0,0,0
10-04 20:04:44.493 I/hakuX-lane(22669): [occl804] f=6212 wait=0 procs=1 q=6 qnz=0 pend=0 rep=6 repnz=0 repmax=0 v=0,0,0,0,0,0
10-04 20:04:44.514 I/hakuX-lane(22669): [occl804] f=6213 wait=0 procs=2 q=10 qnz=0 pend=0 rep=10 repnz=0 repmax=0 v=0,0,0,0,0,0,0,0,0,0
10-04 20:04:44.533 I/hakuX-lane(22669): [occl804] f=6214 wait=0 procs=1 q=6 qnz=0 pend=0 rep=6 repnz=0 repmax=0 v=0,0,0,0,0,0
10-04 20:04:44.549 I/hakuX-lane(22669): [occl804] f=6215 wait=0 procs=1 q=5 qnz=0 pend=0 rep=5 repnz=0 repmax=0 v=0,0,0,0,0
10-04 20:04:44.579 I/hakuX-lane(22669): [occl804] f=6216 wait=0 procs=2 q=16 qnz=0 pend=0 rep=16 repnz=0 repmax=0 v=0,0,0,0,0,0,0,0,0,0,0,0,0,0,0,0
10-04 20:04:44.592 I/hakuX-lane(22669): [occl804] f=6218 wait=0 procs=1 q=11 qnz=0 pend=0 rep=11 repnz=0 repmax=0 v=0,0,0,0,0,0,0,0,0,0,0
10-04 20:04:44.609 I/hakuX-lane(22669): [occl804] f=6219 wait=0 procs=2 q=10 qnz=0 pend=0 rep=10 repnz=0 repmax=0 v=0,0,0,0,0,0,0,0,0,0
10-04 20:04:44.642 I/hakuX-lane(22669): [occl804] f=6220 wait=0 procs=2 q=11 qnz=0 pend=0 rep=11 repnz=0 repmax=0 v=0,0,0,0,0,0,0,0,0,0,0
10-04 20:04:44.674 I/hakuX-lane(22669): [occl804] f=6222 wait=0 procs=2 q=16 qnz=0 pend=0 rep=16 repnz=0 repmax=0 v=0,0,0,0,0,0,0,0,0,0,0,0,0,0,0,0
10-04 20:04:44.679 I/hakuX-lane(22669): [occl804] f=6223 wait=0 procs=1 q=5 qnz=0 pend=0 rep=5 repnz=0 repmax=0 v=0,0,0,0,0
10-04 20:04:44.692 I/hakuX-lane(22669): [occl804] f=6224 wait=0 procs=1 q=6 qnz=0 pend=0 rep=6 repnz=0 repmax=0 v=0,0,0,0,0,0
10-04 20:04:44.706 I/hakuX-lane(22669): [occl804] f=6225 wait=0 procs=1 q=5 qnz=0 pend=0 rep=5 repnz=0 repmax=0 v=0,0,0,0,0
10-04 20:04:44.739 I/hakuX-lane(22669): [occl804] f=6226 wait=0 procs=2 q=16 qnz=0 pend=0 rep=16 repnz=0 repmax=0 v=0,0,0,0,0,0,0,0,0,0,0,0,0,0,0,0
10-04 20:04:44.759 I/hakuX-lane(22669): [occl804] f=6228 wait=0 procs=1 q=11 qnz=0 pend=0 rep=11 repnz=0 repmax=0 v=0,0,0,0,0,0,0,0,0,0,0
10-04 20:04:44.775 I/hakuX-lane(22669): [occl804] f=6229 wait=0 procs=1 q=5 qnz=0 pend=0 rep=5 repnz=0 repmax=0 v=0,0,0,0,0
10-04 20:04:44.790 I/hakuX-lane(22669): [occl804] f=6230 wait=0 procs=1 q=11 qnz=0 pend=0 rep=11 repnz=0 repmax=0 v=0,0,0,0,0,0,0,0,0,0,0
10-04 20:04:44.809 I/hakuX-lane(22669): [occl804] f=6231 wait=0 procs=2 q=10 qnz=0 pend=0 rep=10 repnz=0 repmax=0 v=0,0,0,0,0,0,0,0,0,0
10-04 20:04:44.838 I/hakuX-lane(22669): [occl804] f=6232 wait=0 procs=2 q=11 qnz=0 pend=0 rep=11 repnz=0 repmax=0 v=0,0,0,0,0,0,0,0,0,0,0
10-04 20:04:44.843 I/hakuX-lane(22669): [occl804] f=6233 wait=0 procs=1 q=5 qnz=0 pend=0 rep=5 repnz=0 repmax=0 v=0,0,0,0,0
10-04 20:04:44.856 I/hakuX-lane(22669): [occl804] f=6234 wait=0 procs=1 q=6 qnz=0 pend=0 rep=6 repnz=0 repmax=0 v=0,0,0,0,0,0
10-04 20:04:44.874 I/hakuX-lane(22669): [occl804] f=6235 wait=0 procs=2 q=10 qnz=0 pend=0 rep=10 repnz=0 repmax=0 v=0,0,0,0,0,0,0,0,0,0
10-04 20:04:44.888 I/hakuX-lane(22669): [occl804] f=6236 wait=0 procs=1 q=6 qnz=0 pend=0 rep=6 repnz=0 repmax=0 v=0,0,0,0,0,0
10-04 20:04:44.902 I/hakuX-lane(22669): [occl804] f=6237 wait=0 procs=1 q=5 qnz=0 pend=0 rep=5 repnz=0 repmax=0 v=0,0,0,0,0
10-04 20:04:44.923 I/hakuX-lane(22669): [occl804] f=6238 wait=0 procs=1 q=11 qnz=0 pend=0 rep=11 repnz=0 repmax=0 v=0,0,0,0,0,0,0,0,0,0,0
10-04 20:04:44.944 I/hakuX-lane(22669): [occl804] f=6239 wait=0 procs=1 q=5 qnz=0 pend=0 rep=5 repnz=0 repmax=0 v=0,0,0,0,0
10-04 20:04:44.964 I/hakuX-lane(22669): [occl804] f=6240 wait=0 procs=1 q=11 qnz=0 pend=0 rep=11 repnz=0 repmax=0 v=0,0,0,0,0,0,0,0,0,0,0
10-04 20:04:44.985 I/hakuX-lane(22669): [occl804] f=6241 wait=0 procs=1 q=5 qnz=0 pend=0 rep=5 repnz=0 repmax=0 v=0,0,0,0,0
10-04 20:04:44.998 I/hakuX-lane(22669): [occl804] f=6242 wait=0 procs=1 q=11 qnz=0 pend=0 rep=11 repnz=0 repmax=0 v=0,0,0,0,0,0,0,0,0,0,0
10-04 20:04:45.014 I/hakuX-lane(22669): [occl804] f=6243 wait=0 procs=1 q=5 qnz=0 pend=0 rep=5 repnz=0 repmax=0 v=0,0,0,0,0
10-04 20:04:45.031 I/hakuX-lane(22669): [occl804] f=6244 wait=0 procs=1 q=11 qnz=0 pend=0 rep=11 repnz=0 repmax=0 v=0,0,0,0,0,0,0,0,0,0,0
10-04 20:04:45.047 I/hakuX-lane(22669): [occl804] f=6245 wait=0 procs=1 q=5 qnz=0 pend=0 rep=5 repnz=0 repmax=0 v=0,0,0,0,0
10-04 20:04:45.062 I/hakuX-lane(22669): [occl804] f=6246 wait=0 procs=1 q=11 qnz=0 pend=0 rep=11 repnz=0 repmax=0 v=0,0,0,0,0,0,0,0,0,0,0
10-04 20:04:45.079 I/hakuX-lane(22669): [occl804] f=6247 wait=0 procs=1 q=5 qnz=0 pend=0 rep=5 repnz=0 repmax=0 v=0,0,0,0,0
10-04 20:04:45.094 I/hakuX-lane(22669): [occl804] f=6248 wait=0 procs=1 q=11 qnz=0 pend=0 rep=11 repnz=0 repmax=0 v=0,0,0,0,0,0,0,0,0,0,0
10-04 20:04:45.113 I/hakuX-lane(22669): [occl804] f=6249 wait=0 procs=2 q=10 qnz=0 pend=0 rep=10 repnz=0 repmax=0 v=0,0,0,0,0,0,0,0,0,0
10-04 20:04:45.139 I/hakuX-lane(22669): [occl804] f=6250 wait=0 procs=1 q=6 qnz=0 pend=0 rep=6 repnz=0 repmax=0 v=0,0,0,0,0,0
10-04 20:04:45.149 I/hakuX-lane(22669): [occl804] f=6251 wait=0 procs=1 q=5 qnz=0 pend=0 rep=5 repnz=0 repmax=0 v=0,0,0,0,0
10-04 20:04:45.180 I/hakuX-lane(22669): [occl804] f=6252 wait=0 procs=2 q=16 qnz=0 pend=0 rep=16 repnz=0 repmax=0 v=0,0,0,0,0,0,0,0,0,0,0,0,0,0,0,0
10-04 20:04:45.195 I/hakuX-lane(22669): [occl804] f=6254 wait=0 procs=1 q=11 qnz=0 pend=0 rep=11 repnz=0 repmax=0 v=0,0,0,0,0,0,0,0,0,0,0
10-04 20:04:45.213 I/hakuX-lane(22669): [occl804] f=6255 wait=0 procs=1 q=5 qnz=0 pend=0 rep=5 repnz=0 repmax=0 v=0,0,0,0,0
10-04 20:04:45.233 I/hakuX-lane(22669): [occl804] f=6256 wait=0 procs=1 q=11 qnz=0 pend=0 rep=11 repnz=0 repmax=0 v=0,0,0,0,0,0,0,0,0,0,0
10-04 20:04:45.246 I/hakuX-lane(22669): [occl804] f=6257 wait=0 procs=1 q=5 qnz=0 pend=0 rep=5 repnz=0 repmax=0 v=0,0,0,0,0
10-04 20:04:45.277 I/hakuX-lane(22669): [occl804] f=6258 wait=0 procs=2 q=16 qnz=0 pend=0 rep=16 repnz=0 repmax=0 v=0,0,0,0,0,0,0,0,0,0,0,0,0,0,0,0
10-04 20:04:45.282 I/hakuX-lane(22669): [occl804] f=6259 wait=0 procs=1 q=5 qnz=0 pend=0 rep=5 repnz=0 repmax=0 v=0,0,0,0,0
10-04 20:04:45.311 I/hakuX-lane(22669): [occl804] f=6260 wait=0 procs=2 q=11 qnz=0 pend=0 rep=11 repnz=0 repmax=0 v=0,0,0,0,0,0,0,0,0,0,0
10-04 20:04:45.315 I/hakuX-lane(22669): [occl804] f=6261 wait=0 procs=1 q=5 qnz=0 pend=0 rep=5 repnz=0 repmax=0 v=0,0,0,0,0
10-04 20:04:45.341 I/hakuX-lane(22669): [occl804] f=6262 wait=0 procs=2 q=11 qnz=0 pend=0 rep=11 repnz=0 repmax=0 v=0,0,0,0,0,0,0,0,0,0,0
10-04 20:04:45.345 I/hakuX-lane(22669): [occl804] f=6263 wait=0 procs=1 q=5 qnz=0 pend=0 rep=5 repnz=0 repmax=0 v=0,0,0,0,0
10-04 20:04:45.378 I/hakuX-lane(22669): [occl804] f=6264 wait=0 procs=2 q=11 qnz=0 pend=0 rep=11 repnz=0 repmax=0 v=0,0,0,0,0,0,0,0,0,0,0
10-04 20:04:45.383 I/hakuX-lane(22669): [occl804] f=6265 wait=0 procs=1 q=5 qnz=0 pend=0 rep=5 repnz=0 repmax=0 v=0,0,0,0,0
10-04 20:04:45.410 I/hakuX-lane(22669): [occl804] f=6266 wait=0 procs=2 q=11 qnz=0 pend=0 rep=11 repnz=0 repmax=0 v=0,0,0,0,0,0,0,0,0,0,0
10-04 20:04:45.414 I/hakuX-lane(22669): [occl804] f=6267 wait=0 procs=1 q=5 qnz=0 pend=0 rep=5 repnz=0 repmax=0 v=0,0,0,0,0
10-04 20:04:45.427 I/hakuX-lane(22669): [occl804] f=6268 wait=0 procs=1 q=6 qnz=0 pend=0 rep=6 repnz=0 repmax=0 v=0,0,0,0,0,0
10-04 20:04:45.444 I/hakuX-lane(22669): [occl804] f=6269 wait=0 procs=1 q=5 qnz=0 pend=0 rep=5 repnz=0 repmax=0 v=0,0,0,0,0
10-04 20:04:45.479 I/hakuX-lane(22669): [occl804] f=6270 wait=0 procs=2 q=16 qnz=0 pend=0 rep=16 repnz=0 repmax=0 v=0,0,0,0,0,0,0,0,0,0,0,0,0,0,0,0
10-04 20:04:45.515 I/hakuX-lane(22669): [occl804] f=6272 wait=0 procs=2 q=16 qnz=0 pend=0 rep=16 repnz=0 repmax=0 v=0,0,0,0,0,0,0,0,0,0,0,0,0,0,0,0
10-04 20:04:45.531 I/hakuX-lane(22669): [occl804] f=6274 wait=0 procs=1 q=11 qnz=0 pend=0 rep=11 repnz=0 repmax=0 v=0,0,0,0,0,0,0,0,0,0,0
10-04 20:04:45.550 I/hakuX-lane(22669): [occl804] f=6275 wait=0 procs=1 q=5 qnz=0 pend=0 rep=5 repnz=0 repmax=0 v=0,0,0,0,0
10-04 20:04:45.567 I/hakuX-lane(22669): [occl804] f=6276 wait=0 procs=1 q=11 qnz=0 pend=0 rep=11 repnz=0 repmax=0 v=0,0,0,0,0,0,0,0,0,0,0
10-04 20:04:45.579 I/hakuX-lane(22669): [occl804] f=6277 wait=0 procs=1 q=5 qnz=0 pend=0 rep=5 repnz=0 repmax=0 v=0,0,0,0,0
10-04 20:04:45.594 I/hakuX-lane(22669): [occl804] f=6278 wait=0 procs=1 q=11 qnz=0 pend=0 rep=11 repnz=0 repmax=0 v=0,0,0,0,0,0,0,0,0,0,0
10-04 20:04:45.609 I/hakuX-lane(22669): [occl804] f=6279 wait=0 procs=1 q=5 qnz=0 pend=0 rep=5 repnz=0 repmax=0 v=0,0,0,0,0
10-04 20:04:45.644 I/hakuX-lane(22669): [occl804] f=6280 wait=0 procs=2 q=16 qnz=0 pend=0 rep=16 repnz=0 repmax=0 v=0,0,0,0,0,0,0,0,0,0,0,0,0,0,0,0
10-04 20:04:45.664 I/hakuX-lane(22669): [occl804] f=6282 wait=0 procs=1 q=11 qnz=0 pend=0 rep=11 repnz=0 repmax=0 v=0,0,0,0,0,0,0,0,0,0,0
10-04 20:04:45.684 I/hakuX-lane(22669): [occl804] f=6283 wait=0 procs=1 q=5 qnz=0 pend=0 rep=5 repnz=0 repmax=0 v=0,0,0,0,0
10-04 20:04:45.698 I/hakuX-lane(22669): [occl804] f=6284 wait=0 procs=1 q=11 qnz=0 pend=0 rep=11 repnz=0 repmax=0 v=0,0,0,0,0,0,0,0,0,0,0
10-04 20:04:45.715 I/hakuX-lane(22669): [occl804] f=6285 wait=0 procs=1 q=5 qnz=0 pend=0 rep=5 repnz=0 repmax=0 v=0,0,0,0,0
10-04 20:04:45.729 I/hakuX-lane(22669): [occl804] f=6286 wait=0 procs=1 q=11 qnz=0 pend=0 rep=11 repnz=0 repmax=0 v=0,0,0,0,0,0,0,0,0,0,0
10-04 20:04:45.744 I/hakuX-lane(22669): [occl804] f=6287 wait=0 procs=1 q=5 qnz=0 pend=0 rep=5 repnz=0 repmax=0 v=0,0,0,0,0
10-04 20:04:45.783 I/hakuX-lane(22669): [occl804] f=6288 wait=0 procs=2 q=16 qnz=0 pend=0 rep=16 repnz=0 repmax=0 v=0,0,0,0,0,0,0,0,0,0,0,0,0,0,0,0
10-04 20:04:45.795 I/hakuX-lane(22669): [occl804] f=6290 wait=0 procs=1 q=11 qnz=0 pend=0 rep=11 repnz=0 repmax=0 v=0,0,0,0,0,0,0,0,0,0,0
10-04 20:04:45.816 I/hakuX-lane(22669): [occl804] f=6291 wait=0 procs=2 q=10 qnz=0 pend=0 rep=10 repnz=0 repmax=0 v=0,0,0,0,0,0,0,0,0,0
10-04 20:04:45.830 I/hakuX-lane(22669): [occl804] f=6292 wait=0 procs=1 q=6 qnz=0 pend=0 rep=6 repnz=0 repmax=0 v=0,0,0,0,0,0
10-04 20:04:45.847 I/hakuX-lane(22669): [occl804] f=6293 wait=0 procs=2 q=10 qnz=0 pend=0 rep=10 repnz=0 repmax=0 v=0,0,0,0,0,0,0,0,0,0
10-04 20:04:45.876 I/hakuX-lane(22669): [occl804] f=6294 wait=0 procs=2 q=11 qnz=0 pend=0 rep=11 repnz=0 repmax=0 v=0,0,0,0,0,0,0,0,0,0,0
10-04 20:04:45.880 I/hakuX-lane(22669): [occl804] f=6295 wait=0 procs=1 q=5 qnz=0 pend=0 rep=5 repnz=0 repmax=0 v=0,0,0,0,0
10-04 20:04:45.894 I/hakuX-lane(22669): [occl804] f=6296 wait=0 procs=1 q=6 qnz=0 pend=0 rep=6 repnz=0 repmax=0 v=0,0,0,0,0,0
10-04 20:04:45.917 I/hakuX-lane(22669): [occl804] f=6297 wait=0 procs=2 q=10 qnz=0 pend=0 rep=10 repnz=0 repmax=0 v=0,0,0,0,0,0,0,0,0,0
10-04 20:04:45.945 I/hakuX-lane(22669): [occl804] f=6298 wait=0 procs=2 q=11 qnz=0 pend=0 rep=11 repnz=0 repmax=0 v=0,0,0,0,0,0,0,0,0,0,0
10-04 20:04:45.979 I/hakuX-lane(22669): [occl804] f=6300 wait=0 procs=2 q=16 qnz=0 pend=0 rep=16 repnz=0 repmax=0 v=0,0,0,0,0,0,0,0,0,0,0,0,0,0,0,0
10-04 20:04:45.995 I/hakuX-lane(22669): [occl804] f=6302 wait=0 procs=1 q=11 qnz=0 pend=0 rep=11 repnz=0 repmax=0 v=0,0,0,0,0,0,0,0,0,0,0
10-04 20:04:46.012 I/hakuX-lane(22669): [occl804] f=6303 wait=0 procs=2 q=10 qnz=0 pend=0 rep=10 repnz=0 repmax=0 v=0,0,0,0,0,0,0,0,0,0
10-04 20:04:46.042 I/hakuX-lane(22669): [occl804] f=6304 wait=0 procs=2 q=11 qnz=0 pend=0 rep=11 repnz=0 repmax=0 v=0,0,0,0,0,0,0,0,0,0,0
10-04 20:04:46.058 I/hakuX-lane(22669): [occl804] f=6306 wait=0 procs=1 q=11 qnz=0 pend=0 rep=11 repnz=0 repmax=0 v=0,0,0,0,0,0,0,0,0,0,0
10-04 20:04:46.079 I/hakuX-lane(22669): [occl804] f=6307 wait=0 procs=1 q=5 qnz=0 pend=0 rep=5 repnz=0 repmax=0 v=0,0,0,0,0
10-04 20:04:46.107 I/hakuX-lane(22669): [occl804] f=6308 wait=0 procs=2 q=16 qnz=0 pend=0 rep=16 repnz=0 repmax=0 v=0,0,0,0,0,0,0,0,0,0,0,0,0,0,0,0
10-04 20:04:46.109 I/hakuX-lane(22669): [occl804] f=6309 wait=0 procs=1 q=5 qnz=0 pend=0 rep=5 repnz=0 repmax=0 v=0,0,0,0,0
10-04 20:04:46.142 I/hakuX-lane(22669): [occl804] f=6310 wait=0 procs=2 q=11 qnz=0 pend=0 rep=11 repnz=0 repmax=0 v=0,0,0,0,0,0,0,0,0,0,0
10-04 20:04:46.144 I/hakuX-lane(22669): [occl804] f=6311 wait=0 procs=1 q=5 qnz=0 pend=0 rep=5 repnz=0 repmax=0 v=0,0,0,0,0
10-04 20:04:46.174 I/hakuX-lane(22669): [occl804] f=6312 wait=0 procs=2 q=11 qnz=0 pend=0 rep=11 repnz=0 repmax=0 v=0,0,0,0,0,0,0,0,0,0,0
10-04 20:04:46.177 I/hakuX-lane(22669): [occl804] f=6313 wait=0 procs=1 q=5 qnz=0 pend=0 rep=5 repnz=0 repmax=0 v=0,0,0,0,0
10-04 20:04:46.206 I/hakuX-lane(22669): [occl804] f=6314 wait=0 procs=2 q=11 qnz=0 pend=0 rep=11 repnz=0 repmax=0 v=0,0,0,0,0,0,0,0,0,0,0
10-04 20:04:46.209 I/hakuX-lane(22669): [occl804] f=6315 wait=0 procs=1 q=5 qnz=0 pend=0 rep=5 repnz=0 repmax=0 v=0,0,0,0,0
10-04 20:04:46.239 I/hakuX-lane(22669): [occl804] f=6316 wait=0 procs=2 q=11 qnz=0 pend=0 rep=11 repnz=0 repmax=0 v=0,0,0,0,0,0,0,0,0,0,0
10-04 20:04:46.241 I/hakuX-lane(22669): [occl804] f=6317 wait=0 procs=1 q=5 qnz=0 pend=0 rep=5 repnz=0 repmax=0 v=0,0,0,0,0
10-04 20:04:46.256 I/hakuX-lane(22669): [occl804] f=6318 wait=0 procs=1 q=6 qnz=0 pend=0 rep=6 repnz=0 repmax=0 v=0,0,0,0,0,0
10-04 20:04:46.274 I/hakuX-lane(22669): [occl804] f=6319 wait=0 procs=2 q=10 qnz=0 pend=0 rep=10 repnz=0 repmax=0 v=0,0,0,0,0,0,0,0,0,0
10-04 20:04:46.304 I/hakuX-lane(22669): [occl804] f=6320 wait=0 procs=2 q=11 qnz=0 pend=0 rep=11 repnz=0 repmax=0 v=0,0,0,0,0,0,0,0,0,0,0
10-04 20:04:46.307 I/hakuX-lane(22669): [occl804] f=6321 wait=0 procs=1 q=5 qnz=0 pend=0 rep=5 repnz=0 repmax=0 v=0,0,0,0,0
10-04 20:04:46.338 I/hakuX-lane(22669): [occl804] f=6322 wait=0 procs=2 q=11 qnz=0 pend=0 rep=11 repnz=0 repmax=0 v=0,0,0,0,0,0,0,0,0,0,0
10-04 20:04:46.371 I/hakuX-lane(22669): [occl804] f=6324 wait=0 procs=2 q=16 qnz=0 pend=0 rep=16 repnz=0 repmax=0 v=0,0,0,0,0,0,0,0,0,0,0,0,0,0,0,0
10-04 20:04:46.401 I/hakuX-lane(22669): [occl804] f=6326 wait=0 procs=2 q=16 qnz=0 pend=0 rep=16 repnz=0 repmax=0 v=0,0,0,0,0,0,0,0,0,0,0,0,0,0,0,0
10-04 20:04:46.403 I/hakuX-lane(22669): [occl804] f=6327 wait=0 procs=1 q=5 qnz=0 pend=0 rep=5 repnz=0 repmax=0 v=0,0,0,0,0
10-04 20:04:46.419 I/hakuX-lane(22669): [occl804] f=6328 wait=0 procs=1 q=6 qnz=0 pend=0 rep=6 repnz=0 repmax=0 v=0,0,0,0,0,0
10-04 20:04:46.460 I/hakuX-lane(22669): [occl804] f=6329 wait=0 procs=1 q=5 qnz=0 pend=0 rep=5 repnz=0 repmax=0 v=0,0,0,0,0
10-04 20:04:46.478 I/hakuX-lane(22669): [occl804] f=6330 wait=0 procs=2 q=16 qnz=0 pend=0 rep=16 repnz=0 repmax=0 v=0,0,0,0,0,0,0,0,0,0,0,0,0,0,0,0
10-04 20:04:46.491 I/hakuX-lane(22669): [occl804] f=6331 wait=0 procs=2 q=11 qnz=0 pend=0 rep=11 repnz=0 repmax=0 v=0,0,0,0,0,0,0,0,0,0,0
10-04 20:04:46.509 I/hakuX-lane(22669): [occl804] f=6332 wait=0 procs=1 q=5 qnz=0 pend=0 rep=5 repnz=0 repmax=0 v=0,0,0,0,0
10-04 20:04:46.513 I/hakuX-lane(22669): [occl804] f=6333 wait=0 procs=1 q=5 qnz=0 pend=0 rep=5 repnz=0 repmax=0 v=0,0,0,0,0
10-04 20:04:46.542 I/hakuX-lane(22669): [occl804] f=6334 wait=0 procs=2 q=11 qnz=0 pend=0 rep=11 repnz=0 repmax=0 v=0,0,0,0,0,0,0,0,0,0,0
10-04 20:04:46.558 I/hakuX-lane(22669): [occl804] f=6335 wait=0 procs=2 q=11 qnz=0 pend=0 rep=11 repnz=0 repmax=0 v=0,0,0,0,0,0,0,0,0,0,0
10-04 20:04:46.574 I/hakuX-lane(22669): [occl804] f=6336 wait=0 procs=1 q=5 qnz=0 pend=0 rep=5 repnz=0 repmax=0 v=0,0,0,0,0
10-04 20:04:46.589 I/hakuX-lane(22669): [occl804] f=6337 wait=0 procs=2 q=11 qnz=0 pend=0 rep=11 repnz=0 repmax=0 v=0,0,0,0,0,0,0,0,0,0,0
10-04 20:04:46.606 I/hakuX-lane(22669): [occl804] f=6338 wait=0 procs=1 q=5 qnz=0 pend=0 rep=5 repnz=0 repmax=0 v=0,0,0,0,0
10-04 20:04:46.610 I/hakuX-lane(22669): [occl804] f=6339 wait=0 procs=1 q=5 qnz=0 pend=0 rep=5 repnz=0 repmax=0 v=0,0,0,0,0
10-04 20:04:46.639 I/hakuX-lane(22669): [occl804] f=6340 wait=0 procs=2 q=11 qnz=0 pend=0 rep=11 repnz=0 repmax=0 v=0,0,0,0,0,0,0,0,0,0,0
10-04 20:04:46.641 I/hakuX-lane(22669): [occl804] f=6341 wait=0 procs=1 q=5 qnz=0 pend=0 rep=5 repnz=0 repmax=0 v=0,0,0,0,0
10-04 20:04:46.668 I/hakuX-lane(22669): [occl804] f=6342 wait=0 procs=2 q=11 qnz=0 pend=0 rep=11 repnz=0 repmax=0 v=0,0,0,0,0,0,0,0,0,0,0
10-04 20:04:46.669 I/hakuX-lane(22669): [occl804] f=6343 wait=0 procs=1 q=5 qnz=0 pend=0 rep=5 repnz=0 repmax=0 v=0,0,0,0,0
10-04 20:04:46.700 I/hakuX-lane(22669): [occl804] f=6344 wait=0 procs=2 q=11 qnz=0 pend=0 rep=11 repnz=0 repmax=0 v=0,0,0,0,0,0,0,0,0,0,0
10-04 20:04:46.702 I/hakuX-lane(22669): [occl804] f=6345 wait=0 procs=1 q=5 qnz=0 pend=0 rep=5 repnz=0 repmax=0 v=0,0,0,0,0
10-04 20:04:46.734 I/hakuX-lane(22669): [occl804] f=6346 wait=0 procs=2 q=11 qnz=0 pend=0 rep=11 repnz=0 repmax=0 v=0,0,0,0,0,0,0,0,0,0,0
10-04 20:04:46.750 I/hakuX-lane(22669): [occl804] f=6348 wait=0 procs=1 q=11 qnz=0 pend=0 rep=11 repnz=0 repmax=0 v=0,0,0,0,0,0,0,0,0,0,0
10-04 20:04:46.768 I/hakuX-lane(22669): [occl804] f=6349 wait=0 procs=2 q=10 qnz=0 pend=0 rep=10 repnz=0 repmax=0 v=0,0,0,0,0,0,0,0,0,0
10-04 20:04:46.800 I/hakuX-lane(22669): [occl804] f=6350 wait=0 procs=2 q=11 qnz=0 pend=0 rep=11 repnz=0 repmax=0 v=0,0,0,0,0,0,0,0,0,0,0
10-04 20:04:46.802 I/hakuX-lane(22669): [occl804] f=6351 wait=0 procs=1 q=5 qnz=0 pend=0 rep=5 repnz=0 repmax=0 v=0,0,0,0,0
10-04 20:04:46.817 I/hakuX-lane(22669): [occl804] f=6352 wait=0 procs=1 q=6 qnz=0 pend=0 rep=6 repnz=0 repmax=0 v=0,0,0,0,0,0
10-04 20:04:46.836 I/hakuX-lane(22669): [occl804] f=6353 wait=0 procs=2 q=10 qnz=0 pend=0 rep=10 repnz=0 repmax=0 v=0,0,0,0,0,0,0,0,0,0
10-04 20:04:46.850 I/hakuX-lane(22669): [occl804] f=6354 wait=0 procs=1 q=6 qnz=0 pend=0 rep=6 repnz=0 repmax=0 v=0,0,0,0,0,0
10-04 20:04:46.867 I/hakuX-lane(22669): [occl804] f=6355 wait=0 procs=1 q=5 qnz=0 pend=0 rep=5 repnz=0 repmax=0 v=0,0,0,0,0
10-04 20:04:46.884 I/hakuX-lane(22669): [occl804] f=6356 wait=0 procs=1 q=11 qnz=0 pend=0 rep=11 repnz=0 repmax=0 v=0,0,0,0,0,0,0,0,0,0,0
10-04 20:04:46.900 I/hakuX-lane(22669): [occl804] f=6357 wait=0 procs=1 q=5 qnz=0 pend=0 rep=5 repnz=0 repmax=0 v=0,0,0,0,0
10-04 20:04:46.917 I/hakuX-lane(22669): [occl804] f=6358 wait=0 procs=1 q=11 qnz=0 pend=0 rep=11 repnz=0 repmax=0 v=0,0,0,0,0,0,0,0,0,0,0
10-04 20:04:46.935 I/hakuX-lane(22669): [occl804] f=6359 wait=0 procs=2 q=10 qnz=0 pend=0 rep=10 repnz=0 repmax=0 v=0,0,0,0,0,0,0,0,0,0
10-04 20:04:46.974 I/hakuX-lane(22669): [occl804] f=6360 wait=0 procs=2 q=11 qnz=0 pend=0 rep=11 repnz=0 repmax=0 v=0,0,0,0,0,0,0,0,0,0,0
10-04 20:04:46.979 I/hakuX-lane(22669): [occl804] f=6361 wait=0 procs=1 q=5 qnz=0 pend=0 rep=5 repnz=0 repmax=0 v=0,0,0,0,0
10-04 20:04:47.003 I/hakuX-lane(22669): [occl804] f=6362 wait=0 procs=2 q=9 qnz=0 pend=0 rep=9 repnz=0 repmax=0 v=0,0,0,0,0,0,0,0,0
10-04 20:04:47.020 I/hakuX-lane(22669): [occl804] f=6364 wait=0 procs=1 q=9 qnz=0 pend=0 rep=9 repnz=0 repmax=0 v=0,0,0,0,0,0,0,0,0
10-04 20:04:47.042 I/hakuX-lane(22669): [occl804] f=6365 wait=0 procs=2 q=10 qnz=0 pend=0 rep=10 repnz=0 repmax=0 v=0,0,0,0,0,0,0,0,0,0
10-04 20:04:47.076 I/hakuX-lane(22669): [occl804] f=6366 wait=0 procs=2 q=9 qnz=0 pend=0 rep=9 repnz=0 repmax=0 v=0,0,0,0,0,0,0,0,0
10-04 20:04:47.109 I/hakuX-lane(22669): [occl804] f=6368 wait=0 procs=2 q=14 qnz=0 pend=0 rep=14 repnz=0 repmax=0 v=0,0,0,0,0,0,0,0,0,0,0,0,0,0
10-04 20:04:47.113 I/hakuX-lane(22669): [occl804] f=6369 wait=0 procs=1 q=5 qnz=0 pend=0 rep=5 repnz=0 repmax=0 v=0,0,0,0,0
10-04 20:04:47.138 I/hakuX-lane(22669): [occl804] f=6370 wait=0 procs=2 q=9 qnz=0 pend=0 rep=9 repnz=0 repmax=0 v=0,0,0,0,0,0,0,0,0
10-04 20:04:47.142 I/hakuX-lane(22669): [occl804] f=6371 wait=0 procs=1 q=5 qnz=0 pend=0 rep=5 repnz=0 repmax=0 v=0,0,0,0,0
10-04 20:04:47.172 I/hakuX-lane(22669): [occl804] f=6372 wait=0 procs=2 q=9 qnz=0 pend=0 rep=9 repnz=0 repmax=0 v=0,0,0,0,0,0,0,0,0
10-04 20:04:47.176 I/hakuX-lane(22669): [occl804] f=6373 wait=0 procs=1 q=5 qnz=0 pend=0 rep=5 repnz=0 repmax=0 v=0,0,0,0,0
10-04 20:04:47.209 I/hakuX-lane(22669): [occl804] f=6374 wait=0 procs=2 q=9 qnz=0 pend=0 rep=9 repnz=0 repmax=0 v=0,0,0,0,0,0,0,0,0
10-04 20:04:47.215 I/hakuX-lane(22669): [occl804] f=6375 wait=0 procs=1 q=5 qnz=0 pend=0 rep=5 repnz=0 repmax=0 v=0,0,0,0,0
10-04 20:04:47.240 I/hakuX-lane(22669): [occl804] f=6376 wait=0 procs=2 q=9 qnz=0 pend=0 rep=9 repnz=0 repmax=0 v=0,0,0,0,0,0,0,0,0
10-04 20:04:47.245 I/hakuX-lane(22669): [occl804] f=6377 wait=0 procs=1 q=5 qnz=0 pend=0 rep=5 repnz=0 repmax=0 v=0,0,0,0,0
10-04 20:04:47.272 I/hakuX-lane(22669): [occl804] f=6378 wait=0 procs=2 q=9 qnz=0 pend=0 rep=9 repnz=0 repmax=0 v=0,0,0,0,0,0,0,0,0
10-04 20:04:47.276 I/hakuX-lane(22669): [occl804] f=6379 wait=0 procs=1 q=5 qnz=0 pend=0 rep=5 repnz=0 repmax=0 v=0,0,0,0,0
10-04 20:04:47.306 I/hakuX-lane(22669): [occl804] f=6380 wait=0 procs=2 q=9 qnz=0 pend=0 rep=9 repnz=0 repmax=0 v=0,0,0,0,0,0,0,0,0
10-04 20:04:47.310 I/hakuX-lane(22669): [occl804] f=6381 wait=0 procs=1 q=5 qnz=0 pend=0 rep=5 repnz=0 repmax=0 v=0,0,0,0,0
10-04 20:04:47.336 I/hakuX-lane(22669): [occl804] f=6382 wait=0 procs=2 q=9 qnz=0 pend=0 rep=9 repnz=0 repmax=0 v=0,0,0,0,0,0,0,0,0
10-04 20:04:47.340 I/hakuX-lane(22669): [occl804] f=6383 wait=0 procs=1 q=5 qnz=0 pend=0 rep=5 repnz=0 repmax=0 v=0,0,0,0,0
10-04 20:04:47.367 I/hakuX-lane(22669): [occl804] f=6384 wait=0 procs=2 q=9 qnz=0 pend=0 rep=9 repnz=0 repmax=0 v=0,0,0,0,0,0,0,0,0
10-04 20:04:47.373 I/hakuX-lane(22669): [occl804] f=6385 wait=0 procs=1 q=5 qnz=0 pend=0 rep=5 repnz=0 repmax=0 v=0,0,0,0,0
10-04 20:04:47.401 I/hakuX-lane(22669): [occl804] f=6386 wait=0 procs=2 q=9 qnz=0 pend=0 rep=9 repnz=0 repmax=0 v=0,0,0,0,0,0,0,0,0
10-04 20:04:47.406 I/hakuX-lane(22669): [occl804] f=6387 wait=0 procs=1 q=5 qnz=0 pend=0 rep=5 repnz=0 repmax=0 v=0,0,0,0,0
10-04 20:04:47.437 I/hakuX-lane(22669): [occl804] f=6388 wait=0 procs=2 q=9 qnz=0 pend=0 rep=9 repnz=0 repmax=0 v=0,0,0,0,0,0,0,0,0
10-04 20:04:47.442 I/hakuX-lane(22669): [occl804] f=6389 wait=0 procs=1 q=5 qnz=0 pend=0 rep=5 repnz=0 repmax=0 v=0,0,0,0,0
10-04 20:04:47.471 I/hakuX-lane(22669): [occl804] f=6390 wait=0 procs=2 q=9 qnz=0 pend=0 rep=9 repnz=0 repmax=0 v=0,0,0,0,0,0,0,0,0
10-04 20:04:47.476 I/hakuX-lane(22669): [occl804] f=6391 wait=0 procs=1 q=5 qnz=0 pend=0 rep=5 repnz=0 repmax=0 v=0,0,0,0,0
10-04 20:04:47.505 I/hakuX-lane(22669): [occl804] f=6392 wait=0 procs=2 q=9 qnz=0 pend=0 rep=9 repnz=0 repmax=0 v=0,0,0,0,0,0,0,0,0
10-04 20:04:47.510 I/hakuX-lane(22669): [occl804] f=6393 wait=0 procs=1 q=5 qnz=0 pend=0 rep=5 repnz=0 repmax=0 v=0,0,0,0,0
10-04 20:04:47.539 I/hakuX-lane(22669): [occl804] f=6394 wait=0 procs=2 q=9 qnz=0 pend=0 rep=9 repnz=0 repmax=0 v=0,0,0,0,0,0,0,0,0
10-04 20:04:47.544 I/hakuX-lane(22669): [occl804] f=6395 wait=0 procs=1 q=5 qnz=0 pend=0 rep=5 repnz=0 repmax=0 v=0,0,0,0,0
10-04 20:04:47.578 I/hakuX-lane(22669): [occl804] f=6396 wait=0 procs=2 q=9 qnz=0 pend=0 rep=9 repnz=0 repmax=0 v=0,0,0,0,0,0,0,0,0
10-04 20:04:47.603 I/hakuX-lane(22669): [occl804] f=6398 wait=0 procs=2 q=14 qnz=0 pend=0 rep=14 repnz=0 repmax=0 v=0,0,0,0,0,0,0,0,0,0,0,0,0,0
10-04 20:04:47.607 I/hakuX-lane(22669): [occl804] f=6399 wait=0 procs=1 q=5 qnz=0 pend=0 rep=5 repnz=0 repmax=0 v=0,0,0,0,0
10-04 20:04:47.634 I/hakuX-lane(22669): [occl804] f=6400 wait=0 procs=2 q=9 qnz=0 pend=0 rep=9 repnz=0 repmax=0 v=0,0,0,0,0,0,0,0,0
10-04 20:04:47.640 I/hakuX-lane(22669): [occl804] f=6401 wait=0 procs=1 q=5 qnz=0 pend=0 rep=5 repnz=0 repmax=0 v=0,0,0,0,0
10-04 20:04:47.718 I/hakuX-lane(22669): [occl804] f=6402 wait=0 procs=2 q=9 qnz=0 pend=0 rep=9 repnz=0 repmax=0 v=0,0,0,0,0,0,0,0,0
10-04 20:04:47.757 I/hakuX-lane(22669): [occl804] f=6404 wait=0 procs=2 q=14 qnz=0 pend=0 rep=14 repnz=0 repmax=0 v=0,0,0,0,0,0,0,0,0,0,0,0,0,0
10-04 20:04:47.779 I/hakuX-lane(22669): [occl804] f=6406 wait=0 procs=1 q=9 qnz=0 pend=0 rep=9 repnz=0 repmax=0 v=0,0,0,0,0,0,0,0,0
10-04 20:04:47.789 I/hakuX-lane(22669): [occl804] f=6407 wait=0 procs=1 q=5 qnz=0 pend=0 rep=5 repnz=0 repmax=0 v=0,0,0,0,0
10-04 20:04:47.827 I/hakuX-lane(22669): [occl804] f=6408 wait=0 procs=2 q=9 qnz=0 pend=0 rep=9 repnz=0 repmax=0 v=0,0,0,0,0,0,0,0,0
10-04 20:04:47.847 I/hakuX-lane(22669): [occl804] f=6410 wait=0 procs=1 q=9 qnz=0 pend=0 rep=9 repnz=0 repmax=0 v=0,0,0,0,0,0,0,0,0
10-04 20:04:47.853 I/hakuX-lane(22669): [occl804] f=6411 wait=0 procs=1 q=5 qnz=0 pend=0 rep=5 repnz=0 repmax=0 v=0,0,0,0,0
10-04 20:04:47.878 I/hakuX-lane(22669): [occl804] f=6412 wait=0 procs=2 q=9 qnz=0 pend=0 rep=9 repnz=0 repmax=0 v=0,0,0,0,0,0,0,0,0
10-04 20:04:47.882 I/hakuX-lane(22669): [occl804] f=6413 wait=0 procs=1 q=5 qnz=0 pend=0 rep=5 repnz=0 repmax=0 v=0,0,0,0,0
10-04 20:04:47.912 I/hakuX-lane(22669): [occl804] f=6414 wait=0 procs=2 q=9 qnz=0 pend=0 rep=9 repnz=0 repmax=0 v=0,0,0,0,0,0,0,0,0
10-04 20:04:47.942 I/hakuX-lane(22669): [occl804] f=6416 wait=0 procs=2 q=14 qnz=0 pend=0 rep=14 repnz=0 repmax=0 v=0,0,0,0,0,0,0,0,0,0,0,0,0,0
10-04 20:04:47.946 I/hakuX-lane(22669): [occl804] f=6417 wait=0 procs=1 q=5 qnz=0 pend=0 rep=5 repnz=0 repmax=0 v=0,0,0,0,0
10-04 20:04:47.961 I/hakuX-lane(22669): [occl804] f=6418 wait=0 procs=1 q=4 qnz=0 pend=0 rep=4 repnz=0 repmax=0 v=0,0,0,0
10-04 20:04:47.979 I/hakuX-lane(22669): [occl804] f=6419 wait=0 procs=2 q=10 qnz=0 pend=0 rep=10 repnz=0 repmax=0 v=0,0,0,0,0,0,0,0,0,0
10-04 20:04:48.009 I/hakuX-lane(22669): [occl804] f=6420 wait=0 procs=2 q=9 qnz=0 pend=0 rep=9 repnz=0 repmax=0 v=0,0,0,0,0,0,0,0,0
10-04 20:04:48.029 I/hakuX-lane(22669): [occl804] f=6422 wait=0 procs=1 q=9 qnz=0 pend=0 rep=9 repnz=0 repmax=0 v=0,0,0,0,0,0,0,0,0
10-04 20:04:48.046 I/hakuX-lane(22669): [occl804] f=6423 wait=0 procs=2 q=10 qnz=0 pend=0 rep=10 repnz=0 repmax=0 v=0,0,0,0,0,0,0,0,0,0
10-04 20:04:48.074 I/hakuX-lane(22669): [occl804] f=6424 wait=0 procs=2 q=9 qnz=0 pend=0 rep=9 repnz=0 repmax=0 v=0,0,0,0,0,0,0,0,0
10-04 20:04:48.078 I/hakuX-lane(22669): [occl804] f=6425 wait=0 procs=1 q=5 qnz=0 pend=0 rep=5 repnz=0 repmax=0 v=0,0,0,0,0
10-04 20:04:48.095 I/hakuX-lane(22669): [occl804] f=6426 wait=0 procs=1 q=4 qnz=0 pend=0 rep=4 repnz=0 repmax=0 v=0,0,0,0
10-04 20:04:48.118 I/hakuX-lane(22669): [occl804] f=6427 wait=0 procs=2 q=10 qnz=0 pend=0 rep=10 repnz=0 repmax=0 v=0,0,0,0,0,0,0,0,0,0
10-04 20:04:48.151 I/hakuX-lane(22669): [occl804] f=6428 wait=0 procs=2 q=9 qnz=0 pend=0 rep=9 repnz=0 repmax=0 v=0,0,0,0,0,0,0,0,0
10-04 20:04:48.165 I/hakuX-lane(22669): [occl804] f=6430 wait=0 procs=1 q=9 qnz=0 pend=0 rep=9 repnz=0 repmax=0 v=0,0,0,0,0,0,0,0,0
10-04 20:04:48.181 I/hakuX-lane(22669): [occl804] f=6431 wait=0 procs=2 q=10 qnz=0 pend=0 rep=10 repnz=0 repmax=0 v=0,0,0,0,0,0,0,0,0,0
10-04 20:04:48.208 I/hakuX-lane(22669): [occl804] f=6432 wait=0 procs=2 q=9 qnz=0 pend=0 rep=9 repnz=0 repmax=0 v=0,0,0,0,0,0,0,0,0
10-04 20:04:48.212 I/hakuX-lane(22669): [occl804] f=6433 wait=0 procs=1 q=5 qnz=0 pend=0 rep=5 repnz=0 repmax=0 v=0,0,0,0,0
10-04 20:04:48.243 I/hakuX-lane(22669): [occl804] f=6434 wait=0 procs=2 q=9 qnz=0 pend=0 rep=9 repnz=0 repmax=0 v=0,0,0,0,0,0,0,0,0
10-04 20:04:48.275 I/hakuX-lane(22669): [occl804] f=6436 wait=0 procs=2 q=14 qnz=0 pend=0 rep=14 repnz=0 repmax=0 v=0,0,0,0,0,0,0,0,0,0,0,0,0,0
10-04 20:04:48.280 I/hakuX-lane(22669): [occl804] f=6437 wait=0 procs=1 q=5 qnz=0 pend=0 rep=5 repnz=0 repmax=0 v=0,0,0,0,0
10-04 20:04:48.309 I/hakuX-lane(22669): [occl804] f=6438 wait=0 procs=2 q=9 qnz=0 pend=0 rep=9 repnz=0 repmax=0 v=0,0,0,0,0,0,0,0,0
10-04 20:04:48.313 I/hakuX-lane(22669): [occl804] f=6439 wait=0 procs=1 q=5 qnz=0 pend=0 rep=5 repnz=0 repmax=0 v=0,0,0,0,0
10-04 20:04:48.341 I/hakuX-lane(22669): [occl804] f=6440 wait=0 procs=2 q=9 qnz=0 pend=0 rep=9 repnz=0 repmax=0 v=0,0,0,0,0,0,0,0,0
10-04 20:04:48.345 I/hakuX-lane(22669): [occl804] f=6441 wait=0 procs=1 q=5 qnz=0 pend=0 rep=5 repnz=0 repmax=0 v=0,0,0,0,0
10-04 20:04:48.362 I/hakuX-lane(22669): [occl804] f=6442 wait=0 procs=1 q=4 qnz=0 pend=0 rep=4 repnz=0 repmax=0 v=0,0,0,0
10-04 20:04:48.379 I/hakuX-lane(22669): [occl804] f=6443 wait=0 procs=2 q=10 qnz=0 pend=0 rep=10 repnz=0 repmax=0 v=0,0,0,0,0,0,0,0,0,0
10-04 20:04:48.406 I/hakuX-lane(22669): [occl804] f=6444 wait=0 procs=2 q=9 qnz=0 pend=0 rep=9 repnz=0 repmax=0 v=0,0,0,0,0,0,0,0,0
10-04 20:04:48.411 I/hakuX-lane(22669): [occl804] f=6445 wait=0 procs=1 q=5 qnz=0 pend=0 rep=5 repnz=0 repmax=0 v=0,0,0,0,0
10-04 20:04:48.444 I/hakuX-lane(22669): [occl804] f=6446 wait=0 procs=2 q=9 qnz=0 pend=0 rep=9 repnz=0 repmax=0 v=0,0,0,0,0,0,0,0,0
10-04 20:04:48.471 I/hakuX-lane(22669): [occl804] f=6448 wait=0 procs=2 q=14 qnz=0 pend=0 rep=14 repnz=0 repmax=0 v=0,0,0,0,0,0,0,0,0,0,0,0,0,0
10-04 20:04:48.475 I/hakuX-lane(22669): [occl804] f=6449 wait=0 procs=1 q=5 qnz=0 pend=0 rep=5 repnz=0 repmax=0 v=0,0,0,0,0
10-04 20:04:48.502 I/hakuX-lane(22669): [occl804] f=6450 wait=0 procs=2 q=9 qnz=0 pend=0 rep=9 repnz=0 repmax=0 v=0,0,0,0,0,0,0,0,0
10-04 20:04:48.507 I/hakuX-lane(22669): [occl804] f=6451 wait=0 procs=1 q=5 qnz=0 pend=0 rep=5 repnz=0 repmax=0 v=0,0,0,0,0
10-04 20:04:48.535 I/hakuX-lane(22669): [occl804] f=6452 wait=0 procs=2 q=9 qnz=0 pend=0 rep=9 repnz=0 repmax=0 v=0,0,0,0,0,0,0,0,0
10-04 20:04:48.540 I/hakuX-lane(22669): [occl804] f=6453 wait=0 procs=1 q=5 qnz=0 pend=0 rep=5 repnz=0 repmax=0 v=0,0,0,0,0
10-04 20:04:48.569 I/hakuX-lane(22669): [occl804] f=6454 wait=0 procs=2 q=9 qnz=0 pend=0 rep=9 repnz=0 repmax=0 v=0,0,0,0,0,0,0,0,0
10-04 20:04:48.585 I/hakuX-lane(22669): [occl804] f=6456 wait=0 procs=1 q=9 qnz=0 pend=0 rep=9 repnz=0 repmax=0 v=0,0,0,0,0,0,0,0,0
10-04 20:04:48.605 I/hakuX-lane(22669): [occl804] f=6457 wait=0 procs=2 q=10 qnz=0 pend=0 rep=10 repnz=0 repmax=0 v=0,0,0,0,0,0,0,0,0,0
10-04 20:04:48.634 I/hakuX-lane(22669): [occl804] f=6458 wait=0 procs=2 q=9 qnz=0 pend=0 rep=9 repnz=0 repmax=0 v=0,0,0,0,0,0,0,0,0
10-04 20:04:48.639 I/hakuX-lane(22669): [occl804] f=6459 wait=0 procs=1 q=5 qnz=0 pend=0 rep=5 repnz=0 repmax=0 v=0,0,0,0,0
10-04 20:04:48.667 I/hakuX-lane(22669): [occl804] f=6460 wait=0 procs=2 q=9 qnz=0 pend=0 rep=9 repnz=0 repmax=0 v=0,0,0,0,0,0,0,0,0
10-04 20:04:48.672 I/hakuX-lane(22669): [occl804] f=6461 wait=0 procs=1 q=5 qnz=0 pend=0 rep=5 repnz=0 repmax=0 v=0,0,0,0,0
10-04 20:04:48.701 I/hakuX-lane(22669): [occl804] f=6462 wait=0 procs=2 q=9 qnz=0 pend=0 rep=9 repnz=0 repmax=0 v=0,0,0,0,0,0,0,0,0
10-04 20:04:48.706 I/hakuX-lane(22669): [occl804] f=6463 wait=0 procs=1 q=5 qnz=0 pend=0 rep=5 repnz=0 repmax=0 v=0,0,0,0,0
10-04 20:04:48.718 I/hakuX-lane(22669): [occl804] f=6464 wait=0 procs=1 q=4 qnz=0 pend=0 rep=4 repnz=0 repmax=0 v=0,0,0,0
10-04 20:04:48.736 I/hakuX-lane(22669): [occl804] f=6465 wait=0 procs=2 q=10 qnz=0 pend=0 rep=10 repnz=0 repmax=0 v=0,0,0,0,0,0,0,0,0,0
10-04 20:04:48.763 I/hakuX-lane(22669): [occl804] f=6466 wait=0 procs=2 q=9 qnz=0 pend=0 rep=9 repnz=0 repmax=0 v=0,0,0,0,0,0,0,0,0
10-04 20:04:48.768 I/hakuX-lane(22669): [occl804] f=6467 wait=0 procs=1 q=5 qnz=0 pend=0 rep=5 repnz=0 repmax=0 v=0,0,0,0,0
10-04 20:04:48.783 I/hakuX-lane(22669): [occl804] f=6468 wait=0 procs=1 q=4 qnz=0 pend=0 rep=4 repnz=0 repmax=0 v=0,0,0,0
10-04 20:04:48.799 I/hakuX-lane(22669): [occl804] f=6469 wait=0 procs=1 q=5 qnz=0 pend=0 rep=5 repnz=0 repmax=0 v=0,0,0,0,0
10-04 20:04:48.815 I/hakuX-lane(22669): [occl804] f=6470 wait=0 procs=1 q=9 qnz=0 pend=0 rep=9 repnz=0 repmax=0 v=0,0,0,0,0,0,0,0,0
10-04 20:04:48.832 I/hakuX-lane(22669): [occl804] f=6471 wait=0 procs=1 q=5 qnz=0 pend=0 rep=5 repnz=0 repmax=0 v=0,0,0,0,0
10-04 20:04:48.848 I/hakuX-lane(22669): [occl804] f=6472 wait=0 procs=1 q=9 qnz=0 pend=0 rep=9 repnz=0 repmax=0 v=0,0,0,0,0,0,0,0,0
10-04 20:04:48.865 I/hakuX-lane(22669): [occl804] f=6473 wait=0 procs=1 q=5 qnz=0 pend=0 rep=5 repnz=0 repmax=0 v=0,0,0,0,0
10-04 20:04:48.898 I/hakuX-lane(22669): [occl804] f=6474 wait=0 procs=1 q=9 qnz=0 pend=0 rep=9 repnz=0 repmax=0 v=0,0,0,0,0,0,0,0,0
10-04 20:04:48.932 I/hakuX-lane(22669): [occl804] f=6476 wait=0 procs=1 q=9 qnz=0 pend=0 rep=9 repnz=0 repmax=0 v=0,0,0,0,0,0,0,0,0
10-04 20:04:48.949 I/hakuX-lane(22669): [occl804] f=6478 wait=0 procs=1 q=5 qnz=0 pend=0 rep=5 repnz=0 repmax=0 v=0,0,0,0,0
10-04 20:04:48.965 I/hakuX-lane(22669): [occl804] f=6479 wait=0 procs=1 q=4 qnz=0 pend=0 rep=4 repnz=0 repmax=0 v=0,0,0,0
10-04 20:04:48.999 I/hakuX-lane(22669): [occl804] f=6480 wait=0 procs=1 q=5 qnz=0 pend=0 rep=5 repnz=0 repmax=0 v=0,0,0,0,0
10-04 20:04:49.036 I/hakuX-lane(22669): [occl804] f=6482 wait=0 procs=1 q=9 qnz=0 pend=0 rep=9 repnz=0 repmax=0 v=0,0,0,0,0,0,0,0,0
10-04 20:04:49.049 I/hakuX-lane(22669): [occl804] f=6484 wait=0 procs=1 q=5 qnz=0 pend=0 rep=5 repnz=0 repmax=0 v=0,0,0,0,0
10-04 20:04:49.066 I/hakuX-lane(22669): [occl804] f=6485 wait=0 procs=1 q=4 qnz=0 pend=0 rep=4 repnz=0 repmax=0 v=0,0,0,0
10-04 20:04:49.083 I/hakuX-lane(22669): [occl804] f=6486 wait=0 procs=1 q=5 qnz=0 pend=0 rep=5 repnz=0 repmax=0 v=0,0,0,0,0
10-04 20:04:49.101 I/hakuX-lane(22669): [occl804] f=6487 wait=0 procs=1 q=4 qnz=0 pend=0 rep=4 repnz=0 repmax=0 v=0,0,0,0
10-04 20:04:49.116 I/hakuX-lane(22669): [occl804] f=6488 wait=0 procs=1 q=5 qnz=0 pend=0 rep=5 repnz=0 repmax=0 v=0,0,0,0,0
10-04 20:04:49.149 I/hakuX-lane(22669): [occl804] f=6489 wait=0 procs=1 q=9 qnz=0 pend=0 rep=9 repnz=0 repmax=0 v=0,0,0,0,0,0,0,0,0
10-04 20:04:49.165 I/hakuX-lane(22669): [occl804] f=6491 wait=0 procs=1 q=5 qnz=0 pend=0 rep=5 repnz=0 repmax=0 v=0,0,0,0,0
10-04 20:04:49.183 I/hakuX-lane(22669): [occl804] f=6492 wait=0 procs=1 q=4 qnz=0 pend=0 rep=4 repnz=0 repmax=0 v=0,0,0,0
10-04 20:04:49.216 I/hakuX-lane(22669): [occl804] f=6493 wait=0 procs=1 q=5 qnz=0 pend=0 rep=5 repnz=0 repmax=0 v=0,0,0,0,0
10-04 20:04:49.249 I/hakuX-lane(22669): [occl804] f=6495 wait=0 procs=1 q=9 qnz=0 pend=0 rep=9 repnz=0 repmax=0 v=0,0,0,0,0,0,0,0,0
10-04 20:04:49.266 I/hakuX-lane(22669): [occl804] f=6497 wait=0 procs=1 q=5 qnz=0 pend=0 rep=5 repnz=0 repmax=0 v=0,0,0,0,0
10-04 20:04:49.283 I/hakuX-lane(22669): [occl804] f=6498 wait=0 procs=1 q=4 qnz=0 pend=0 rep=4 repnz=0 repmax=0 v=0,0,0,0
10-04 20:04:49.316 I/hakuX-lane(22669): [occl804] f=6499 wait=0 procs=1 q=5 qnz=0 pend=0 rep=5 repnz=0 repmax=0 v=0,0,0,0,0
10-04 20:04:49.349 I/hakuX-lane(22669): [occl804] f=6501 wait=0 procs=1 q=9 qnz=0 pend=0 rep=9 repnz=0 repmax=0 v=0,0,0,0,0,0,0,0,0
10-04 20:04:49.366 I/hakuX-lane(22669): [occl804] f=6503 wait=0 procs=1 q=5 qnz=0 pend=0 rep=5 repnz=0 repmax=0 v=0,0,0,0,0
10-04 20:04:49.383 I/hakuX-lane(22669): [occl804] f=6504 wait=0 procs=1 q=4 qnz=0 pend=0 rep=4 repnz=0 repmax=0 v=0,0,0,0
10-04 20:04:49.416 I/hakuX-lane(22669): [occl804] f=6505 wait=0 procs=1 q=5 qnz=0 pend=0 rep=5 repnz=0 repmax=0 v=0,0,0,0,0
10-04 20:04:49.455 I/hakuX-lane(22669): [occl804] f=6507 wait=0 procs=1 q=9 qnz=0 pend=0 rep=9 repnz=0 repmax=0 v=0,0,0,0,0,0,0,0,0
10-04 20:04:49.466 I/hakuX-lane(22669): [occl804] f=6509 wait=0 procs=1 q=5 qnz=0 pend=0 rep=5 repnz=0 repmax=0 v=0,0,0,0,0
10-04 20:04:49.483 I/hakuX-lane(22669): [occl804] f=6510 wait=0 procs=1 q=4 qnz=0 pend=0 rep=4 repnz=0 repmax=0 v=0,0,0,0
10-04 20:04:49.516 I/hakuX-lane(22669): [occl804] f=6511 wait=0 procs=1 q=5 qnz=0 pend=0 rep=5 repnz=0 repmax=0 v=0,0,0,0,0
10-04 20:04:49.549 I/hakuX-lane(22669): [occl804] f=6513 wait=0 procs=1 q=9 qnz=0 pend=0 rep=9 repnz=0 repmax=0 v=0,0,0,0,0,0,0,0,0
10-04 20:04:49.566 I/hakuX-lane(22669): [occl804] f=6515 wait=0 procs=1 q=5 qnz=0 pend=0 rep=5 repnz=0 repmax=0 v=0,0,0,0,0
10-04 20:04:49.589 I/hakuX-lane(22669): [occl804] f=6516 wait=0 procs=1 q=4 qnz=0 pend=0 rep=4 repnz=0 repmax=0 v=0,0,0,0
10-04 20:04:49.616 I/hakuX-lane(22669): [occl804] f=6517 wait=0 procs=1 q=5 qnz=0 pend=0 rep=5 repnz=0 repmax=0 v=0,0,0,0,0
10-04 20:04:49.649 I/hakuX-lane(22669): [occl804] f=6519 wait=0 procs=1 q=9 qnz=0 pend=0 rep=9 repnz=0 repmax=0 v=0,0,0,0,0,0,0,0,0
10-04 20:04:49.666 I/hakuX-lane(22669): [occl804] f=6521 wait=0 procs=1 q=5 qnz=0 pend=0 rep=5 repnz=0 repmax=0 v=0,0,0,0,0
10-04 20:04:49.699 I/hakuX-lane(22669): [occl804] f=6522 wait=0 procs=1 q=4 qnz=0 pend=0 rep=4 repnz=0 repmax=0 v=0,0,0,0
10-04 20:04:49.716 I/hakuX-lane(22669): [occl804] f=6524 wait=0 procs=1 q=5 qnz=0 pend=0 rep=5 repnz=0 repmax=0 v=0,0,0,0,0
10-04 20:04:49.733 I/hakuX-lane(22669): [occl804] f=6525 wait=0 procs=1 q=4 qnz=0 pend=0 rep=4 repnz=0 repmax=0 v=0,0,0,0
10-04 20:04:49.766 I/hakuX-lane(22669): [occl804] f=6526 wait=0 procs=1 q=5 qnz=0 pend=0 rep=5 repnz=0 repmax=0 v=0,0,0,0,0
10-04 20:04:49.799 I/hakuX-lane(22669): [occl804] f=6528 wait=0 procs=1 q=9 qnz=0 pend=0 rep=9 repnz=0 repmax=0 v=0,0,0,0,0,0,0,0,0
10-04 20:04:49.818 I/hakuX-lane(22669): [occl804] f=6530 wait=0 procs=1 q=5 qnz=0 pend=0 rep=5 repnz=0 repmax=0 v=0,0,0,0,0
10-04 20:04:49.833 I/hakuX-lane(22669): [occl804] f=6531 wait=0 procs=1 q=4 qnz=0 pend=0 rep=4 repnz=0 repmax=0 v=0,0,0,0
10-04 20:04:49.866 I/hakuX-lane(22669): [occl804] f=6532 wait=0 procs=1 q=5 qnz=0 pend=0 rep=5 repnz=0 repmax=0 v=0,0,0,0,0
10-04 20:04:49.899 I/hakuX-lane(22669): [occl804] f=6534 wait=0 procs=1 q=9 qnz=0 pend=0 rep=9 repnz=0 repmax=0 v=0,0,0,0,0,0,0,0,0
10-04 20:04:49.916 I/hakuX-lane(22669): [occl804] f=6536 wait=0 procs=1 q=5 qnz=0 pend=0 rep=5 repnz=0 repmax=0 v=0,0,0,0,0
10-04 20:04:49.934 I/hakuX-lane(22669): [occl804] f=6537 wait=0 procs=1 q=4 qnz=0 pend=0 rep=4 repnz=0 repmax=0 v=0,0,0,0
10-04 20:04:49.949 I/hakuX-lane(22669): [occl804] f=6538 wait=0 procs=1 q=5 qnz=0 pend=0 rep=5 repnz=0 repmax=0 v=0,0,0,0,0
10-04 20:04:49.966 I/hakuX-lane(22669): [occl804] f=6539 wait=0 procs=1 q=2 qnz=0 pend=0 rep=2 repnz=0 repmax=0 v=0,0
10-04 20:04:49.999 I/hakuX-lane(22669): [occl804] f=6540 wait=0 procs=1 q=7 qnz=0 pend=0 rep=7 repnz=0 repmax=0 v=0,0,0,0,0,0,0
10-04 20:04:50.016 I/hakuX-lane(22669): [occl804] f=6542 wait=0 procs=1 q=7 qnz=0 pend=0 rep=7 repnz=0 repmax=0 v=0,0,0,0,0,0,0
10-04 20:04:50.033 I/hakuX-lane(22669): [occl804] f=6543 wait=0 procs=1 q=2 qnz=0 pend=0 rep=2 repnz=0 repmax=0 v=0,0
10-04 20:04:50.049 I/hakuX-lane(22669): [occl804] f=6544 wait=0 procs=1 q=5 qnz=0 pend=0 rep=5 repnz=0 repmax=0 v=0,0,0,0,0
10-04 20:04:50.066 I/hakuX-lane(22669): [occl804] f=6545 wait=0 procs=1 q=2 qnz=0 pend=0 rep=2 repnz=0 repmax=0 v=0,0
10-04 20:04:50.083 I/hakuX-lane(22669): [occl804] f=6546 wait=0 procs=1 q=7 qnz=0 pend=0 rep=7 repnz=0 repmax=0 v=0,0,0,0,0,0,0
10-04 20:04:50.101 I/hakuX-lane(22669): [occl804] f=6547 wait=0 procs=1 q=2 qnz=0 pend=0 rep=2 repnz=0 repmax=0 v=0,0
10-04 20:04:50.117 I/hakuX-lane(22669): [occl804] f=6548 wait=0 procs=1 q=5 qnz=0 pend=0 rep=5 repnz=0 repmax=0 v=0,0,0,0,0
10-04 20:04:50.133 I/hakuX-lane(22669): [occl804] f=6549 wait=0 procs=1 q=2 qnz=0 pend=0 rep=2 repnz=0 repmax=0 v=0,0
10-04 20:04:50.166 I/hakuX-lane(22669): [occl804] f=6550 wait=0 procs=1 q=7 qnz=0 pend=0 rep=7 repnz=0 repmax=0 v=0,0,0,0,0,0,0
10-04 20:04:50.183 I/hakuX-lane(22669): [occl804] f=6552 wait=0 procs=1 q=7 qnz=0 pend=0 rep=7 repnz=0 repmax=0 v=0,0,0,0,0,0,0
10-04 20:04:50.200 I/hakuX-lane(22669): [occl804] f=6553 wait=0 procs=1 q=2 qnz=0 pend=0 rep=2 repnz=0 repmax=0 v=0,0
10-04 20:04:50.216 I/hakuX-lane(22669): [occl804] f=6554 wait=0 procs=1 q=5 qnz=0 pend=0 rep=5 repnz=0 repmax=0 v=0,0,0,0,0
10-04 20:04:50.233 I/hakuX-lane(22669): [occl804] f=6555 wait=0 procs=1 q=2 qnz=0 pend=0 rep=2 repnz=0 repmax=0 v=0,0
10-04 20:04:50.266 I/hakuX-lane(22669): [occl804] f=6556 wait=0 procs=1 q=7 qnz=0 pend=0 rep=7 repnz=0 repmax=0 v=0,0,0,0,0,0,0
10-04 20:04:50.283 I/hakuX-lane(22669): [occl804] f=6558 wait=0 procs=1 q=7 qnz=0 pend=0 rep=7 repnz=0 repmax=0 v=0,0,0,0,0,0,0
10-04 20:04:50.299 I/hakuX-lane(22669): [occl804] f=6559 wait=0 procs=1 q=2 qnz=0 pend=0 rep=2 repnz=0 repmax=0 v=0,0
10-04 20:04:50.316 I/hakuX-lane(22669): [occl804] f=6560 wait=0 procs=1 q=5 qnz=0 pend=0 rep=5 repnz=0 repmax=0 v=0,0,0,0,0
10-04 20:04:50.333 I/hakuX-lane(22669): [occl804] f=6561 wait=0 procs=1 q=2 qnz=0 pend=0 rep=2 repnz=0 repmax=0 v=0,0
10-04 20:04:50.366 I/hakuX-lane(22669): [occl804] f=6562 wait=0 procs=1 q=7 qnz=0 pend=0 rep=7 repnz=0 repmax=0 v=0,0,0,0,0,0,0
10-04 20:04:50.383 I/hakuX-lane(22669): [occl804] f=6564 wait=0 procs=1 q=7 qnz=0 pend=0 rep=7 repnz=0 repmax=0 v=0,0,0,0,0,0,0
10-04 20:04:50.400 I/hakuX-lane(22669): [occl804] f=6565 wait=0 procs=1 q=2 qnz=0 pend=0 rep=2 repnz=0 repmax=0 v=0,0
10-04 20:04:50.417 I/hakuX-lane(22669): [occl804] f=6566 wait=0 procs=1 q=5 qnz=0 pend=0 rep=5 repnz=0 repmax=0 v=0,0,0,0,0
10-04 20:04:50.433 I/hakuX-lane(22669): [occl804] f=6567 wait=0 procs=1 q=2 qnz=0 pend=0 rep=2 repnz=0 repmax=0 v=0,0
10-04 20:04:50.466 I/hakuX-lane(22669): [occl804] f=6568 wait=0 procs=1 q=7 qnz=0 pend=0 rep=7 repnz=0 repmax=0 v=0,0,0,0,0,0,0
10-04 20:04:50.483 I/hakuX-lane(22669): [occl804] f=6570 wait=0 procs=1 q=7 qnz=0 pend=0 rep=7 repnz=0 repmax=0 v=0,0,0,0,0,0,0
10-04 20:04:50.499 I/hakuX-lane(22669): [occl804] f=6571 wait=0 procs=1 q=2 qnz=0 pend=0 rep=2 repnz=0 repmax=0 v=0,0
10-04 20:04:50.533 I/hakuX-lane(22669): [occl804] f=6572 wait=0 procs=1 q=7 qnz=0 pend=0 rep=7 repnz=0 repmax=0 v=0,0,0,0,0,0,0
10-04 20:04:50.549 I/hakuX-lane(22669): [occl804] f=6574 wait=0 procs=1 q=7 qnz=0 pend=0 rep=7 repnz=0 repmax=0 v=0,0,0,0,0,0,0
10-04 20:04:50.566 I/hakuX-lane(22669): [occl804] f=6575 wait=0 procs=1 q=2 qnz=0 pend=0 rep=2 repnz=0 repmax=0 v=0,0
10-04 20:04:50.583 I/hakuX-lane(22669): [occl804] f=6576 wait=0 procs=1 q=5 qnz=0 pend=0 rep=5 repnz=0 repmax=0 v=0,0,0,0,0
10-04 20:04:50.600 I/hakuX-lane(22669): [occl804] f=6577 wait=0 procs=1 q=2 qnz=0 pend=0 rep=2 repnz=0 repmax=0 v=0,0
10-04 20:04:50.634 I/hakuX-lane(22669): [occl804] f=6578 wait=0 procs=1 q=7 qnz=0 pend=0 rep=7 repnz=0 repmax=0 v=0,0,0,0,0,0,0
10-04 20:04:50.650 I/hakuX-lane(22669): [occl804] f=6580 wait=0 procs=1 q=7 qnz=0 pend=0 rep=7 repnz=0 repmax=0 v=0,0,0,0,0,0,0
10-04 20:04:50.666 I/hakuX-lane(22669): [occl804] f=6581 wait=0 procs=1 q=2 qnz=0 pend=0 rep=2 repnz=0 repmax=0 v=0,0
10-04 20:04:50.683 I/hakuX-lane(22669): [occl804] f=6582 wait=0 procs=1 q=5 qnz=0 pend=0 rep=5 repnz=0 repmax=0 v=0,0,0,0,0
10-04 20:04:50.700 I/hakuX-lane(22669): [occl804] f=6583 wait=0 procs=1 q=2 qnz=0 pend=0 rep=2 repnz=0 repmax=0 v=0,0
10-04 20:04:50.734 I/hakuX-lane(22669): [occl804] f=6584 wait=0 procs=1 q=7 qnz=0 pend=0 rep=7 repnz=0 repmax=0 v=0,0,0,0,0,0,0
10-04 20:04:50.750 I/hakuX-lane(22669): [occl804] f=6586 wait=0 procs=1 q=7 qnz=0 pend=0 rep=7 repnz=0 repmax=0 v=0,0,0,0,0,0,0
10-04 20:04:50.769 I/hakuX-lane(22669): [occl804] f=6587 wait=0 procs=1 q=2 qnz=0 pend=0 rep=2 repnz=0 repmax=0 v=0,0
10-04 20:04:50.783 I/hakuX-lane(22669): [occl804] f=6588 wait=0 procs=1 q=5 qnz=0 pend=0 rep=5 repnz=0 repmax=0 v=0,0,0,0,0
10-04 20:04:50.800 I/hakuX-lane(22669): [occl804] f=6589 wait=0 procs=1 q=2 qnz=0 pend=0 rep=2 repnz=0 repmax=0 v=0,0
10-04 20:04:50.835 I/hakuX-lane(22669): [occl804] f=6590 wait=0 procs=1 q=7 qnz=0 pend=0 rep=7 repnz=0 repmax=0 v=0,0,0,0,0,0,0
10-04 20:04:50.849 I/hakuX-lane(22669): [occl804] f=6592 wait=0 procs=1 q=7 qnz=0 pend=0 rep=7 repnz=0 repmax=0 v=0,0,0,0,0,0,0
10-04 20:04:50.866 I/hakuX-lane(22669): [occl804] f=6593 wait=0 procs=1 q=2 qnz=0 pend=0 rep=2 repnz=0 repmax=0 v=0,0
10-04 20:04:50.884 I/hakuX-lane(22669): [occl804] f=6594 wait=0 procs=1 q=5 qnz=0 pend=0 rep=5 repnz=0 repmax=0 v=0,0,0,0,0
10-04 20:04:50.900 I/hakuX-lane(22669): [occl804] f=6595 wait=0 procs=1 q=2 qnz=0 pend=0 rep=2 repnz=0 repmax=0 v=0,0
10-04 20:04:50.933 I/hakuX-lane(22669): [occl804] f=6596 wait=0 procs=1 q=7 qnz=0 pend=0 rep=7 repnz=0 repmax=0 v=0,0,0,0,0,0,0
10-04 20:04:50.950 I/hakuX-lane(22669): [occl804] f=6598 wait=0 procs=1 q=7 qnz=0 pend=0 rep=7 repnz=0 repmax=0 v=0,0,0,0,0,0,0
10-04 20:04:50.966 I/hakuX-lane(22669): [occl804] f=6599 wait=0 procs=1 q=2 qnz=0 pend=0 rep=2 repnz=0 repmax=0 v=0,0
10-04 20:04:50.983 I/hakuX-lane(22669): [occl804] f=6600 wait=0 procs=1 q=5 qnz=0 pend=0 rep=5 repnz=0 repmax=0 v=0,0,0,0,0
10-04 20:04:51.000 I/hakuX-lane(22669): [occl804] f=6601 wait=0 procs=1 q=2 qnz=0 pend=0 rep=2 repnz=0 repmax=0 v=0,0
10-04 20:04:51.050 I/hakuX-lane(22669): [occl804] f=6602 wait=0 procs=1 q=7 qnz=0 pend=0 rep=7 repnz=0 repmax=0 v=0,0,0,0,0,0,0
10-04 20:04:51.100 I/hakuX-lane(22669): [occl804] f=6605 wait=0 procs=1 q=9 qnz=0 pend=0 rep=9 repnz=0 repmax=0 v=0,0,0,0,0,0,0,0,0
10-04 20:04:51.116 I/hakuX-lane(22669): [occl804] f=6608 wait=0 procs=1 q=5 qnz=0 pend=0 rep=5 repnz=0 repmax=0 v=0,0,0,0,0
10-04 20:04:51.150 I/hakuX-lane(22669): [occl804] f=6609 wait=0 procs=1 q=4 qnz=0 pend=0 rep=4 repnz=0 repmax=0 v=0,0,0,0
10-04 20:04:51.184 I/hakuX-lane(22669): [occl804] f=6611 wait=0 procs=1 q=5 qnz=0 pend=0 rep=5 repnz=0 repmax=0 v=0,0,0,0,0
10-04 20:04:51.200 I/hakuX-lane(22669): [occl804] f=6613 wait=0 procs=1 q=4 qnz=0 pend=0 rep=4 repnz=0 repmax=0 v=0,0,0,0
10-04 20:04:51.251 I/hakuX-lane(22669): [occl804] f=6614 wait=0 procs=1 q=5 qnz=0 pend=0 rep=5 repnz=0 repmax=0 v=0,0,0,0,0
10-04 20:04:51.301 I/hakuX-lane(22669): [occl804] f=6617 wait=0 procs=1 q=9 qnz=0 pend=0 rep=9 repnz=0 repmax=0 v=0,0,0,0,0,0,0,0,0
10-04 20:04:51.316 I/hakuX-lane(22669): [occl804] f=6620 wait=0 procs=1 q=5 qnz=0 pend=0 rep=5 repnz=0 repmax=0 v=0,0,0,0,0
10-04 20:04:51.350 I/hakuX-lane(22669): [occl804] f=6621 wait=0 procs=1 q=4 qnz=0 pend=0 rep=4 repnz=0 repmax=0 v=0,0,0,0
10-04 20:04:51.384 I/hakuX-lane(22669): [occl804] f=6623 wait=0 procs=1 q=5 qnz=0 pend=0 rep=5 repnz=0 repmax=0 v=0,0,0,0,0
10-04 20:04:51.400 I/hakuX-lane(22669): [occl804] f=6625 wait=0 procs=1 q=4 qnz=0 pend=0 rep=4 repnz=0 repmax=0 v=0,0,0,0
10-04 20:04:51.450 I/hakuX-lane(22669): [occl804] f=6626 wait=0 procs=1 q=5 qnz=0 pend=0 rep=5 repnz=0 repmax=0 v=0,0,0,0,0
10-04 20:04:51.500 I/hakuX-lane(22669): [occl804] f=6629 wait=0 procs=1 q=9 qnz=0 pend=0 rep=9 repnz=0 repmax=0 v=0,0,0,0,0,0,0,0,0
10-04 20:04:51.517 I/hakuX-lane(22669): [occl804] f=6632 wait=0 procs=1 q=5 qnz=0 pend=0 rep=5 repnz=0 repmax=0 v=0,0,0,0,0
10-04 20:04:51.550 I/hakuX-lane(22669): [occl804] f=6633 wait=0 procs=1 q=4 qnz=0 pend=0 rep=4 repnz=0 repmax=0 v=0,0,0,0
10-04 20:04:51.583 I/hakuX-lane(22669): [occl804] f=6635 wait=0 procs=1 q=5 qnz=0 pend=0 rep=5 repnz=0 repmax=0 v=0,0,0,0,0
10-04 20:04:51.600 I/hakuX-lane(22669): [occl804] f=6637 wait=0 procs=1 q=4 qnz=0 pend=0 rep=4 repnz=0 repmax=0 v=0,0,0,0
10-04 20:04:51.650 I/hakuX-lane(22669): [occl804] f=6638 wait=0 procs=1 q=5 qnz=0 pend=0 rep=5 repnz=0 repmax=0 v=0,0,0,0,0
10-04 20:04:51.700 I/hakuX-lane(22669): [occl804] f=6641 wait=0 procs=1 q=9 qnz=0 pend=0 rep=9 repnz=0 repmax=0 v=0,0,0,0,0,0,0,0,0
10-04 20:04:51.717 I/hakuX-lane(22669): [occl804] f=6644 wait=0 procs=1 q=5 qnz=0 pend=0 rep=5 repnz=0 repmax=0 v=0,0,0,0,0
10-04 20:04:51.750 I/hakuX-lane(22669): [occl804] f=6645 wait=0 procs=1 q=4 qnz=0 pend=0 rep=4 repnz=0 repmax=0 v=0,0,0,0
10-04 20:04:51.785 I/hakuX-lane(22669): [occl804] f=6647 wait=0 procs=1 q=5 qnz=0 pend=0 rep=5 repnz=0 repmax=0 v=0,0,0,0,0
10-04 20:04:51.800 I/hakuX-lane(22669): [occl804] f=6649 wait=0 procs=1 q=4 qnz=0 pend=0 rep=4 repnz=0 repmax=0 v=0,0,0,0
10-04 20:04:51.850 I/hakuX-lane(22669): [occl804] f=6650 wait=0 procs=1 q=5 qnz=0 pend=0 rep=5 repnz=0 repmax=0 v=0,0,0,0,0
10-04 20:04:51.900 I/hakuX-lane(22669): [occl804] f=6653 wait=0 procs=1 q=9 qnz=0 pend=0 rep=9 repnz=0 repmax=0 v=0,0,0,0,0,0,0,0,0
10-04 20:04:51.917 I/hakuX-lane(22669): [occl804] f=6656 wait=0 procs=1 q=5 qnz=0 pend=0 rep=5 repnz=0 repmax=0 v=0,0,0,0,0
10-04 20:04:51.950 I/hakuX-lane(22669): [occl804] f=6657 wait=0 procs=1 q=4 qnz=0 pend=0 rep=4 repnz=0 repmax=0 v=0,0,0,0
10-04 20:04:51.984 I/hakuX-lane(22669): [occl804] f=6659 wait=0 procs=1 q=5 qnz=0 pend=0 rep=5 repnz=0 repmax=0 v=0,0,0,0,0
10-04 20:04:52.000 I/hakuX-lane(22669): [occl804] f=6661 wait=0 procs=1 q=4 qnz=0 pend=0 rep=4 repnz=0 repmax=0 v=0,0,0,0
10-04 20:04:52.050 I/hakuX-lane(22669): [occl804] f=6662 wait=0 procs=1 q=5 qnz=0 pend=0 rep=5 repnz=0 repmax=0 v=0,0,0,0,0
10-04 20:04:52.100 I/hakuX-lane(22669): [occl804] f=6665 wait=0 procs=1 q=9 qnz=0 pend=0 rep=9 repnz=0 repmax=0 v=0,0,0,0,0,0,0,0,0
10-04 20:04:52.117 I/hakuX-lane(22669): [occl804] f=6668 wait=0 procs=1 q=5 qnz=0 pend=0 rep=5 repnz=0 repmax=0 v=0,0,0,0,0
10-04 20:04:52.150 I/hakuX-lane(22669): [occl804] f=6669 wait=0 procs=1 q=4 qnz=0 pend=0 rep=4 repnz=0 repmax=0 v=0,0,0,0
10-04 20:04:52.184 I/hakuX-lane(22669): [occl804] f=6671 wait=0 procs=1 q=5 qnz=0 pend=0 rep=5 repnz=0 repmax=0 v=0,0,0,0,0
10-04 20:04:52.201 I/hakuX-lane(22669): [occl804] f=6673 wait=0 procs=1 q=4 qnz=0 pend=0 rep=4 repnz=0 repmax=0 v=0,0,0,0
10-04 20:04:52.236 I/hakuX-lane(22669): [occl804] f=6674 wait=0 procs=1 q=5 qnz=0 pend=0 rep=5 repnz=0 repmax=0 v=0,0,0,0,0
10-04 20:04:52.284 I/hakuX-lane(22669): [occl804] f=6676 wait=0 procs=1 q=9 qnz=0 pend=0 rep=9 repnz=0 repmax=0 v=0,0,0,0,0,0,0,0,0
10-04 20:04:52.317 I/hakuX-lane(22669): [occl804] f=6679 wait=0 procs=1 q=9 qnz=0 pend=0 rep=9 repnz=0 repmax=0 v=0,0,0,0,0,0,0,0,0
10-04 20:04:52.333 I/hakuX-lane(22669): [occl804] f=6681 wait=0 procs=1 q=5 qnz=0 pend=0 rep=5 repnz=0 repmax=0 v=0,0,0,0,0
10-04 20:04:52.350 I/hakuX-lane(22669): [occl804] f=6682 wait=0 procs=1 q=4 qnz=0 pend=0 rep=4 repnz=0 repmax=0 v=0,0,0,0
10-04 20:04:52.384 I/hakuX-lane(22669): [occl804] f=6683 wait=0 procs=1 q=5 qnz=0 pend=0 rep=5 repnz=0 repmax=0 v=0,0,0,0,0
10-04 20:04:52.399 I/hakuX-lane(22669): [occl804] f=6685 wait=0 procs=1 q=4 qnz=0 pend=0 rep=4 repnz=0 repmax=0 v=0,0,0,0
10-04 20:04:52.438 I/hakuX-lane(22669): [occl804] f=6686 wait=0 procs=1 q=5 qnz=0 pend=0 rep=5 repnz=0 repmax=0 v=0,0,0,0,0
10-04 20:04:52.484 I/hakuX-lane(22669): [occl804] f=6688 wait=0 procs=1 q=9 qnz=0 pend=0 rep=9 repnz=0 repmax=0 v=0,0,0,0,0,0,0,0,0
10-04 20:04:52.500 I/hakuX-lane(22669): [occl804] f=6691 wait=0 procs=1 q=5 qnz=0 pend=0 rep=5 repnz=0 repmax=0 v=0,0,0,0,0
10-04 20:04:52.534 I/hakuX-lane(22669): [occl804] f=6692 wait=0 procs=1 q=4 qnz=0 pend=0 rep=4 repnz=0 repmax=0 v=0,0,0,0
10-04 20:04:52.550 I/hakuX-lane(22669): [occl804] f=6694 wait=0 procs=1 q=5 qnz=0 pend=0 rep=5 repnz=0 repmax=0 v=0,0,0,0,0
10-04 20:04:52.567 I/hakuX-lane(22669): [occl804] f=6695 wait=0 procs=1 q=4 qnz=0 pend=0 rep=4 repnz=0 repmax=0 v=0,0,0,0
10-04 20:04:52.600 I/hakuX-lane(22669): [occl804] f=6696 wait=0 procs=1 q=5 qnz=0 pend=0 rep=5 repnz=0 repmax=0 v=0,0,0,0,0
10-04 20:04:52.650 I/hakuX-lane(22669): [occl804] f=6698 wait=0 procs=1 q=9 qnz=0 pend=0 rep=9 repnz=0 repmax=0 v=0,0,0,0,0,0,0,0,0
10-04 20:04:52.667 I/hakuX-lane(22669): [occl804] f=6701 wait=0 procs=1 q=5 qnz=0 pend=0 rep=5 repnz=0 repmax=0 v=0,0,0,0,0
10-04 20:04:52.700 I/hakuX-lane(22669): [occl804] f=6702 wait=0 procs=1 q=4 qnz=0 pend=0 rep=4 repnz=0 repmax=0 v=0,0,0,0
10-04 20:04:52.717 I/hakuX-lane(22669): [occl804] f=6704 wait=0 procs=1 q=5 qnz=0 pend=0 rep=5 repnz=0 repmax=0 v=0,0,0,0,0
10-04 20:04:52.750 I/hakuX-lane(22669): [occl804] f=6705 wait=0 procs=1 q=4 qnz=0 pend=0 rep=4 repnz=0 repmax=0 v=0,0,0,0
10-04 20:04:52.784 I/hakuX-lane(22669): [occl804] f=6707 wait=0 procs=1 q=5 qnz=0 pend=0 rep=5 repnz=0 repmax=0 v=0,0,0,0,0
10-04 20:04:52.817 I/hakuX-lane(22669): [occl804] f=6709 wait=0 procs=1 q=9 qnz=0 pend=0 rep=9 repnz=0 repmax=0 v=0,0,0,0,0,0,0,0,0
10-04 20:04:52.834 I/hakuX-lane(22669): [occl804] f=6711 wait=0 procs=1 q=5 qnz=0 pend=0 rep=5 repnz=0 repmax=0 v=0,0,0,0,0
10-04 20:04:52.866 I/hakuX-lane(22669): [occl804] f=6712 wait=0 procs=1 q=4 qnz=0 pend=0 rep=4 repnz=0 repmax=0 v=0,0,0,0
10-04 20:04:52.883 I/hakuX-lane(22669): [occl804] f=6714 wait=0 procs=1 q=5 qnz=0 pend=0 rep=5 repnz=0 repmax=0 v=0,0,0,0,0
10-04 20:04:52.901 I/hakuX-lane(22669): [occl804] f=6715 wait=0 procs=1 q=4 qnz=0 pend=0 rep=4 repnz=0 repmax=0 v=0,0,0,0
10-04 20:04:52.934 I/hakuX-lane(22669): [occl804] f=6716 wait=0 procs=1 q=5 qnz=0 pend=0 rep=5 repnz=0 repmax=0 v=0,0,0,0,0
10-04 20:04:52.956 I/hakuX-lane(22669): [occl804] f=6718 wait=0 procs=1 q=4 qnz=0 pend=0 rep=4 repnz=0 repmax=0 v=0,0,0,0
10-04 20:04:53.000 I/hakuX-lane(22669): [occl804] f=6719 wait=0 procs=1 q=5 qnz=0 pend=0 rep=5 repnz=0 repmax=0 v=0,0,0,0,0
10-04 20:04:53.034 I/hakuX-lane(22669): [occl804] f=6722 wait=0 procs=1 q=9 qnz=0 pend=0 rep=9 repnz=0 repmax=0 v=0,0,0,0,0,0,0,0,0
10-04 20:04:53.050 I/hakuX-lane(22669): [occl804] f=6724 wait=0 procs=1 q=5 qnz=0 pend=0 rep=5 repnz=0 repmax=0 v=0,0,0,0,0
10-04 20:04:53.084 I/hakuX-lane(22669): [occl804] f=6725 wait=0 procs=1 q=4 qnz=0 pend=0 rep=4 repnz=0 repmax=0 v=0,0,0,0
10-04 20:04:53.100 I/hakuX-lane(22669): [occl804] f=6727 wait=0 procs=1 q=5 qnz=0 pend=0 rep=5 repnz=0 repmax=0 v=0,0,0,0,0
10-04 20:04:53.117 I/hakuX-lane(22669): [occl804] f=6728 wait=0 procs=1 q=4 qnz=0 pend=0 rep=4 repnz=0 repmax=0 v=0,0,0,0
10-04 20:04:53.151 I/hakuX-lane(22669): [occl804] f=6729 wait=0 procs=1 q=5 qnz=0 pend=0 rep=5 repnz=0 repmax=0 v=0,0,0,0,0
10-04 20:04:53.184 I/hakuX-lane(22669): [occl804] f=6731 wait=0 procs=1 q=9 qnz=0 pend=0 rep=9 repnz=0 repmax=0 v=0,0,0,0,0,0,0,0,0
10-04 20:04:53.200 I/hakuX-lane(22669): [occl804] f=6733 wait=0 procs=1 q=5 qnz=0 pend=0 rep=5 repnz=0 repmax=0 v=0,0,0,0,0
10-04 20:04:53.217 I/hakuX-lane(22669): [occl804] f=6734 wait=0 procs=1 q=4 qnz=0 pend=0 rep=4 repnz=0 repmax=0 v=0,0,0,0
10-04 20:04:53.251 I/hakuX-lane(22669): [occl804] f=6735 wait=0 procs=1 q=5 qnz=0 pend=0 rep=5 repnz=0 repmax=0 v=0,0,0,0,0
10-04 20:04:53.267 I/hakuX-lane(22669): [occl804] f=6737 wait=0 procs=1 q=5 qnz=0 pend=0 rep=5 repnz=0 repmax=0 v=0,0,0,0,0
10-04 20:04:53.300 I/hakuX-lane(22669): [occl804] f=6738 wait=0 procs=1 q=4 qnz=0 pend=0 rep=4 repnz=0 repmax=0 v=0,0,0,0
10-04 20:04:53.317 I/hakuX-lane(22669): [occl804] f=6740 wait=0 procs=1 q=5 qnz=0 pend=0 rep=5 repnz=0 repmax=0 v=0,0,0,0,0
10-04 20:04:53.334 I/hakuX-lane(22669): [occl804] f=6741 wait=0 procs=1 q=4 qnz=0 pend=0 rep=4 repnz=0 repmax=0 v=0,0,0,0
10-04 20:04:53.367 I/hakuX-lane(22669): [occl804] f=6742 wait=0 procs=1 q=5 qnz=0 pend=0 rep=5 repnz=0 repmax=0 v=0,0,0,0,0
10-04 20:04:53.417 I/hakuX-lane(22669): [occl804] f=6744 wait=0 procs=1 q=9 qnz=0 pend=0 rep=9 repnz=0 repmax=0 v=0,0,0,0,0,0,0,0,0
10-04 20:04:53.434 I/hakuX-lane(22669): [occl804] f=6747 wait=0 procs=1 q=5 qnz=0 pend=0 rep=5 repnz=0 repmax=0 v=0,0,0,0,0
10-04 20:04:53.472 I/hakuX-lane(22669): [occl804] f=6748 wait=0 procs=1 q=4 qnz=0 pend=0 rep=4 repnz=0 repmax=0 v=0,0,0,0
10-04 20:04:53.500 I/hakuX-lane(22669): [occl804] f=6750 wait=0 procs=1 q=5 qnz=0 pend=0 rep=5 repnz=0 repmax=0 v=0,0,0,0,0
10-04 20:04:53.517 I/hakuX-lane(22669): [occl804] f=6752 wait=0 procs=1 q=4 qnz=0 pend=0 rep=4 repnz=0 repmax=0 v=0,0,0,0
10-04 20:04:53.550 I/hakuX-lane(22669): [occl804] f=6753 wait=0 procs=1 q=5 qnz=0 pend=0 rep=5 repnz=0 repmax=0 v=0,0,0,0,0
10-04 20:04:53.567 I/hakuX-lane(22669): [occl804] f=6755 wait=0 procs=1 q=5 qnz=0 pend=0 rep=5 repnz=0 repmax=0 v=0,0,0,0,0
10-04 20:04:53.600 I/hakuX-lane(22669): [occl804] f=6756 wait=0 procs=1 q=4 qnz=0 pend=0 rep=4 repnz=0 repmax=0 v=0,0,0,0
10-04 20:04:53.634 I/hakuX-lane(22669): [occl804] f=6758 wait=0 procs=1 q=5 qnz=0 pend=0 rep=5 repnz=0 repmax=0 v=0,0,0,0,0
10-04 20:04:53.650 I/hakuX-lane(22669): [occl804] f=6760 wait=0 procs=1 q=4 qnz=0 pend=0 rep=4 repnz=0 repmax=0 v=0,0,0,0
10-04 20:04:53.684 I/hakuX-lane(22669): [occl804] f=6761 wait=0 procs=1 q=5 qnz=0 pend=0 rep=5 repnz=0 repmax=0 v=0,0,0,0,0
10-04 20:04:53.700 I/hakuX-lane(22669): [occl804] f=6763 wait=0 procs=1 q=4 qnz=0 pend=0 rep=4 repnz=0 repmax=0 v=0,0,0,0
10-04 20:04:53.757 I/hakuX-lane(22669): [occl804] f=6764 wait=0 procs=1 q=5 qnz=0 pend=0 rep=5 repnz=0 repmax=0 v=0,0,0,0,0
10-04 20:04:53.784 I/hakuX-lane(22669): [occl804] f=6767 wait=0 procs=1 q=9 qnz=0 pend=0 rep=9 repnz=0 repmax=0 v=0,0,0,0,0,0,0,0,0
10-04 20:04:53.800 I/hakuX-lane(22669): [occl804] f=6769 wait=0 procs=1 q=5 qnz=0 pend=0 rep=5 repnz=0 repmax=0 v=0,0,0,0,0
10-04 20:04:53.834 I/hakuX-lane(22669): [occl804] f=6770 wait=0 procs=1 q=4 qnz=0 pend=0 rep=4 repnz=0 repmax=0 v=0,0,0,0
10-04 20:04:53.853 I/hakuX-lane(22669): [occl804] f=6772 wait=0 procs=1 q=5 qnz=0 pend=0 rep=5 repnz=0 repmax=0 v=0,0,0,0,0
10-04 20:04:53.869 I/hakuX-lane(22669): [occl804] f=6773 wait=0 procs=1 q=5 qnz=0 pend=0 rep=5 repnz=0 repmax=0 v=0,0,0,0,0
10-04 20:04:53.887 I/hakuX-lane(22669): [occl804] f=6774 wait=0 procs=1 q=9 qnz=0 pend=0 rep=9 repnz=0 repmax=0 v=0,0,0,0,0,0,0,0,0
10-04 20:04:53.903 I/hakuX-lane(22669): [occl804] f=6775 wait=0 procs=1 q=5 qnz=0 pend=0 rep=5 repnz=0 repmax=0 v=0,0,0,0,0
10-04 20:04:53.919 I/hakuX-lane(22669): [occl804] f=6776 wait=0 procs=1 q=5 qnz=0 pend=0 rep=5 repnz=0 repmax=0 v=0,0,0,0,0
10-04 20:04:53.936 I/hakuX-lane(22669): [occl804] f=6777 wait=0 procs=1 q=9 qnz=0 pend=0 rep=9 repnz=0 repmax=0 v=0,0,0,0,0,0,0,0,0
10-04 20:04:53.952 I/hakuX-lane(22669): [occl804] f=6778 wait=0 procs=1 q=5 qnz=0 pend=0 rep=5 repnz=0 repmax=0 v=0,0,0,0,0
10-04 20:04:53.969 I/hakuX-lane(22669): [occl804] f=6779 wait=0 procs=1 q=5 qnz=0 pend=0 rep=5 repnz=0 repmax=0 v=0,0,0,0,0
10-04 20:04:53.986 I/hakuX-lane(22669): [occl804] f=6780 wait=0 procs=1 q=9 qnz=0 pend=0 rep=9 repnz=0 repmax=0 v=0,0,0,0,0,0,0,0,0
10-04 20:04:54.003 I/hakuX-lane(22669): [occl804] f=6781 wait=0 procs=1 q=5 qnz=0 pend=0 rep=5 repnz=0 repmax=0 v=0,0,0,0,0
10-04 20:04:54.019 I/hakuX-lane(22669): [occl804] f=6782 wait=0 procs=1 q=5 qnz=0 pend=0 rep=5 repnz=0 repmax=0 v=0,0,0,0,0
10-04 20:04:54.036 I/hakuX-lane(22669): [occl804] f=6783 wait=0 procs=1 q=9 qnz=0 pend=0 rep=9 repnz=0 repmax=0 v=0,0,0,0,0,0,0,0,0
10-04 20:04:54.055 I/hakuX-lane(22669): [occl804] f=6784 wait=0 procs=1 q=5 qnz=0 pend=0 rep=5 repnz=0 repmax=0 v=0,0,0,0,0
10-04 20:04:54.069 I/hakuX-lane(22669): [occl804] f=6785 wait=0 procs=1 q=5 qnz=0 pend=0 rep=5 repnz=0 repmax=0 v=0,0,0,0,0
10-04 20:04:54.087 I/hakuX-lane(22669): [occl804] f=6786 wait=0 procs=1 q=9 qnz=0 pend=0 rep=9 repnz=0 repmax=0 v=0,0,0,0,0,0,0,0,0
10-04 20:04:54.103 I/hakuX-lane(22669): [occl804] f=6787 wait=0 procs=1 q=5 qnz=0 pend=0 rep=5 repnz=0 repmax=0 v=0,0,0,0,0
10-04 20:04:54.120 I/hakuX-lane(22669): [occl804] f=6788 wait=0 procs=1 q=5 qnz=0 pend=0 rep=5 repnz=0 repmax=0 v=0,0,0,0,0
10-04 20:04:54.153 I/hakuX-lane(22669): [occl804] f=6789 wait=0 procs=1 q=9 qnz=0 pend=0 rep=9 repnz=0 repmax=0 v=0,0,0,0,0,0,0,0,0
10-04 20:04:54.187 I/hakuX-lane(22669): [occl804] f=6791 wait=0 procs=1 q=9 qnz=0 pend=0 rep=9 repnz=0 repmax=0 v=0,0,0,0,0,0,0,0,0
10-04 20:04:54.203 I/hakuX-lane(22669): [occl804] f=6793 wait=0 procs=1 q=5 qnz=0 pend=0 rep=5 repnz=0 repmax=0 v=0,0,0,0,0
10-04 20:04:54.220 I/hakuX-lane(22669): [occl804] f=6794 wait=0 procs=1 q=4 qnz=0 pend=0 rep=4 repnz=0 repmax=0 v=0,0,0,0
10-04 20:04:54.253 I/hakuX-lane(22669): [occl804] f=6795 wait=0 procs=1 q=5 qnz=0 pend=0 rep=5 repnz=0 repmax=0 v=0,0,0,0,0
10-04 20:04:54.287 I/hakuX-lane(22669): [occl804] f=6797 wait=0 procs=1 q=9 qnz=0 pend=0 rep=9 repnz=0 repmax=0 v=0,0,0,0,0,0,0,0,0
10-04 20:04:54.303 I/hakuX-lane(22669): [occl804] f=6799 wait=0 procs=1 q=5 qnz=0 pend=0 rep=5 repnz=0 repmax=0 v=0,0,0,0,0
10-04 20:04:54.319 I/hakuX-lane(22669): [occl804] f=6800 wait=0 procs=1 q=4 qnz=0 pend=0 rep=4 repnz=0 repmax=0 v=0,0,0,0
10-04 20:04:54.353 I/hakuX-lane(22669): [occl804] f=6801 wait=0 procs=1 q=5 qnz=0 pend=0 rep=5 repnz=0 repmax=0 v=0,0,0,0,0
10-04 20:04:54.387 I/hakuX-lane(22669): [occl804] f=6803 wait=0 procs=1 q=9 qnz=0 pend=0 rep=9 repnz=0 repmax=0 v=0,0,0,0,0,0,0,0,0
10-04 20:04:54.403 I/hakuX-lane(22669): [occl804] f=6805 wait=0 procs=1 q=5 qnz=0 pend=0 rep=5 repnz=0 repmax=0 v=0,0,0,0,0
10-04 20:04:54.420 I/hakuX-lane(22669): [occl804] f=6806 wait=0 procs=1 q=4 qnz=0 pend=0 rep=4 repnz=0 repmax=0 v=0,0,0,0
10-04 20:04:54.453 I/hakuX-lane(22669): [occl804] f=6807 wait=0 procs=1 q=5 qnz=0 pend=0 rep=5 repnz=0 repmax=0 v=0,0,0,0,0
10-04 20:04:54.487 I/hakuX-lane(22669): [occl804] f=6809 wait=0 procs=1 q=9 qnz=0 pend=0 rep=9 repnz=0 repmax=0 v=0,0,0,0,0,0,0,0,0
10-04 20:04:54.504 I/hakuX-lane(22669): [occl804] f=6811 wait=0 procs=1 q=5 qnz=0 pend=0 rep=5 repnz=0 repmax=0 v=0,0,0,0,0
10-04 20:04:54.521 I/hakuX-lane(22669): [occl804] f=6812 wait=0 procs=1 q=4 qnz=0 pend=0 rep=4 repnz=0 repmax=0 v=0,0,0,0
10-04 20:04:54.554 I/hakuX-lane(22669): [occl804] f=6813 wait=0 procs=1 q=5 qnz=0 pend=0 rep=5 repnz=0 repmax=0 v=0,0,0,0,0
10-04 20:04:54.587 I/hakuX-lane(22669): [occl804] f=6815 wait=0 procs=1 q=9 qnz=0 pend=0 rep=9 repnz=0 repmax=0 v=0,0,0,0,0,0,0,0,0
10-04 20:04:54.603 I/hakuX-lane(22669): [occl804] f=6817 wait=0 procs=1 q=5 qnz=0 pend=0 rep=5 repnz=0 repmax=0 v=0,0,0,0,0
10-04 20:04:54.620 I/hakuX-lane(22669): [occl804] f=6818 wait=0 procs=1 q=4 qnz=0 pend=0 rep=4 repnz=0 repmax=0 v=0,0,0,0
10-04 20:04:54.653 I/hakuX-lane(22669): [occl804] f=6819 wait=0 procs=1 q=5 qnz=0 pend=0 rep=5 repnz=0 repmax=0 v=0,0,0,0,0
10-04 20:04:54.670 I/hakuX-lane(22669): [occl804] f=6821 wait=0 procs=1 q=9 qnz=0 pend=0 rep=9 repnz=0 repmax=0 v=0,0,0,0,0,0,0,0,0
10-04 20:04:54.687 I/hakuX-lane(22669): [occl804] f=6822 wait=0 procs=1 q=5 qnz=0 pend=0 rep=5 repnz=0 repmax=0 v=0,0,0,0,0
10-04 20:04:54.703 I/hakuX-lane(22669): [occl804] f=6823 wait=0 procs=1 q=4 qnz=0 pend=0 rep=4 repnz=0 repmax=0 v=0,0,0,0
10-04 20:04:54.746 I/hakuX-lane(22669): [occl804] f=6824 wait=0 procs=1 q=5 qnz=0 pend=0 rep=5 repnz=0 repmax=0 v=0,0,0,0,0
10-04 20:04:54.770 I/hakuX-lane(22669): [occl804] f=6826 wait=0 procs=1 q=9 qnz=0 pend=0 rep=9 repnz=0 repmax=0 v=0,0,0,0,0,0,0,0,0
10-04 20:04:54.787 I/hakuX-lane(22669): [occl804] f=6828 wait=0 procs=1 q=5 qnz=0 pend=0 rep=5 repnz=0 repmax=0 v=0,0,0,0,0
10-04 20:04:54.804 I/hakuX-lane(22669): [occl804] f=6829 wait=0 procs=1 q=4 qnz=0 pend=0 rep=4 repnz=0 repmax=0 v=0,0,0,0
10-04 20:04:54.821 I/hakuX-lane(22669): [occl804] f=6830 wait=0 procs=1 q=5 qnz=0 pend=0 rep=5 repnz=0 repmax=0 v=0,0,0,0,0
10-04 20:04:54.854 I/hakuX-lane(22669): [occl804] f=6831 wait=0 procs=1 q=9 qnz=0 pend=0 rep=9 repnz=0 repmax=0 v=0,0,0,0,0,0,0,0,0
10-04 20:04:54.870 I/hakuX-lane(22669): [occl804] f=6833 wait=0 procs=1 q=5 qnz=0 pend=0 rep=5 repnz=0 repmax=0 v=0,0,0,0,0
10-04 20:04:54.888 I/hakuX-lane(22669): [occl804] f=6834 wait=0 procs=1 q=4 qnz=0 pend=0 rep=4 repnz=0 repmax=0 v=0,0,0,0
10-04 20:04:54.920 I/hakuX-lane(22669): [occl804] f=6835 wait=0 procs=1 q=5 qnz=0 pend=0 rep=5 repnz=0 repmax=0 v=0,0,0,0,0
10-04 20:04:54.954 I/hakuX-lane(22669): [occl804] f=6837 wait=0 procs=1 q=9 qnz=0 pend=0 rep=9 repnz=0 repmax=0 v=0,0,0,0,0,0,0,0,0
10-04 20:04:54.970 I/hakuX-lane(22669): [occl804] f=6839 wait=0 procs=1 q=5 qnz=0 pend=0 rep=5 repnz=0 repmax=0 v=0,0,0,0,0
10-04 20:04:54.987 I/hakuX-lane(22669): [occl804] f=6840 wait=0 procs=1 q=4 qnz=0 pend=0 rep=4 repnz=0 repmax=0 v=0,0,0,0
10-04 20:04:55.021 I/hakuX-lane(22669): [occl804] f=6841 wait=0 procs=1 q=5 qnz=0 pend=0 rep=5 repnz=0 repmax=0 v=0,0,0,0,0
10-04 20:04:55.054 I/hakuX-lane(22669): [occl804] f=6843 wait=0 procs=1 q=9 qnz=0 pend=0 rep=9 repnz=0 repmax=0 v=0,0,0,0,0,0,0,0,0
10-04 20:04:55.071 I/hakuX-lane(22669): [occl804] f=6845 wait=0 procs=1 q=5 qnz=0 pend=0 rep=5 repnz=0 repmax=0 v=0,0,0,0,0
10-04 20:04:55.121 I/hakuX-lane(22669): [occl804] f=6846 wait=0 procs=2 q=9 qnz=0 pend=0 rep=9 repnz=0 repmax=0 v=0,0,0,0,0,0,0,0,0
10-04 20:04:55.154 I/hakuX-lane(22669): [occl804] f=6849 wait=0 procs=1 q=9 qnz=0 pend=0 rep=9 repnz=0 repmax=0 v=0,0,0,0,0,0,0,0,0
10-04 20:04:55.171 I/hakuX-lane(22669): [occl804] f=6851 wait=0 procs=1 q=5 qnz=0 pend=0 rep=5 repnz=0 repmax=0 v=0,0,0,0,0
10-04 20:04:55.188 I/hakuX-lane(22669): [occl804] f=6852 wait=0 procs=1 q=4 qnz=0 pend=0 rep=4 repnz=0 repmax=0 v=0,0,0,0
10-04 20:04:55.204 I/hakuX-lane(22669): [occl804] f=6853 wait=0 procs=1 q=5 qnz=0 pend=0 rep=5 repnz=0 repmax=0 v=0,0,0,0,0
10-04 20:04:55.221 I/hakuX-lane(22669): [occl804] f=6854 wait=0 procs=1 q=4 qnz=0 pend=0 rep=4 repnz=0 repmax=0 v=0,0,0,0
10-04 20:04:55.238 I/hakuX-lane(22669): [occl804] f=6855 wait=0 procs=1 q=5 qnz=0 pend=0 rep=5 repnz=0 repmax=0 v=0,0,0,0,0
10-04 20:04:55.254 I/hakuX-lane(22669): [occl804] f=6856 wait=0 procs=1 q=4 qnz=0 pend=0 rep=4 repnz=0 repmax=0 v=0,0,0,0
10-04 20:04:55.271 I/hakuX-lane(22669): [occl804] f=6857 wait=0 procs=1 q=5 qnz=0 pend=0 rep=5 repnz=0 repmax=0 v=0,0,0,0,0
10-04 20:04:55.288 I/hakuX-lane(22669): [occl804] f=6858 wait=0 procs=1 q=4 qnz=0 pend=0 rep=4 repnz=0 repmax=0 v=0,0,0,0
10-04 20:04:55.321 I/hakuX-lane(22669): [occl804] f=6859 wait=0 procs=1 q=5 qnz=0 pend=0 rep=5 repnz=0 repmax=0 v=0,0,0,0,0
10-04 20:04:55.338 I/hakuX-lane(22669): [occl804] f=6861 wait=0 procs=1 q=9 qnz=0 pend=0 rep=9 repnz=0 repmax=0 v=0,0,0,0,0,0,0,0,0
10-04 20:04:55.354 I/hakuX-lane(22669): [occl804] f=6862 wait=0 procs=1 q=5 qnz=0 pend=0 rep=5 repnz=0 repmax=0 v=0,0,0,0,0
10-04 20:04:55.371 I/hakuX-lane(22669): [occl804] f=6863 wait=0 procs=1 q=4 qnz=0 pend=0 rep=4 repnz=0 repmax=0 v=0,0,0,0
10-04 20:04:55.388 I/hakuX-lane(22669): [occl804] f=6864 wait=0 procs=1 q=5 qnz=0 pend=0 rep=5 repnz=0 repmax=0 v=0,0,0,0,0
10-04 20:04:55.405 I/hakuX-lane(22669): [occl804] f=6865 wait=0 procs=1 q=4 qnz=0 pend=0 rep=4 repnz=0 repmax=0 v=0,0,0,0
10-04 20:04:55.421 I/hakuX-lane(22669): [occl804] f=6866 wait=0 procs=1 q=5 qnz=0 pend=0 rep=5 repnz=0 repmax=0 v=0,0,0,0,0
10-04 20:04:55.440 I/hakuX-lane(22669): [occl804] f=6867 wait=0 procs=1 q=4 qnz=0 pend=0 rep=4 repnz=0 repmax=0 v=0,0,0,0
10-04 20:04:55.455 I/hakuX-lane(22669): [occl804] f=6868 wait=0 procs=1 q=5 qnz=0 pend=0 rep=5 repnz=0 repmax=0 v=0,0,0,0,0
10-04 20:04:55.471 I/hakuX-lane(22669): [occl804] f=6869 wait=0 procs=1 q=4 qnz=0 pend=0 rep=4 repnz=0 repmax=0 v=0,0,0,0
10-04 20:04:55.489 I/hakuX-lane(22669): [occl804] f=6870 wait=0 procs=1 q=5 qnz=0 pend=0 rep=5 repnz=0 repmax=0 v=0,0,0,0,0
10-04 20:04:55.505 I/hakuX-lane(22669): [occl804] f=6871 wait=0 procs=1 q=4 qnz=0 pend=0 rep=4 repnz=0 repmax=0 v=0,0,0,0
10-04 20:04:55.538 I/hakuX-lane(22669): [occl804] f=6872 wait=0 procs=1 q=5 qnz=0 pend=0 rep=5 repnz=0 repmax=0 v=0,0,0,0,0
10-04 20:04:55.571 I/hakuX-lane(22669): [occl804] f=6874 wait=0 procs=1 q=9 qnz=0 pend=0 rep=9 repnz=0 repmax=0 v=0,0,0,0,0,0,0,0,0
10-04 20:04:55.588 I/hakuX-lane(22669): [occl804] f=6876 wait=0 procs=1 q=5 qnz=0 pend=0 rep=5 repnz=0 repmax=0 v=0,0,0,0,0
10-04 20:04:55.621 I/hakuX-lane(22669): [occl804] f=6877 wait=0 procs=1 q=9 qnz=0 pend=0 rep=9 repnz=0 repmax=0 v=0,0,0,0,0,0,0,0,0
10-04 20:04:55.638 I/hakuX-lane(22669): [occl804] f=6879 wait=0 procs=1 q=5 qnz=0 pend=0 rep=5 repnz=0 repmax=0 v=0,0,0,0,0
10-04 20:04:55.655 I/hakuX-lane(22669): [occl804] f=6880 wait=0 procs=1 q=4 qnz=0 pend=0 rep=4 repnz=0 repmax=0 v=0,0,0,0
10-04 20:04:55.688 I/hakuX-lane(22669): [occl804] f=6881 wait=0 procs=1 q=5 qnz=0 pend=0 rep=5 repnz=0 repmax=0 v=0,0,0,0,0
10-04 20:04:55.704 I/hakuX-lane(22669): [occl804] f=6883 wait=0 procs=1 q=9 qnz=0 pend=0 rep=9 repnz=0 repmax=0 v=0,0,0,0,0,0,0,0,0
10-04 20:04:55.721 I/hakuX-lane(22669): [occl804] f=6884 wait=0 procs=1 q=5 qnz=0 pend=0 rep=5 repnz=0 repmax=0 v=0,0,0,0,0
10-04 20:04:55.739 I/hakuX-lane(22669): [occl804] f=6885 wait=0 procs=1 q=4 qnz=0 pend=0 rep=4 repnz=0 repmax=0 v=0,0,0,0
10-04 20:04:55.771 I/hakuX-lane(22669): [occl804] f=6886 wait=0 procs=1 q=5 qnz=0 pend=0 rep=5 repnz=0 repmax=0 v=0,0,0,0,0
10-04 20:04:55.805 I/hakuX-lane(22669): [occl804] f=6888 wait=0 procs=1 q=9 qnz=0 pend=0 rep=9 repnz=0 repmax=0 v=0,0,0,0,0,0,0,0,0
10-04 20:04:55.821 I/hakuX-lane(22669): [occl804] f=6890 wait=0 procs=1 q=5 qnz=0 pend=0 rep=5 repnz=0 repmax=0 v=0,0,0,0,0
10-04 20:04:55.838 I/hakuX-lane(22669): [occl804] f=6891 wait=0 procs=1 q=4 qnz=0 pend=0 rep=4 repnz=0 repmax=0 v=0,0,0,0
10-04 20:04:55.871 I/hakuX-lane(22669): [occl804] f=6892 wait=0 procs=1 q=5 qnz=0 pend=0 rep=5 repnz=0 repmax=0 v=0,0,0,0,0
10-04 20:04:55.905 I/hakuX-lane(22669): [occl804] f=6894 wait=0 procs=1 q=9 qnz=0 pend=0 rep=9 repnz=0 repmax=0 v=0,0,0,0,0,0,0,0,0
10-04 20:04:55.923 I/hakuX-lane(22669): [occl804] f=6896 wait=0 procs=1 q=5 qnz=0 pend=0 rep=5 repnz=0 repmax=0 v=0,0,0,0,0
10-04 20:04:55.938 I/hakuX-lane(22669): [occl804] f=6897 wait=0 procs=1 q=4 qnz=0 pend=0 rep=4 repnz=0 repmax=0 v=0,0,0,0
10-04 20:04:55.971 I/hakuX-lane(22669): [occl804] f=6898 wait=0 procs=1 q=5 qnz=0 pend=0 rep=5 repnz=0 repmax=0 v=0,0,0,0,0
10-04 20:04:56.005 I/hakuX-lane(22669): [occl804] f=6900 wait=0 procs=1 q=9 qnz=0 pend=0 rep=9 repnz=0 repmax=0 v=0,0,0,0,0,0,0,0,0
10-04 20:04:56.022 I/hakuX-lane(22669): [occl804] f=6902 wait=0 procs=1 q=5 qnz=0 pend=0 rep=5 repnz=0 repmax=0 v=0,0,0,0,0
10-04 20:04:56.039 I/hakuX-lane(22669): [occl804] f=6903 wait=0 procs=1 q=4 qnz=0 pend=0 rep=4 repnz=0 repmax=0 v=0,0,0,0
10-04 20:04:56.056 I/hakuX-lane(22669): [occl804] f=6904 wait=0 procs=1 q=5 qnz=0 pend=0 rep=5 repnz=0 repmax=0 v=0,0,0,0,0
10-04 20:04:56.072 I/hakuX-lane(22669): [occl804] f=6905 wait=0 procs=1 q=4 qnz=0 pend=0 rep=4 repnz=0 repmax=0 v=0,0,0,0
10-04 20:04:56.089 I/hakuX-lane(22669): [occl804] f=6906 wait=0 procs=1 q=5 qnz=0 pend=0 rep=5 repnz=0 repmax=0 v=0,0,0,0,0
10-04 20:04:56.105 I/hakuX-lane(22669): [occl804] f=6907 wait=0 procs=1 q=4 qnz=0 pend=0 rep=4 repnz=0 repmax=0 v=0,0,0,0
10-04 20:04:56.139 I/hakuX-lane(22669): [occl804] f=6908 wait=0 procs=1 q=5 qnz=0 pend=0 rep=5 repnz=0 repmax=0 v=0,0,0,0,0
10-04 20:04:56.172 I/hakuX-lane(22669): [occl804] f=6910 wait=0 procs=1 q=9 qnz=0 pend=0 rep=9 repnz=0 repmax=0 v=0,0,0,0,0,0,0,0,0
10-04 20:04:56.189 I/hakuX-lane(22669): [occl804] f=6912 wait=0 procs=1 q=5 qnz=0 pend=0 rep=5 repnz=0 repmax=0 v=0,0,0,0,0
10-04 20:04:56.205 I/hakuX-lane(22669): [occl804] f=6913 wait=0 procs=1 q=4 qnz=0 pend=0 rep=4 repnz=0 repmax=0 v=0,0,0,0
10-04 20:04:56.239 I/hakuX-lane(22669): [occl804] f=6914 wait=0 procs=1 q=5 qnz=0 pend=0 rep=5 repnz=0 repmax=0 v=0,0,0,0,0
10-04 20:04:56.272 I/hakuX-lane(22669): [occl804] f=6916 wait=0 procs=1 q=9 qnz=0 pend=0 rep=9 repnz=0 repmax=0 v=0,0,0,0,0,0,0,0,0
10-04 20:04:56.305 I/hakuX-lane(22669): [occl804] f=6918 wait=0 procs=1 q=9 qnz=0 pend=0 rep=9 repnz=0 repmax=0 v=0,0,0,0,0,0,0,0,0
10-04 20:04:56.322 I/hakuX-lane(22669): [occl804] f=6920 wait=0 procs=1 q=5 qnz=0 pend=0 rep=5 repnz=0 repmax=0 v=0,0,0,0,0
10-04 20:04:56.340 I/hakuX-lane(22669): [occl804] f=6921 wait=0 procs=1 q=4 qnz=0 pend=0 rep=4 repnz=0 repmax=0 v=0,0,0,0
10-04 20:04:56.372 I/hakuX-lane(22669): [occl804] f=6922 wait=0 procs=1 q=5 qnz=0 pend=0 rep=5 repnz=0 repmax=0 v=0,0,0,0,0
10-04 20:04:56.389 I/hakuX-lane(22669): [occl804] f=6924 wait=0 procs=1 q=9 qnz=0 pend=0 rep=9 repnz=0 repmax=0 v=0,0,0,0,0,0,0,0,0
10-04 20:04:56.406 I/hakuX-lane(22669): [occl804] f=6925 wait=0 procs=1 q=5 qnz=0 pend=0 rep=5 repnz=0 repmax=0 v=0,0,0,0,0
10-04 20:04:56.422 I/hakuX-lane(22669): [occl804] f=6926 wait=0 procs=1 q=9 qnz=0 pend=0 rep=9 repnz=0 repmax=0 v=0,0,0,0,0,0,0,0,0
10-04 20:04:56.439 I/hakuX-lane(22669): [occl804] f=6927 wait=0 procs=1 q=5 qnz=0 pend=0 rep=5 repnz=0 repmax=0 v=0,0,0,0,0
10-04 20:04:56.472 I/hakuX-lane(22669): [occl804] f=6928 wait=0 procs=1 q=9 qnz=0 pend=0 rep=9 repnz=0 repmax=0 v=0,0,0,0,0,0,0,0,0
10-04 20:04:56.505 I/hakuX-lane(22669): [occl804] f=6930 wait=0 procs=1 q=9 qnz=0 pend=0 rep=9 repnz=0 repmax=0 v=0,0,0,0,0,0,0,0,0
10-04 20:04:56.522 I/hakuX-lane(22669): [occl804] f=6932 wait=0 procs=1 q=5 qnz=0 pend=0 rep=5 repnz=0 repmax=0 v=0,0,0,0,0
10-04 20:04:56.539 I/hakuX-lane(22669): [occl804] f=6933 wait=0 procs=1 q=4 qnz=0 pend=0 rep=4 repnz=0 repmax=0 v=0,0,0,0
10-04 20:04:56.556 I/hakuX-lane(22669): [occl804] f=6934 wait=0 procs=1 q=5 qnz=0 pend=0 rep=5 repnz=0 repmax=0 v=0,0,0,0,0
10-04 20:04:56.571 I/hakuX-lane(22669): [occl804] f=6935 wait=0 procs=1 q=9 qnz=0 pend=0 rep=9 repnz=0 repmax=0 v=0,0,0,0,0,0,0,0,0
10-04 20:04:56.590 I/hakuX-lane(22669): [occl804] f=6936 wait=0 procs=1 q=5 qnz=0 pend=0 rep=5 repnz=0 repmax=0 v=0,0,0,0,0
10-04 20:04:56.606 I/hakuX-lane(22669): [occl804] f=6937 wait=0 procs=1 q=9 qnz=0 pend=0 rep=9 repnz=0 repmax=0 v=0,0,0,0,0,0,0,0,0
10-04 20:04:56.621 I/hakuX-lane(22669): [occl804] f=6938 wait=0 procs=1 q=5 qnz=0 pend=0 rep=5 repnz=0 repmax=0 v=0,0,0,0,0
10-04 20:04:56.640 I/hakuX-lane(22669): [occl804] f=6939 wait=0 procs=1 q=9 qnz=0 pend=0 rep=9 repnz=0 repmax=0 v=0,0,0,0,0,0,0,0,0
10-04 20:04:56.656 I/hakuX-lane(22669): [occl804] f=6940 wait=0 procs=1 q=5 qnz=0 pend=0 rep=5 repnz=0 repmax=0 v=0,0,0,0,0
10-04 20:04:56.690 I/hakuX-lane(22669): [occl804] f=6941 wait=0 procs=1 q=9 qnz=0 pend=0 rep=9 repnz=0 repmax=0 v=0,0,0,0,0,0,0,0,0
10-04 20:04:56.722 I/hakuX-lane(22669): [occl804] f=6943 wait=0 procs=1 q=9 qnz=0 pend=0 rep=9 repnz=0 repmax=0 v=0,0,0,0,0,0,0,0,0
10-04 20:04:56.755 I/hakuX-lane(22669): [occl804] f=6945 wait=0 procs=1 q=9 qnz=0 pend=0 rep=9 repnz=0 repmax=0 v=0,0,0,0,0,0,0,0,0
10-04 20:04:56.789 I/hakuX-lane(22669): [occl804] f=6947 wait=0 procs=1 q=9 qnz=0 pend=0 rep=9 repnz=0 repmax=0 v=0,0,0,0,0,0,0,0,0
10-04 20:04:56.806 I/hakuX-lane(22669): [occl804] f=6949 wait=0 procs=1 q=5 qnz=0 pend=0 rep=5 repnz=0 repmax=0 v=0,0,0,0,0
10-04 20:04:56.839 I/hakuX-lane(22669): [occl804] f=6950 wait=0 procs=1 q=9 qnz=0 pend=0 rep=9 repnz=0 repmax=0 v=0,0,0,0,0,0,0,0,0
10-04 20:04:56.856 I/hakuX-lane(22669): [occl804] f=6952 wait=0 procs=1 q=5 qnz=0 pend=0 rep=5 repnz=0 repmax=0 v=0,0,0,0,0
10-04 20:04:56.872 I/hakuX-lane(22669): [occl804] f=6953 wait=0 procs=1 q=4 qnz=0 pend=0 rep=4 repnz=0 repmax=0 v=0,0,0,0
10-04 20:04:56.890 I/hakuX-lane(22669): [occl804] f=6954 wait=0 procs=1 q=5 qnz=0 pend=0 rep=5 repnz=0 repmax=0 v=0,0,0,0,0
10-04 20:04:56.906 I/hakuX-lane(22669): [occl804] f=6955 wait=0 procs=1 q=5 qnz=0 pend=0 rep=5 repnz=0 repmax=0 v=0,0,0,0,0
10-04 20:04:56.940 I/hakuX-lane(22669): [occl804] f=6956 wait=0 procs=1 q=9 qnz=0 pend=0 rep=9 repnz=0 repmax=0 v=0,0,0,0,0,0,0,0,0
10-04 20:04:56.956 I/hakuX-lane(22669): [occl804] f=6958 wait=0 procs=1 q=5 qnz=0 pend=0 rep=5 repnz=0 repmax=0 v=0,0,0,0,0
10-04 20:04:56.973 I/hakuX-lane(22669): [occl804] f=6959 wait=0 procs=1 q=4 qnz=0 pend=0 rep=4 repnz=0 repmax=0 v=0,0,0,0
10-04 20:04:56.993 I/hakuX-lane(22669): [occl804] f=6960 wait=0 procs=1 q=5 qnz=0 pend=0 rep=5 repnz=0 repmax=0 v=0,0,0,0,0
10-04 20:04:57.006 I/hakuX-lane(22669): [occl804] f=6961 wait=0 procs=1 q=4 qnz=0 pend=0 rep=4 repnz=0 repmax=0 v=0,0,0,0
10-04 20:04:57.040 I/hakuX-lane(22669): [occl804] f=6962 wait=0 procs=1 q=5 qnz=0 pend=0 rep=5 repnz=0 repmax=0 v=0,0,0,0,0
10-04 20:04:57.072 I/hakuX-lane(22669): [occl804] f=6964 wait=0 procs=1 q=9 qnz=0 pend=0 rep=9 repnz=0 repmax=0 v=0,0,0,0,0,0,0,0,0
10-04 20:04:57.089 I/hakuX-lane(22669): [occl804] f=6966 wait=0 procs=1 q=5 qnz=0 pend=0 rep=5 repnz=0 repmax=0 v=0,0,0,0,0
10-04 20:04:57.123 I/hakuX-lane(22669): [occl804] f=6967 wait=0 procs=1 q=9 qnz=0 pend=0 rep=9 repnz=0 repmax=0 v=0,0,0,0,0,0,0,0,0
10-04 20:04:57.140 I/hakuX-lane(22669): [occl804] f=6969 wait=0 procs=1 q=5 qnz=0 pend=0 rep=5 repnz=0 repmax=0 v=0,0,0,0,0
10-04 20:04:57.156 I/hakuX-lane(22669): [occl804] f=6970 wait=0 procs=1 q=4 qnz=0 pend=0 rep=4 repnz=0 repmax=0 v=0,0,0,0
10-04 20:04:57.173 I/hakuX-lane(22669): [occl804] f=6971 wait=0 procs=1 q=5 qnz=0 pend=0 rep=5 repnz=0 repmax=0 v=0,0,0,0,0
10-04 20:04:57.190 I/hakuX-lane(22669): [occl804] f=6972 wait=0 procs=1 q=5 qnz=0 pend=0 rep=5 repnz=0 repmax=0 v=0,0,0,0,0
10-04 20:04:57.206 I/hakuX-lane(22669): [occl804] f=6973 wait=0 procs=1 q=4 qnz=0 pend=0 rep=4 repnz=0 repmax=0 v=0,0,0,0
10-04 20:04:57.223 I/hakuX-lane(22669): [occl804] f=6974 wait=0 procs=1 q=5 qnz=0 pend=0 rep=5 repnz=0 repmax=0 v=0,0,0,0,0
10-04 20:04:57.241 I/hakuX-lane(22669): [occl804] f=6975 wait=0 procs=1 q=5 qnz=0 pend=0 rep=5 repnz=0 repmax=0 v=0,0,0,0,0
10-04 20:04:57.256 I/hakuX-lane(22669): [occl804] f=6976 wait=0 procs=1 q=9 qnz=0 pend=0 rep=9 repnz=0 repmax=0 v=0,0,0,0,0,0,0,0,0
10-04 20:04:57.273 I/hakuX-lane(22669): [occl804] f=6977 wait=0 procs=1 q=5 qnz=0 pend=0 rep=5 repnz=0 repmax=0 v=0,0,0,0,0
10-04 20:04:57.306 I/hakuX-lane(22669): [occl804] f=6978 wait=0 procs=1 q=9 qnz=0 pend=0 rep=9 repnz=0 repmax=0 v=0,0,0,0,0,0,0,0,0
10-04 20:04:57.323 I/hakuX-lane(22669): [occl804] f=6980 wait=0 procs=1 q=5 qnz=0 pend=0 rep=5 repnz=0 repmax=0 v=0,0,0,0,0
10-04 20:04:57.340 I/hakuX-lane(22669): [occl804] f=6981 wait=0 procs=1 q=4 qnz=0 pend=0 rep=4 repnz=0 repmax=0 v=0,0,0,0
10-04 20:04:57.373 I/hakuX-lane(22669): [occl804] f=6982 wait=0 procs=1 q=5 qnz=0 pend=0 rep=5 repnz=0 repmax=0 v=0,0,0,0,0
10-04 20:04:57.406 I/hakuX-lane(22669): [occl804] f=6984 wait=0 procs=1 q=9 qnz=0 pend=0 rep=9 repnz=0 repmax=0 v=0,0,0,0,0,0,0,0,0
10-04 20:04:57.423 I/hakuX-lane(22669): [occl804] f=6986 wait=0 procs=1 q=5 qnz=0 pend=0 rep=5 repnz=0 repmax=0 v=0,0,0,0,0
10-04 20:04:57.440 I/hakuX-lane(22669): [occl804] f=6987 wait=0 procs=1 q=4 qnz=0 pend=0 rep=4 repnz=0 repmax=0 v=0,0,0,0
10-04 20:04:57.509 I/hakuX-lane(22669): [occl804] f=6988 wait=0 procs=1 q=5 qnz=0 pend=0 rep=5 repnz=0 repmax=0 v=0,0,0,0,0
10-04 20:04:57.518 I/hakuX-lane(22669): [occl804] f=6989 wait=0 procs=1 q=5 qnz=0 pend=0 rep=5 repnz=0 repmax=0 v=0,0,0,0,0
10-04 20:04:57.545 I/hakuX-lane(22669): [occl804] f=6990 wait=0 procs=2 q=9 qnz=0 pend=0 rep=9 repnz=0 repmax=0 v=0,0,0,0,0,0,0,0,0
10-04 20:04:57.562 I/hakuX-lane(22669): [occl804] f=6992 wait=0 procs=1 q=9 qnz=0 pend=0 rep=9 repnz=0 repmax=0 v=0,0,0,0,0,0,0,0,0
10-04 20:04:57.578 I/hakuX-lane(22669): [occl804] f=6993 wait=0 procs=1 q=5 qnz=0 pend=0 rep=5 repnz=0 repmax=0 v=0,0,0,0,0
10-04 20:04:57.598 I/hakuX-lane(22669): [occl804] f=6994 wait=0 procs=1 q=9 qnz=0 pend=0 rep=9 repnz=0 repmax=0 v=0,0,0,0,0,0,0,0,0
10-04 20:04:57.612 I/hakuX-lane(22669): [occl804] f=6995 wait=0 procs=1 q=5 qnz=0 pend=0 rep=5 repnz=0 repmax=0 v=0,0,0,0,0
10-04 20:04:57.628 I/hakuX-lane(22669): [occl804] f=6996 wait=0 procs=1 q=4 qnz=0 pend=0 rep=4 repnz=0 repmax=0 v=0,0,0,0
10-04 20:04:57.645 I/hakuX-lane(22669): [occl804] f=6997 wait=0 procs=1 q=5 qnz=0 pend=0 rep=5 repnz=0 repmax=0 v=0,0,0,0,0
10-04 20:04:57.678 I/hakuX-lane(22669): [occl804] f=6998 wait=0 procs=1 q=9 qnz=0 pend=0 rep=9 repnz=0 repmax=0 v=0,0,0,0,0,0,0,0,0
10-04 20:04:57.695 I/hakuX-lane(22669): [occl804] f=7000 wait=0 procs=1 q=9 qnz=0 pend=0 rep=9 repnz=0 repmax=0 v=0,0,0,0,0,0,0,0,0
10-04 20:04:57.712 I/hakuX-lane(22669): [occl804] f=7001 wait=0 procs=1 q=5 qnz=0 pend=0 rep=5 repnz=0 repmax=0 v=0,0,0,0,0
10-04 20:04:57.729 I/hakuX-lane(22669): [occl804] f=7002 wait=0 procs=1 q=4 qnz=0 pend=0 rep=4 repnz=0 repmax=0 v=0,0,0,0
10-04 20:04:57.745 I/hakuX-lane(22669): [occl804] f=7003 wait=0 procs=1 q=5 qnz=0 pend=0 rep=5 repnz=0 repmax=0 v=0,0,0,0,0
10-04 20:04:57.763 I/hakuX-lane(22669): [occl804] f=7004 wait=0 procs=1 q=9 qnz=0 pend=0 rep=9 repnz=0 repmax=0 v=0,0,0,0,0,0,0,0,0
10-04 20:04:57.779 I/hakuX-lane(22669): [occl804] f=7005 wait=0 procs=1 q=5 qnz=0 pend=0 rep=5 repnz=0 repmax=0 v=0,0,0,0,0
10-04 20:04:57.795 I/hakuX-lane(22669): [occl804] f=7006 wait=0 procs=1 q=4 qnz=0 pend=0 rep=4 repnz=0 repmax=0 v=0,0,0,0
10-04 20:04:57.829 I/hakuX-lane(22669): [occl804] f=7007 wait=0 procs=1 q=5 qnz=0 pend=0 rep=5 repnz=0 repmax=0 v=0,0,0,0,0
10-04 20:04:57.862 I/hakuX-lane(22669): [occl804] f=7009 wait=0 procs=1 q=9 qnz=0 pend=0 rep=9 repnz=0 repmax=0 v=0,0,0,0,0,0,0,0,0
10-04 20:04:57.879 I/hakuX-lane(22669): [occl804] f=7011 wait=0 procs=1 q=5 qnz=0 pend=0 rep=5 repnz=0 repmax=0 v=0,0,0,0,0
10-04 20:04:57.897 I/hakuX-lane(22669): [occl804] f=7012 wait=0 procs=1 q=4 qnz=0 pend=0 rep=4 repnz=0 repmax=0 v=0,0,0,0
10-04 20:04:57.913 I/hakuX-lane(22669): [occl804] f=7013 wait=0 procs=1 q=5 qnz=0 pend=0 rep=5 repnz=0 repmax=0 v=0,0,0,0,0
10-04 20:04:57.929 I/hakuX-lane(22669): [occl804] f=7014 wait=0 procs=1 q=4 qnz=0 pend=0 rep=4 repnz=0 repmax=0 v=0,0,0,0
10-04 20:04:57.945 I/hakuX-lane(22669): [occl804] f=7015 wait=0 procs=1 q=5 qnz=0 pend=0 rep=5 repnz=0 repmax=0 v=0,0,0,0,0
10-04 20:04:57.979 I/hakuX-lane(22669): [occl804] f=7016 wait=0 procs=1 q=9 qnz=0 pend=0 rep=9 repnz=0 repmax=0 v=0,0,0,0,0,0,0,0,0
10-04 20:04:58.013 I/hakuX-lane(22669): [occl804] f=7018 wait=0 procs=1 q=9 qnz=0 pend=0 rep=9 repnz=0 repmax=0 v=0,0,0,0,0,0,0,0,0
10-04 20:04:58.029 I/hakuX-lane(22669): [occl804] f=7020 wait=0 procs=1 q=5 qnz=0 pend=0 rep=5 repnz=0 repmax=0 v=0,0,0,0,0
10-04 20:04:58.045 I/hakuX-lane(22669): [occl804] f=7021 wait=0 procs=1 q=4 qnz=0 pend=0 rep=4 repnz=0 repmax=0 v=0,0,0,0
10-04 20:04:58.063 I/hakuX-lane(22669): [occl804] f=7022 wait=0 procs=1 q=5 qnz=0 pend=0 rep=5 repnz=0 repmax=0 v=0,0,0,0,0
10-04 20:04:58.079 I/hakuX-lane(22669): [occl804] f=7023 wait=0 procs=1 q=4 qnz=0 pend=0 rep=4 repnz=0 repmax=0 v=0,0,0,0
10-04 20:04:58.096 I/hakuX-lane(22669): [occl804] f=7024 wait=0 procs=1 q=5 qnz=0 pend=0 rep=5 repnz=0 repmax=0 v=0,0,0,0,0
10-04 20:04:58.129 I/hakuX-lane(22669): [occl804] f=7025 wait=0 procs=1 q=9 qnz=0 pend=0 rep=9 repnz=0 repmax=0 v=0,0,0,0,0,0,0,0,0
10-04 20:04:58.163 I/hakuX-lane(22669): [occl804] f=7027 wait=0 procs=1 q=9 qnz=0 pend=0 rep=9 repnz=0 repmax=0 v=0,0,0,0,0,0,0,0,0
10-04 20:04:58.179 I/hakuX-lane(22669): [occl804] f=7029 wait=0 procs=1 q=5 qnz=0 pend=0 rep=5 repnz=0 repmax=0 v=0,0,0,0,0
10-04 20:04:58.195 I/hakuX-lane(22669): [occl804] f=7030 wait=0 procs=1 q=4 qnz=0 pend=0 rep=4 repnz=0 repmax=0 v=0,0,0,0
10-04 20:04:58.213 I/hakuX-lane(22669): [occl804] f=7031 wait=0 procs=1 q=5 qnz=0 pend=0 rep=5 repnz=0 repmax=0 v=0,0,0,0,0
10-04 20:04:58.246 I/hakuX-lane(22669): [occl804] f=7032 wait=0 procs=1 q=9 qnz=0 pend=0 rep=9 repnz=0 repmax=0 v=0,0,0,0,0,0,0,0,0
10-04 20:04:58.279 I/hakuX-lane(22669): [occl804] f=7034 wait=0 procs=1 q=9 qnz=0 pend=0 rep=9 repnz=0 repmax=0 v=0,0,0,0,0,0,0,0,0
10-04 20:04:58.296 I/hakuX-lane(22669): [occl804] f=7036 wait=0 procs=1 q=5 qnz=0 pend=0 rep=5 repnz=0 repmax=0 v=0,0,0,0,0
10-04 20:04:58.319 I/hakuX-lane(22669): [occl804] f=7037 wait=0 procs=1 q=4 qnz=0 pend=0 rep=4 repnz=0 repmax=0 v=0,0,0,0
10-04 20:04:58.346 I/hakuX-lane(22669): [occl804] f=7038 wait=0 procs=1 q=5 qnz=0 pend=0 rep=5 repnz=0 repmax=0 v=0,0,0,0,0
10-04 20:04:58.379 I/hakuX-lane(22669): [occl804] f=7040 wait=0 procs=1 q=9 qnz=0 pend=0 rep=9 repnz=0 repmax=0 v=0,0,0,0,0,0,0,0,0
10-04 20:04:58.396 I/hakuX-lane(22669): [occl804] f=7042 wait=0 procs=1 q=5 qnz=0 pend=0 rep=5 repnz=0 repmax=0 v=0,0,0,0,0
10-04 20:04:58.413 I/hakuX-lane(22669): [occl804] f=7043 wait=0 procs=1 q=4 qnz=0 pend=0 rep=4 repnz=0 repmax=0 v=0,0,0,0
10-04 20:04:58.429 I/hakuX-lane(22669): [occl804] f=7044 wait=0 procs=1 q=5 qnz=0 pend=0 rep=5 repnz=0 repmax=0 v=0,0,0,0,0
10-04 20:04:58.446 I/hakuX-lane(22669): [occl804] f=7045 wait=0 procs=1 q=4 qnz=0 pend=0 rep=4 repnz=0 repmax=0 v=0,0,0,0
10-04 20:04:58.463 I/hakuX-lane(22669): [occl804] f=7046 wait=0 procs=1 q=5 qnz=0 pend=0 rep=5 repnz=0 repmax=0 v=0,0,0,0,0
10-04 20:04:58.479 I/hakuX-lane(22669): [occl804] f=7047 wait=0 procs=1 q=4 qnz=0 pend=0 rep=4 repnz=0 repmax=0 v=0,0,0,0
10-04 20:04:58.513 I/hakuX-lane(22669): [occl804] f=7048 wait=0 procs=1 q=5 qnz=0 pend=0 rep=5 repnz=0 repmax=0 v=0,0,0,0,0
10-04 20:04:58.547 I/hakuX-lane(22669): [occl804] f=7050 wait=0 procs=1 q=9 qnz=0 pend=0 rep=9 repnz=0 repmax=0 v=0,0,0,0,0,0,0,0,0
10-04 20:04:58.563 I/hakuX-lane(22669): [occl804] f=7052 wait=0 procs=1 q=5 qnz=0 pend=0 rep=5 repnz=0 repmax=0 v=0,0,0,0,0
10-04 20:04:58.579 I/hakuX-lane(22669): [occl804] f=7053 wait=0 procs=1 q=4 qnz=0 pend=0 rep=4 repnz=0 repmax=0 v=0,0,0,0
10-04 20:04:58.613 I/hakuX-lane(22669): [occl804] f=7054 wait=0 procs=1 q=5 qnz=0 pend=0 rep=5 repnz=0 repmax=0 v=0,0,0,0,0
10-04 20:04:58.645 I/hakuX-lane(22669): [occl804] f=7056 wait=0 procs=1 q=9 qnz=0 pend=0 rep=9 repnz=0 repmax=0 v=0,0,0,0,0,0,0,0,0
10-04 20:04:58.663 I/hakuX-lane(22669): [occl804] f=7058 wait=0 procs=1 q=5 qnz=0 pend=0 rep=5 repnz=0 repmax=0 v=0,0,0,0,0
10-04 20:04:58.679 I/hakuX-lane(22669): [occl804] f=7059 wait=0 procs=1 q=4 qnz=0 pend=0 rep=4 repnz=0 repmax=0 v=0,0,0,0
10-04 20:04:58.696 I/hakuX-lane(22669): [occl804] f=7060 wait=0 procs=1 q=5 qnz=0 pend=0 rep=5 repnz=0 repmax=0 v=0,0,0,0,0
10-04 20:04:58.713 I/hakuX-lane(22669): [occl804] f=7061 wait=0 procs=1 q=5 qnz=0 pend=0 rep=5 repnz=0 repmax=0 v=0,0,0,0,0
10-04 20:04:58.729 I/hakuX-lane(22669): [occl804] f=7062 wait=0 procs=1 q=4 qnz=0 pend=0 rep=4 repnz=0 repmax=0 v=0,0,0,0
10-04 20:04:58.763 I/hakuX-lane(22669): [occl804] f=7063 wait=0 procs=1 q=5 qnz=0 pend=0 rep=5 repnz=0 repmax=0 v=0,0,0,0,0
10-04 20:04:58.796 I/hakuX-lane(22669): [occl804] f=7065 wait=0 procs=1 q=9 qnz=0 pend=0 rep=9 repnz=0 repmax=0 v=0,0,0,0,0,0,0,0,0
10-04 20:04:58.813 I/hakuX-lane(22669): [occl804] f=7067 wait=0 procs=1 q=5 qnz=0 pend=0 rep=5 repnz=0 repmax=0 v=0,0,0,0,0
10-04 20:04:58.829 I/hakuX-lane(22669): [occl804] f=7068 wait=0 procs=1 q=4 qnz=0 pend=0 rep=4 repnz=0 repmax=0 v=0,0,0,0
10-04 20:04:58.846 I/hakuX-lane(22669): [occl804] f=7069 wait=0 procs=1 q=5 qnz=0 pend=0 rep=5 repnz=0 repmax=0 v=0,0,0,0,0
10-04 20:04:58.863 I/hakuX-lane(22669): [occl804] f=7070 wait=0 procs=1 q=5 qnz=0 pend=0 rep=5 repnz=0 repmax=0 v=0,0,0,0,0
10-04 20:04:58.896 I/hakuX-lane(22669): [occl804] f=7071 wait=0 procs=1 q=9 qnz=0 pend=0 rep=9 repnz=0 repmax=0 v=0,0,0,0,0,0,0,0,0
10-04 20:04:58.913 I/hakuX-lane(22669): [occl804] f=7073 wait=0 procs=1 q=5 qnz=0 pend=0 rep=5 repnz=0 repmax=0 v=0,0,0,0,0
10-04 20:04:58.929 I/hakuX-lane(22669): [occl804] f=7074 wait=0 procs=1 q=4 qnz=0 pend=0 rep=4 repnz=0 repmax=0 v=0,0,0,0
10-04 20:04:58.967 I/hakuX-lane(22669): [occl804] f=7075 wait=0 procs=1 q=5 qnz=0 pend=0 rep=5 repnz=0 repmax=0 v=0,0,0,0,0
10-04 20:04:58.996 I/hakuX-lane(22669): [occl804] f=7077 wait=0 procs=1 q=9 qnz=0 pend=0 rep=9 repnz=0 repmax=0 v=0,0,0,0,0,0,0,0,0
10-04 20:04:59.013 I/hakuX-lane(22669): [occl804] f=7079 wait=0 procs=1 q=5 qnz=0 pend=0 rep=5 repnz=0 repmax=0 v=0,0,0,0,0
10-04 20:04:59.030 I/hakuX-lane(22669): [occl804] f=7080 wait=0 procs=1 q=4 qnz=0 pend=0 rep=4 repnz=0 repmax=0 v=0,0,0,0
10-04 20:04:59.046 I/hakuX-lane(22669): [occl804] f=7081 wait=0 procs=1 q=5 qnz=0 pend=0 rep=5 repnz=0 repmax=0 v=0,0,0,0,0
10-04 20:04:59.063 I/hakuX-lane(22669): [occl804] f=7082 wait=0 procs=1 q=4 qnz=0 pend=0 rep=4 repnz=0 repmax=0 v=0,0,0,0
10-04 20:04:59.079 I/hakuX-lane(22669): [occl804] f=7083 wait=0 procs=1 q=5 qnz=0 pend=0 rep=5 repnz=0 repmax=0 v=0,0,0,0,0
10-04 20:04:59.096 I/hakuX-lane(22669): [occl804] f=7084 wait=0 procs=1 q=4 qnz=0 pend=0 rep=4 repnz=0 repmax=0 v=0,0,0,0
10-04 20:04:59.129 I/hakuX-lane(22669): [occl804] f=7085 wait=0 procs=1 q=5 qnz=0 pend=0 rep=5 repnz=0 repmax=0 v=0,0,0,0,0
10-04 20:04:59.163 I/hakuX-lane(22669): [occl804] f=7087 wait=0 procs=1 q=9 qnz=0 pend=0 rep=9 repnz=0 repmax=0 v=0,0,0,0,0,0,0,0,0
10-04 20:04:59.179 I/hakuX-lane(22669): [occl804] f=7089 wait=0 procs=1 q=5 qnz=0 pend=0 rep=5 repnz=0 repmax=0 v=0,0,0,0,0
10-04 20:04:59.197 I/hakuX-lane(22669): [occl804] f=7090 wait=0 procs=1 q=4 qnz=0 pend=0 rep=4 repnz=0 repmax=0 v=0,0,0,0
10-04 20:04:59.230 I/hakuX-lane(22669): [occl804] f=7091 wait=0 procs=1 q=5 qnz=0 pend=0 rep=5 repnz=0 repmax=0 v=0,0,0,0,0
10-04 20:04:59.270 I/hakuX-lane(22669): [occl804] f=7093 wait=0 procs=1 q=9 qnz=0 pend=0 rep=9 repnz=0 repmax=0 v=0,0,0,0,0,0,0,0,0
10-04 20:04:59.279 I/hakuX-lane(22669): [occl804] f=7095 wait=0 procs=1 q=5 qnz=0 pend=0 rep=5 repnz=0 repmax=0 v=0,0,0,0,0
10-04 20:04:59.316 I/hakuX-lane(22669): [occl804] f=7096 wait=0 procs=1 q=4 qnz=0 pend=0 rep=4 repnz=0 repmax=0 v=0,0,0,0
10-04 20:04:59.329 I/hakuX-lane(22669): [occl804] f=7098 wait=0 procs=1 q=5 qnz=0 pend=0 rep=5 repnz=0 repmax=0 v=0,0,0,0,0
10-04 20:04:59.363 I/hakuX-lane(22669): [occl804] f=7099 wait=0 procs=1 q=4 qnz=0 pend=0 rep=4 repnz=0 repmax=0 v=0,0,0,0
10-04 20:04:59.379 I/hakuX-lane(22669): [occl804] f=7101 wait=0 procs=1 q=5 qnz=0 pend=0 rep=5 repnz=0 repmax=0 v=0,0,0,0,0
10-04 20:04:59.413 I/hakuX-lane(22669): [occl804] f=7102 wait=0 procs=1 q=4 qnz=0 pend=0 rep=4 repnz=0 repmax=0 v=0,0,0,0
10-04 20:04:59.430 I/hakuX-lane(22669): [occl804] f=7104 wait=0 procs=1 q=5 qnz=0 pend=0 rep=5 repnz=0 repmax=0 v=0,0,0,0,0
10-04 20:04:59.463 I/hakuX-lane(22669): [occl804] f=7105 wait=0 procs=1 q=4 qnz=0 pend=0 rep=4 repnz=0 repmax=0 v=0,0,0,0
10-04 20:04:59.479 I/hakuX-lane(22669): [occl804] f=7107 wait=0 procs=1 q=5 qnz=0 pend=0 rep=5 repnz=0 repmax=0 v=0,0,0,0,0
10-04 20:04:59.513 I/hakuX-lane(22669): [occl804] f=7108 wait=0 procs=1 q=4 qnz=0 pend=0 rep=4 repnz=0 repmax=0 v=0,0,0,0
10-04 20:04:59.529 I/hakuX-lane(22669): [occl804] f=7110 wait=0 procs=1 q=5 qnz=0 pend=0 rep=5 repnz=0 repmax=0 v=0,0,0,0,0
10-04 20:04:59.546 I/hakuX-lane(22669): [occl804] f=7111 wait=0 procs=1 q=4 qnz=0 pend=0 rep=4 repnz=0 repmax=0 v=0,0,0,0
10-04 20:04:59.579 I/hakuX-lane(22669): [occl804] f=7112 wait=0 procs=1 q=5 qnz=0 pend=0 rep=5 repnz=0 repmax=0 v=0,0,0,0,0
10-04 20:04:59.596 I/hakuX-lane(22669): [occl804] f=7114 wait=0 procs=1 q=4 qnz=0 pend=0 rep=4 repnz=0 repmax=0 v=0,0,0,0
10-04 20:04:59.629 I/hakuX-lane(22669): [occl804] f=7115 wait=0 procs=1 q=5 qnz=0 pend=0 rep=5 repnz=0 repmax=0 v=0,0,0,0,0
10-04 20:04:59.646 I/hakuX-lane(22669): [occl804] f=7117 wait=0 procs=1 q=4 qnz=0 pend=0 rep=4 repnz=0 repmax=0 v=0,0,0,0
10-04 20:04:59.696 I/hakuX-lane(22669): [occl804] f=7118 wait=0 procs=1 q=5 qnz=0 pend=0 rep=5 repnz=0 repmax=0 v=0,0,0,0,0
10-04 20:04:59.747 I/hakuX-lane(22669): [occl804] f=7121 wait=0 procs=1 q=9 qnz=0 pend=0 rep=9 repnz=0 repmax=0 v=0,0,0,0,0,0,0,0,0
10-04 20:04:59.763 I/hakuX-lane(22669): [occl804] f=7124 wait=0 procs=1 q=5 qnz=0 pend=0 rep=5 repnz=0 repmax=0 v=0,0,0,0,0
10-04 20:04:59.796 I/hakuX-lane(22669): [occl804] f=7125 wait=0 procs=1 q=4 qnz=0 pend=0 rep=4 repnz=0 repmax=0 v=0,0,0,0
10-04 20:04:59.814 I/hakuX-lane(22669): [occl804] f=7127 wait=0 procs=1 q=5 qnz=0 pend=0 rep=5 repnz=0 repmax=0 v=0,0,0,0,0
10-04 20:04:59.846 I/hakuX-lane(22669): [occl804] f=7128 wait=0 procs=1 q=4 qnz=0 pend=0 rep=4 repnz=0 repmax=0 v=0,0,0,0
10-04 20:04:59.879 I/hakuX-lane(22669): [occl804] f=7130 wait=0 procs=1 q=5 qnz=0 pend=0 rep=5 repnz=0 repmax=0 v=0,0,0,0,0
10-04 20:04:59.929 I/hakuX-lane(22669): [occl804] f=7132 wait=0 procs=1 q=9 qnz=0 pend=0 rep=9 repnz=0 repmax=0 v=0,0,0,0,0,0,0,0,0
10-04 20:04:59.946 I/hakuX-lane(22669): [occl804] f=7135 wait=0 procs=1 q=5 qnz=0 pend=0 rep=5 repnz=0 repmax=0 v=0,0,0,0,0
10-04 20:04:59.963 I/hakuX-lane(22669): [occl804] f=7136 wait=0 procs=1 q=4 qnz=0 pend=0 rep=4 repnz=0 repmax=0 v=0,0,0,0
10-04 20:04:59.996 I/hakuX-lane(22669): [occl804] f=7137 wait=0 procs=1 q=5 qnz=0 pend=0 rep=5 repnz=0 repmax=0 v=0,0,0,0,0
10-04 20:05:00.046 I/hakuX-lane(22669): [occl804] f=7139 wait=0 procs=1 q=9 qnz=0 pend=0 rep=9 repnz=0 repmax=0 v=0,0,0,0,0,0,0,0,0
10-04 20:05:00.063 I/hakuX-lane(22669): [occl804] f=7142 wait=0 procs=1 q=5 qnz=0 pend=0 rep=5 repnz=0 repmax=0 v=0,0,0,0,0
10-04 20:05:00.079 I/hakuX-lane(22669): [occl804] f=7143 wait=0 procs=1 q=4 qnz=0 pend=0 rep=4 repnz=0 repmax=0 v=0,0,0,0
10-04 20:05:00.113 I/hakuX-lane(22669): [occl804] f=7144 wait=0 procs=1 q=5 qnz=0 pend=0 rep=5 repnz=0 repmax=0 v=0,0,0,0,0
10-04 20:05:00.129 I/hakuX-lane(22669): [occl804] f=7146 wait=0 procs=1 q=5 qnz=0 pend=0 rep=5 repnz=0 repmax=0 v=0,0,0,0,0
10-04 20:05:00.147 I/hakuX-lane(22669): [occl804] f=7147 wait=0 procs=1 q=4 qnz=0 pend=0 rep=4 repnz=0 repmax=0 v=0,0,0,0
10-04 20:05:00.196 I/hakuX-lane(22669): [occl804] f=7148 wait=0 procs=1 q=5 qnz=0 pend=0 rep=5 repnz=0 repmax=0 v=0,0,0,0,0
10-04 20:05:00.246 I/hakuX-lane(22669): [occl804] f=7151 wait=0 procs=1 q=9 qnz=0 pend=0 rep=9 repnz=0 repmax=0 v=0,0,0,0,0,0,0,0,0
10-04 20:05:00.263 I/hakuX-lane(22669): [occl804] f=7154 wait=0 procs=1 q=5 qnz=0 pend=0 rep=5 repnz=0 repmax=0 v=0,0,0,0,0
10-04 20:05:00.296 I/hakuX-lane(22669): [occl804] f=7155 wait=0 procs=1 q=4 qnz=0 pend=0 rep=4 repnz=0 repmax=0 v=0,0,0,0
10-04 20:05:00.330 I/hakuX-lane(22669): [occl804] f=7157 wait=0 procs=1 q=5 qnz=0 pend=0 rep=5 repnz=0 repmax=0 v=0,0,0,0,0
10-04 20:05:00.379 I/hakuX-lane(22669): [occl804] f=7159 wait=0 procs=1 q=9 qnz=0 pend=0 rep=9 repnz=0 repmax=0 v=0,0,0,0,0,0,0,0,0
10-04 20:05:00.396 I/hakuX-lane(22669): [occl804] f=7162 wait=0 procs=1 q=5 qnz=0 pend=0 rep=5 repnz=0 repmax=0 v=0,0,0,0,0
10-04 20:05:00.429 I/hakuX-lane(22669): [occl804] f=7163 wait=0 procs=1 q=4 qnz=0 pend=0 rep=4 repnz=0 repmax=0 v=0,0,0,0
10-04 20:05:00.463 I/hakuX-lane(22669): [occl804] f=7165 wait=0 procs=1 q=5 qnz=0 pend=0 rep=5 repnz=0 repmax=0 v=0,0,0,0,0
10-04 20:05:00.496 I/hakuX-lane(22669): [occl804] f=7167 wait=0 procs=1 q=7 qnz=0 pend=0 rep=7 repnz=0 repmax=0 v=0,0,0,0,0,0,0
10-04 20:05:00.513 I/hakuX-lane(22669): [occl804] f=7169 wait=0 procs=1 q=5 qnz=0 pend=0 rep=5 repnz=0 repmax=0 v=0,0,0,0,0
10-04 20:05:00.546 I/hakuX-lane(22669): [occl804] f=7170 wait=0 procs=1 q=2 qnz=0 pend=0 rep=2 repnz=0 repmax=0 v=0,0
10-04 20:05:00.580 I/hakuX-lane(22669): [occl804] f=7172 wait=0 procs=1 q=5 qnz=0 pend=0 rep=5 repnz=0 repmax=0 v=0,0,0,0,0
10-04 20:05:00.596 I/hakuX-lane(22669): [occl804] f=7174 wait=0 procs=1 q=2 qnz=0 pend=0 rep=2 repnz=0 repmax=0 v=0,0
10-04 20:05:00.630 I/hakuX-lane(22669): [occl804] f=7175 wait=0 procs=1 q=5 qnz=0 pend=0 rep=5 repnz=0 repmax=0 v=0,0,0,0,0
10-04 20:05:00.646 I/hakuX-lane(22669): [occl804] f=7177 wait=0 procs=1 q=5 qnz=0 pend=0 rep=5 repnz=0 repmax=0 v=0,0,0,0,0
10-04 20:05:00.680 I/hakuX-lane(22669): [occl804] f=7178 wait=0 procs=1 q=2 qnz=0 pend=0 rep=2 repnz=0 repmax=0 v=0,0
10-04 20:05:00.714 I/hakuX-lane(22669): [occl804] f=7180 wait=0 procs=1 q=5 qnz=0 pend=0 rep=5 repnz=0 repmax=0 v=0,0,0,0,0
10-04 20:05:00.764 I/hakuX-lane(22669): [occl804] f=7182 wait=0 procs=1 q=7 qnz=0 pend=0 rep=7 repnz=0 repmax=0 v=0,0,0,0,0,0,0
10-04 20:05:00.780 I/hakuX-lane(22669): [occl804] f=7185 wait=0 procs=1 q=5 qnz=0 pend=0 rep=5 repnz=0 repmax=0 v=0,0,0,0,0
10-04 20:05:00.796 I/hakuX-lane(22669): [occl804] f=7186 wait=0 procs=1 q=2 qnz=0 pend=0 rep=2 repnz=0 repmax=0 v=0,0
10-04 20:05:00.830 I/hakuX-lane(22669): [occl804] f=7187 wait=0 procs=1 q=5 qnz=0 pend=0 rep=5 repnz=0 repmax=0 v=0,0,0,0,0
10-04 20:05:00.864 I/hakuX-lane(22669): [occl804] f=7189 wait=0 procs=1 q=7 qnz=0 pend=0 rep=7 repnz=0 repmax=0 v=0,0,0,0,0,0,0
10-04 20:05:00.880 I/hakuX-lane(22669): [occl804] f=7191 wait=0 procs=1 q=5 qnz=0 pend=0 rep=5 repnz=0 repmax=0 v=0,0,0,0,0
10-04 20:05:00.914 I/hakuX-lane(22669): [occl804] f=7192 wait=0 procs=1 q=2 qnz=0 pend=0 rep=2 repnz=0 repmax=0 v=0,0
10-04 20:05:00.929 I/hakuX-lane(22669): [occl804] f=7194 wait=0 procs=1 q=5 qnz=0 pend=0 rep=5 repnz=0 repmax=0 v=0,0,0,0,0
10-04 20:05:00.947 I/hakuX-lane(22669): [occl804] f=7195 wait=0 procs=1 q=2 qnz=0 pend=0 rep=2 repnz=0 repmax=0 v=0,0
10-04 20:05:00.980 I/hakuX-lane(22669): [occl804] f=7196 wait=0 procs=1 q=5 qnz=0 pend=0 rep=5 repnz=0 repmax=0 v=0,0,0,0,0
10-04 20:05:01.014 I/hakuX-lane(22669): [occl804] f=7198 wait=0 procs=1 q=7 qnz=0 pend=0 rep=7 repnz=0 repmax=0 v=0,0,0,0,0,0,0
10-04 20:05:01.030 I/hakuX-lane(22669): [occl804] f=7200 wait=0 procs=1 q=5 qnz=0 pend=0 rep=5 repnz=0 repmax=0 v=0,0,0,0,0
10-04 20:05:01.047 I/hakuX-lane(22669): [occl804] f=7201 wait=0 procs=1 q=2 qnz=0 pend=0 rep=2 repnz=0 repmax=0 v=0,0
10-04 20:05:01.080 I/hakuX-lane(22669): [occl804] f=7202 wait=0 procs=1 q=5 qnz=0 pend=0 rep=5 repnz=0 repmax=0 v=0,0,0,0,0
10-04 20:05:01.114 I/hakuX-lane(22669): [occl804] f=7204 wait=0 procs=1 q=7 qnz=0 pend=0 rep=7 repnz=0 repmax=0 v=0,0,0,0,0,0,0
10-04 20:05:01.130 I/hakuX-lane(22669): [occl804] f=7206 wait=0 procs=1 q=5 qnz=0 pend=0 rep=5 repnz=0 repmax=0 v=0,0,0,0,0
10-04 20:05:01.147 I/hakuX-lane(22669): [occl804] f=7207 wait=0 procs=1 q=2 qnz=0 pend=0 rep=2 repnz=0 repmax=0 v=0,0
10-04 20:05:01.180 I/hakuX-lane(22669): [occl804] f=7208 wait=0 procs=1 q=5 qnz=0 pend=0 rep=5 repnz=0 repmax=0 v=0,0,0,0,0
10-04 20:05:01.214 I/hakuX-lane(22669): [occl804] f=7210 wait=0 procs=1 q=7 qnz=0 pend=0 rep=7 repnz=0 repmax=0 v=0,0,0,0,0,0,0
10-04 20:05:01.230 I/hakuX-lane(22669): [occl804] f=7212 wait=0 procs=1 q=5 qnz=0 pend=0 rep=5 repnz=0 repmax=0 v=0,0,0,0,0
10-04 20:05:01.247 I/hakuX-lane(22669): [occl804] f=7213 wait=0 procs=1 q=2 qnz=0 pend=0 rep=2 repnz=0 repmax=0 v=0,0
10-04 20:05:01.280 I/hakuX-lane(22669): [occl804] f=7214 wait=0 procs=1 q=5 qnz=0 pend=0 rep=5 repnz=0 repmax=0 v=0,0,0,0,0
10-04 20:05:01.296 I/hakuX-lane(22669): [occl804] f=7216 wait=0 procs=1 q=5 qnz=0 pend=0 rep=5 repnz=0 repmax=0 v=0,0,0,0,0
10-04 20:05:01.330 I/hakuX-lane(22669): [occl804] f=7217 wait=0 procs=1 q=2 qnz=0 pend=0 rep=2 repnz=0 repmax=0 v=0,0
10-04 20:05:01.347 I/hakuX-lane(22669): [occl804] f=7219 wait=0 procs=1 q=5 qnz=0 pend=0 rep=5 repnz=0 repmax=0 v=0,0,0,0,0
10-04 20:05:01.383 I/hakuX-lane(22669): [occl804] f=7220 wait=0 procs=1 q=2 qnz=0 pend=0 rep=2 repnz=0 repmax=0 v=0,0
10-04 20:05:01.400 I/hakuX-lane(22669): [occl804] f=7222 wait=0 procs=1 q=5 qnz=0 pend=0 rep=5 repnz=0 repmax=0 v=0,0,0,0,0
10-04 20:05:01.417 I/hakuX-lane(22669): [occl804] f=7223 wait=0 procs=1 q=2 qnz=0 pend=0 rep=2 repnz=0 repmax=0 v=0,0
10-04 20:05:01.449 I/hakuX-lane(22669): [occl804] f=7224 wait=0 procs=1 q=5 qnz=0 pend=0 rep=5 repnz=0 repmax=0 v=0,0,0,0,0
10-04 20:05:01.483 I/hakuX-lane(22669): [occl804] f=7226 wait=0 procs=1 q=7 qnz=0 pend=0 rep=7 repnz=0 repmax=0 v=0,0,0,0,0,0,0
10-04 20:05:01.499 I/hakuX-lane(22669): [occl804] f=7228 wait=0 procs=1 q=5 qnz=0 pend=0 rep=5 repnz=0 repmax=0 v=0,0,0,0,0
10-04 20:05:01.517 I/hakuX-lane(22669): [occl804] f=7229 wait=0 procs=1 q=2 qnz=0 pend=0 rep=2 repnz=0 repmax=0 v=0,0
10-04 20:05:01.554 I/hakuX-lane(22669): [occl804] f=7230 wait=0 procs=1 q=5 qnz=0 pend=0 rep=5 repnz=0 repmax=0 v=0,0,0,0,0
10-04 20:05:01.583 I/hakuX-lane(22669): [occl804] f=7232 wait=0 procs=1 q=7 qnz=0 pend=0 rep=7 repnz=0 repmax=0 v=0,0,0,0,0,0,0
10-04 20:05:01.599 I/hakuX-lane(22669): [occl804] f=7234 wait=0 procs=1 q=5 qnz=0 pend=0 rep=5 repnz=0 repmax=0 v=0,0,0,0,0
10-04 20:05:01.617 I/hakuX-lane(22669): [occl804] f=7235 wait=0 procs=1 q=2 qnz=0 pend=0 rep=2 repnz=0 repmax=0 v=0,0
10-04 20:05:01.633 I/hakuX-lane(22669): [occl804] f=7236 wait=0 procs=1 q=5 qnz=0 pend=0 rep=5 repnz=0 repmax=0 v=0,0,0,0,0
10-04 20:05:01.650 I/hakuX-lane(22669): [occl804] f=7237 wait=0 procs=1 q=2 qnz=0 pend=0 rep=2 repnz=0 repmax=0 v=0,0
10-04 20:05:01.683 I/hakuX-lane(22669): [occl804] f=7238 wait=0 procs=1 q=5 qnz=0 pend=0 rep=5 repnz=0 repmax=0 v=0,0,0,0,0
10-04 20:05:01.717 I/hakuX-lane(22669): [occl804] f=7240 wait=0 procs=1 q=7 qnz=0 pend=0 rep=7 repnz=0 repmax=0 v=0,0,0,0,0,0,0
10-04 20:05:01.733 I/hakuX-lane(22669): [occl804] f=7242 wait=0 procs=1 q=5 qnz=0 pend=0 rep=5 repnz=0 repmax=0 v=0,0,0,0,0
10-04 20:05:01.750 I/hakuX-lane(22669): [occl804] f=7243 wait=0 procs=1 q=2 qnz=0 pend=0 rep=2 repnz=0 repmax=0 v=0,0
10-04 20:05:01.783 I/hakuX-lane(22669): [occl804] f=7244 wait=0 procs=1 q=5 qnz=0 pend=0 rep=5 repnz=0 repmax=0 v=0,0,0,0,0
10-04 20:05:01.817 I/hakuX-lane(22669): [occl804] f=7246 wait=0 procs=1 q=7 qnz=0 pend=0 rep=7 repnz=0 repmax=0 v=0,0,0,0,0,0,0
10-04 20:05:01.833 I/hakuX-lane(22669): [occl804] f=7248 wait=0 procs=1 q=5 qnz=0 pend=0 rep=5 repnz=0 repmax=0 v=0,0,0,0,0
10-04 20:05:01.850 I/hakuX-lane(22669): [occl804] f=7249 wait=0 procs=1 q=2 qnz=0 pend=0 rep=2 repnz=0 repmax=0 v=0,0
10-04 20:05:01.883 I/hakuX-lane(22669): [occl804] f=7250 wait=0 procs=1 q=5 qnz=0 pend=0 rep=5 repnz=0 repmax=0 v=0,0,0,0,0
10-04 20:05:01.917 I/hakuX-lane(22669): [occl804] f=7252 wait=0 procs=1 q=7 qnz=0 pend=0 rep=7 repnz=0 repmax=0 v=0,0,0,0,0,0,0
10-04 20:05:01.933 I/hakuX-lane(22669): [occl804] f=7254 wait=0 procs=1 q=5 qnz=0 pend=0 rep=5 repnz=0 repmax=0 v=0,0,0,0,0
10-04 20:05:01.951 I/hakuX-lane(22669): [occl804] f=7255 wait=0 procs=1 q=2 qnz=0 pend=0 rep=2 repnz=0 repmax=0 v=0,0
10-04 20:05:01.984 I/hakuX-lane(22669): [occl804] f=7256 wait=0 procs=1 q=5 qnz=0 pend=0 rep=5 repnz=0 repmax=0 v=0,0,0,0,0
10-04 20:05:02.017 I/hakuX-lane(22669): [occl804] f=7258 wait=0 procs=1 q=7 qnz=0 pend=0 rep=7 repnz=0 repmax=0 v=0,0,0,0,0,0,0
10-04 20:05:02.033 I/hakuX-lane(22669): [occl804] f=7260 wait=0 procs=1 q=5 qnz=0 pend=0 rep=5 repnz=0 repmax=0 v=0,0,0,0,0
10-04 20:05:02.050 I/hakuX-lane(22669): [occl804] f=7261 wait=0 procs=1 q=2 qnz=0 pend=0 rep=2 repnz=0 repmax=0 v=0,0
10-04 20:05:02.083 I/hakuX-lane(22669): [occl804] f=7262 wait=0 procs=1 q=5 qnz=0 pend=0 rep=5 repnz=0 repmax=0 v=0,0,0,0,0
10-04 20:05:02.118 I/hakuX-lane(22669): [occl804] f=7264 wait=0 procs=1 q=7 qnz=0 pend=0 rep=7 repnz=0 repmax=0 v=0,0,0,0,0,0,0
10-04 20:05:02.150 I/hakuX-lane(22669): [occl804] f=7266 wait=0 procs=1 q=7 qnz=0 pend=0 rep=7 repnz=0 repmax=0 v=0,0,0,0,0,0,0
10-04 20:05:02.168 I/hakuX-lane(22669): [occl804] f=7268 wait=0 procs=1 q=5 qnz=0 pend=0 rep=5 repnz=0 repmax=0 v=0,0,0,0,0
10-04 20:05:02.184 I/hakuX-lane(22669): [occl804] f=7269 wait=0 procs=1 q=2 qnz=0 pend=0 rep=2 repnz=0 repmax=0 v=0,0
10-04 20:05:02.219 I/hakuX-lane(22669): [occl804] f=7270 wait=0 procs=1 q=5 qnz=0 pend=0 rep=5 repnz=0 repmax=0 v=0,0,0,0,0
10-04 20:05:02.251 I/hakuX-lane(22669): [occl804] f=7272 wait=0 procs=1 q=7 qnz=0 pend=0 rep=7 repnz=0 repmax=0 v=0,0,0,0,0,0,0
10-04 20:05:02.284 I/hakuX-lane(22669): [occl804] f=7274 wait=0 procs=1 q=7 qnz=0 pend=0 rep=7 repnz=0 repmax=0 v=0,0,0,0,0,0,0
10-04 20:05:02.300 I/hakuX-lane(22669): [occl804] f=7276 wait=0 procs=1 q=5 qnz=0 pend=0 rep=5 repnz=0 repmax=0 v=0,0,0,0,0
10-04 20:05:02.318 I/hakuX-lane(22669): [occl804] f=7277 wait=0 procs=1 q=2 qnz=0 pend=0 rep=2 repnz=0 repmax=0 v=0,0
10-04 20:05:02.351 I/hakuX-lane(22669): [occl804] f=7278 wait=0 procs=1 q=5 qnz=0 pend=0 rep=5 repnz=0 repmax=0 v=0,0,0,0,0
10-04 20:05:02.384 I/hakuX-lane(22669): [occl804] f=7280 wait=0 procs=1 q=7 qnz=0 pend=0 rep=7 repnz=0 repmax=0 v=0,0,0,0,0,0,0
10-04 20:05:02.401 I/hakuX-lane(22669): [occl804] f=7282 wait=0 procs=1 q=5 qnz=0 pend=0 rep=5 repnz=0 repmax=0 v=0,0,0,0,0
10-04 20:05:02.418 I/hakuX-lane(22669): [occl804] f=7283 wait=0 procs=1 q=2 qnz=0 pend=0 rep=2 repnz=0 repmax=0 v=0,0
10-04 20:05:02.451 I/hakuX-lane(22669): [occl804] f=7284 wait=0 procs=1 q=5 qnz=0 pend=0 rep=5 repnz=0 repmax=0 v=0,0,0,0,0
10-04 20:05:02.486 I/hakuX-lane(22669): [occl804] f=7286 wait=0 procs=1 q=7 qnz=0 pend=0 rep=7 repnz=0 repmax=0 v=0,0,0,0,0,0,0
10-04 20:05:02.501 I/hakuX-lane(22669): [occl804] f=7288 wait=0 procs=1 q=5 qnz=0 pend=0 rep=5 repnz=0 repmax=0 v=0,0,0,0,0
10-04 20:05:02.518 I/hakuX-lane(22669): [occl804] f=7289 wait=0 procs=1 q=2 qnz=0 pend=0 rep=2 repnz=0 repmax=0 v=0,0
10-04 20:05:02.551 I/hakuX-lane(22669): [occl804] f=7290 wait=0 procs=1 q=5 qnz=0 pend=0 rep=5 repnz=0 repmax=0 v=0,0,0,0,0
10-04 20:05:02.584 I/hakuX-lane(22669): [occl804] f=7292 wait=0 procs=1 q=7 qnz=0 pend=0 rep=7 repnz=0 repmax=0 v=0,0,0,0,0,0,0
10-04 20:05:02.601 I/hakuX-lane(22669): [occl804] f=7294 wait=0 procs=1 q=5 qnz=0 pend=0 rep=5 repnz=0 repmax=0 v=0,0,0,0,0
10-04 20:05:02.619 I/hakuX-lane(22669): [occl804] f=7295 wait=0 procs=1 q=2 qnz=0 pend=0 rep=2 repnz=0 repmax=0 v=0,0
10-04 20:05:02.634 I/hakuX-lane(22669): [occl804] f=7296 wait=0 procs=1 q=5 qnz=0 pend=0 rep=5 repnz=0 repmax=0 v=0,0,0,0,0
10-04 20:05:02.651 I/hakuX-lane(22669): [occl804] f=7297 wait=0 procs=1 q=2 qnz=0 pend=0 rep=2 repnz=0 repmax=0 v=0,0
10-04 20:05:02.668 I/hakuX-lane(22669): [occl804] f=7298 wait=0 procs=1 q=5 qnz=0 pend=0 rep=5 repnz=0 repmax=0 v=0,0,0,0,0
10-04 20:05:02.684 I/hakuX-lane(22669): [occl804] f=7299 wait=0 procs=1 q=2 qnz=0 pend=0 rep=2 repnz=0 repmax=0 v=0,0
10-04 20:05:02.718 I/hakuX-lane(22669): [occl804] f=7300 wait=0 procs=1 q=5 qnz=0 pend=0 rep=5 repnz=0 repmax=0 v=0,0,0,0,0
10-04 20:05:02.752 I/hakuX-lane(22669): [occl804] f=7302 wait=0 procs=1 q=7 qnz=0 pend=0 rep=7 repnz=0 repmax=0 v=0,0,0,0,0,0,0
10-04 20:05:02.768 I/hakuX-lane(22669): [occl804] f=7304 wait=0 procs=1 q=5 qnz=0 pend=0 rep=5 repnz=0 repmax=0 v=0,0,0,0,0
10-04 20:05:02.784 I/hakuX-lane(22669): [occl804] f=7305 wait=0 procs=1 q=2 qnz=0 pend=0 rep=2 repnz=0 repmax=0 v=0,0
10-04 20:05:02.818 I/hakuX-lane(22669): [occl804] f=7306 wait=0 procs=1 q=5 qnz=0 pend=0 rep=5 repnz=0 repmax=0 v=0,0,0,0,0
10-04 20:05:02.851 I/hakuX-lane(22669): [occl804] f=7308 wait=0 procs=1 q=7 qnz=0 pend=0 rep=7 repnz=0 repmax=0 v=0,0,0,0,0,0,0
10-04 20:05:02.868 I/hakuX-lane(22669): [occl804] f=7310 wait=0 procs=1 q=5 qnz=0 pend=0 rep=5 repnz=0 repmax=0 v=0,0,0,0,0
10-04 20:05:02.885 I/hakuX-lane(22669): [occl804] f=7311 wait=0 procs=1 q=2 qnz=0 pend=0 rep=2 repnz=0 repmax=0 v=0,0
10-04 20:05:02.918 I/hakuX-lane(22669): [occl804] f=7312 wait=0 procs=1 q=5 qnz=0 pend=0 rep=5 repnz=0 repmax=0 v=0,0,0,0,0
10-04 20:05:02.951 I/hakuX-lane(22669): [occl804] f=7314 wait=0 procs=1 q=7 qnz=0 pend=0 rep=7 repnz=0 repmax=0 v=0,0,0,0,0,0,0
10-04 20:05:02.968 I/hakuX-lane(22669): [occl804] f=7316 wait=0 procs=1 q=5 qnz=0 pend=0 rep=5 repnz=0 repmax=0 v=0,0,0,0,0
10-04 20:05:02.984 I/hakuX-lane(22669): [occl804] f=7317 wait=0 procs=1 q=2 qnz=0 pend=0 rep=2 repnz=0 repmax=0 v=0,0
10-04 20:05:03.019 I/hakuX-lane(22669): [occl804] f=7318 wait=0 procs=1 q=5 qnz=0 pend=0 rep=5 repnz=0 repmax=0 v=0,0,0,0,0
10-04 20:05:03.051 I/hakuX-lane(22669): [occl804] f=7320 wait=0 procs=1 q=7 qnz=0 pend=0 rep=7 repnz=0 repmax=0 v=0,0,0,0,0,0,0
10-04 20:05:03.085 I/hakuX-lane(22669): [occl804] f=7322 wait=0 procs=1 q=7 qnz=0 pend=0 rep=7 repnz=0 repmax=0 v=0,0,0,0,0,0,0
10-04 20:05:03.101 I/hakuX-lane(22669): [occl804] f=7324 wait=0 procs=1 q=5 qnz=0 pend=0 rep=5 repnz=0 repmax=0 v=0,0,0,0,0
10-04 20:05:03.118 I/hakuX-lane(22669): [occl804] f=7325 wait=0 procs=1 q=2 qnz=0 pend=0 rep=2 repnz=0 repmax=0 v=0,0
10-04 20:05:03.151 I/hakuX-lane(22669): [occl804] f=7326 wait=0 procs=1 q=5 qnz=0 pend=0 rep=5 repnz=0 repmax=0 v=0,0,0,0,0
10-04 20:05:03.185 I/hakuX-lane(22669): [occl804] f=7328 wait=0 procs=1 q=7 qnz=0 pend=0 rep=7 repnz=0 repmax=0 v=0,0,0,0,0,0,0
10-04 20:05:03.201 I/hakuX-lane(22669): [occl804] f=7330 wait=0 procs=1 q=5 qnz=0 pend=0 rep=5 repnz=0 repmax=0 v=0,0,0,0,0
10-04 20:05:03.235 I/hakuX-lane(22669): [occl804] f=7331 wait=0 procs=1 q=7 qnz=0 pend=0 rep=7 repnz=0 repmax=0 v=0,0,0,0,0,0,0
10-04 20:05:03.269 I/hakuX-lane(22669): [occl804] f=7333 wait=0 procs=1 q=7 qnz=0 pend=0 rep=7 repnz=0 repmax=0 v=0,0,0,0,0,0,0
10-04 20:05:03.286 I/hakuX-lane(22669): [occl804] f=7335 wait=0 procs=1 q=5 qnz=0 pend=0 rep=5 repnz=0 repmax=0 v=0,0,0,0,0
10-04 20:05:03.301 I/hakuX-lane(22669): [occl804] f=7336 wait=0 procs=1 q=2 qnz=0 pend=0 rep=2 repnz=0 repmax=0 v=0,0
10-04 20:05:03.335 I/hakuX-lane(22669): [occl804] f=7337 wait=0 procs=1 q=5 qnz=0 pend=0 rep=5 repnz=0 repmax=0 v=0,0,0,0,0
10-04 20:05:03.369 I/hakuX-lane(22669): [occl804] f=7339 wait=0 procs=1 q=7 qnz=0 pend=0 rep=7 repnz=0 repmax=0 v=0,0,0,0,0,0,0
10-04 20:05:03.385 I/hakuX-lane(22669): [occl804] f=7341 wait=0 procs=1 q=5 qnz=0 pend=0 rep=5 repnz=0 repmax=0 v=0,0,0,0,0
10-04 20:05:03.400 I/hakuX-lane(22669): [occl804] f=7342 wait=0 procs=1 q=2 qnz=0 pend=0 rep=2 repnz=0 repmax=0 v=0,0
10-04 20:05:03.435 I/hakuX-lane(22669): [occl804] f=7343 wait=0 procs=1 q=5 qnz=0 pend=0 rep=5 repnz=0 repmax=0 v=0,0,0,0,0
10-04 20:05:03.469 I/hakuX-lane(22669): [occl804] f=7345 wait=0 procs=1 q=7 qnz=0 pend=0 rep=7 repnz=0 repmax=0 v=0,0,0,0,0,0,0
10-04 20:05:03.485 I/hakuX-lane(22669): [occl804] f=7347 wait=0 procs=1 q=5 qnz=0 pend=0 rep=5 repnz=0 repmax=0 v=0,0,0,0,0
10-04 20:05:03.502 I/hakuX-lane(22669): [occl804] f=7348 wait=0 procs=1 q=2 qnz=0 pend=0 rep=2 repnz=0 repmax=0 v=0,0
10-04 20:05:03.518 I/hakuX-lane(22669): [occl804] f=7349 wait=0 procs=1 q=5 qnz=0 pend=0 rep=5 repnz=0 repmax=0 v=0,0,0,0,0
10-04 20:05:03.535 I/hakuX-lane(22669): [occl804] f=7350 wait=0 procs=1 q=2 qnz=0 pend=0 rep=2 repnz=0 repmax=0 v=0,0
10-04 20:05:03.569 I/hakuX-lane(22669): [occl804] f=7351 wait=0 procs=1 q=5 qnz=0 pend=0 rep=5 repnz=0 repmax=0 v=0,0,0,0,0
10-04 20:05:03.602 I/hakuX-lane(22669): [occl804] f=7353 wait=0 procs=1 q=7 qnz=0 pend=0 rep=7 repnz=0 repmax=0 v=0,0,0,0,0,0,0
10-04 20:05:03.619 I/hakuX-lane(22669): [occl804] f=7355 wait=0 procs=1 q=5 qnz=0 pend=0 rep=5 repnz=0 repmax=0 v=0,0,0,0,0
10-04 20:05:03.635 I/hakuX-lane(22669): [occl804] f=7356 wait=0 procs=1 q=2 qnz=0 pend=0 rep=2 repnz=0 repmax=0 v=0,0
10-04 20:05:03.652 I/hakuX-lane(22669): [occl804] f=7357 wait=0 procs=1 q=5 qnz=0 pend=0 rep=5 repnz=0 repmax=0 v=0,0,0,0,0
10-04 20:05:03.669 I/hakuX-lane(22669): [occl804] f=7358 wait=0 procs=1 q=2 qnz=0 pend=0 rep=2 repnz=0 repmax=0 v=0,0
10-04 20:05:03.702 I/hakuX-lane(22669): [occl804] f=7359 wait=0 procs=1 q=5 qnz=0 pend=0 rep=5 repnz=0 repmax=0 v=0,0,0,0,0
10-04 20:05:03.735 I/hakuX-lane(22669): [occl804] f=7361 wait=0 procs=1 q=7 qnz=0 pend=0 rep=7 repnz=0 repmax=0 v=0,0,0,0,0,0,0
10-04 20:05:03.752 I/hakuX-lane(22669): [occl804] f=7363 wait=0 procs=1 q=7 qnz=0 pend=0 rep=7 repnz=0 repmax=0 v=0,0,0,0,0,0,0
10-04 20:05:03.769 I/hakuX-lane(22669): [occl804] f=7364 wait=0 procs=1 q=5 qnz=0 pend=0 rep=5 repnz=0 repmax=0 v=0,0,0,0,0
10-04 20:05:03.785 I/hakuX-lane(22669): [occl804] f=7365 wait=0 procs=1 q=2 qnz=0 pend=0 rep=2 repnz=0 repmax=0 v=0,0
10-04 20:05:03.809 I/hakuX-lane(22669): [occl804] f=7366 wait=0 procs=1 q=5 qnz=0 pend=0 rep=5 repnz=0 repmax=0 v=0,0,0,0,0
10-04 20:05:03.820 I/hakuX-lane(22669): [occl804] f=7367 wait=0 procs=1 q=2 qnz=0 pend=0 rep=2 repnz=0 repmax=0 v=0,0
10-04 20:05:03.835 I/hakuX-lane(22669): [occl804] f=7368 wait=0 procs=1 q=5 qnz=0 pend=0 rep=5 repnz=0 repmax=0 v=0,0,0,0,0
10-04 20:05:03.852 I/hakuX-lane(22669): [occl804] f=7369 wait=0 procs=1 q=5 qnz=0 pend=0 rep=5 repnz=0 repmax=0 v=0,0,0,0,0
10-04 20:05:03.869 I/hakuX-lane(22669): [occl804] f=7370 wait=0 procs=1 q=7 qnz=0 pend=0 rep=7 repnz=0 repmax=0 v=0,0,0,0,0,0,0
10-04 20:05:03.885 I/hakuX-lane(22669): [occl804] f=7371 wait=0 procs=1 q=5 qnz=0 pend=0 rep=5 repnz=0 repmax=0 v=0,0,0,0,0
10-04 20:05:03.902 I/hakuX-lane(22669): [occl804] f=7372 wait=0 procs=1 q=2 qnz=0 pend=0 rep=2 repnz=0 repmax=0 v=0,0
10-04 20:05:03.919 I/hakuX-lane(22669): [occl804] f=7373 wait=0 procs=1 q=5 qnz=0 pend=0 rep=5 repnz=0 repmax=0 v=0,0,0,0,0
10-04 20:05:03.935 I/hakuX-lane(22669): [occl804] f=7374 wait=0 procs=1 q=2 qnz=0 pend=0 rep=2 repnz=0 repmax=0 v=0,0
10-04 20:05:03.952 I/hakuX-lane(22669): [occl804] f=7375 wait=0 procs=1 q=5 qnz=0 pend=0 rep=5 repnz=0 repmax=0 v=0,0,0,0,0
10-04 20:05:03.969 I/hakuX-lane(22669): [occl804] f=7376 wait=0 procs=1 q=5 qnz=0 pend=0 rep=5 repnz=0 repmax=0 v=0,0,0,0,0
10-04 20:05:03.985 I/hakuX-lane(22669): [occl804] f=7377 wait=0 procs=1 q=2 qnz=0 pend=0 rep=2 repnz=0 repmax=0 v=0,0
10-04 20:05:04.007 I/hakuX-lane(22669): [occl804] f=7378 wait=0 procs=1 q=5 qnz=0 pend=0 rep=5 repnz=0 repmax=0 v=0,0,0,0,0
10-04 20:05:04.019 I/hakuX-lane(22669): [occl804] f=7379 wait=0 procs=1 q=2 qnz=0 pend=0 rep=2 repnz=0 repmax=0 v=0,0
10-04 20:05:04.052 I/hakuX-lane(22669): [occl804] f=7380 wait=0 procs=1 q=5 qnz=0 pend=0 rep=5 repnz=0 repmax=0 v=0,0,0,0,0
10-04 20:05:04.086 I/hakuX-lane(22669): [occl804] f=7382 wait=0 procs=1 q=7 qnz=0 pend=0 rep=7 repnz=0 repmax=0 v=0,0,0,0,0,0,0
10-04 20:05:04.102 I/hakuX-lane(22669): [occl804] f=7384 wait=0 procs=1 q=5 qnz=0 pend=0 rep=5 repnz=0 repmax=0 v=0,0,0,0,0
10-04 20:05:04.119 I/hakuX-lane(22669): [occl804] f=7385 wait=0 procs=1 q=2 qnz=0 pend=0 rep=2 repnz=0 repmax=0 v=0,0
10-04 20:05:04.136 I/hakuX-lane(22669): [occl804] f=7386 wait=0 procs=1 q=5 qnz=0 pend=0 rep=5 repnz=0 repmax=0 v=0,0,0,0,0
10-04 20:05:04.152 I/hakuX-lane(22669): [occl804] f=7387 wait=0 procs=1 q=7 qnz=0 pend=0 rep=7 repnz=0 repmax=0 v=0,0,0,0,0,0,0
10-04 20:05:04.169 I/hakuX-lane(22669): [occl804] f=7388 wait=0 procs=1 q=5 qnz=0 pend=0 rep=5 repnz=0 repmax=0 v=0,0,0,0,0
10-04 20:05:04.202 I/hakuX-lane(22669): [occl804] f=7389 wait=0 procs=1 q=7 qnz=0 pend=0 rep=7 repnz=0 repmax=0 v=0,0,0,0,0,0,0
10-04 20:05:04.236 I/hakuX-lane(22669): [occl804] f=7391 wait=0 procs=1 q=7 qnz=0 pend=0 rep=7 repnz=0 repmax=0 v=0,0,0,0,0,0,0
10-04 20:05:04.252 I/hakuX-lane(22669): [occl804] f=7393 wait=0 procs=1 q=5 qnz=0 pend=0 rep=5 repnz=0 repmax=0 v=0,0,0,0,0
10-04 20:05:04.269 I/hakuX-lane(22669): [occl804] f=7394 wait=0 procs=1 q=2 qnz=0 pend=0 rep=2 repnz=0 repmax=0 v=0,0
10-04 20:05:04.302 I/hakuX-lane(22669): [occl804] f=7395 wait=0 procs=1 q=5 qnz=0 pend=0 rep=5 repnz=0 repmax=0 v=0,0,0,0,0
10-04 20:05:04.336 I/hakuX-lane(22669): [occl804] f=7397 wait=0 procs=1 q=7 qnz=0 pend=0 rep=7 repnz=0 repmax=0 v=0,0,0,0,0,0,0
10-04 20:05:04.352 I/hakuX-lane(22669): [occl804] f=7399 wait=0 procs=1 q=5 qnz=0 pend=0 rep=5 repnz=0 repmax=0 v=0,0,0,0,0
10-04 20:05:04.369 I/hakuX-lane(22669): [occl804] f=7400 wait=0 procs=1 q=2 qnz=0 pend=0 rep=2 repnz=0 repmax=0 v=0,0
10-04 20:05:04.403 I/hakuX-lane(22669): [occl804] f=7401 wait=0 procs=1 q=5 qnz=0 pend=0 rep=5 repnz=0 repmax=0 v=0,0,0,0,0
10-04 20:05:04.436 I/hakuX-lane(22669): [occl804] f=7403 wait=0 procs=1 q=7 qnz=0 pend=0 rep=7 repnz=0 repmax=0 v=0,0,0,0,0,0,0
10-04 20:05:04.458 I/hakuX-lane(22669): [occl804] f=7405 wait=0 procs=1 q=5 qnz=0 pend=0 rep=5 repnz=0 repmax=0 v=0,0,0,0,0
10-04 20:05:04.470 I/hakuX-lane(22669): [occl804] f=7406 wait=0 procs=1 q=2 qnz=0 pend=0 rep=2 repnz=0 repmax=0 v=0,0
10-04 20:05:04.502 I/hakuX-lane(22669): [occl804] f=7407 wait=0 procs=1 q=5 qnz=0 pend=0 rep=5 repnz=0 repmax=0 v=0,0,0,0,0
10-04 20:05:04.536 I/hakuX-lane(22669): [occl804] f=7409 wait=0 procs=1 q=7 qnz=0 pend=0 rep=7 repnz=0 repmax=0 v=0,0,0,0,0,0,0
10-04 20:05:04.552 I/hakuX-lane(22669): [occl804] f=7411 wait=0 procs=1 q=5 qnz=0 pend=0 rep=5 repnz=0 repmax=0 v=0,0,0,0,0
10-04 20:05:04.569 I/hakuX-lane(22669): [occl804] f=7412 wait=0 procs=1 q=2 qnz=0 pend=0 rep=2 repnz=0 repmax=0 v=0,0
10-04 20:05:04.602 I/hakuX-lane(22669): [occl804] f=7413 wait=0 procs=1 q=5 qnz=0 pend=0 rep=5 repnz=0 repmax=0 v=0,0,0,0,0
10-04 20:05:04.636 I/hakuX-lane(22669): [occl804] f=7415 wait=0 procs=1 q=7 qnz=0 pend=0 rep=7 repnz=0 repmax=0 v=0,0,0,0,0,0,0
10-04 20:05:04.671 I/hakuX-lane(22669): [occl804] f=7417 wait=0 procs=1 q=7 qnz=0 pend=0 rep=7 repnz=0 repmax=0 v=0,0,0,0,0,0,0
10-04 20:05:04.686 I/hakuX-lane(22669): [occl804] f=7419 wait=0 procs=1 q=5 qnz=0 pend=0 rep=5 repnz=0 repmax=0 v=0,0,0,0,0
10-04 20:05:04.704 I/hakuX-lane(22669): [occl804] f=7420 wait=0 procs=1 q=2 qnz=0 pend=0 rep=2 repnz=0 repmax=0 v=0,0
10-04 20:05:04.736 I/hakuX-lane(22669): [occl804] f=7421 wait=0 procs=1 q=5 qnz=0 pend=0 rep=5 repnz=0 repmax=0 v=0,0,0,0,0
10-04 20:05:04.769 I/hakuX-lane(22669): [occl804] f=7423 wait=0 procs=1 q=7 qnz=0 pend=0 rep=7 repnz=0 repmax=0 v=0,0,0,0,0,0,0
10-04 20:05:04.802 I/hakuX-lane(22669): [occl804] f=7425 wait=0 procs=1 q=7 qnz=0 pend=0 rep=7 repnz=0 repmax=0 v=0,0,0,0,0,0,0
10-04 20:05:04.819 I/hakuX-lane(22669): [occl804] f=7427 wait=0 procs=1 q=5 qnz=0 pend=0 rep=5 repnz=0 repmax=0 v=0,0,0,0,0
10-04 20:05:04.836 I/hakuX-lane(22669): [occl804] f=7428 wait=0 procs=1 q=2 qnz=0 pend=0 rep=2 repnz=0 repmax=0 v=0,0
10-04 20:05:04.853 I/hakuX-lane(22669): [occl804] f=7429 wait=0 procs=1 q=5 qnz=0 pend=0 rep=5 repnz=0 repmax=0 v=0,0,0,0,0
10-04 20:05:04.869 I/hakuX-lane(22669): [occl804] f=7430 wait=0 procs=1 q=5 qnz=0 pend=0 rep=5 repnz=0 repmax=0 v=0,0,0,0,0
10-04 20:05:04.886 I/hakuX-lane(22669): [occl804] f=7431 wait=0 procs=1 q=2 qnz=0 pend=0 rep=2 repnz=0 repmax=0 v=0,0
10-04 20:05:04.903 I/hakuX-lane(22669): [occl804] f=7432 wait=0 procs=1 q=5 qnz=0 pend=0 rep=5 repnz=0 repmax=0 v=0,0,0,0,0
10-04 20:05:04.936 I/hakuX-lane(22669): [occl804] f=7433 wait=0 procs=1 q=7 qnz=0 pend=0 rep=7 repnz=0 repmax=0 v=0,0,0,0,0,0,0
10-04 20:05:04.952 I/hakuX-lane(22669): [occl804] f=7435 wait=0 procs=1 q=5 qnz=0 pend=0 rep=5 repnz=0 repmax=0 v=0,0,0,0,0
10-04 20:05:04.971 I/hakuX-lane(22669): [occl804] f=7436 wait=0 procs=1 q=2 qnz=0 pend=0 rep=2 repnz=0 repmax=0 v=0,0
10-04 20:05:04.986 I/hakuX-lane(22669): [occl804] f=7437 wait=0 procs=1 q=5 qnz=0 pend=0 rep=5 repnz=0 repmax=0 v=0,0,0,0,0
10-04 20:05:05.003 I/hakuX-lane(22669): [occl804] f=7438 wait=0 procs=1 q=7 qnz=0 pend=0 rep=7 repnz=0 repmax=0 v=0,0,0,0,0,0,0
10-04 20:05:05.020 I/hakuX-lane(22669): [occl804] f=7439 wait=0 procs=1 q=5 qnz=0 pend=0 rep=5 repnz=0 repmax=0 v=0,0,0,0,0
10-04 20:05:05.036 I/hakuX-lane(22669): [occl804] f=7440 wait=0 procs=1 q=2 qnz=0 pend=0 rep=2 repnz=0 repmax=0 v=0,0
10-04 20:05:05.052 I/hakuX-lane(22669): [occl804] f=7441 wait=0 procs=1 q=5 qnz=0 pend=0 rep=5 repnz=0 repmax=0 v=0,0,0,0,0
10-04 20:05:05.070 I/hakuX-lane(22669): [occl804] f=7442 wait=0 procs=1 q=2 qnz=0 pend=0 rep=2 repnz=0 repmax=0 v=0,0
10-04 20:05:05.103 I/hakuX-lane(22669): [occl804] f=7443 wait=0 procs=1 q=5 qnz=0 pend=0 rep=5 repnz=0 repmax=0 v=0,0,0,0,0
10-04 20:05:05.136 I/hakuX-lane(22669): [occl804] f=7445 wait=0 procs=1 q=7 qnz=0 pend=0 rep=7 repnz=0 repmax=0 v=0,0,0,0,0,0,0
10-04 20:05:05.153 I/hakuX-lane(22669): [occl804] f=7447 wait=0 procs=1 q=5 qnz=0 pend=0 rep=5 repnz=0 repmax=0 v=0,0,0,0,0
10-04 20:05:05.170 I/hakuX-lane(22669): [occl804] f=7448 wait=0 procs=1 q=7 qnz=0 pend=0 rep=7 repnz=0 repmax=0 v=0,0,0,0,0,0,0
10-04 20:05:05.186 I/hakuX-lane(22669): [occl804] f=7449 wait=0 procs=1 q=5 qnz=0 pend=0 rep=5 repnz=0 repmax=0 v=0,0,0,0,0
10-04 20:05:05.203 I/hakuX-lane(22669): [occl804] f=7450 wait=0 procs=1 q=2 qnz=0 pend=0 rep=2 repnz=0 repmax=0 v=0,0
10-04 20:05:05.220 I/hakuX-lane(22669): [occl804] f=7451 wait=0 procs=1 q=5 qnz=0 pend=0 rep=5 repnz=0 repmax=0 v=0,0,0,0,0
10-04 20:05:05.240 I/hakuX-lane(22669): [occl804] f=7452 wait=0 procs=2 q=10 qnz=0 pend=0 rep=10 repnz=0 repmax=0 v=0,0,0,0,0,0,0,0,0,0
10-04 20:05:05.270 I/hakuX-lane(22669): [occl804] f=7453 wait=0 procs=2 q=7 qnz=0 pend=0 rep=7 repnz=0 repmax=0 v=0,0,0,0,0,0,0
10-04 20:05:05.287 I/hakuX-lane(22669): [occl804] f=7455 wait=0 procs=1 q=7 qnz=0 pend=0 rep=7 repnz=0 repmax=0 v=0,0,0,0,0,0,0
10-04 20:05:05.303 I/hakuX-lane(22669): [occl804] f=7456 wait=0 procs=1 q=5 qnz=0 pend=0 rep=5 repnz=0 repmax=0 v=0,0,0,0,0
10-04 20:05:05.320 I/hakuX-lane(22669): [occl804] f=7457 wait=0 procs=1 q=7 qnz=0 pend=0 rep=7 repnz=0 repmax=0 v=0,0,0,0,0,0,0
10-04 20:05:05.336 I/hakuX-lane(22669): [occl804] f=7458 wait=0 procs=1 q=5 qnz=0 pend=0 rep=5 repnz=0 repmax=0 v=0,0,0,0,0
10-04 20:05:05.353 I/hakuX-lane(22669): [occl804] f=7459 wait=0 procs=1 q=7 qnz=0 pend=0 rep=7 repnz=0 repmax=0 v=0,0,0,0,0,0,0
10-04 20:05:05.370 I/hakuX-lane(22669): [occl804] f=7460 wait=0 procs=1 q=5 qnz=0 pend=0 rep=5 repnz=0 repmax=0 v=0,0,0,0,0
10-04 20:05:05.386 I/hakuX-lane(22669): [occl804] f=7461 wait=0 procs=1 q=7 qnz=0 pend=0 rep=7 repnz=0 repmax=0 v=0,0,0,0,0,0,0
10-04 20:05:05.403 I/hakuX-lane(22669): [occl804] f=7462 wait=0 procs=1 q=5 qnz=0 pend=0 rep=5 repnz=0 repmax=0 v=0,0,0,0,0
10-04 20:05:05.420 I/hakuX-lane(22669): [occl804] f=7463 wait=0 procs=1 q=7 qnz=0 pend=0 rep=7 repnz=0 repmax=0 v=0,0,0,0,0,0,0
10-04 20:05:05.436 I/hakuX-lane(22669): [occl804] f=7464 wait=0 procs=1 q=5 qnz=0 pend=0 rep=5 repnz=0 repmax=0 v=0,0,0,0,0
10-04 20:05:05.453 I/hakuX-lane(22669): [occl804] f=7465 wait=0 procs=1 q=7 qnz=0 pend=0 rep=7 repnz=0 repmax=0 v=0,0,0,0,0,0,0
10-04 20:05:05.470 I/hakuX-lane(22669): [occl804] f=7466 wait=0 procs=1 q=5 qnz=0 pend=0 rep=5 repnz=0 repmax=0 v=0,0,0,0,0
10-04 20:05:05.486 I/hakuX-lane(22669): [occl804] f=7467 wait=0 procs=1 q=7 qnz=0 pend=0 rep=7 repnz=0 repmax=0 v=0,0,0,0,0,0,0
10-04 20:05:05.503 I/hakuX-lane(22669): [occl804] f=7468 wait=0 procs=1 q=5 qnz=0 pend=0 rep=5 repnz=0 repmax=0 v=0,0,0,0,0
10-04 20:05:05.520 I/hakuX-lane(22669): [occl804] f=7469 wait=0 procs=1 q=7 qnz=0 pend=0 rep=7 repnz=0 repmax=0 v=0,0,0,0,0,0,0
10-04 20:05:05.539 I/hakuX-lane(22669): [occl804] f=7470 wait=0 procs=2 q=10 qnz=0 pend=0 rep=10 repnz=0 repmax=0 v=0,0,0,0,0,0,0,0,0,0
10-04 20:05:05.568 I/hakuX-lane(22669): [occl804] f=7471 wait=0 procs=2 q=7 qnz=0 pend=0 rep=7 repnz=0 repmax=0 v=0,0,0,0,0,0,0
10-04 20:05:05.572 I/hakuX-lane(22669): [occl804] f=7472 wait=0 procs=1 q=5 qnz=0 pend=0 rep=5 repnz=0 repmax=0 v=0,0,0,0,0
10-04 20:05:05.604 I/hakuX-lane(22669): [occl804] f=7473 wait=0 procs=2 q=7 qnz=0 pend=0 rep=7 repnz=0 repmax=0 v=0,0,0,0,0,0,0
10-04 20:05:05.607 I/hakuX-lane(22669): [occl804] f=7474 wait=0 procs=1 q=5 qnz=0 pend=0 rep=5 repnz=0 repmax=0 v=0,0,0,0,0
10-04 20:05:05.642 I/hakuX-lane(22669): [occl804] f=7475 wait=0 procs=2 q=7 qnz=0 pend=0 rep=7 repnz=0 repmax=0 v=0,0,0,0,0,0,0
10-04 20:05:05.646 I/hakuX-lane(22669): [occl804] f=7476 wait=0 procs=1 q=5 qnz=0 pend=0 rep=5 repnz=0 repmax=0 v=0,0,0,0,0
10-04 20:05:05.673 I/hakuX-lane(22669): [occl804] f=7477 wait=0 procs=2 q=7 qnz=0 pend=0 rep=7 repnz=0 repmax=0 v=0,0,0,0,0,0,0
10-04 20:05:05.678 I/hakuX-lane(22669): [occl804] f=7478 wait=0 procs=1 q=5 qnz=0 pend=0 rep=5 repnz=0 repmax=0 v=0,0,0,0,0
10-04 20:05:05.690 I/hakuX-lane(22669): [occl804] f=7479 wait=0 procs=1 q=2 qnz=0 pend=0 rep=2 repnz=0 repmax=0 v=0,0
10-04 20:05:05.706 I/hakuX-lane(22669): [occl804] f=7480 wait=0 procs=1 q=5 qnz=0 pend=0 rep=5 repnz=0 repmax=0 v=0,0,0,0,0
10-04 20:05:05.724 I/hakuX-lane(22669): [occl804] f=7481 wait=0 procs=1 q=7 qnz=0 pend=0 rep=7 repnz=0 repmax=0 v=0,0,0,0,0,0,0
10-04 20:05:05.740 I/hakuX-lane(22669): [occl804] f=7482 wait=0 procs=1 q=5 qnz=0 pend=0 rep=5 repnz=0 repmax=0 v=0,0,0,0,0
10-04 20:05:05.759 I/hakuX-lane(22669): [occl804] f=7483 wait=0 procs=1 q=7 qnz=0 pend=0 rep=7 repnz=0 repmax=0 v=0,0,0,0,0,0,0
10-04 20:05:05.771 I/hakuX-lane(22669): [occl804] f=7484 wait=0 procs=1 q=5 qnz=0 pend=0 rep=5 repnz=0 repmax=0 v=0,0,0,0,0
10-04 20:05:05.789 I/hakuX-lane(22669): [occl804] f=7485 wait=0 procs=1 q=7 qnz=0 pend=0 rep=7 repnz=0 repmax=0 v=0,0,0,0,0,0,0
10-04 20:05:05.807 I/hakuX-lane(22669): [occl804] f=7486 wait=0 procs=2 q=10 qnz=0 pend=0 rep=10 repnz=0 repmax=0 v=0,0,0,0,0,0,0,0,0,0
10-04 20:05:05.822 I/hakuX-lane(22669): [occl804] f=7487 wait=0 procs=1 q=2 qnz=0 pend=0 rep=2 repnz=0 repmax=0 v=0,0
10-04 20:05:05.842 I/hakuX-lane(22669): [occl804] f=7488 wait=0 procs=2 q=10 qnz=0 pend=0 rep=10 repnz=0 repmax=0 v=0,0,0,0,0,0,0,0,0,0
10-04 20:05:05.858 I/hakuX-lane(22669): [occl804] f=7489 wait=0 procs=1 q=2 qnz=0 pend=0 rep=2 repnz=0 repmax=0 v=0,0
10-04 20:05:05.876 I/hakuX-lane(22669): [occl804] f=7490 wait=0 procs=2 q=10 qnz=0 pend=0 rep=10 repnz=0 repmax=0 v=0,0,0,0,0,0,0,0,0,0
10-04 20:05:05.906 I/hakuX-lane(22669): [occl804] f=7491 wait=0 procs=2 q=7 qnz=0 pend=0 rep=7 repnz=0 repmax=0 v=0,0,0,0,0,0,0
10-04 20:05:05.910 I/hakuX-lane(22669): [occl804] f=7492 wait=0 procs=1 q=5 qnz=0 pend=0 rep=5 repnz=0 repmax=0 v=0,0,0,0,0
10-04 20:05:05.940 I/hakuX-lane(22669): [occl804] f=7493 wait=0 procs=2 q=7 qnz=0 pend=0 rep=7 repnz=0 repmax=0 v=0,0,0,0,0,0,0
10-04 20:05:05.956 I/hakuX-lane(22669): [occl804] f=7494 wait=0 procs=2 q=7 qnz=0 pend=0 rep=7 repnz=0 repmax=0 v=0,0,0,0,0,0,0
10-04 20:05:05.972 I/hakuX-lane(22669): [occl804] f=7495 wait=0 procs=1 q=5 qnz=0 pend=0 rep=5 repnz=0 repmax=0 v=0,0,0,0,0
10-04 20:05:05.974 I/hakuX-lane(22669): [occl804] f=7496 wait=0 procs=1 q=5 qnz=0 pend=0 rep=5 repnz=0 repmax=0 v=0,0,0,0,0
10-04 20:05:06.004 I/hakuX-lane(22669): [occl804] f=7497 wait=0 procs=2 q=7 qnz=0 pend=0 rep=7 repnz=0 repmax=0 v=0,0,0,0,0,0,0
10-04 20:05:06.007 I/hakuX-lane(22669): [occl804] f=7498 wait=0 procs=1 q=5 qnz=0 pend=0 rep=5 repnz=0 repmax=0 v=0,0,0,0,0
10-04 20:05:06.037 I/hakuX-lane(22669): [occl804] f=7499 wait=0 procs=2 q=7 qnz=0 pend=0 rep=7 repnz=0 repmax=0 v=0,0,0,0,0,0,0
10-04 20:05:06.042 I/hakuX-lane(22669): [occl804] f=7500 wait=0 procs=1 q=5 qnz=0 pend=0 rep=5 repnz=0 repmax=0 v=0,0,0,0,0
10-04 20:05:06.073 I/hakuX-lane(22669): [occl804] f=7501 wait=0 procs=2 q=7 qnz=0 pend=0 rep=7 repnz=0 repmax=0 v=0,0,0,0,0,0,0
10-04 20:05:06.086 I/hakuX-lane(22669): [occl804] f=7502 wait=0 procs=1 q=7 qnz=0 pend=0 rep=7 repnz=0 repmax=0 v=0,0,0,0,0,0,0
10-04 20:05:06.103 I/hakuX-lane(22669): [occl804] f=7504 wait=0 procs=1 q=5 qnz=0 pend=0 rep=5 repnz=0 repmax=0 v=0,0,0,0,0
10-04 20:05:06.120 I/hakuX-lane(22669): [occl804] f=7505 wait=0 procs=1 q=7 qnz=0 pend=0 rep=7 repnz=0 repmax=0 v=0,0,0,0,0,0,0
10-04 20:05:06.136 I/hakuX-lane(22669): [occl804] f=7506 wait=0 procs=1 q=5 qnz=0 pend=0 rep=5 repnz=0 repmax=0 v=0,0,0,0,0
10-04 20:05:06.152 I/hakuX-lane(22669): [occl804] f=7507 wait=0 procs=1 q=7 qnz=0 pend=0 rep=7 repnz=0 repmax=0 v=0,0,0,0,0,0,0
10-04 20:05:06.170 I/hakuX-lane(22669): [occl804] f=7508 wait=0 procs=1 q=5 qnz=0 pend=0 rep=5 repnz=0 repmax=0 v=0,0,0,0,0
10-04 20:05:06.204 I/hakuX-lane(22669): [occl804] f=7509 wait=0 procs=2 q=12 qnz=0 pend=0 rep=12 repnz=0 repmax=0 v=0,0,0,0,0,0,0,0,0,0,0,0
10-04 20:05:06.235 I/hakuX-lane(22669): [occl804] f=7511 wait=0 procs=2 q=12 qnz=0 pend=0 rep=12 repnz=0 repmax=0 v=0,0,0,0,0,0,0,0,0,0,0,0
10-04 20:05:06.238 I/hakuX-lane(22669): [occl804] f=7512 wait=0 procs=1 q=5 qnz=0 pend=0 rep=5 repnz=0 repmax=0 v=0,0,0,0,0
10-04 20:05:06.253 I/hakuX-lane(22669): [occl804] f=7513 wait=0 procs=1 q=2 qnz=0 pend=0 rep=2 repnz=0 repmax=0 v=0,0
10-04 20:05:06.274 I/hakuX-lane(22669): [occl804] f=7514 wait=0 procs=2 q=10 qnz=0 pend=0 rep=10 repnz=0 repmax=0 v=0,0,0,0,0,0,0,0,0,0
10-04 20:05:06.303 I/hakuX-lane(22669): [occl804] f=7515 wait=0 procs=2 q=7 qnz=0 pend=0 rep=7 repnz=0 repmax=0 v=0,0,0,0,0,0,0
10-04 20:05:06.341 I/hakuX-lane(22669): [occl804] f=7517 wait=0 procs=2 q=12 qnz=0 pend=0 rep=12 repnz=0 repmax=0 v=0,0,0,0,0,0,0,0,0,0,0,0
10-04 20:05:06.353 I/hakuX-lane(22669): [occl804] f=7519 wait=0 procs=1 q=7 qnz=0 pend=0 rep=7 repnz=0 repmax=0 v=0,0,0,0,0,0,0
10-04 20:05:06.372 I/hakuX-lane(22669): [occl804] f=7520 wait=0 procs=2 q=10 qnz=0 pend=0 rep=10 repnz=0 repmax=0 v=0,0,0,0,0,0,0,0,0,0
10-04 20:05:06.403 I/hakuX-lane(22669): [occl804] f=7521 wait=0 procs=2 q=7 qnz=0 pend=0 rep=7 repnz=0 repmax=0 v=0,0,0,0,0,0,0
10-04 20:05:06.436 I/hakuX-lane(22669): [occl804] f=7523 wait=0 procs=2 q=12 qnz=0 pend=0 rep=12 repnz=0 repmax=0 v=0,0,0,0,0,0,0,0,0,0,0,0
10-04 20:05:06.453 I/hakuX-lane(22669): [occl804] f=7525 wait=0 procs=1 q=7 qnz=0 pend=0 rep=7 repnz=0 repmax=0 v=0,0,0,0,0,0,0
10-04 20:05:06.472 I/hakuX-lane(22669): [occl804] f=7526 wait=0 procs=2 q=10 qnz=0 pend=0 rep=10 repnz=0 repmax=0 v=0,0,0,0,0,0,0,0,0,0
10-04 20:05:06.503 I/hakuX-lane(22669): [occl804] f=7527 wait=0 procs=2 q=7 qnz=0 pend=0 rep=7 repnz=0 repmax=0 v=0,0,0,0,0,0,0
10-04 20:05:06.536 I/hakuX-lane(22669): [occl804] f=7529 wait=0 procs=2 q=12 qnz=0 pend=0 rep=12 repnz=0 repmax=0 v=0,0,0,0,0,0,0,0,0,0,0,0
10-04 20:05:06.557 I/hakuX-lane(22669): [occl804] f=7530 wait=0 procs=2 q=7 qnz=0 pend=0 rep=7 repnz=0 repmax=0 v=0,0,0,0,0,0,0
10-04 20:05:06.585 I/hakuX-lane(22669): [occl804] f=7532 wait=0 procs=3 q=12 qnz=0 pend=0 rep=12 repnz=0 repmax=0 v=0,0,0,0,0,0,0,0,0,0,0,0
10-04 20:05:06.603 I/hakuX-lane(22669): [occl804] f=7533 wait=0 procs=1 q=5 qnz=0 pend=0 rep=5 repnz=0 repmax=0 v=0,0,0,0,0
10-04 20:05:06.637 I/hakuX-lane(22669): [occl804] f=7535 wait=0 procs=2 q=12 qnz=0 pend=0 rep=12 repnz=0 repmax=0 v=0,0,0,0,0,0,0,0,0,0,0,0
10-04 20:05:06.639 I/hakuX-lane(22669): [occl804] f=7536 wait=0 procs=1 q=5 qnz=0 pend=0 rep=5 repnz=0 repmax=0 v=0,0,0,0,0
10-04 20:05:06.670 I/hakuX-lane(22669): [occl804] f=7537 wait=0 procs=2 q=7 qnz=0 pend=0 rep=7 repnz=0 repmax=0 v=0,0,0,0,0,0,0
10-04 20:05:06.686 I/hakuX-lane(22669): [occl804] f=7538 wait=0 procs=1 q=7 qnz=0 pend=0 rep=7 repnz=0 repmax=0 v=0,0,0,0,0,0,0
10-04 20:05:06.703 I/hakuX-lane(22669): [occl804] f=7540 wait=0 procs=1 q=5 qnz=0 pend=0 rep=5 repnz=0 repmax=0 v=0,0,0,0,0
10-04 20:05:06.738 I/hakuX-lane(22669): [occl804] f=7541 wait=0 procs=2 q=12 qnz=0 pend=0 rep=12 repnz=0 repmax=0 v=0,0,0,0,0,0,0,0,0,0,0,0
10-04 20:05:06.758 I/hakuX-lane(22669): [occl804] f=7543 wait=0 procs=1 q=7 qnz=0 pend=0 rep=7 repnz=0 repmax=0 v=0,0,0,0,0,0,0
10-04 20:05:06.788 I/hakuX-lane(22669): [occl804] f=7544 wait=0 procs=3 q=12 qnz=0 pend=0 rep=12 repnz=0 repmax=0 v=0,0,0,0,0,0,0,0,0,0,0,0
10-04 20:05:06.803 I/hakuX-lane(22669): [occl804] f=7545 wait=0 procs=1 q=5 qnz=0 pend=0 rep=5 repnz=0 repmax=0 v=0,0,0,0,0
10-04 20:05:06.820 I/hakuX-lane(22669): [occl804] f=7546 wait=0 procs=2 q=7 qnz=0 pend=0 rep=7 repnz=0 repmax=0 v=0,0,0,0,0,0,0
10-04 20:05:06.838 I/hakuX-lane(22669): [occl804] f=7547 wait=0 procs=1 q=5 qnz=0 pend=0 rep=5 repnz=0 repmax=0 v=0,0,0,0,0
10-04 20:05:06.840 I/hakuX-lane(22669): [occl804] f=7548 wait=0 procs=1 q=5 qnz=0 pend=0 rep=5 repnz=0 repmax=0 v=0,0,0,0,0
10-04 20:05:06.870 I/hakuX-lane(22669): [occl804] f=7549 wait=0 procs=2 q=7 qnz=0 pend=0 rep=7 repnz=0 repmax=0 v=0,0,0,0,0,0,0
10-04 20:05:06.902 I/hakuX-lane(22669): [occl804] f=7551 wait=0 procs=2 q=12 qnz=0 pend=0 rep=12 repnz=0 repmax=0 v=0,0,0,0,0,0,0,0,0,0,0,0
10-04 20:05:06.905 I/hakuX-lane(22669): [occl804] f=7552 wait=0 procs=1 q=5 qnz=0 pend=0 rep=5 repnz=0 repmax=0 v=0,0,0,0,0
10-04 20:05:06.920 I/hakuX-lane(22669): [occl804] f=7553 wait=0 procs=1 q=2 qnz=0 pend=0 rep=2 repnz=0 repmax=0 v=0,0
10-04 20:05:06.937 I/hakuX-lane(22669): [occl804] f=7554 wait=0 procs=1 q=5 qnz=0 pend=0 rep=5 repnz=0 repmax=0 v=0,0,0,0,0
10-04 20:05:06.953 I/hakuX-lane(22669): [occl804] f=7555 wait=0 procs=1 q=7 qnz=0 pend=0 rep=7 repnz=0 repmax=0 v=0,0,0,0,0,0,0
10-04 20:05:06.970 I/hakuX-lane(22669): [occl804] f=7556 wait=0 procs=1 q=5 qnz=0 pend=0 rep=5 repnz=0 repmax=0 v=0,0,0,0,0
10-04 20:05:06.986 I/hakuX-lane(22669): [occl804] f=7557 wait=0 procs=1 q=7 qnz=0 pend=0 rep=7 repnz=0 repmax=0 v=0,0,0,0,0,0,0
10-04 20:05:07.003 I/hakuX-lane(22669): [occl804] f=7558 wait=0 procs=1 q=5 qnz=0 pend=0 rep=5 repnz=0 repmax=0 v=0,0,0,0,0
10-04 20:05:07.020 I/hakuX-lane(22669): [occl804] f=7559 wait=0 procs=1 q=7 qnz=0 pend=0 rep=7 repnz=0 repmax=0 v=0,0,0,0,0,0,0
10-04 20:05:07.036 I/hakuX-lane(22669): [occl804] f=7560 wait=0 procs=1 q=5 qnz=0 pend=0 rep=5 repnz=0 repmax=0 v=0,0,0,0,0
10-04 20:05:07.053 I/hakuX-lane(22669): [occl804] f=7561 wait=0 procs=1 q=7 qnz=0 pend=0 rep=7 repnz=0 repmax=0 v=0,0,0,0,0,0,0
10-04 20:05:07.070 I/hakuX-lane(22669): [occl804] f=7562 wait=0 procs=1 q=5 qnz=0 pend=0 rep=5 repnz=0 repmax=0 v=0,0,0,0,0
10-04 20:05:07.086 I/hakuX-lane(22669): [occl804] f=7563 wait=0 procs=1 q=7 qnz=0 pend=0 rep=7 repnz=0 repmax=0 v=0,0,0,0,0,0,0
10-04 20:05:07.103 I/hakuX-lane(22669): [occl804] f=7564 wait=0 procs=1 q=5 qnz=0 pend=0 rep=5 repnz=0 repmax=0 v=0,0,0,0,0
10-04 20:05:07.120 I/hakuX-lane(22669): [occl804] f=7565 wait=0 procs=1 q=7 qnz=0 pend=0 rep=7 repnz=0 repmax=0 v=0,0,0,0,0,0,0
10-04 20:05:07.136 I/hakuX-lane(22669): [occl804] f=7566 wait=0 procs=1 q=5 qnz=0 pend=0 rep=5 repnz=0 repmax=0 v=0,0,0,0,0
10-04 20:05:07.153 I/hakuX-lane(22669): [occl804] f=7567 wait=0 procs=1 q=7 qnz=0 pend=0 rep=7 repnz=0 repmax=0 v=0,0,0,0,0,0,0
10-04 20:05:07.170 I/hakuX-lane(22669): [occl804] f=7568 wait=0 procs=1 q=5 qnz=0 pend=0 rep=5 repnz=0 repmax=0 v=0,0,0,0,0
10-04 20:05:07.186 I/hakuX-lane(22669): [occl804] f=7569 wait=0 procs=1 q=7 qnz=0 pend=0 rep=7 repnz=0 repmax=0 v=0,0,0,0,0,0,0
10-04 20:05:07.203 I/hakuX-lane(22669): [occl804] f=7570 wait=0 procs=1 q=5 qnz=0 pend=0 rep=5 repnz=0 repmax=0 v=0,0,0,0,0
10-04 20:05:07.237 I/hakuX-lane(22669): [occl804] f=7571 wait=0 procs=1 q=7 qnz=0 pend=0 rep=7 repnz=0 repmax=0 v=0,0,0,0,0,0,0
10-04 20:05:07.270 I/hakuX-lane(22669): [occl804] f=7573 wait=0 procs=1 q=7 qnz=0 pend=0 rep=7 repnz=0 repmax=0 v=0,0,0,0,0,0,0
10-04 20:05:07.286 I/hakuX-lane(22669): [occl804] f=7575 wait=0 procs=1 q=5 qnz=0 pend=0 rep=5 repnz=0 repmax=0 v=0,0,0,0,0
10-04 20:05:07.303 I/hakuX-lane(22669): [occl804] f=7576 wait=0 procs=1 q=2 qnz=0 pend=0 rep=2 repnz=0 repmax=0 v=0,0
10-04 20:05:07.320 I/hakuX-lane(22669): [occl804] f=7577 wait=0 procs=1 q=5 qnz=0 pend=0 rep=5 repnz=0 repmax=0 v=0,0,0,0,0
10-04 20:05:07.342 I/hakuX-lane(22669): [occl804] f=7578 wait=0 procs=1 q=2 qnz=0 pend=0 rep=2 repnz=0 repmax=0 v=0,0
10-04 20:05:07.370 I/hakuX-lane(22669): [occl804] f=7579 wait=0 procs=1 q=5 qnz=0 pend=0 rep=5 repnz=0 repmax=0 v=0,0,0,0,0
10-04 20:05:07.408 I/hakuX-lane(22669): [occl804] f=7581 wait=0 procs=1 q=7 qnz=0 pend=0 rep=7 repnz=0 repmax=0 v=0,0,0,0,0,0,0
10-04 20:05:07.420 I/hakuX-lane(22669): [occl804] f=7583 wait=0 procs=1 q=5 qnz=0 pend=0 rep=5 repnz=0 repmax=0 v=0,0,0,0,0
10-04 20:05:07.453 I/hakuX-lane(22669): [occl804] f=7584 wait=0 procs=1 q=2 qnz=0 pend=0 rep=2 repnz=0 repmax=0 v=0,0
10-04 20:05:07.470 I/hakuX-lane(22669): [occl804] f=7586 wait=0 procs=1 q=5 qnz=0 pend=0 rep=5 repnz=0 repmax=0 v=0,0,0,0,0
10-04 20:05:07.487 I/hakuX-lane(22669): [occl804] f=7587 wait=0 procs=1 q=2 qnz=0 pend=0 rep=2 repnz=0 repmax=0 v=0,0
10-04 20:05:07.520 I/hakuX-lane(22669): [occl804] f=7588 wait=0 procs=1 q=5 qnz=0 pend=0 rep=5 repnz=0 repmax=0 v=0,0,0,0,0
10-04 20:05:07.553 I/hakuX-lane(22669): [occl804] f=7590 wait=0 procs=1 q=7 qnz=0 pend=0 rep=7 repnz=0 repmax=0 v=0,0,0,0,0,0,0
10-04 20:05:07.570 I/hakuX-lane(22669): [occl804] f=7592 wait=0 procs=1 q=5 qnz=0 pend=0 rep=5 repnz=0 repmax=0 v=0,0,0,0,0
10-04 20:05:07.587 I/hakuX-lane(22669): [occl804] f=7593 wait=0 procs=1 q=2 qnz=0 pend=0 rep=2 repnz=0 repmax=0 v=0,0
10-04 20:05:07.620 I/hakuX-lane(22669): [occl804] f=7594 wait=0 procs=1 q=5 qnz=0 pend=0 rep=5 repnz=0 repmax=0 v=0,0,0,0,0
10-04 20:05:07.641 I/hakuX-lane(22669): [occl804] f=7596 wait=0 procs=1 q=5 qnz=0 pend=0 rep=5 repnz=0 repmax=0 v=0,0,0,0,0
10-04 20:05:07.653 I/hakuX-lane(22669): [occl804] f=7597 wait=0 procs=1 q=2 qnz=0 pend=0 rep=2 repnz=0 repmax=0 v=0,0
10-04 20:05:07.703 I/hakuX-lane(22669): [occl804] f=7598 wait=0 procs=1 q=5 qnz=0 pend=0 rep=5 repnz=0 repmax=0 v=0,0,0,0,0
10-04 20:05:07.753 I/hakuX-lane(22669): [occl804] f=7601 wait=0 procs=1 q=7 qnz=0 pend=0 rep=7 repnz=0 repmax=0 v=0,0,0,0,0,0,0
10-04 20:05:07.770 I/hakuX-lane(22669): [occl804] f=7604 wait=0 procs=1 q=5 qnz=0 pend=0 rep=5 repnz=0 repmax=0 v=0,0,0,0,0
10-04 20:05:07.787 I/hakuX-lane(22669): [occl804] f=7605 wait=0 procs=1 q=2 qnz=0 pend=0 rep=2 repnz=0 repmax=0 v=0,0
10-04 20:05:07.820 I/hakuX-lane(22669): [occl804] f=7606 wait=0 procs=1 q=5 qnz=0 pend=0 rep=5 repnz=0 repmax=0 v=0,0,0,0,0
10-04 20:05:07.837 I/hakuX-lane(22669): [occl804] f=7608 wait=0 procs=1 q=2 qnz=0 pend=0 rep=2 repnz=0 repmax=0 v=0,0
10-04 20:05:07.871 I/hakuX-lane(22669): [occl804] f=7609 wait=0 procs=1 q=5 qnz=0 pend=0 rep=5 repnz=0 repmax=0 v=0,0,0,0,0
10-04 20:05:07.887 I/hakuX-lane(22669): [occl804] f=7611 wait=0 procs=1 q=5 qnz=0 pend=0 rep=5 repnz=0 repmax=0 v=0,0,0,0,0
10-04 20:05:07.903 I/hakuX-lane(22669): [occl804] f=7612 wait=0 procs=1 q=2 qnz=0 pend=0 rep=2 repnz=0 repmax=0 v=0,0
10-04 20:05:07.937 I/hakuX-lane(22669): [occl804] f=7613 wait=0 procs=1 q=5 qnz=0 pend=0 rep=5 repnz=0 repmax=0 v=0,0,0,0,0
10-04 20:05:07.954 I/hakuX-lane(22669): [occl804] f=7615 wait=0 procs=1 q=2 qnz=0 pend=0 rep=2 repnz=0 repmax=0 v=0,0
10-04 20:05:08.004 I/hakuX-lane(22669): [occl804] f=7616 wait=0 procs=1 q=5 qnz=0 pend=0 rep=5 repnz=0 repmax=0 v=0,0,0,0,0
10-04 20:05:08.053 I/hakuX-lane(22669): [occl804] f=7619 wait=0 procs=1 q=7 qnz=0 pend=0 rep=7 repnz=0 repmax=0 v=0,0,0,0,0,0,0
10-04 20:05:08.070 I/hakuX-lane(22669): [occl804] f=7622 wait=0 procs=1 q=5 qnz=0 pend=0 rep=5 repnz=0 repmax=0 v=0,0,0,0,0
10-04 20:05:08.103 I/hakuX-lane(22669): [occl804] f=7623 wait=0 procs=1 q=2 qnz=0 pend=0 rep=2 repnz=0 repmax=0 v=0,0
10-04 20:05:08.121 I/hakuX-lane(22669): [occl804] f=7625 wait=0 procs=1 q=5 qnz=0 pend=0 rep=5 repnz=0 repmax=0 v=0,0,0,0,0
10-04 20:05:08.137 I/hakuX-lane(22669): [occl804] f=7626 wait=0 procs=1 q=2 qnz=0 pend=0 rep=2 repnz=0 repmax=0 v=0,0
10-04 20:05:08.171 I/hakuX-lane(22669): [occl804] f=7627 wait=0 procs=1 q=5 qnz=0 pend=0 rep=5 repnz=0 repmax=0 v=0,0,0,0,0
10-04 20:05:08.221 I/hakuX-lane(22669): [occl804] f=7629 wait=0 procs=1 q=7 qnz=0 pend=0 rep=7 repnz=0 repmax=0 v=0,0,0,0,0,0,0
10-04 20:05:08.271 I/hakuX-lane(22669): [occl804] f=7632 wait=0 procs=1 q=7 qnz=0 pend=0 rep=7 repnz=0 repmax=0 v=0,0,0,0,0,0,0
10-04 20:05:08.287 I/hakuX-lane(22669): [occl804] f=7635 wait=0 procs=1 q=5 qnz=0 pend=0 rep=5 repnz=0 repmax=0 v=0,0,0,0,0
10-04 20:05:08.321 I/hakuX-lane(22669): [occl804] f=7636 wait=0 procs=1 q=2 qnz=0 pend=0 rep=2 repnz=0 repmax=0 v=0,0
10-04 20:05:08.337 I/hakuX-lane(22669): [occl804] f=7638 wait=0 procs=1 q=5 qnz=0 pend=0 rep=5 repnz=0 repmax=0 v=0,0,0,0,0
10-04 20:05:08.374 I/hakuX-lane(22669): [occl804] f=7639 wait=0 procs=1 q=2 qnz=0 pend=0 rep=2 repnz=0 repmax=0 v=0,0
10-04 20:05:08.387 I/hakuX-lane(22669): [occl804] f=7641 wait=0 procs=1 q=5 qnz=0 pend=0 rep=5 repnz=0 repmax=0 v=0,0,0,0,0
10-04 20:05:08.421 I/hakuX-lane(22669): [occl804] f=7642 wait=0 procs=1 q=2 qnz=0 pend=0 rep=2 repnz=0 repmax=0 v=0,0
10-04 20:05:08.437 I/hakuX-lane(22669): [occl804] f=7644 wait=0 procs=1 q=5 qnz=0 pend=0 rep=5 repnz=0 repmax=0 v=0,0,0,0,0
10-04 20:05:08.454 I/hakuX-lane(22669): [occl804] f=7645 wait=0 procs=1 q=2 qnz=0 pend=0 rep=2 repnz=0 repmax=0 v=0,0
10-04 20:05:08.487 I/hakuX-lane(22669): [occl804] f=7646 wait=0 procs=1 q=5 qnz=0 pend=0 rep=5 repnz=0 repmax=0 v=0,0,0,0,0
10-04 20:05:08.521 I/hakuX-lane(22669): [occl804] f=7648 wait=0 procs=1 q=7 qnz=0 pend=0 rep=7 repnz=0 repmax=0 v=0,0,0,0,0,0,0
10-04 20:05:08.537 I/hakuX-lane(22669): [occl804] f=7650 wait=0 procs=1 q=5 qnz=0 pend=0 rep=5 repnz=0 repmax=0 v=0,0,0,0,0
10-04 20:05:08.554 I/hakuX-lane(22669): [occl804] f=7651 wait=0 procs=1 q=2 qnz=0 pend=0 rep=2 repnz=0 repmax=0 v=0,0
10-04 20:05:08.587 I/hakuX-lane(22669): [occl804] f=7652 wait=0 procs=1 q=5 qnz=0 pend=0 rep=5 repnz=0 repmax=0 v=0,0,0,0,0
10-04 20:05:08.621 I/hakuX-lane(22669): [occl804] f=7654 wait=0 procs=1 q=7 qnz=0 pend=0 rep=7 repnz=0 repmax=0 v=0,0,0,0,0,0,0
10-04 20:05:08.640 I/hakuX-lane(22669): [occl804] f=7656 wait=0 procs=1 q=5 qnz=0 pend=0 rep=5 repnz=0 repmax=0 v=0,0,0,0,0
10-04 20:05:08.673 I/hakuX-lane(22669): [occl804] f=7657 wait=0 procs=1 q=7 qnz=0 pend=0 rep=7 repnz=0 repmax=0 v=0,0,0,0,0,0,0
10-04 20:05:08.690 I/hakuX-lane(22669): [occl804] f=7659 wait=0 procs=1 q=5 qnz=0 pend=0 rep=5 repnz=0 repmax=0 v=0,0,0,0,0
10-04 20:05:08.706 I/hakuX-lane(22669): [occl804] f=7660 wait=0 procs=1 q=5 qnz=0 pend=0 rep=5 repnz=0 repmax=0 v=0,0,0,0,0
10-04 20:05:08.723 I/hakuX-lane(22669): [occl804] f=7661 wait=0 procs=1 q=2 qnz=0 pend=0 rep=2 repnz=0 repmax=0 v=0,0
10-04 20:05:08.741 I/hakuX-lane(22669): [occl804] f=7662 wait=0 procs=1 q=5 qnz=0 pend=0 rep=5 repnz=0 repmax=0 v=0,0,0,0,0
10-04 20:05:08.756 I/hakuX-lane(22669): [occl804] f=7663 wait=0 procs=1 q=5 qnz=0 pend=0 rep=5 repnz=0 repmax=0 v=0,0,0,0,0
10-04 20:05:08.774 I/hakuX-lane(22669): [occl804] f=7664 wait=0 procs=1 q=2 qnz=0 pend=0 rep=2 repnz=0 repmax=0 v=0,0
10-04 20:05:08.790 I/hakuX-lane(22669): [occl804] f=7665 wait=0 procs=1 q=5 qnz=0 pend=0 rep=5 repnz=0 repmax=0 v=0,0,0,0,0
10-04 20:05:08.806 I/hakuX-lane(22669): [occl804] f=7666 wait=0 procs=1 q=5 qnz=0 pend=0 rep=5 repnz=0 repmax=0 v=0,0,0,0,0
10-04 20:05:08.823 I/hakuX-lane(22669): [occl804] f=7667 wait=0 procs=1 q=2 qnz=0 pend=0 rep=2 repnz=0 repmax=0 v=0,0
10-04 20:05:08.840 I/hakuX-lane(22669): [occl804] f=7668 wait=0 procs=1 q=5 qnz=0 pend=0 rep=5 repnz=0 repmax=0 v=0,0,0,0,0
10-04 20:05:08.874 I/hakuX-lane(22669): [occl804] f=7669 wait=0 procs=1 q=5 qnz=0 pend=0 rep=5 repnz=0 repmax=0 v=0,0,0,0,0
10-04 20:05:08.890 I/hakuX-lane(22669): [occl804] f=7671 wait=0 procs=1 q=7 qnz=0 pend=0 rep=7 repnz=0 repmax=0 v=0,0,0,0,0,0,0
10-04 20:05:08.908 I/hakuX-lane(22669): [occl804] f=7672 wait=0 procs=1 q=5 qnz=0 pend=0 rep=5 repnz=0 repmax=0 v=0,0,0,0,0
10-04 20:05:08.923 I/hakuX-lane(22669): [occl804] f=7673 wait=0 procs=1 q=5 qnz=0 pend=0 rep=5 repnz=0 repmax=0 v=0,0,0,0,0
10-04 20:05:08.940 I/hakuX-lane(22669): [occl804] f=7674 wait=0 procs=1 q=2 qnz=0 pend=0 rep=2 repnz=0 repmax=0 v=0,0
10-04 20:05:08.956 I/hakuX-lane(22669): [occl804] f=7675 wait=0 procs=1 q=5 qnz=0 pend=0 rep=5 repnz=0 repmax=0 v=0,0,0,0,0
10-04 20:05:08.974 I/hakuX-lane(22669): [occl804] f=7676 wait=0 procs=1 q=5 qnz=0 pend=0 rep=5 repnz=0 repmax=0 v=0,0,0,0,0
10-04 20:05:08.990 I/hakuX-lane(22669): [occl804] f=7677 wait=0 procs=1 q=2 qnz=0 pend=0 rep=2 repnz=0 repmax=0 v=0,0
10-04 20:05:09.006 I/hakuX-lane(22669): [occl804] f=7678 wait=0 procs=1 q=5 qnz=0 pend=0 rep=5 repnz=0 repmax=0 v=0,0,0,0,0
10-04 20:05:09.040 I/hakuX-lane(22669): [occl804] f=7679 wait=0 procs=1 q=5 qnz=0 pend=0 rep=5 repnz=0 repmax=0 v=0,0,0,0,0
10-04 20:05:09.058 I/hakuX-lane(22669): [occl804] f=7681 wait=0 procs=1 q=7 qnz=0 pend=0 rep=7 repnz=0 repmax=0 v=0,0,0,0,0,0,0
10-04 20:05:09.074 I/hakuX-lane(22669): [occl804] f=7682 wait=0 procs=1 q=5 qnz=0 pend=0 rep=5 repnz=0 repmax=0 v=0,0,0,0,0
10-04 20:05:09.090 I/hakuX-lane(22669): [occl804] f=7683 wait=0 procs=1 q=5 qnz=0 pend=0 rep=5 repnz=0 repmax=0 v=0,0,0,0,0
10-04 20:05:09.107 I/hakuX-lane(22669): [occl804] f=7684 wait=0 procs=1 q=2 qnz=0 pend=0 rep=2 repnz=0 repmax=0 v=0,0
10-04 20:05:09.124 I/hakuX-lane(22669): [occl804] f=7685 wait=0 procs=1 q=5 qnz=0 pend=0 rep=5 repnz=0 repmax=0 v=0,0,0,0,0
10-04 20:05:09.140 I/hakuX-lane(22669): [occl804] f=7686 wait=0 procs=1 q=5 qnz=0 pend=0 rep=5 repnz=0 repmax=0 v=0,0,0,0,0
10-04 20:05:09.157 I/hakuX-lane(22669): [occl804] f=7687 wait=0 procs=1 q=5 qnz=0 pend=0 rep=5 repnz=0 repmax=0 v=0,0,0,0,0
10-04 20:05:09.191 I/hakuX-lane(22669): [occl804] f=7688 wait=0 procs=1 q=7 qnz=0 pend=0 rep=7 repnz=0 repmax=0 v=0,0,0,0,0,0,0
10-04 20:05:09.207 I/hakuX-lane(22669): [occl804] f=7690 wait=0 procs=1 q=5 qnz=0 pend=0 rep=5 repnz=0 repmax=0 v=0,0,0,0,0
10-04 20:05:09.224 I/hakuX-lane(22669): [occl804] f=7691 wait=0 procs=1 q=5 qnz=0 pend=0 rep=5 repnz=0 repmax=0 v=0,0,0,0,0
10-04 20:05:09.240 I/hakuX-lane(22669): [occl804] f=7692 wait=0 procs=1 q=7 qnz=0 pend=0 rep=7 repnz=0 repmax=0 v=0,0,0,0,0,0,0
10-04 20:05:09.257 I/hakuX-lane(22669): [occl804] f=7693 wait=0 procs=1 q=5 qnz=0 pend=0 rep=5 repnz=0 repmax=0 v=0,0,0,0,0
10-04 20:05:09.274 I/hakuX-lane(22669): [occl804] f=7694 wait=0 procs=1 q=5 qnz=0 pend=0 rep=5 repnz=0 repmax=0 v=0,0,0,0,0
10-04 20:05:09.307 I/hakuX-lane(22669): [occl804] f=7695 wait=0 procs=1 q=7 qnz=0 pend=0 rep=7 repnz=0 repmax=0 v=0,0,0,0,0,0,0
10-04 20:05:09.324 I/hakuX-lane(22669): [occl804] f=7697 wait=0 procs=1 q=5 qnz=0 pend=0 rep=5 repnz=0 repmax=0 v=0,0,0,0,0
10-04 20:05:09.340 I/hakuX-lane(22669): [occl804] f=7698 wait=0 procs=1 q=2 qnz=0 pend=0 rep=2 repnz=0 repmax=0 v=0,0
10-04 20:05:09.375 I/hakuX-lane(22669): [occl804] f=7699 wait=0 procs=1 q=5 qnz=0 pend=0 rep=5 repnz=0 repmax=0 v=0,0,0,0,0
10-04 20:05:09.407 I/hakuX-lane(22669): [occl804] f=7701 wait=0 procs=1 q=7 qnz=0 pend=0 rep=7 repnz=0 repmax=0 v=0,0,0,0,0,0,0
10-04 20:05:09.427 I/hakuX-lane(22669): [occl804] f=7703 wait=0 procs=1 q=5 qnz=0 pend=0 rep=5 repnz=0 repmax=0 v=0,0,0,0,0
10-04 20:05:09.457 I/hakuX-lane(22669): [occl804] f=7704 wait=0 procs=1 q=2 qnz=0 pend=0 rep=2 repnz=0 repmax=0 v=0,0
10-04 20:05:09.474 I/hakuX-lane(22669): [occl804] f=7706 wait=0 procs=1 q=5 qnz=0 pend=0 rep=5 repnz=0 repmax=0 v=0,0,0,0,0
10-04 20:05:09.507 I/hakuX-lane(22669): [occl804] f=7707 wait=0 procs=1 q=2 qnz=0 pend=0 rep=2 repnz=0 repmax=0 v=0,0
10-04 20:05:09.541 I/hakuX-lane(22669): [occl804] f=7709 wait=0 procs=1 q=5 qnz=0 pend=0 rep=5 repnz=0 repmax=0 v=0,0,0,0,0
10-04 20:05:09.574 I/hakuX-lane(22669): [occl804] f=7711 wait=0 procs=1 q=7 qnz=0 pend=0 rep=7 repnz=0 repmax=0 v=0,0,0,0,0,0,0
10-04 20:05:09.590 I/hakuX-lane(22669): [occl804] f=7713 wait=0 procs=1 q=5 qnz=0 pend=0 rep=5 repnz=0 repmax=0 v=0,0,0,0,0
10-04 20:05:09.624 I/hakuX-lane(22669): [occl804] f=7714 wait=0 procs=1 q=2 qnz=0 pend=0 rep=2 repnz=0 repmax=0 v=0,0
10-04 20:05:09.640 I/hakuX-lane(22669): [occl804] f=7716 wait=0 procs=1 q=5 qnz=0 pend=0 rep=5 repnz=0 repmax=0 v=0,0,0,0,0
10-04 20:05:09.675 I/hakuX-lane(22669): [occl804] f=7717 wait=0 procs=1 q=2 qnz=0 pend=0 rep=2 repnz=0 repmax=0 v=0,0
10-04 20:05:09.691 I/hakuX-lane(22669): [occl804] f=7719 wait=0 procs=1 q=5 qnz=0 pend=0 rep=5 repnz=0 repmax=0 v=0,0,0,0,0
10-04 20:05:09.724 I/hakuX-lane(22669): [occl804] f=7720 wait=0 procs=1 q=2 qnz=0 pend=0 rep=2 repnz=0 repmax=0 v=0,0
10-04 20:05:09.757 I/hakuX-lane(22669): [occl804] f=7722 wait=0 procs=1 q=5 qnz=0 pend=0 rep=5 repnz=0 repmax=0 v=0,0,0,0,0
10-04 20:05:09.807 I/hakuX-lane(22669): [occl804] f=7724 wait=0 procs=1 q=7 qnz=0 pend=0 rep=7 repnz=0 repmax=0 v=0,0,0,0,0,0,0
10-04 20:05:09.825 I/hakuX-lane(22669): [occl804] f=7727 wait=0 procs=1 q=5 qnz=0 pend=0 rep=5 repnz=0 repmax=0 v=0,0,0,0,0
10-04 20:05:09.857 I/hakuX-lane(22669): [occl804] f=7728 wait=0 procs=1 q=2 qnz=0 pend=0 rep=2 repnz=0 repmax=0 v=0,0
10-04 20:05:09.891 I/hakuX-lane(22669): [occl804] f=7730 wait=0 procs=1 q=5 qnz=0 pend=0 rep=5 repnz=0 repmax=0 v=0,0,0,0,0
10-04 20:05:09.925 I/hakuX-lane(22669): [occl804] f=7732 wait=0 procs=1 q=7 qnz=0 pend=0 rep=7 repnz=0 repmax=0 v=0,0,0,0,0,0,0
10-04 20:05:09.941 I/hakuX-lane(22669): [occl804] f=7734 wait=0 procs=1 q=5 qnz=0 pend=0 rep=5 repnz=0 repmax=0 v=0,0,0,0,0
10-04 20:05:09.975 I/hakuX-lane(22669): [occl804] f=7735 wait=0 procs=1 q=2 qnz=0 pend=0 rep=2 repnz=0 repmax=0 v=0,0
10-04 20:05:09.992 I/hakuX-lane(22669): [occl804] f=7737 wait=0 procs=1 q=5 qnz=0 pend=0 rep=5 repnz=0 repmax=0 v=0,0,0,0,0
10-04 20:05:10.008 I/hakuX-lane(22669): [occl804] f=7738 wait=0 procs=1 q=2 qnz=0 pend=0 rep=2 repnz=0 repmax=0 v=0,0
10-04 20:05:10.058 I/hakuX-lane(22669): [occl804] f=7739 wait=0 procs=1 q=5 qnz=0 pend=0 rep=5 repnz=0 repmax=0 v=0,0,0,0,0
10-04 20:05:10.091 I/hakuX-lane(22669): [occl804] f=7742 wait=0 procs=1 q=7 qnz=0 pend=0 rep=7 repnz=0 repmax=0 v=0,0,0,0,0,0,0
10-04 20:05:10.108 I/hakuX-lane(22669): [occl804] f=7744 wait=0 procs=1 q=5 qnz=0 pend=0 rep=5 repnz=0 repmax=0 v=0,0,0,0,0
10-04 20:05:10.125 I/hakuX-lane(22669): [occl804] f=7745 wait=0 procs=1 q=2 qnz=0 pend=0 rep=2 repnz=0 repmax=0 v=0,0
10-04 20:05:10.158 I/hakuX-lane(22669): [occl804] f=7746 wait=0 procs=1 q=5 qnz=0 pend=0 rep=5 repnz=0 repmax=0 v=0,0,0,0,0
10-04 20:05:10.175 I/hakuX-lane(22669): [occl804] f=7748 wait=0 procs=1 q=2 qnz=0 pend=0 rep=2 repnz=0 repmax=0 v=0,0
10-04 20:05:10.211 I/hakuX-lane(22669): [occl804] f=7749 wait=0 procs=1 q=5 qnz=0 pend=0 rep=5 repnz=0 repmax=0 v=0,0,0,0,0
10-04 20:05:10.225 I/hakuX-lane(22669): [occl804] f=7751 wait=0 procs=1 q=2 qnz=0 pend=0 rep=2 repnz=0 repmax=0 v=0,0
10-04 20:05:10.275 I/hakuX-lane(22669): [occl804] f=7752 wait=0 procs=1 q=5 qnz=0 pend=0 rep=5 repnz=0 repmax=0 v=0,0,0,0,0
10-04 20:05:10.309 I/hakuX-lane(22669): [occl804] f=7755 wait=0 procs=1 q=7 qnz=0 pend=0 rep=7 repnz=0 repmax=0 v=0,0,0,0,0,0,0
10-04 20:05:10.325 I/hakuX-lane(22669): [occl804] f=7757 wait=0 procs=1 q=5 qnz=0 pend=0 rep=5 repnz=0 repmax=0 v=0,0,0,0,0
10-04 20:05:10.358 I/hakuX-lane(22669): [occl804] f=7758 wait=0 procs=1 q=2 qnz=0 pend=0 rep=2 repnz=0 repmax=0 v=0,0
10-04 20:05:10.391 I/hakuX-lane(22669): [occl804] f=7760 wait=0 procs=1 q=5 qnz=0 pend=0 rep=5 repnz=0 repmax=0 v=0,0,0,0,0
10-04 20:05:10.441 I/hakuX-lane(22669): [occl804] f=7762 wait=0 procs=1 q=7 qnz=0 pend=0 rep=7 repnz=0 repmax=0 v=0,0,0,0,0,0,0
10-04 20:05:10.458 I/hakuX-lane(22669): [occl804] f=7765 wait=0 procs=1 q=5 qnz=0 pend=0 rep=5 repnz=0 repmax=0 v=0,0,0,0,0
10-04 20:05:10.475 I/hakuX-lane(22669): [occl804] f=7766 wait=0 procs=1 q=2 qnz=0 pend=0 rep=2 repnz=0 repmax=0 v=0,0
10-04 20:05:10.508 I/hakuX-lane(22669): [occl804] f=7767 wait=0 procs=1 q=5 qnz=0 pend=0 rep=5 repnz=0 repmax=0 v=0,0,0,0,0
10-04 20:05:10.541 I/hakuX-lane(22669): [occl804] f=7769 wait=0 procs=1 q=7 qnz=0 pend=0 rep=7 repnz=0 repmax=0 v=0,0,0,0,0,0,0
10-04 20:05:10.558 I/hakuX-lane(22669): [occl804] f=7771 wait=0 procs=1 q=5 qnz=0 pend=0 rep=5 repnz=0 repmax=0 v=0,0,0,0,0
10-04 20:05:10.591 I/hakuX-lane(22669): [occl804] f=7772 wait=0 procs=1 q=2 qnz=0 pend=0 rep=2 repnz=0 repmax=0 v=0,0
10-04 20:05:10.608 I/hakuX-lane(22669): [occl804] f=7774 wait=0 procs=1 q=5 qnz=0 pend=0 rep=5 repnz=0 repmax=0 v=0,0,0,0,0
10-04 20:05:10.642 I/hakuX-lane(22669): [occl804] f=7775 wait=0 procs=1 q=2 qnz=0 pend=0 rep=2 repnz=0 repmax=0 v=0,0
10-04 20:05:10.658 I/hakuX-lane(22669): [occl804] f=7777 wait=0 procs=1 q=5 qnz=0 pend=0 rep=5 repnz=0 repmax=0 v=0,0,0,0,0
10-04 20:05:10.676 I/hakuX-lane(22669): [occl804] f=7778 wait=0 procs=1 q=2 qnz=0 pend=0 rep=2 repnz=0 repmax=0 v=0,0
10-04 20:05:10.708 I/hakuX-lane(22669): [occl804] f=7779 wait=0 procs=1 q=5 qnz=0 pend=0 rep=5 repnz=0 repmax=0 v=0,0,0,0,0
10-04 20:05:10.725 I/hakuX-lane(22669): [occl804] f=7781 wait=0 procs=1 q=2 qnz=0 pend=0 rep=2 repnz=0 repmax=0 v=0,0
10-04 20:05:10.775 I/hakuX-lane(22669): [occl804] f=7782 wait=0 procs=1 q=5 qnz=0 pend=0 rep=5 repnz=0 repmax=0 v=0,0,0,0,0
10-04 20:05:10.825 I/hakuX-lane(22669): [occl804] f=7785 wait=0 procs=1 q=7 qnz=0 pend=0 rep=7 repnz=0 repmax=0 v=0,0,0,0,0,0,0
10-04 20:05:10.841 I/hakuX-lane(22669): [occl804] f=7788 wait=0 procs=1 q=5 qnz=0 pend=0 rep=5 repnz=0 repmax=0 v=0,0,0,0,0
10-04 20:05:10.858 I/hakuX-lane(22669): [occl804] f=7789 wait=0 procs=1 q=2 qnz=0 pend=0 rep=2 repnz=0 repmax=0 v=0,0
10-04 20:05:10.908 I/hakuX-lane(22669): [occl804] f=7790 wait=0 procs=1 q=5 qnz=0 pend=0 rep=5 repnz=0 repmax=0 v=0,0,0,0,0
10-04 20:05:10.958 I/hakuX-lane(22669): [occl804] f=7793 wait=0 procs=1 q=7 qnz=0 pend=0 rep=7 repnz=0 repmax=0 v=0,0,0,0,0,0,0
10-04 20:05:10.976 I/hakuX-lane(22669): [occl804] f=7796 wait=0 procs=1 q=5 qnz=0 pend=0 rep=5 repnz=0 repmax=0 v=0,0,0,0,0
10-04 20:05:11.008 I/hakuX-lane(22669): [occl804] f=7797 wait=0 procs=1 q=2 qnz=0 pend=0 rep=2 repnz=0 repmax=0 v=0,0
10-04 20:05:11.042 I/hakuX-lane(22669): [occl804] f=7799 wait=0 procs=1 q=5 qnz=0 pend=0 rep=5 repnz=0 repmax=0 v=0,0,0,0,0
10-04 20:05:11.058 I/hakuX-lane(22669): [occl804] f=7801 wait=0 procs=1 q=2 qnz=0 pend=0 rep=2 repnz=0 repmax=0 v=0,0
10-04 20:05:11.092 I/hakuX-lane(22669): [occl804] f=7802 wait=0 procs=1 q=5 qnz=0 pend=0 rep=5 repnz=0 repmax=0 v=0,0,0,0,0
10-04 20:05:11.126 I/hakuX-lane(22669): [occl804] f=7804 wait=0 procs=1 q=7 qnz=0 pend=0 rep=7 repnz=0 repmax=0 v=0,0,0,0,0,0,0
10-04 20:05:11.142 I/hakuX-lane(22669): [occl804] f=7806 wait=0 procs=1 q=5 qnz=0 pend=0 rep=5 repnz=0 repmax=0 v=0,0,0,0,0
10-04 20:05:11.176 I/hakuX-lane(22669): [occl804] f=7807 wait=0 procs=1 q=2 qnz=0 pend=0 rep=2 repnz=0 repmax=0 v=0,0
10-04 20:05:11.192 I/hakuX-lane(22669): [occl804] f=7809 wait=0 procs=1 q=5 qnz=0 pend=0 rep=5 repnz=0 repmax=0 v=0,0,0,0,0
10-04 20:05:11.226 I/hakuX-lane(22669): [occl804] f=7810 wait=0 procs=1 q=2 qnz=0 pend=0 rep=2 repnz=0 repmax=0 v=0,0
10-04 20:05:11.242 I/hakuX-lane(22669): [occl804] f=7812 wait=0 procs=1 q=5 qnz=0 pend=0 rep=5 repnz=0 repmax=0 v=0,0,0,0,0
10-04 20:05:11.276 I/hakuX-lane(22669): [occl804] f=7813 wait=0 procs=1 q=2 qnz=0 pend=0 rep=2 repnz=0 repmax=0 v=0,0
10-04 20:05:11.308 I/hakuX-lane(22669): [occl804] f=7815 wait=0 procs=1 q=5 qnz=0 pend=0 rep=5 repnz=0 repmax=0 v=0,0,0,0,0
10-04 20:05:11.326 I/hakuX-lane(22669): [occl804] f=7817 wait=0 procs=1 q=2 qnz=0 pend=0 rep=2 repnz=0 repmax=0 v=0,0
10-04 20:05:11.359 I/hakuX-lane(22669): [occl804] f=7818 wait=0 procs=1 q=5 qnz=0 pend=0 rep=5 repnz=0 repmax=0 v=0,0,0,0,0
10-04 20:05:11.376 I/hakuX-lane(22669): [occl804] f=7820 wait=0 procs=1 q=5 qnz=0 pend=0 rep=5 repnz=0 repmax=0 v=0,0,0,0,0
10-04 20:05:11.392 I/hakuX-lane(22669): [occl804] f=7821 wait=0 procs=1 q=2 qnz=0 pend=0 rep=2 repnz=0 repmax=0 v=0,0
10-04 20:05:11.426 I/hakuX-lane(22669): [occl804] f=7822 wait=0 procs=1 q=5 qnz=0 pend=0 rep=5 repnz=0 repmax=0 v=0,0,0,0,0
10-04 20:05:11.442 I/hakuX-lane(22669): [occl804] f=7824 wait=0 procs=1 q=2 qnz=0 pend=0 rep=2 repnz=0 repmax=0 v=0,0
10-04 20:05:11.492 I/hakuX-lane(22669): [occl804] f=7825 wait=0 procs=1 q=5 qnz=0 pend=0 rep=5 repnz=0 repmax=0 v=0,0,0,0,0
10-04 20:05:11.526 I/hakuX-lane(22669): [occl804] f=7828 wait=0 procs=1 q=7 qnz=0 pend=0 rep=7 repnz=0 repmax=0 v=0,0,0,0,0,0,0
10-04 20:05:11.542 I/hakuX-lane(22669): [occl804] f=7830 wait=0 procs=1 q=5 qnz=0 pend=0 rep=5 repnz=0 repmax=0 v=0,0,0,0,0
10-04 20:05:11.576 I/hakuX-lane(22669): [occl804] f=7831 wait=0 procs=1 q=2 qnz=0 pend=0 rep=2 repnz=0 repmax=0 v=0,0
10-04 20:05:11.609 I/hakuX-lane(22669): [occl804] f=7833 wait=0 procs=1 q=5 qnz=0 pend=0 rep=5 repnz=0 repmax=0 v=0,0,0,0,0
10-04 20:05:11.642 I/hakuX-lane(22669): [occl804] f=7835 wait=0 procs=1 q=7 qnz=0 pend=0 rep=7 repnz=0 repmax=0 v=0,0,0,0,0,0,0
10-04 20:05:11.659 I/hakuX-lane(22669): [occl804] f=7837 wait=0 procs=1 q=5 qnz=0 pend=0 rep=5 repnz=0 repmax=0 v=0,0,0,0,0
10-04 20:05:11.676 I/hakuX-lane(22669): [occl804] f=7838 wait=0 procs=1 q=2 qnz=0 pend=0 rep=2 repnz=0 repmax=0 v=0,0
10-04 20:05:11.726 I/hakuX-lane(22669): [occl804] f=7839 wait=0 procs=1 q=5 qnz=0 pend=0 rep=5 repnz=0 repmax=0 v=0,0,0,0,0
10-04 20:05:11.776 I/hakuX-lane(22669): [occl804] f=7842 wait=0 procs=1 q=7 qnz=0 pend=0 rep=7 repnz=0 repmax=0 v=0,0,0,0,0,0,0
10-04 20:05:11.792 I/hakuX-lane(22669): [occl804] f=7845 wait=0 procs=1 q=5 qnz=0 pend=0 rep=5 repnz=0 repmax=0 v=0,0,0,0,0
10-04 20:05:11.809 I/hakuX-lane(22669): [occl804] f=7846 wait=0 procs=1 q=2 qnz=0 pend=0 rep=2 repnz=0 repmax=0 v=0,0
10-04 20:05:11.859 I/hakuX-lane(22669): [occl804] f=7847 wait=0 procs=1 q=5 qnz=0 pend=0 rep=5 repnz=0 repmax=0 v=0,0,0,0,0
10-04 20:05:11.892 I/hakuX-lane(22669): [occl804] f=7850 wait=0 procs=1 q=7 qnz=0 pend=0 rep=7 repnz=0 repmax=0 v=0,0,0,0,0,0,0
10-04 20:05:11.909 I/hakuX-lane(22669): [occl804] f=7852 wait=0 procs=1 q=5 qnz=0 pend=0 rep=5 repnz=0 repmax=0 v=0,0,0,0,0
10-04 20:05:11.926 I/hakuX-lane(22669): [occl804] f=7853 wait=0 procs=1 q=2 qnz=0 pend=0 rep=2 repnz=0 repmax=0 v=0,0
10-04 20:05:11.959 I/hakuX-lane(22669): [occl804] f=7854 wait=0 procs=1 q=5 qnz=0 pend=0 rep=5 repnz=0 repmax=0 v=0,0,0,0,0
10-04 20:05:11.993 I/hakuX-lane(22669): [occl804] f=7856 wait=0 procs=1 q=7 qnz=0 pend=0 rep=7 repnz=0 repmax=0 v=0,0,0,0,0,0,0
10-04 20:05:12.010 I/hakuX-lane(22669): [occl804] f=7858 wait=0 procs=1 q=5 qnz=0 pend=0 rep=5 repnz=0 repmax=0 v=0,0,0,0,0
10-04 20:05:12.026 I/hakuX-lane(22669): [occl804] f=7859 wait=0 procs=1 q=2 qnz=0 pend=0 rep=2 repnz=0 repmax=0 v=0,0
10-04 20:05:12.059 I/hakuX-lane(22669): [occl804] f=7860 wait=0 procs=1 q=5 qnz=0 pend=0 rep=5 repnz=0 repmax=0 v=0,0,0,0,0
10-04 20:05:12.093 I/hakuX-lane(22669): [occl804] f=7862 wait=0 procs=1 q=7 qnz=0 pend=0 rep=7 repnz=0 repmax=0 v=0,0,0,0,0,0,0
10-04 20:05:12.110 I/hakuX-lane(22669): [occl804] f=7864 wait=0 procs=1 q=5 qnz=0 pend=0 rep=5 repnz=0 repmax=0 v=0,0,0,0,0
10-04 20:05:12.143 I/hakuX-lane(22669): [occl804] f=7865 wait=0 procs=1 q=2 qnz=0 pend=0 rep=2 repnz=0 repmax=0 v=0,0
10-04 20:05:12.176 I/hakuX-lane(22669): [occl804] f=7867 wait=0 procs=1 q=5 qnz=0 pend=0 rep=5 repnz=0 repmax=0 v=0,0,0,0,0
10-04 20:05:12.193 I/hakuX-lane(22669): [occl804] f=7869 wait=0 procs=1 q=2 qnz=0 pend=0 rep=2 repnz=0 repmax=0 v=0,0
10-04 20:05:12.243 I/hakuX-lane(22669): [occl804] f=7870 wait=0 procs=1 q=5 qnz=0 pend=0 rep=5 repnz=0 repmax=0 v=0,0,0,0,0
10-04 20:05:12.277 I/hakuX-lane(22669): [occl804] f=7873 wait=0 procs=1 q=7 qnz=0 pend=0 rep=7 repnz=0 repmax=0 v=0,0,0,0,0,0,0
10-04 20:05:12.293 I/hakuX-lane(22669): [occl804] f=7875 wait=0 procs=1 q=5 qnz=0 pend=0 rep=5 repnz=0 repmax=0 v=0,0,0,0,0
10-04 20:05:12.310 I/hakuX-lane(22669): [occl804] f=7876 wait=0 procs=1 q=2 qnz=0 pend=0 rep=2 repnz=0 repmax=0 v=0,0
10-04 20:05:12.343 I/hakuX-lane(22669): [occl804] f=7877 wait=0 procs=1 q=5 qnz=0 pend=0 rep=5 repnz=0 repmax=0 v=0,0,0,0,0
10-04 20:05:12.377 I/hakuX-lane(22669): [occl804] f=7879 wait=0 procs=1 q=7 qnz=0 pend=0 rep=7 repnz=0 repmax=0 v=0,0,0,0,0,0,0
10-04 20:05:12.393 I/hakuX-lane(22669): [occl804] f=7881 wait=0 procs=1 q=5 qnz=0 pend=0 rep=5 repnz=0 repmax=0 v=0,0,0,0,0
10-04 20:05:12.409 I/hakuX-lane(22669): [occl804] f=7882 wait=0 procs=1 q=2 qnz=0 pend=0 rep=2 repnz=0 repmax=0 v=0,0
10-04 20:05:12.459 I/hakuX-lane(22669): [occl804] f=7883 wait=0 procs=1 q=5 qnz=0 pend=0 rep=5 repnz=0 repmax=0 v=0,0,0,0,0
10-04 20:05:12.509 I/hakuX-lane(22669): [occl804] f=7886 wait=0 procs=1 q=7 qnz=0 pend=0 rep=7 repnz=0 repmax=0 v=0,0,0,0,0,0,0
10-04 20:05:12.526 I/hakuX-lane(22669): [occl804] f=7889 wait=0 procs=1 q=5 qnz=0 pend=0 rep=5 repnz=0 repmax=0 v=0,0,0,0,0
10-04 20:05:12.559 I/hakuX-lane(22669): [occl804] f=7890 wait=0 procs=1 q=2 qnz=0 pend=0 rep=2 repnz=0 repmax=0 v=0,0
10-04 20:05:12.577 I/hakuX-lane(22669): [occl804] f=7892 wait=0 procs=1 q=5 qnz=0 pend=0 rep=5 repnz=0 repmax=0 v=0,0,0,0,0
10-04 20:05:12.614 I/hakuX-lane(22669): [occl804] f=7893 wait=0 procs=1 q=2 qnz=0 pend=0 rep=2 repnz=0 repmax=0 v=0,0
10-04 20:05:12.627 I/hakuX-lane(22669): [occl804] f=7895 wait=0 procs=1 q=5 qnz=0 pend=0 rep=5 repnz=0 repmax=0 v=0,0,0,0,0
10-04 20:05:12.660 I/hakuX-lane(22669): [occl804] f=7896 wait=0 procs=1 q=2 qnz=0 pend=0 rep=2 repnz=0 repmax=0 v=0,0
10-04 20:05:12.693 I/hakuX-lane(22669): [occl804] f=7898 wait=0 procs=1 q=5 qnz=0 pend=0 rep=5 repnz=0 repmax=0 v=0,0,0,0,0
10-04 20:05:12.710 I/hakuX-lane(22669): [occl804] f=7900 wait=0 procs=1 q=2 qnz=0 pend=0 rep=2 repnz=0 repmax=0 v=0,0
10-04 20:05:12.743 I/hakuX-lane(22669): [occl804] f=7901 wait=0 procs=1 q=5 qnz=0 pend=0 rep=5 repnz=0 repmax=0 v=0,0,0,0,0
10-04 20:05:12.760 I/hakuX-lane(22669): [occl804] f=7903 wait=0 procs=1 q=2 qnz=0 pend=0 rep=2 repnz=0 repmax=0 v=0,0
10-04 20:05:12.793 I/hakuX-lane(22669): [occl804] f=7904 wait=0 procs=1 q=5 qnz=0 pend=0 rep=5 repnz=0 repmax=0 v=0,0,0,0,0
10-04 20:05:12.810 I/hakuX-lane(22669): [occl804] f=7906 wait=0 procs=1 q=2 qnz=0 pend=0 rep=2 repnz=0 repmax=0 v=0,0
10-04 20:05:12.843 I/hakuX-lane(22669): [occl804] f=7907 wait=0 procs=1 q=5 qnz=0 pend=0 rep=5 repnz=0 repmax=0 v=0,0,0,0,0
10-04 20:05:12.860 I/hakuX-lane(22669): [occl804] f=7909 wait=0 procs=1 q=5 qnz=0 pend=0 rep=5 repnz=0 repmax=0 v=0,0,0,0,0
10-04 20:05:12.877 I/hakuX-lane(22669): [occl804] f=7910 wait=0 procs=1 q=2 qnz=0 pend=0 rep=2 repnz=0 repmax=0 v=0,0
10-04 20:05:12.910 I/hakuX-lane(22669): [occl804] f=7911 wait=0 procs=1 q=5 qnz=0 pend=0 rep=5 repnz=0 repmax=0 v=0,0,0,0,0
10-04 20:05:12.960 I/hakuX-lane(22669): [occl804] f=7913 wait=0 procs=1 q=7 qnz=0 pend=0 rep=7 repnz=0 repmax=0 v=0,0,0,0,0,0,0
10-04 20:05:12.977 I/hakuX-lane(22669): [occl804] f=7916 wait=0 procs=1 q=5 qnz=0 pend=0 rep=5 repnz=0 repmax=0 v=0,0,0,0,0
10-04 20:05:13.011 I/hakuX-lane(22669): [occl804] f=7917 wait=0 procs=1 q=2 qnz=0 pend=0 rep=2 repnz=0 repmax=0 v=0,0
10-04 20:05:13.027 I/hakuX-lane(22669): [occl804] f=7919 wait=0 procs=1 q=5 qnz=0 pend=0 rep=5 repnz=0 repmax=0 v=0,0,0,0,0
10-04 20:05:13.060 I/hakuX-lane(22669): [occl804] f=7920 wait=0 procs=1 q=2 qnz=0 pend=0 rep=2 repnz=0 repmax=0 v=0,0
10-04 20:05:13.077 I/hakuX-lane(22669): [occl804] f=7922 wait=0 procs=1 q=5 qnz=0 pend=0 rep=5 repnz=0 repmax=0 v=0,0,0,0,0
10-04 20:05:13.110 I/hakuX-lane(22669): [occl804] f=7923 wait=0 procs=1 q=2 qnz=0 pend=0 rep=2 repnz=0 repmax=0 v=0,0
10-04 20:05:13.143 I/hakuX-lane(22669): [occl804] f=7925 wait=0 procs=1 q=5 qnz=0 pend=0 rep=5 repnz=0 repmax=0 v=0,0,0,0,0
10-04 20:05:13.160 I/hakuX-lane(22669): [occl804] f=7927 wait=0 procs=1 q=2 qnz=0 pend=0 rep=2 repnz=0 repmax=0 v=0,0
10-04 20:05:13.210 I/hakuX-lane(22669): [occl804] f=7928 wait=0 procs=1 q=5 qnz=0 pend=0 rep=5 repnz=0 repmax=0 v=0,0,0,0,0
10-04 20:05:13.260 I/hakuX-lane(22669): [occl804] f=7931 wait=0 procs=1 q=7 qnz=0 pend=0 rep=7 repnz=0 repmax=0 v=0,0,0,0,0,0,0
10-04 20:05:13.277 I/hakuX-lane(22669): [occl804] f=7934 wait=0 procs=1 q=5 qnz=0 pend=0 rep=5 repnz=0 repmax=0 v=0,0,0,0,0
10-04 20:05:13.310 I/hakuX-lane(22669): [occl804] f=7935 wait=0 procs=1 q=2 qnz=0 pend=0 rep=2 repnz=0 repmax=0 v=0,0
10-04 20:05:13.343 I/hakuX-lane(22669): [occl804] f=7937 wait=0 procs=1 q=5 qnz=0 pend=0 rep=5 repnz=0 repmax=0 v=0,0,0,0,0
10-04 20:05:13.360 I/hakuX-lane(22669): [occl804] f=7939 wait=0 procs=1 q=2 qnz=0 pend=0 rep=2 repnz=0 repmax=0 v=0,0
10-04 20:05:13.410 I/hakuX-lane(22669): [occl804] f=7940 wait=0 procs=1 q=5 qnz=0 pend=0 rep=5 repnz=0 repmax=0 v=0,0,0,0,0
10-04 20:05:13.464 I/hakuX-lane(22669): [occl804] f=7943 wait=0 procs=1 q=7 qnz=0 pend=0 rep=7 repnz=0 repmax=0 v=0,0,0,0,0,0,0
10-04 20:05:13.477 I/hakuX-lane(22669): [occl804] f=7945 wait=0 procs=1 q=5 qnz=0 pend=0 rep=5 repnz=0 repmax=0 v=0,0,0,0,0
10-04 20:05:13.510 I/hakuX-lane(22669): [occl804] f=7947 wait=0 procs=1 q=2 qnz=0 pend=0 rep=2 repnz=0 repmax=0 v=0,0
10-04 20:05:13.527 I/hakuX-lane(22669): [occl804] f=7949 wait=0 procs=1 q=5 qnz=0 pend=0 rep=5 repnz=0 repmax=0 v=0,0,0,0,0
10-04 20:05:13.561 I/hakuX-lane(22669): [occl804] f=7950 wait=0 procs=1 q=2 qnz=0 pend=0 rep=2 repnz=0 repmax=0 v=0,0
10-04 20:05:13.594 I/hakuX-lane(22669): [occl804] f=7952 wait=0 procs=1 q=5 qnz=0 pend=0 rep=5 repnz=0 repmax=0 v=0,0,0,0,0
10-04 20:05:13.610 I/hakuX-lane(22669): [occl804] f=7954 wait=0 procs=1 q=2 qnz=0 pend=0 rep=2 repnz=0 repmax=0 v=0,0
10-04 20:05:13.661 I/hakuX-lane(22669): [occl804] f=7955 wait=0 procs=1 q=5 qnz=0 pend=0 rep=5 repnz=0 repmax=0 v=0,0,0,0,0
10-04 20:05:13.711 I/hakuX-lane(22669): [occl804] f=7958 wait=0 procs=1 q=7 qnz=0 pend=0 rep=7 repnz=0 repmax=0 v=0,0,0,0,0,0,0
10-04 20:05:13.728 I/hakuX-lane(22669): [occl804] f=7961 wait=0 procs=1 q=5 qnz=0 pend=0 rep=5 repnz=0 repmax=0 v=0,0,0,0,0
10-04 20:05:13.744 I/hakuX-lane(22669): [occl804] f=7962 wait=0 procs=1 q=2 qnz=0 pend=0 rep=2 repnz=0 repmax=0 v=0,0
10-04 20:05:13.778 I/hakuX-lane(22669): [occl804] f=7963 wait=0 procs=1 q=5 qnz=0 pend=0 rep=5 repnz=0 repmax=0 v=0,0,0,0,0
10-04 20:05:13.794 I/hakuX-lane(22669): [occl804] f=7965 wait=0 procs=1 q=5 qnz=0 pend=0 rep=5 repnz=0 repmax=0 v=0,0,0,0,0
10-04 20:05:13.810 I/hakuX-lane(22669): [occl804] f=7966 wait=0 procs=1 q=2 qnz=0 pend=0 rep=2 repnz=0 repmax=0 v=0,0
10-04 20:05:13.845 I/hakuX-lane(22669): [occl804] f=7967 wait=0 procs=1 q=5 qnz=0 pend=0 rep=5 repnz=0 repmax=0 v=0,0,0,0,0
10-04 20:05:13.897 I/hakuX-lane(22669): [occl804] f=7969 wait=0 procs=1 q=7 qnz=0 pend=0 rep=7 repnz=0 repmax=0 v=0,0,0,0,0,0,0
10-04 20:05:13.913 I/hakuX-lane(22669): [occl804] f=7972 wait=0 procs=1 q=5 qnz=0 pend=0 rep=5 repnz=0 repmax=0 v=0,0,0,0,0
10-04 20:05:13.944 I/hakuX-lane(22669): [occl804] f=7973 wait=0 procs=1 q=2 qnz=0 pend=0 rep=2 repnz=0 repmax=0 v=0,0
10-04 20:05:13.961 I/hakuX-lane(22669): [occl804] f=7975 wait=0 procs=1 q=5 qnz=0 pend=0 rep=5 repnz=0 repmax=0 v=0,0,0,0,0
10-04 20:05:13.994 I/hakuX-lane(22669): [occl804] f=7976 wait=0 procs=1 q=2 qnz=0 pend=0 rep=2 repnz=0 repmax=0 v=0,0
10-04 20:05:14.027 I/hakuX-lane(22669): [occl804] f=7978 wait=0 procs=1 q=5 qnz=0 pend=0 rep=5 repnz=0 repmax=0 v=0,0,0,0,0
10-04 20:05:14.044 I/hakuX-lane(22669): [occl804] f=7980 wait=0 procs=1 q=2 qnz=0 pend=0 rep=2 repnz=0 repmax=0 v=0,0
10-04 20:05:14.078 I/hakuX-lane(22669): [occl804] f=7981 wait=0 procs=1 q=5 qnz=0 pend=0 rep=5 repnz=0 repmax=0 v=0,0,0,0,0
10-04 20:05:14.094 I/hakuX-lane(22669): [occl804] f=7983 wait=0 procs=1 q=5 qnz=0 pend=0 rep=5 repnz=0 repmax=0 v=0,0,0,0,0
10-04 20:05:14.128 I/hakuX-lane(22669): [occl804] f=7984 wait=0 procs=1 q=2 qnz=0 pend=0 rep=2 repnz=0 repmax=0 v=0,0
10-04 20:05:14.161 I/hakuX-lane(22669): [occl804] f=7986 wait=0 procs=1 q=5 qnz=0 pend=0 rep=5 repnz=0 repmax=0 v=0,0,0,0,0
10-04 20:05:14.194 I/hakuX-lane(22669): [occl804] f=7988 wait=0 procs=1 q=7 qnz=0 pend=0 rep=7 repnz=0 repmax=0 v=0,0,0,0,0,0,0
10-04 20:05:14.212 I/hakuX-lane(22669): [occl804] f=7990 wait=0 procs=1 q=5 qnz=0 pend=0 rep=5 repnz=0 repmax=0 v=0,0,0,0,0
10-04 20:05:14.229 I/hakuX-lane(22669): [occl804] f=7991 wait=0 procs=1 q=2 qnz=0 pend=0 rep=2 repnz=0 repmax=0 v=0,0
10-04 20:05:14.261 I/hakuX-lane(22669): [occl804] f=7992 wait=0 procs=1 q=5 qnz=0 pend=0 rep=5 repnz=0 repmax=0 v=0,0,0,0,0
10-04 20:05:14.294 I/hakuX-lane(22669): [occl804] f=7994 wait=0 procs=1 q=7 qnz=0 pend=0 rep=7 repnz=0 repmax=0 v=0,0,0,0,0,0,0
10-04 20:05:14.311 I/hakuX-lane(22669): [occl804] f=7996 wait=0 procs=1 q=5 qnz=0 pend=0 rep=5 repnz=0 repmax=0 v=0,0,0,0,0
10-04 20:05:14.345 I/hakuX-lane(22669): [occl804] f=7997 wait=0 procs=1 q=2 qnz=0 pend=0 rep=2 repnz=0 repmax=0 v=0,0
10-04 20:05:14.361 I/hakuX-lane(22669): [occl804] f=7999 wait=0 procs=1 q=5 qnz=0 pend=0 rep=5 repnz=0 repmax=0 v=0,0,0,0,0
10-04 20:05:14.379 I/hakuX-lane(22669): [occl804] f=8000 wait=0 procs=1 q=2 qnz=0 pend=0 rep=2 repnz=0 repmax=0 v=0,0
10-04 20:05:14.411 I/hakuX-lane(22669): [occl804] f=8001 wait=0 procs=1 q=5 qnz=0 pend=0 rep=5 repnz=0 repmax=0 v=0,0,0,0,0
10-04 20:05:14.461 I/hakuX-lane(22669): [occl804] f=8003 wait=0 procs=1 q=7 qnz=0 pend=0 rep=7 repnz=0 repmax=0 v=0,0,0,0,0,0,0
10-04 20:05:14.478 I/hakuX-lane(22669): [occl804] f=8006 wait=0 procs=1 q=5 qnz=0 pend=0 rep=5 repnz=0 repmax=0 v=0,0,0,0,0
10-04 20:05:14.511 I/hakuX-lane(22669): [occl804] f=8007 wait=0 procs=1 q=2 qnz=0 pend=0 rep=2 repnz=0 repmax=0 v=0,0
10-04 20:05:14.528 I/hakuX-lane(22669): [occl804] f=8009 wait=0 procs=1 q=5 qnz=0 pend=0 rep=5 repnz=0 repmax=0 v=0,0,0,0,0
10-04 20:05:14.561 I/hakuX-lane(22669): [occl804] f=8010 wait=0 procs=1 q=2 qnz=0 pend=0 rep=2 repnz=0 repmax=0 v=0,0
10-04 20:05:14.578 I/hakuX-lane(22669): [occl804] f=8012 wait=0 procs=1 q=5 qnz=0 pend=0 rep=5 repnz=0 repmax=0 v=0,0,0,0,0
10-04 20:05:14.611 I/hakuX-lane(22669): [occl804] f=8013 wait=0 procs=1 q=2 qnz=0 pend=0 rep=2 repnz=0 repmax=0 v=0,0
10-04 20:05:14.629 I/hakuX-lane(22669): [occl804] f=8015 wait=0 procs=1 q=5 qnz=0 pend=0 rep=5 repnz=0 repmax=0 v=0,0,0,0,0
10-04 20:05:14.645 I/hakuX-lane(22669): [occl804] f=8016 wait=0 procs=1 q=2 qnz=0 pend=0 rep=2 repnz=0 repmax=0 v=0,0
10-04 20:05:14.678 I/hakuX-lane(22669): [occl804] f=8017 wait=0 procs=1 q=5 qnz=0 pend=0 rep=5 repnz=0 repmax=0 v=0,0,0,0,0
10-04 20:05:14.695 I/hakuX-lane(22669): [occl804] f=8019 wait=0 procs=1 q=5 qnz=0 pend=0 rep=5 repnz=0 repmax=0 v=0,0,0,0,0
10-04 20:05:14.728 I/hakuX-lane(22669): [occl804] f=8020 wait=0 procs=1 q=2 qnz=0 pend=0 rep=2 repnz=0 repmax=0 v=0,0
10-04 20:05:14.745 I/hakuX-lane(22669): [occl804] f=8022 wait=0 procs=1 q=5 qnz=0 pend=0 rep=5 repnz=0 repmax=0 v=0,0,0,0,0
10-04 20:05:14.761 I/hakuX-lane(22669): [occl804] f=8023 wait=0 procs=1 q=2 qnz=0 pend=0 rep=2 repnz=0 repmax=0 v=0,0
10-04 20:05:14.795 I/hakuX-lane(22669): [occl804] f=8024 wait=0 procs=1 q=5 qnz=0 pend=0 rep=5 repnz=0 repmax=0 v=0,0,0,0,0
10-04 20:05:14.828 I/hakuX-lane(22669): [occl804] f=8026 wait=0 procs=1 q=7 qnz=0 pend=0 rep=7 repnz=0 repmax=0 v=0,0,0,0,0,0,0
10-04 20:05:14.845 I/hakuX-lane(22669): [occl804] f=8028 wait=0 procs=1 q=5 qnz=0 pend=0 rep=5 repnz=0 repmax=0 v=0,0,0,0,0
10-04 20:05:14.861 I/hakuX-lane(22669): [occl804] f=8029 wait=0 procs=1 q=2 qnz=0 pend=0 rep=2 repnz=0 repmax=0 v=0,0
10-04 20:05:14.896 I/hakuX-lane(22669): [occl804] f=8030 wait=0 procs=1 q=5 qnz=0 pend=0 rep=5 repnz=0 repmax=0 v=0,0,0,0,0
10-04 20:05:14.929 I/hakuX-lane(22669): [occl804] f=8032 wait=0 procs=1 q=7 qnz=0 pend=0 rep=7 repnz=0 repmax=0 v=0,0,0,0,0,0,0
10-04 20:05:14.947 I/hakuX-lane(22669): [occl804] f=8034 wait=0 procs=1 q=5 qnz=0 pend=0 rep=5 repnz=0 repmax=0 v=0,0,0,0,0
10-04 20:05:14.963 I/hakuX-lane(22669): [occl804] f=8035 wait=0 procs=1 q=7 qnz=0 pend=0 rep=7 repnz=0 repmax=0 v=0,0,0,0,0,0,0
10-04 20:05:14.981 I/hakuX-lane(22669): [occl804] f=8036 wait=0 procs=1 q=5 qnz=0 pend=0 rep=5 repnz=0 repmax=0 v=0,0,0,0,0
10-04 20:05:14.997 I/hakuX-lane(22669): [occl804] f=8037 wait=0 procs=1 q=7 qnz=0 pend=0 rep=7 repnz=0 repmax=0 v=0,0,0,0,0,0,0
10-04 20:05:15.013 I/hakuX-lane(22669): [occl804] f=8038 wait=0 procs=1 q=5 qnz=0 pend=0 rep=5 repnz=0 repmax=0 v=0,0,0,0,0
10-04 20:05:15.031 I/hakuX-lane(22669): [occl804] f=8039 wait=0 procs=1 q=5 qnz=0 pend=0 rep=5 repnz=0 repmax=0 v=0,0,0,0,0
10-04 20:05:15.047 I/hakuX-lane(22669): [occl804] f=8040 wait=0 procs=1 q=7 qnz=0 pend=0 rep=7 repnz=0 repmax=0 v=0,0,0,0,0,0,0
10-04 20:05:15.064 I/hakuX-lane(22669): [occl804] f=8041 wait=0 procs=1 q=5 qnz=0 pend=0 rep=5 repnz=0 repmax=0 v=0,0,0,0,0
10-04 20:05:15.081 I/hakuX-lane(22669): [occl804] f=8042 wait=0 procs=1 q=5 qnz=0 pend=0 rep=5 repnz=0 repmax=0 v=0,0,0,0,0
10-04 20:05:15.114 I/hakuX-lane(22669): [occl804] f=8043 wait=0 procs=1 q=7 qnz=0 pend=0 rep=7 repnz=0 repmax=0 v=0,0,0,0,0,0,0
10-04 20:05:15.147 I/hakuX-lane(22669): [occl804] f=8045 wait=0 procs=1 q=7 qnz=0 pend=0 rep=7 repnz=0 repmax=0 v=0,0,0,0,0,0,0
10-04 20:05:15.163 I/hakuX-lane(22669): [occl804] f=8047 wait=0 procs=1 q=5 qnz=0 pend=0 rep=5 repnz=0 repmax=0 v=0,0,0,0,0
10-04 20:05:15.181 I/hakuX-lane(22669): [occl804] f=8048 wait=0 procs=1 q=2 qnz=0 pend=0 rep=2 repnz=0 repmax=0 v=0,0
10-04 20:05:15.197 I/hakuX-lane(22669): [occl804] f=8049 wait=0 procs=1 q=5 qnz=0 pend=0 rep=5 repnz=0 repmax=0 v=0,0,0,0,0
10-04 20:05:15.215 I/hakuX-lane(22669): [occl804] f=8050 wait=0 procs=1 q=5 qnz=0 pend=0 rep=5 repnz=0 repmax=0 v=0,0,0,0,0
10-04 20:05:15.231 I/hakuX-lane(22669): [occl804] f=8051 wait=0 procs=1 q=2 qnz=0 pend=0 rep=2 repnz=0 repmax=0 v=0,0
10-04 20:05:15.264 I/hakuX-lane(22669): [occl804] f=8052 wait=0 procs=1 q=5 qnz=0 pend=0 rep=5 repnz=0 repmax=0 v=0,0,0,0,0
10-04 20:05:15.297 I/hakuX-lane(22669): [occl804] f=8054 wait=0 procs=1 q=7 qnz=0 pend=0 rep=7 repnz=0 repmax=0 v=0,0,0,0,0,0,0
10-04 20:05:15.314 I/hakuX-lane(22669): [occl804] f=8056 wait=0 procs=1 q=5 qnz=0 pend=0 rep=5 repnz=0 repmax=0 v=0,0,0,0,0
10-04 20:05:15.331 I/hakuX-lane(22669): [occl804] f=8057 wait=0 procs=1 q=7 qnz=0 pend=0 rep=7 repnz=0 repmax=0 v=0,0,0,0,0,0,0
10-04 20:05:15.347 I/hakuX-lane(22669): [occl804] f=8058 wait=0 procs=1 q=5 qnz=0 pend=0 rep=5 repnz=0 repmax=0 v=0,0,0,0,0
10-04 20:05:15.381 I/hakuX-lane(22669): [occl804] f=8059 wait=0 procs=1 q=7 qnz=0 pend=0 rep=7 repnz=0 repmax=0 v=0,0,0,0,0,0,0
10-04 20:05:15.397 I/hakuX-lane(22669): [occl804] f=8061 wait=0 procs=1 q=5 qnz=0 pend=0 rep=5 repnz=0 repmax=0 v=0,0,0,0,0
10-04 20:05:15.414 I/hakuX-lane(22669): [occl804] f=8062 wait=0 procs=1 q=2 qnz=0 pend=0 rep=2 repnz=0 repmax=0 v=0,0
10-04 20:05:15.431 I/hakuX-lane(22669): [occl804] f=8063 wait=0 procs=1 q=5 qnz=0 pend=0 rep=5 repnz=0 repmax=0 v=0,0,0,0,0
10-04 20:05:15.448 I/hakuX-lane(22669): [occl804] f=8064 wait=0 procs=1 q=5 qnz=0 pend=0 rep=5 repnz=0 repmax=0 v=0,0,0,0,0
10-04 20:05:15.482 I/hakuX-lane(22669): [occl804] f=8065 wait=0 procs=1 q=7 qnz=0 pend=0 rep=7 repnz=0 repmax=0 v=0,0,0,0,0,0,0
10-04 20:05:15.515 I/hakuX-lane(22669): [occl804] f=8067 wait=0 procs=1 q=7 qnz=0 pend=0 rep=7 repnz=0 repmax=0 v=0,0,0,0,0,0,0
10-04 20:05:15.531 I/hakuX-lane(22669): [occl804] f=8069 wait=0 procs=1 q=5 qnz=0 pend=0 rep=5 repnz=0 repmax=0 v=0,0,0,0,0
10-04 20:05:15.549 I/hakuX-lane(22669): [occl804] f=8070 wait=0 procs=1 q=2 qnz=0 pend=0 rep=2 repnz=0 repmax=0 v=0,0
10-04 20:05:15.564 I/hakuX-lane(22669): [occl804] f=8071 wait=0 procs=1 q=5 qnz=0 pend=0 rep=5 repnz=0 repmax=0 v=0,0,0,0,0
10-04 20:05:15.582 I/hakuX-lane(22669): [occl804] f=8072 wait=0 procs=1 q=2 qnz=0 pend=0 rep=2 repnz=0 repmax=0 v=0,0
10-04 20:05:15.615 I/hakuX-lane(22669): [occl804] f=8073 wait=0 procs=1 q=5 qnz=0 pend=0 rep=5 repnz=0 repmax=0 v=0,0,0,0,0
10-04 20:05:15.648 I/hakuX-lane(22669): [occl804] f=8075 wait=0 procs=1 q=7 qnz=0 pend=0 rep=7 repnz=0 repmax=0 v=0,0,0,0,0,0,0
10-04 20:05:15.664 I/hakuX-lane(22669): [occl804] f=8077 wait=0 procs=1 q=5 qnz=0 pend=0 rep=5 repnz=0 repmax=0 v=0,0,0,0,0
10-04 20:05:15.681 I/hakuX-lane(22669): [occl804] f=8078 wait=0 procs=1 q=2 qnz=0 pend=0 rep=2 repnz=0 repmax=0 v=0,0
10-04 20:05:15.715 I/hakuX-lane(22669): [occl804] f=8079 wait=0 procs=1 q=5 qnz=0 pend=0 rep=5 repnz=0 repmax=0 v=0,0,0,0,0
10-04 20:05:15.748 I/hakuX-lane(22669): [occl804] f=8081 wait=0 procs=1 q=7 qnz=0 pend=0 rep=7 repnz=0 repmax=0 v=0,0,0,0,0,0,0
10-04 20:05:15.765 I/hakuX-lane(22669): [occl804] f=8083 wait=0 procs=1 q=5 qnz=0 pend=0 rep=5 repnz=0 repmax=0 v=0,0,0,0,0
10-04 20:05:15.782 I/hakuX-lane(22669): [occl804] f=8084 wait=0 procs=1 q=2 qnz=0 pend=0 rep=2 repnz=0 repmax=0 v=0,0
10-04 20:05:15.814 I/hakuX-lane(22669): [occl804] f=8085 wait=0 procs=1 q=5 qnz=0 pend=0 rep=5 repnz=0 repmax=0 v=0,0,0,0,0
10-04 20:05:15.832 I/hakuX-lane(22669): [occl804] f=8087 wait=0 procs=1 q=2 qnz=0 pend=0 rep=2 repnz=0 repmax=0 v=0,0
10-04 20:05:15.864 I/hakuX-lane(22669): [occl804] f=8088 wait=0 procs=1 q=5 qnz=0 pend=0 rep=5 repnz=0 repmax=0 v=0,0,0,0,0
10-04 20:05:15.884 I/hakuX-lane(22669): [occl804] f=8090 wait=0 procs=1 q=2 qnz=0 pend=0 rep=2 repnz=0 repmax=0 v=0,0
10-04 20:05:15.915 I/hakuX-lane(22669): [occl804] f=8091 wait=0 procs=1 q=5 qnz=0 pend=0 rep=5 repnz=0 repmax=0 v=0,0,0,0,0
10-04 20:05:15.948 I/hakuX-lane(22669): [occl804] f=8093 wait=0 procs=1 q=7 qnz=0 pend=0 rep=7 repnz=0 repmax=0 v=0,0,0,0,0,0,0
10-04 20:05:15.965 I/hakuX-lane(22669): [occl804] f=8095 wait=0 procs=1 q=5 qnz=0 pend=0 rep=5 repnz=0 repmax=0 v=0,0,0,0,0
10-04 20:05:15.982 I/hakuX-lane(22669): [occl804] f=8096 wait=0 procs=1 q=2 qnz=0 pend=0 rep=2 repnz=0 repmax=0 v=0,0
10-04 20:05:15.999 I/hakuX-lane(22669): [occl804] f=8097 wait=0 procs=1 q=5 qnz=0 pend=0 rep=5 repnz=0 repmax=0 v=0,0,0,0,0
10-04 20:05:16.015 I/hakuX-lane(22669): [occl804] f=8098 wait=0 procs=1 q=2 qnz=0 pend=0 rep=2 repnz=0 repmax=0 v=0,0
10-04 20:05:16.048 I/hakuX-lane(22669): [occl804] f=8099 wait=0 procs=1 q=5 qnz=0 pend=0 rep=5 repnz=0 repmax=0 v=0,0,0,0,0
10-04 20:05:16.082 I/hakuX-lane(22669): [occl804] f=8101 wait=0 procs=1 q=7 qnz=0 pend=0 rep=7 repnz=0 repmax=0 v=0,0,0,0,0,0,0
10-04 20:05:16.098 I/hakuX-lane(22669): [occl804] f=8103 wait=0 procs=1 q=5 qnz=0 pend=0 rep=5 repnz=0 repmax=0 v=0,0,0,0,0
10-04 20:05:16.132 I/hakuX-lane(22669): [occl804] f=8104 wait=0 procs=1 q=2 qnz=0 pend=0 rep=2 repnz=0 repmax=0 v=0,0
10-04 20:05:16.149 I/hakuX-lane(22669): [occl804] f=8106 wait=0 procs=1 q=5 qnz=0 pend=0 rep=5 repnz=0 repmax=0 v=0,0,0,0,0
10-04 20:05:16.165 I/hakuX-lane(22669): [occl804] f=8107 wait=0 procs=1 q=2 qnz=0 pend=0 rep=2 repnz=0 repmax=0 v=0,0
10-04 20:05:16.198 I/hakuX-lane(22669): [occl804] f=8108 wait=0 procs=1 q=5 qnz=0 pend=0 rep=5 repnz=0 repmax=0 v=0,0,0,0,0
10-04 20:05:16.232 I/hakuX-lane(22669): [occl804] f=8110 wait=0 procs=1 q=7 qnz=0 pend=0 rep=7 repnz=0 repmax=0 v=0,0,0,0,0,0,0
10-04 20:05:16.248 I/hakuX-lane(22669): [occl804] f=8112 wait=0 procs=1 q=5 qnz=0 pend=0 rep=5 repnz=0 repmax=0 v=0,0,0,0,0
10-04 20:05:16.265 I/hakuX-lane(22669): [occl804] f=8113 wait=0 procs=1 q=2 qnz=0 pend=0 rep=2 repnz=0 repmax=0 v=0,0
10-04 20:05:16.299 I/hakuX-lane(22669): [occl804] f=8114 wait=0 procs=1 q=5 qnz=0 pend=0 rep=5 repnz=0 repmax=0 v=0,0,0,0,0
10-04 20:05:16.332 I/hakuX-lane(22669): [occl804] f=8116 wait=0 procs=1 q=7 qnz=0 pend=0 rep=7 repnz=0 repmax=0 v=0,0,0,0,0,0,0
10-04 20:05:16.349 I/hakuX-lane(22669): [occl804] f=8118 wait=0 procs=1 q=5 qnz=0 pend=0 rep=5 repnz=0 repmax=0 v=0,0,0,0,0
10-04 20:05:16.365 I/hakuX-lane(22669): [occl804] f=8119 wait=0 procs=1 q=2 qnz=0 pend=0 rep=2 repnz=0 repmax=0 v=0,0
10-04 20:05:16.398 I/hakuX-lane(22669): [occl804] f=8120 wait=0 procs=1 q=5 qnz=0 pend=0 rep=5 repnz=0 repmax=0 v=0,0,0,0,0
10-04 20:05:16.432 I/hakuX-lane(22669): [occl804] f=8122 wait=0 procs=1 q=7 qnz=0 pend=0 rep=7 repnz=0 repmax=0 v=0,0,0,0,0,0,0
10-04 20:05:16.448 I/hakuX-lane(22669): [occl804] f=8124 wait=0 procs=1 q=5 qnz=0 pend=0 rep=5 repnz=0 repmax=0 v=0,0,0,0,0
10-04 20:05:16.465 I/hakuX-lane(22669): [occl804] f=8125 wait=0 procs=1 q=2 qnz=0 pend=0 rep=2 repnz=0 repmax=0 v=0,0
10-04 20:05:16.499 I/hakuX-lane(22669): [occl804] f=8126 wait=0 procs=1 q=5 qnz=0 pend=0 rep=5 repnz=0 repmax=0 v=0,0,0,0,0
10-04 20:05:16.532 I/hakuX-lane(22669): [occl804] f=8128 wait=0 procs=1 q=7 qnz=0 pend=0 rep=7 repnz=0 repmax=0 v=0,0,0,0,0,0,0
10-04 20:05:16.549 I/hakuX-lane(22669): [occl804] f=8130 wait=0 procs=1 q=5 qnz=0 pend=0 rep=5 repnz=0 repmax=0 v=0,0,0,0,0
10-04 20:05:16.566 I/hakuX-lane(22669): [occl804] f=8131 wait=0 procs=1 q=2 qnz=0 pend=0 rep=2 repnz=0 repmax=0 v=0,0
10-04 20:05:16.599 I/hakuX-lane(22669): [occl804] f=8132 wait=0 procs=1 q=5 qnz=0 pend=0 rep=5 repnz=0 repmax=0 v=0,0,0,0,0
10-04 20:05:16.634 I/hakuX-lane(22669): [occl804] f=8134 wait=0 procs=1 q=7 qnz=0 pend=0 rep=7 repnz=0 repmax=0 v=0,0,0,0,0,0,0
10-04 20:05:16.666 I/hakuX-lane(22669): [occl804] f=8136 wait=0 procs=1 q=7 qnz=0 pend=0 rep=7 repnz=0 repmax=0 v=0,0,0,0,0,0,0
10-04 20:05:16.683 I/hakuX-lane(22669): [occl804] f=8138 wait=0 procs=1 q=5 qnz=0 pend=0 rep=5 repnz=0 repmax=0 v=0,0,0,0,0
10-04 20:05:16.699 I/hakuX-lane(22669): [occl804] f=8139 wait=0 procs=1 q=2 qnz=0 pend=0 rep=2 repnz=0 repmax=0 v=0,0
10-04 20:05:16.733 I/hakuX-lane(22669): [occl804] f=8140 wait=0 procs=1 q=5 qnz=0 pend=0 rep=5 repnz=0 repmax=0 v=0,0,0,0,0
10-04 20:05:16.766 I/hakuX-lane(22669): [occl804] f=8142 wait=0 procs=1 q=7 qnz=0 pend=0 rep=7 repnz=0 repmax=0 v=0,0,0,0,0,0,0
10-04 20:05:16.783 I/hakuX-lane(22669): [occl804] f=8144 wait=0 procs=1 q=5 qnz=0 pend=0 rep=5 repnz=0 repmax=0 v=0,0,0,0,0
10-04 20:05:16.799 I/hakuX-lane(22669): [occl804] f=8145 wait=0 procs=1 q=2 qnz=0 pend=0 rep=2 repnz=0 repmax=0 v=0,0
10-04 20:05:16.833 I/hakuX-lane(22669): [occl804] f=8146 wait=0 procs=1 q=5 qnz=0 pend=0 rep=5 repnz=0 repmax=0 v=0,0,0,0,0
10-04 20:05:16.866 I/hakuX-lane(22669): [occl804] f=8148 wait=0 procs=1 q=7 qnz=0 pend=0 rep=7 repnz=0 repmax=0 v=0,0,0,0,0,0,0
10-04 20:05:16.883 I/hakuX-lane(22669): [occl804] f=8150 wait=0 procs=1 q=5 qnz=0 pend=0 rep=5 repnz=0 repmax=0 v=0,0,0,0,0
10-04 20:05:16.900 I/hakuX-lane(22669): [occl804] f=8151 wait=0 procs=1 q=2 qnz=0 pend=0 rep=2 repnz=0 repmax=0 v=0,0
10-04 20:05:16.933 I/hakuX-lane(22669): [occl804] f=8152 wait=0 procs=1 q=5 qnz=0 pend=0 rep=5 repnz=0 repmax=0 v=0,0,0,0,0
10-04 20:05:16.966 I/hakuX-lane(22669): [occl804] f=8154 wait=0 procs=1 q=7 qnz=0 pend=0 rep=7 repnz=0 repmax=0 v=0,0,0,0,0,0,0
10-04 20:05:16.983 I/hakuX-lane(22669): [occl804] f=8156 wait=0 procs=1 q=5 qnz=0 pend=0 rep=5 repnz=0 repmax=0 v=0,0,0,0,0
10-04 20:05:16.999 I/hakuX-lane(22669): [occl804] f=8157 wait=0 procs=1 q=2 qnz=0 pend=0 rep=2 repnz=0 repmax=0 v=0,0
10-04 20:05:17.033 I/hakuX-lane(22669): [occl804] f=8158 wait=0 procs=1 q=5 qnz=0 pend=0 rep=5 repnz=0 repmax=0 v=0,0,0,0,0
10-04 20:05:17.066 I/hakuX-lane(22669): [occl804] f=8160 wait=0 procs=1 q=7 qnz=0 pend=0 rep=7 repnz=0 repmax=0 v=0,0,0,0,0,0,0
10-04 20:05:17.083 I/hakuX-lane(22669): [occl804] f=8162 wait=0 procs=1 q=5 qnz=0 pend=0 rep=5 repnz=0 repmax=0 v=0,0,0,0,0
10-04 20:05:17.099 I/hakuX-lane(22669): [occl804] f=8163 wait=0 procs=1 q=2 qnz=0 pend=0 rep=2 repnz=0 repmax=0 v=0,0
10-04 20:05:17.135 I/hakuX-lane(22669): [occl804] f=8164 wait=0 procs=1 q=5 qnz=0 pend=0 rep=5 repnz=0 repmax=0 v=0,0,0,0,0
10-04 20:05:17.167 I/hakuX-lane(22669): [occl804] f=8166 wait=0 procs=1 q=7 qnz=0 pend=0 rep=7 repnz=0 repmax=0 v=0,0,0,0,0,0,0
10-04 20:05:17.183 I/hakuX-lane(22669): [occl804] f=8168 wait=0 procs=1 q=5 qnz=0 pend=0 rep=5 repnz=0 repmax=0 v=0,0,0,0,0
10-04 20:05:17.199 I/hakuX-lane(22669): [occl804] f=8169 wait=0 procs=1 q=2 qnz=0 pend=0 rep=2 repnz=0 repmax=0 v=0,0
10-04 20:05:17.233 I/hakuX-lane(22669): [occl804] f=8170 wait=0 procs=1 q=5 qnz=0 pend=0 rep=5 repnz=0 repmax=0 v=0,0,0,0,0
10-04 20:05:17.266 I/hakuX-lane(22669): [occl804] f=8172 wait=0 procs=1 q=7 qnz=0 pend=0 rep=7 repnz=0 repmax=0 v=0,0,0,0,0,0,0
10-04 20:05:17.283 I/hakuX-lane(22669): [occl804] f=8174 wait=0 procs=1 q=5 qnz=0 pend=0 rep=5 repnz=0 repmax=0 v=0,0,0,0,0
10-04 20:05:17.300 I/hakuX-lane(22669): [occl804] f=8175 wait=0 procs=1 q=2 qnz=0 pend=0 rep=2 repnz=0 repmax=0 v=0,0
10-04 20:05:17.316 I/hakuX-lane(22669): [occl804] f=8176 wait=0 procs=1 q=5 qnz=0 pend=0 rep=5 repnz=0 repmax=0 v=0,0,0,0,0
10-04 20:05:17.333 I/hakuX-lane(22669): [occl804] f=8177 wait=0 procs=1 q=2 qnz=0 pend=0 rep=2 repnz=0 repmax=0 v=0,0
10-04 20:05:17.366 I/hakuX-lane(22669): [occl804] f=8178 wait=0 procs=1 q=5 qnz=0 pend=0 rep=5 repnz=0 repmax=0 v=0,0,0,0,0
10-04 20:05:17.399 I/hakuX-lane(22669): [occl804] f=8180 wait=0 procs=1 q=7 qnz=0 pend=0 rep=7 repnz=0 repmax=0 v=0,0,0,0,0,0,0
10-04 20:05:17.417 I/hakuX-lane(22669): [occl804] f=8182 wait=0 procs=1 q=5 qnz=0 pend=0 rep=5 repnz=0 repmax=0 v=0,0,0,0,0
10-04 20:05:17.433 I/hakuX-lane(22669): [occl804] f=8183 wait=0 procs=1 q=2 qnz=0 pend=0 rep=2 repnz=0 repmax=0 v=0,0
10-04 20:05:17.466 I/hakuX-lane(22669): [occl804] f=8184 wait=0 procs=1 q=5 qnz=0 pend=0 rep=5 repnz=0 repmax=0 v=0,0,0,0,0
10-04 20:05:17.500 I/hakuX-lane(22669): [occl804] f=8186 wait=0 procs=1 q=7 qnz=0 pend=0 rep=7 repnz=0 repmax=0 v=0,0,0,0,0,0,0
10-04 20:05:17.516 I/hakuX-lane(22669): [occl804] f=8188 wait=0 procs=1 q=5 qnz=0 pend=0 rep=5 repnz=0 repmax=0 v=0,0,0,0,0
10-04 20:05:17.533 I/hakuX-lane(22669): [occl804] f=8189 wait=0 procs=1 q=2 qnz=0 pend=0 rep=2 repnz=0 repmax=0 v=0,0
10-04 20:05:17.566 I/hakuX-lane(22669): [occl804] f=8190 wait=0 procs=1 q=5 qnz=0 pend=0 rep=5 repnz=0 repmax=0 v=0,0,0,0,0
10-04 20:05:17.600 I/hakuX-lane(22669): [occl804] f=8192 wait=0 procs=1 q=7 qnz=0 pend=0 rep=7 repnz=0 repmax=0 v=0,0,0,0,0,0,0
10-04 20:05:17.633 I/hakuX-lane(22669): [occl804] f=8194 wait=0 procs=1 q=7 qnz=0 pend=0 rep=7 repnz=0 repmax=0 v=0,0,0,0,0,0,0
10-04 20:05:17.667 I/hakuX-lane(22669): [occl804] f=8196 wait=0 procs=1 q=7 qnz=0 pend=0 rep=7 repnz=0 repmax=0 v=0,0,0,0,0,0,0
10-04 20:05:17.700 I/hakuX-lane(22669): [occl804] f=8198 wait=0 procs=1 q=7 qnz=0 pend=0 rep=7 repnz=0 repmax=0 v=0,0,0,0,0,0,0
10-04 20:05:17.717 I/hakuX-lane(22669): [occl804] f=8200 wait=0 procs=1 q=5 qnz=0 pend=0 rep=5 repnz=0 repmax=0 v=0,0,0,0,0
10-04 20:05:17.737 I/hakuX-lane(22669): [occl804] f=8201 wait=0 procs=1 q=2 qnz=0 pend=0 rep=2 repnz=0 repmax=0 v=0,0
10-04 20:05:17.750 I/hakuX-lane(22669): [occl804] f=8202 wait=0 procs=1 q=5 qnz=0 pend=0 rep=5 repnz=0 repmax=0 v=0,0,0,0,0
10-04 20:05:17.767 I/hakuX-lane(22669): [occl804] f=8203 wait=0 procs=1 q=2 qnz=0 pend=0 rep=2 repnz=0 repmax=0 v=0,0
10-04 20:05:17.800 I/hakuX-lane(22669): [occl804] f=8204 wait=0 procs=1 q=5 qnz=0 pend=0 rep=5 repnz=0 repmax=0 v=0,0,0,0,0
10-04 20:05:17.834 I/hakuX-lane(22669): [occl804] f=8206 wait=0 procs=1 q=7 qnz=0 pend=0 rep=7 repnz=0 repmax=0 v=0,0,0,0,0,0,0
10-04 20:05:17.851 I/hakuX-lane(22669): [occl804] f=8208 wait=0 procs=1 q=5 qnz=0 pend=0 rep=5 repnz=0 repmax=0 v=0,0,0,0,0
10-04 20:05:17.867 I/hakuX-lane(22669): [occl804] f=8209 wait=0 procs=1 q=2 qnz=0 pend=0 rep=2 repnz=0 repmax=0 v=0,0
10-04 20:05:17.884 I/hakuX-lane(22669): [occl804] f=8210 wait=0 procs=1 q=5 qnz=0 pend=0 rep=5 repnz=0 repmax=0 v=0,0,0,0,0
10-04 20:05:17.900 I/hakuX-lane(22669): [occl804] f=8211 wait=0 procs=1 q=2 qnz=0 pend=0 rep=2 repnz=0 repmax=0 v=0,0
10-04 20:05:17.934 I/hakuX-lane(22669): [occl804] f=8212 wait=0 procs=1 q=5 qnz=0 pend=0 rep=5 repnz=0 repmax=0 v=0,0,0,0,0
10-04 20:05:17.969 I/hakuX-lane(22669): [occl804] f=8214 wait=0 procs=1 q=7 qnz=0 pend=0 rep=7 repnz=0 repmax=0 v=0,0,0,0,0,0,0
10-04 20:05:17.984 I/hakuX-lane(22669): [occl804] f=8216 wait=0 procs=1 q=5 qnz=0 pend=0 rep=5 repnz=0 repmax=0 v=0,0,0,0,0
10-04 20:05:18.000 I/hakuX-lane(22669): [occl804] f=8217 wait=0 procs=1 q=2 qnz=0 pend=0 rep=2 repnz=0 repmax=0 v=0,0
10-04 20:05:18.035 I/hakuX-lane(22669): [occl804] f=8218 wait=0 procs=1 q=5 qnz=0 pend=0 rep=5 repnz=0 repmax=0 v=0,0,0,0,0
10-04 20:05:18.067 I/hakuX-lane(22669): [occl804] f=8220 wait=0 procs=1 q=7 qnz=0 pend=0 rep=7 repnz=0 repmax=0 v=0,0,0,0,0,0,0
10-04 20:05:18.084 I/hakuX-lane(22669): [occl804] f=8222 wait=0 procs=1 q=5 qnz=0 pend=0 rep=5 repnz=0 repmax=0 v=0,0,0,0,0
10-04 20:05:18.100 I/hakuX-lane(22669): [occl804] f=8223 wait=0 procs=1 q=2 qnz=0 pend=0 rep=2 repnz=0 repmax=0 v=0,0
10-04 20:05:18.134 I/hakuX-lane(22669): [occl804] f=8224 wait=0 procs=1 q=5 qnz=0 pend=0 rep=5 repnz=0 repmax=0 v=0,0,0,0,0
10-04 20:05:18.167 I/hakuX-lane(22669): [occl804] f=8226 wait=0 procs=1 q=7 qnz=0 pend=0 rep=7 repnz=0 repmax=0 v=0,0,0,0,0,0,0
10-04 20:05:18.184 I/hakuX-lane(22669): [occl804] f=8228 wait=0 procs=1 q=5 qnz=0 pend=0 rep=5 repnz=0 repmax=0 v=0,0,0,0,0
10-04 20:05:18.201 I/hakuX-lane(22669): [occl804] f=8229 wait=0 procs=1 q=2 qnz=0 pend=0 rep=2 repnz=0 repmax=0 v=0,0
10-04 20:05:18.234 I/hakuX-lane(22669): [occl804] f=8230 wait=0 procs=1 q=5 qnz=0 pend=0 rep=5 repnz=0 repmax=0 v=0,0,0,0,0
10-04 20:05:18.268 I/hakuX-lane(22669): [occl804] f=8232 wait=0 procs=1 q=7 qnz=0 pend=0 rep=7 repnz=0 repmax=0 v=0,0,0,0,0,0,0
10-04 20:05:18.285 I/hakuX-lane(22669): [occl804] f=8234 wait=0 procs=1 q=5 qnz=0 pend=0 rep=5 repnz=0 repmax=0 v=0,0,0,0,0
10-04 20:05:18.301 I/hakuX-lane(22669): [occl804] f=8235 wait=0 procs=1 q=2 qnz=0 pend=0 rep=2 repnz=0 repmax=0 v=0,0
10-04 20:05:18.334 I/hakuX-lane(22669): [occl804] f=8236 wait=0 procs=1 q=5 qnz=0 pend=0 rep=5 repnz=0 repmax=0 v=0,0,0,0,0
10-04 20:05:18.367 I/hakuX-lane(22669): [occl804] f=8238 wait=0 procs=1 q=7 qnz=0 pend=0 rep=7 repnz=0 repmax=0 v=0,0,0,0,0,0,0
10-04 20:05:18.385 I/hakuX-lane(22669): [occl804] f=8240 wait=0 procs=1 q=5 qnz=0 pend=0 rep=5 repnz=0 repmax=0 v=0,0,0,0,0
10-04 20:05:18.401 I/hakuX-lane(22669): [occl804] f=8241 wait=0 procs=1 q=2 qnz=0 pend=0 rep=2 repnz=0 repmax=0 v=0,0
10-04 20:05:18.437 I/hakuX-lane(22669): [occl804] f=8242 wait=0 procs=1 q=5 qnz=0 pend=0 rep=5 repnz=0 repmax=0 v=0,0,0,0,0
10-04 20:05:18.467 I/hakuX-lane(22669): [occl804] f=8244 wait=0 procs=1 q=7 qnz=0 pend=0 rep=7 repnz=0 repmax=0 v=0,0,0,0,0,0,0
10-04 20:05:18.484 I/hakuX-lane(22669): [occl804] f=8246 wait=0 procs=1 q=5 qnz=0 pend=0 rep=5 repnz=0 repmax=0 v=0,0,0,0,0
10-04 20:05:18.501 I/hakuX-lane(22669): [occl804] f=8247 wait=0 procs=1 q=2 qnz=0 pend=0 rep=2 repnz=0 repmax=0 v=0,0
10-04 20:05:18.534 I/hakuX-lane(22669): [occl804] f=8248 wait=0 procs=1 q=5 qnz=0 pend=0 rep=5 repnz=0 repmax=0 v=0,0,0,0,0
10-04 20:05:18.568 I/hakuX-lane(22669): [occl804] f=8250 wait=0 procs=1 q=7 qnz=0 pend=0 rep=7 repnz=0 repmax=0 v=0,0,0,0,0,0,0
10-04 20:05:18.585 I/hakuX-lane(22669): [occl804] f=8252 wait=0 procs=1 q=5 qnz=0 pend=0 rep=5 repnz=0 repmax=0 v=0,0,0,0,0
10-04 20:05:18.601 I/hakuX-lane(22669): [occl804] f=8253 wait=0 procs=1 q=2 qnz=0 pend=0 rep=2 repnz=0 repmax=0 v=0,0
10-04 20:05:18.635 I/hakuX-lane(22669): [occl804] f=8254 wait=0 procs=1 q=5 qnz=0 pend=0 rep=5 repnz=0 repmax=0 v=0,0,0,0,0
10-04 20:05:18.667 I/hakuX-lane(22669): [occl804] f=8256 wait=0 procs=1 q=7 qnz=0 pend=0 rep=7 repnz=0 repmax=0 v=0,0,0,0,0,0,0
10-04 20:05:18.685 I/hakuX-lane(22669): [occl804] f=8258 wait=0 procs=1 q=5 qnz=0 pend=0 rep=5 repnz=0 repmax=0 v=0,0,0,0,0
10-04 20:05:18.701 I/hakuX-lane(22669): [occl804] f=8259 wait=0 procs=1 q=2 qnz=0 pend=0 rep=2 repnz=0 repmax=0 v=0,0
10-04 20:05:18.735 I/hakuX-lane(22669): [occl804] f=8260 wait=0 procs=1 q=5 qnz=0 pend=0 rep=5 repnz=0 repmax=0 v=0,0,0,0,0
10-04 20:05:18.768 I/hakuX-lane(22669): [occl804] f=8262 wait=0 procs=1 q=7 qnz=0 pend=0 rep=7 repnz=0 repmax=0 v=0,0,0,0,0,0,0
10-04 20:05:18.785 I/hakuX-lane(22669): [occl804] f=8264 wait=0 procs=1 q=5 qnz=0 pend=0 rep=5 repnz=0 repmax=0 v=0,0,0,0,0
10-04 20:05:18.818 I/hakuX-lane(22669): [occl804] f=8265 wait=0 procs=1 q=2 qnz=0 pend=0 rep=2 repnz=0 repmax=0 v=0,0
10-04 20:05:18.835 I/hakuX-lane(22669): [occl804] f=8267 wait=0 procs=1 q=5 qnz=0 pend=0 rep=5 repnz=0 repmax=0 v=0,0,0,0,0
10-04 20:05:18.870 I/hakuX-lane(22669): [occl804] f=8268 wait=0 procs=2 q=7 qnz=0 pend=0 rep=7 repnz=0 repmax=0 v=0,0,0,0,0,0,0
10-04 20:05:18.885 I/hakuX-lane(22669): [occl804] f=8270 wait=0 procs=1 q=2 qnz=0 pend=0 rep=2 repnz=0 repmax=0 v=0,0
10-04 20:05:18.918 I/hakuX-lane(22669): [occl804] f=8271 wait=0 procs=1 q=5 qnz=0 pend=0 rep=5 repnz=0 repmax=0 v=0,0,0,0,0
10-04 20:05:18.951 I/hakuX-lane(22669): [occl804] f=8273 wait=0 procs=1 q=7 qnz=0 pend=0 rep=7 repnz=0 repmax=0 v=0,0,0,0,0,0,0
10-04 20:05:18.968 I/hakuX-lane(22669): [occl804] f=8275 wait=0 procs=1 q=5 qnz=0 pend=0 rep=5 repnz=0 repmax=0 v=0,0,0,0,0
10-04 20:05:18.985 I/hakuX-lane(22669): [occl804] f=8276 wait=0 procs=1 q=2 qnz=0 pend=0 rep=2 repnz=0 repmax=0 v=0,0
10-04 20:05:19.018 I/hakuX-lane(22669): [occl804] f=8277 wait=0 procs=1 q=5 qnz=0 pend=0 rep=5 repnz=0 repmax=0 v=0,0,0,0,0
10-04 20:05:19.052 I/hakuX-lane(22669): [occl804] f=8279 wait=0 procs=1 q=7 qnz=0 pend=0 rep=7 repnz=0 repmax=0 v=0,0,0,0,0,0,0
10-04 20:05:19.068 I/hakuX-lane(22669): [occl804] f=8281 wait=0 procs=1 q=5 qnz=0 pend=0 rep=5 repnz=0 repmax=0 v=0,0,0,0,0
10-04 20:05:19.086 I/hakuX-lane(22669): [occl804] f=8282 wait=0 procs=1 q=2 qnz=0 pend=0 rep=2 repnz=0 repmax=0 v=0,0
10-04 20:05:19.118 I/hakuX-lane(22669): [occl804] f=8283 wait=0 procs=1 q=5 qnz=0 pend=0 rep=5 repnz=0 repmax=0 v=0,0,0,0,0
10-04 20:05:19.152 I/hakuX-lane(22669): [occl804] f=8285 wait=0 procs=1 q=7 qnz=0 pend=0 rep=7 repnz=0 repmax=0 v=0,0,0,0,0,0,0
10-04 20:05:19.169 I/hakuX-lane(22669): [occl804] f=8287 wait=0 procs=1 q=5 qnz=0 pend=0 rep=5 repnz=0 repmax=0 v=0,0,0,0,0
10-04 20:05:19.186 I/hakuX-lane(22669): [occl804] f=8288 wait=0 procs=1 q=2 qnz=0 pend=0 rep=2 repnz=0 repmax=0 v=0,0
10-04 20:05:19.220 I/hakuX-lane(22669): [occl804] f=8289 wait=0 procs=1 q=5 qnz=0 pend=0 rep=5 repnz=0 repmax=0 v=0,0,0,0,0
10-04 20:05:19.251 I/hakuX-lane(22669): [occl804] f=8291 wait=0 procs=1 q=7 qnz=0 pend=0 rep=7 repnz=0 repmax=0 v=0,0,0,0,0,0,0
10-04 20:05:19.268 I/hakuX-lane(22669): [occl804] f=8293 wait=0 procs=1 q=5 qnz=0 pend=0 rep=5 repnz=0 repmax=0 v=0,0,0,0,0
10-04 20:05:19.285 I/hakuX-lane(22669): [occl804] f=8294 wait=0 procs=1 q=2 qnz=0 pend=0 rep=2 repnz=0 repmax=0 v=0,0
10-04 20:05:19.318 I/hakuX-lane(22669): [occl804] f=8295 wait=0 procs=1 q=5 qnz=0 pend=0 rep=5 repnz=0 repmax=0 v=0,0,0,0,0
10-04 20:05:19.352 I/hakuX-lane(22669): [occl804] f=8297 wait=0 procs=1 q=7 qnz=0 pend=0 rep=7 repnz=0 repmax=0 v=0,0,0,0,0,0,0
10-04 20:05:19.368 I/hakuX-lane(22669): [occl804] f=8299 wait=0 procs=1 q=5 qnz=0 pend=0 rep=5 repnz=0 repmax=0 v=0,0,0,0,0
10-04 20:05:19.386 I/hakuX-lane(22669): [occl804] f=8300 wait=0 procs=1 q=2 qnz=0 pend=0 rep=2 repnz=0 repmax=0 v=0,0
10-04 20:05:19.419 I/hakuX-lane(22669): [occl804] f=8301 wait=0 procs=1 q=5 qnz=0 pend=0 rep=5 repnz=0 repmax=0 v=0,0,0,0,0
10-04 20:05:19.452 I/hakuX-lane(22669): [occl804] f=8303 wait=0 procs=1 q=7 qnz=0 pend=0 rep=7 repnz=0 repmax=0 v=0,0,0,0,0,0,0
10-04 20:05:19.469 I/hakuX-lane(22669): [occl804] f=8305 wait=0 procs=1 q=5 qnz=0 pend=0 rep=5 repnz=0 repmax=0 v=0,0,0,0,0
10-04 20:05:19.486 I/hakuX-lane(22669): [occl804] f=8306 wait=0 procs=1 q=2 qnz=0 pend=0 rep=2 repnz=0 repmax=0 v=0,0
10-04 20:05:19.519 I/hakuX-lane(22669): [occl804] f=8307 wait=0 procs=1 q=5 qnz=0 pend=0 rep=5 repnz=0 repmax=0 v=0,0,0,0,0
10-04 20:05:19.536 I/hakuX-lane(22669): [occl804] f=8309 wait=0 procs=1 q=7 qnz=0 pend=0 rep=7 repnz=0 repmax=0 v=0,0,0,0,0,0,0
10-04 20:05:19.552 I/hakuX-lane(22669): [occl804] f=8310 wait=0 procs=1 q=5 qnz=0 pend=0 rep=5 repnz=0 repmax=0 v=0,0,0,0,0
10-04 20:05:19.569 I/hakuX-lane(22669): [occl804] f=8311 wait=0 procs=1 q=7 qnz=0 pend=0 rep=7 repnz=0 repmax=0 v=0,0,0,0,0,0,0
10-04 20:05:19.586 I/hakuX-lane(22669): [occl804] f=8312 wait=0 procs=1 q=5 qnz=0 pend=0 rep=5 repnz=0 repmax=0 v=0,0,0,0,0
10-04 20:05:19.619 I/hakuX-lane(22669): [occl804] f=8313 wait=0 procs=2 q=12 qnz=0 pend=0 rep=12 repnz=0 repmax=0 v=0,0,0,0,0,0,0,0,0,0,0,0
10-04 20:05:19.653 I/hakuX-lane(22669): [occl804] f=8315 wait=0 procs=2 q=12 qnz=0 pend=0 rep=12 repnz=0 repmax=0 v=0,0,0,0,0,0,0,0,0,0,0,0
10-04 20:05:19.670 I/hakuX-lane(22669): [occl804] f=8316 wait=0 procs=2 q=7 qnz=0 pend=0 rep=7 repnz=0 repmax=0 v=0,0,0,0,0,0,0
10-04 20:05:19.685 I/hakuX-lane(22669): [occl804] f=8317 wait=0 procs=1 q=5 qnz=0 pend=0 rep=5 repnz=0 repmax=0 v=0,0,0,0,0
10-04 20:05:19.690 I/hakuX-lane(22669): [occl804] f=8318 wait=0 procs=1 q=5 qnz=0 pend=0 rep=5 repnz=0 repmax=0 v=0,0,0,0,0
10-04 20:05:19.720 I/hakuX-lane(22669): [occl804] f=8319 wait=0 procs=2 q=7 qnz=0 pend=0 rep=7 repnz=0 repmax=0 v=0,0,0,0,0,0,0
10-04 20:05:19.725 I/hakuX-lane(22669): [occl804] f=8320 wait=0 procs=1 q=5 qnz=0 pend=0 rep=5 repnz=0 repmax=0 v=0,0,0,0,0
10-04 20:05:19.755 I/hakuX-lane(22669): [occl804] f=8321 wait=0 procs=2 q=7 qnz=0 pend=0 rep=7 repnz=0 repmax=0 v=0,0,0,0,0,0,0
10-04 20:05:19.760 I/hakuX-lane(22669): [occl804] f=8322 wait=0 procs=1 q=5 qnz=0 pend=0 rep=5 repnz=0 repmax=0 v=0,0,0,0,0
10-04 20:05:19.794 I/hakuX-lane(22669): [occl804] f=8323 wait=0 procs=2 q=7 qnz=0 pend=0 rep=7 repnz=0 repmax=0 v=0,0,0,0,0,0,0
10-04 20:05:19.799 I/hakuX-lane(22669): [occl804] f=8324 wait=0 procs=1 q=5 qnz=0 pend=0 rep=5 repnz=0 repmax=0 v=0,0,0,0,0
10-04 20:05:19.831 I/hakuX-lane(22669): [occl804] f=8325 wait=0 procs=2 q=7 qnz=0 pend=0 rep=7 repnz=0 repmax=0 v=0,0,0,0,0,0,0
10-04 20:05:19.844 I/hakuX-lane(22669): [occl804] f=8327 wait=0 procs=1 q=7 qnz=0 pend=0 rep=7 repnz=0 repmax=0 v=0,0,0,0,0,0,0
10-04 20:05:19.859 I/hakuX-lane(22669): [occl804] f=8328 wait=0 procs=1 q=5 qnz=0 pend=0 rep=5 repnz=0 repmax=0 v=0,0,0,0,0
10-04 20:05:19.875 I/hakuX-lane(22669): [occl804] f=8329 wait=0 procs=1 q=7 qnz=0 pend=0 rep=7 repnz=0 repmax=0 v=0,0,0,0,0,0,0
10-04 20:05:19.897 I/hakuX-lane(22669): [occl804] f=8330 wait=0 procs=1 q=5 qnz=0 pend=0 rep=5 repnz=0 repmax=0 v=0,0,0,0,0
10-04 20:05:19.912 I/hakuX-lane(22669): [occl804] f=8331 wait=0 procs=1 q=7 qnz=0 pend=0 rep=7 repnz=0 repmax=0 v=0,0,0,0,0,0,0
10-04 20:05:19.936 I/hakuX-lane(22669): [occl804] f=8332 wait=0 procs=2 q=10 qnz=0 pend=0 rep=10 repnz=0 repmax=0 v=0,0,0,0,0,0,0,0,0,0
10-04 20:05:19.950 I/hakuX-lane(22669): [occl804] f=8333 wait=0 procs=1 q=2 qnz=0 pend=0 rep=2 repnz=0 repmax=0 v=0,0
10-04 20:05:19.967 I/hakuX-lane(22669): [occl804] f=8334 wait=0 procs=2 q=10 qnz=0 pend=0 rep=10 repnz=0 repmax=0 v=0,0,0,0,0,0,0,0,0,0
10-04 20:05:19.981 I/hakuX-lane(22669): [occl804] f=8335 wait=0 procs=1 q=2 qnz=0 pend=0 rep=2 repnz=0 repmax=0 v=0,0
10-04 20:05:19.998 I/hakuX-lane(22669): [occl804] f=8336 wait=0 procs=1 q=5 qnz=0 pend=0 rep=5 repnz=0 repmax=0 v=0,0,0,0,0
10-04 20:05:20.013 I/hakuX-lane(22669): [occl804] f=8337 wait=0 procs=1 q=7 qnz=0 pend=0 rep=7 repnz=0 repmax=0 v=0,0,0,0,0,0,0
10-04 20:05:20.029 I/hakuX-lane(22669): [occl804] f=8338 wait=0 procs=1 q=5 qnz=0 pend=0 rep=5 repnz=0 repmax=0 v=0,0,0,0,0
10-04 20:05:20.045 I/hakuX-lane(22669): [occl804] f=8339 wait=0 procs=1 q=7 qnz=0 pend=0 rep=7 repnz=0 repmax=0 v=0,0,0,0,0,0,0
10-04 20:05:20.068 I/hakuX-lane(22669): [occl804] f=8340 wait=0 procs=2 q=10 qnz=0 pend=0 rep=10 repnz=0 repmax=0 v=0,0,0,0,0,0,0,0,0,0
10-04 20:05:20.101 I/hakuX-lane(22669): [occl804] f=8341 wait=0 procs=2 q=7 qnz=0 pend=0 rep=7 repnz=0 repmax=0 v=0,0,0,0,0,0,0
10-04 20:05:20.105 I/hakuX-lane(22669): [occl804] f=8342 wait=0 procs=1 q=5 qnz=0 pend=0 rep=5 repnz=0 repmax=0 v=0,0,0,0,0
10-04 20:05:20.135 I/hakuX-lane(22669): [occl804] f=8343 wait=0 procs=2 q=7 qnz=0 pend=0 rep=7 repnz=0 repmax=0 v=0,0,0,0,0,0,0
10-04 20:05:20.139 I/hakuX-lane(22669): [occl804] f=8344 wait=0 procs=1 q=5 qnz=0 pend=0 rep=5 repnz=0 repmax=0 v=0,0,0,0,0
10-04 20:05:20.168 I/hakuX-lane(22669): [occl804] f=8345 wait=0 procs=2 q=7 qnz=0 pend=0 rep=7 repnz=0 repmax=0 v=0,0,0,0,0,0,0
10-04 20:05:20.173 I/hakuX-lane(22669): [occl804] f=8346 wait=0 procs=1 q=5 qnz=0 pend=0 rep=5 repnz=0 repmax=0 v=0,0,0,0,0
10-04 20:05:20.202 I/hakuX-lane(22669): [occl804] f=8347 wait=0 procs=2 q=7 qnz=0 pend=0 rep=7 repnz=0 repmax=0 v=0,0,0,0,0,0,0
10-04 20:05:20.206 I/hakuX-lane(22669): [occl804] f=8348 wait=0 procs=1 q=5 qnz=0 pend=0 rep=5 repnz=0 repmax=0 v=0,0,0,0,0
10-04 20:05:20.237 I/hakuX-lane(22669): [occl804] f=8349 wait=0 procs=2 q=7 qnz=0 pend=0 rep=7 repnz=0 repmax=0 v=0,0,0,0,0,0,0
10-04 20:05:20.241 I/hakuX-lane(22669): [occl804] f=8350 wait=0 procs=1 q=5 qnz=0 pend=0 rep=5 repnz=0 repmax=0 v=0,0,0,0,0
10-04 20:05:20.271 I/hakuX-lane(22669): [occl804] f=8351 wait=0 procs=2 q=7 qnz=0 pend=0 rep=7 repnz=0 repmax=0 v=0,0,0,0,0,0,0
10-04 20:05:20.276 I/hakuX-lane(22669): [occl804] f=8352 wait=0 procs=1 q=5 qnz=0 pend=0 rep=5 repnz=0 repmax=0 v=0,0,0,0,0
10-04 20:05:20.303 I/hakuX-lane(22669): [occl804] f=8353 wait=0 procs=2 q=7 qnz=0 pend=0 rep=7 repnz=0 repmax=0 v=0,0,0,0,0,0,0
10-04 20:05:20.307 I/hakuX-lane(22669): [occl804] f=8354 wait=0 procs=1 q=5 qnz=0 pend=0 rep=5 repnz=0 repmax=0 v=0,0,0,0,0
10-04 20:05:20.336 I/hakuX-lane(22669): [occl804] f=8355 wait=0 procs=2 q=7 qnz=0 pend=0 rep=7 repnz=0 repmax=0 v=0,0,0,0,0,0,0
10-04 20:05:20.340 I/hakuX-lane(22669): [occl804] f=8356 wait=0 procs=1 q=5 qnz=0 pend=0 rep=5 repnz=0 repmax=0 v=0,0,0,0,0
10-04 20:05:20.372 I/hakuX-lane(22669): [occl804] f=8357 wait=0 procs=2 q=7 qnz=0 pend=0 rep=7 repnz=0 repmax=0 v=0,0,0,0,0,0,0
10-04 20:05:20.376 I/hakuX-lane(22669): [occl804] f=8358 wait=0 procs=1 q=5 qnz=0 pend=0 rep=5 repnz=0 repmax=0 v=0,0,0,0,0
10-04 20:05:20.406 I/hakuX-lane(22669): [occl804] f=8359 wait=0 procs=2 q=7 qnz=0 pend=0 rep=7 repnz=0 repmax=0 v=0,0,0,0,0,0,0
10-04 20:05:20.410 I/hakuX-lane(22669): [occl804] f=8360 wait=0 procs=1 q=5 qnz=0 pend=0 rep=5 repnz=0 repmax=0 v=0,0,0,0,0
10-04 20:05:20.440 I/hakuX-lane(22669): [occl804] f=8361 wait=0 procs=2 q=7 qnz=0 pend=0 rep=7 repnz=0 repmax=0 v=0,0,0,0,0,0,0
10-04 20:05:20.444 I/hakuX-lane(22669): [occl804] f=8362 wait=0 procs=1 q=5 qnz=0 pend=0 rep=5 repnz=0 repmax=0 v=0,0,0,0,0
10-04 20:05:20.479 I/hakuX-lane(22669): [occl804] f=8363 wait=0 procs=2 q=7 qnz=0 pend=0 rep=7 repnz=0 repmax=0 v=0,0,0,0,0,0,0
10-04 20:05:20.507 I/hakuX-lane(22669): [occl804] f=8365 wait=0 procs=2 q=12 qnz=0 pend=0 rep=12 repnz=0 repmax=0 v=0,0,0,0,0,0,0,0,0,0,0,0
10-04 20:05:20.511 I/hakuX-lane(22669): [occl804] f=8366 wait=0 procs=1 q=5 qnz=0 pend=0 rep=5 repnz=0 repmax=0 v=0,0,0,0,0
10-04 20:05:20.543 I/hakuX-lane(22669): [occl804] f=8367 wait=0 procs=2 q=7 qnz=0 pend=0 rep=7 repnz=0 repmax=0 v=0,0,0,0,0,0,0
10-04 20:05:20.547 I/hakuX-lane(22669): [occl804] f=8368 wait=0 procs=1 q=5 qnz=0 pend=0 rep=5 repnz=0 repmax=0 v=0,0,0,0,0
10-04 20:05:20.579 I/hakuX-lane(22669): [occl804] f=8369 wait=0 procs=2 q=7 qnz=0 pend=0 rep=7 repnz=0 repmax=0 v=0,0,0,0,0,0,0
10-04 20:05:20.583 I/hakuX-lane(22669): [occl804] f=8370 wait=0 procs=1 q=5 qnz=0 pend=0 rep=5 repnz=0 repmax=0 v=0,0,0,0,0
10-04 20:05:20.597 I/hakuX-lane(22669): [occl804] f=8371 wait=0 procs=1 q=2 qnz=0 pend=0 rep=2 repnz=0 repmax=0 v=0,0
10-04 20:05:20.614 I/hakuX-lane(22669): [occl804] f=8372 wait=0 procs=2 q=10 qnz=0 pend=0 rep=10 repnz=0 repmax=0 v=0,0,0,0,0,0,0,0,0,0
10-04 20:05:20.651 I/hakuX-lane(22669): [occl804] f=8373 wait=0 procs=2 q=7 qnz=0 pend=0 rep=7 repnz=0 repmax=0 v=0,0,0,0,0,0,0
10-04 20:05:20.665 I/hakuX-lane(22669): [occl804] f=8375 wait=0 procs=1 q=7 qnz=0 pend=0 rep=7 repnz=0 repmax=0 v=0,0,0,0,0,0,0
10-04 20:05:20.681 I/hakuX-lane(22669): [occl804] f=8376 wait=0 procs=2 q=10 qnz=0 pend=0 rep=10 repnz=0 repmax=0 v=0,0,0,0,0,0,0,0,0,0
10-04 20:05:20.695 I/hakuX-lane(22669): [occl804] f=8377 wait=0 procs=1 q=2 qnz=0 pend=0 rep=2 repnz=0 repmax=0 v=0,0
10-04 20:05:20.712 I/hakuX-lane(22669): [occl804] f=8378 wait=0 procs=1 q=5 qnz=0 pend=0 rep=5 repnz=0 repmax=0 v=0,0,0,0,0
10-04 20:05:20.733 I/hakuX-lane(22669): [occl804] f=8379 wait=0 procs=1 q=7 qnz=0 pend=0 rep=7 repnz=0 repmax=0 v=0,0,0,0,0,0,0
10-04 20:05:20.746 I/hakuX-lane(22669): [occl804] f=8380 wait=0 procs=1 q=5 qnz=0 pend=0 rep=5 repnz=0 repmax=0 v=0,0,0,0,0
10-04 20:05:20.761 I/hakuX-lane(22669): [occl804] f=8381 wait=0 procs=1 q=7 qnz=0 pend=0 rep=7 repnz=0 repmax=0 v=0,0,0,0,0,0,0
10-04 20:05:20.777 I/hakuX-lane(22669): [occl804] f=8382 wait=0 procs=1 q=5 qnz=0 pend=0 rep=5 repnz=0 repmax=0 v=0,0,0,0,0
10-04 20:05:20.799 I/hakuX-lane(22669): [occl804] f=8383 wait=0 procs=1 q=7 qnz=0 pend=0 rep=7 repnz=0 repmax=0 v=0,0,0,0,0,0,0
10-04 20:05:20.809 I/hakuX-lane(22669): [occl804] f=8384 wait=0 procs=1 q=5 qnz=0 pend=0 rep=5 repnz=0 repmax=0 v=0,0,0,0,0
10-04 20:05:20.845 I/hakuX-lane(22669): [occl804] f=8385 wait=0 procs=2 q=12 qnz=0 pend=0 rep=12 repnz=0 repmax=0 v=0,0,0,0,0,0,0,0,0,0,0,0
10-04 20:05:20.857 I/hakuX-lane(22669): [occl804] f=8387 wait=0 procs=1 q=7 qnz=0 pend=0 rep=7 repnz=0 repmax=0 v=0,0,0,0,0,0,0
10-04 20:05:20.883 I/hakuX-lane(22669): [occl804] f=8388 wait=0 procs=1 q=5 qnz=0 pend=0 rep=5 repnz=0 repmax=0 v=0,0,0,0,0
10-04 20:05:20.904 I/hakuX-lane(22669): [occl804] f=8389 wait=0 procs=1 q=7 qnz=0 pend=0 rep=7 repnz=0 repmax=0 v=0,0,0,0,0,0,0
10-04 20:05:20.922 I/hakuX-lane(22669): [occl804] f=8391 wait=0 procs=1 q=5 qnz=0 pend=0 rep=5 repnz=0 repmax=0 v=0,0,0,0,0
10-04 20:05:20.941 I/hakuX-lane(22669): [occl804] f=8392 wait=0 procs=1 q=7 qnz=0 pend=0 rep=7 repnz=0 repmax=0 v=0,0,0,0,0,0,0
10-04 20:05:20.964 I/hakuX-lane(22669): [occl804] f=8393 wait=0 procs=1 q=5 qnz=0 pend=0 rep=5 repnz=0 repmax=0 v=0,0,0,0,0
10-04 20:05:20.978 I/hakuX-lane(22669): [occl804] f=8394 wait=0 procs=1 q=7 qnz=0 pend=0 rep=7 repnz=0 repmax=0 v=0,0,0,0,0,0,0
10-04 20:05:20.999 I/hakuX-lane(22669): [occl804] f=8395 wait=0 procs=1 q=5 qnz=0 pend=0 rep=5 repnz=0 repmax=0 v=0,0,0,0,0
10-04 20:05:21.010 I/hakuX-lane(22669): [occl804] f=8396 wait=0 procs=1 q=7 qnz=0 pend=0 rep=7 repnz=0 repmax=0 v=0,0,0,0,0,0,0
10-04 20:05:21.033 I/hakuX-lane(22669): [occl804] f=8397 wait=0 procs=1 q=5 qnz=0 pend=0 rep=5 repnz=0 repmax=0 v=0,0,0,0,0
10-04 20:05:21.045 I/hakuX-lane(22669): [occl804] f=8398 wait=0 procs=1 q=7 qnz=0 pend=0 rep=7 repnz=0 repmax=0 v=0,0,0,0,0,0,0
10-04 20:05:21.068 I/hakuX-lane(22669): [occl804] f=8399 wait=0 procs=1 q=5 qnz=0 pend=0 rep=5 repnz=0 repmax=0 v=0,0,0,0,0
10-04 20:05:21.109 I/hakuX-lane(22669): [occl804] f=8400 wait=0 procs=2 q=12 qnz=0 pend=0 rep=12 repnz=0 repmax=0 v=0,0,0,0,0,0,0,0,0,0,0,0
10-04 20:05:21.114 I/hakuX-lane(22669): [occl804] f=8401 wait=0 procs=1 q=5 qnz=0 pend=0 rep=5 repnz=0 repmax=0 v=0,0,0,0,0
10-04 20:05:21.151 I/hakuX-lane(22669): [occl804] f=8402 wait=0 procs=2 q=7 qnz=0 pend=0 rep=7 repnz=0 repmax=0 v=0,0,0,0,0,0,0
10-04 20:05:21.172 I/hakuX-lane(22669): [occl804] f=8404 wait=0 procs=1 q=7 qnz=0 pend=0 rep=7 repnz=0 repmax=0 v=0,0,0,0,0,0,0
10-04 20:05:21.190 I/hakuX-lane(22669): [occl804] f=8406 wait=0 procs=1 q=5 qnz=0 pend=0 rep=5 repnz=0 repmax=0 v=0,0,0,0,0
10-04 20:05:21.220 I/hakuX-lane(22669): [occl804] f=8407 wait=0 procs=2 q=12 qnz=0 pend=0 rep=12 repnz=0 repmax=0 v=0,0,0,0,0,0,0,0,0,0,0,0
10-04 20:05:21.239 I/hakuX-lane(22669): [occl804] f=8409 wait=0 procs=1 q=7 qnz=0 pend=0 rep=7 repnz=0 repmax=0 v=0,0,0,0,0,0,0
10-04 20:05:21.258 I/hakuX-lane(22669): [occl804] f=8410 wait=0 procs=2 q=10 qnz=0 pend=0 rep=10 repnz=0 repmax=0 v=0,0,0,0,0,0,0,0,0,0
10-04 20:05:21.278 I/hakuX-lane(22669): [occl804] f=8411 wait=0 procs=1 q=2 qnz=0 pend=0 rep=2 repnz=0 repmax=0 v=0,0
10-04 20:05:21.298 I/hakuX-lane(22669): [occl804] f=8412 wait=0 procs=1 q=5 qnz=0 pend=0 rep=5 repnz=0 repmax=0 v=0,0,0,0,0
10-04 20:05:21.312 I/hakuX-lane(22669): [occl804] f=8413 wait=0 procs=1 q=7 qnz=0 pend=0 rep=7 repnz=0 repmax=0 v=0,0,0,0,0,0,0
10-04 20:05:21.328 I/hakuX-lane(22669): [occl804] f=8414 wait=0 procs=1 q=5 qnz=0 pend=0 rep=5 repnz=0 repmax=0 v=0,0,0,0,0
10-04 20:05:21.350 I/hakuX-lane(22669): [occl804] f=8415 wait=0 procs=1 q=7 qnz=0 pend=0 rep=7 repnz=0 repmax=0 v=0,0,0,0,0,0,0
10-04 20:05:21.359 I/hakuX-lane(22669): [occl804] f=8416 wait=0 procs=1 q=5 qnz=0 pend=0 rep=5 repnz=0 repmax=0 v=0,0,0,0,0
10-04 20:05:21.375 I/hakuX-lane(22669): [occl804] f=8417 wait=0 procs=1 q=2 qnz=0 pend=0 rep=2 repnz=0 repmax=0 v=0,0
10-04 20:05:21.390 I/hakuX-lane(22669): [occl804] f=8418 wait=0 procs=1 q=5 qnz=0 pend=0 rep=5 repnz=0 repmax=0 v=0,0,0,0,0
10-04 20:05:21.405 I/hakuX-lane(22669): [occl804] f=8419 wait=0 procs=1 q=7 qnz=0 pend=0 rep=7 repnz=0 repmax=0 v=0,0,0,0,0,0,0
10-04 20:05:21.421 I/hakuX-lane(22669): [occl804] f=8420 wait=0 procs=1 q=5 qnz=0 pend=0 rep=5 repnz=0 repmax=0 v=0,0,0,0,0
10-04 20:05:21.437 I/hakuX-lane(22669): [occl804] f=8421 wait=0 procs=1 q=7 qnz=0 pend=0 rep=7 repnz=0 repmax=0 v=0,0,0,0,0,0,0
10-04 20:05:21.453 I/hakuX-lane(22669): [occl804] f=8422 wait=0 procs=1 q=5 qnz=0 pend=0 rep=5 repnz=0 repmax=0 v=0,0,0,0,0
10-04 20:05:21.475 I/hakuX-lane(22669): [occl804] f=8423 wait=0 procs=1 q=7 qnz=0 pend=0 rep=7 repnz=0 repmax=0 v=0,0,0,0,0,0,0
10-04 20:05:21.498 I/hakuX-lane(22669): [occl804] f=8424 wait=0 procs=1 q=5 qnz=0 pend=0 rep=5 repnz=0 repmax=0 v=0,0,0,0,0
10-04 20:05:21.512 I/hakuX-lane(22669): [occl804] f=8425 wait=0 procs=1 q=7 qnz=0 pend=0 rep=7 repnz=0 repmax=0 v=0,0,0,0,0,0,0
10-04 20:05:21.528 I/hakuX-lane(22669): [occl804] f=8426 wait=0 procs=1 q=5 qnz=0 pend=0 rep=5 repnz=0 repmax=0 v=0,0,0,0,0
10-04 20:05:21.544 I/hakuX-lane(22669): [occl804] f=8427 wait=0 procs=1 q=7 qnz=0 pend=0 rep=7 repnz=0 repmax=0 v=0,0,0,0,0,0,0
10-04 20:05:21.560 I/hakuX-lane(22669): [occl804] f=8428 wait=0 procs=1 q=5 qnz=0 pend=0 rep=5 repnz=0 repmax=0 v=0,0,0,0,0
10-04 20:05:21.583 I/hakuX-lane(22669): [occl804] f=8429 wait=0 procs=1 q=7 qnz=0 pend=0 rep=7 repnz=0 repmax=0 v=0,0,0,0,0,0,0
10-04 20:05:21.598 I/hakuX-lane(22669): [occl804] f=8430 wait=0 procs=1 q=5 qnz=0 pend=0 rep=5 repnz=0 repmax=0 v=0,0,0,0,0
10-04 20:05:21.614 I/hakuX-lane(22669): [occl804] f=8431 wait=0 procs=1 q=7 qnz=0 pend=0 rep=7 repnz=0 repmax=0 v=0,0,0,0,0,0,0
10-04 20:05:21.637 I/hakuX-lane(22669): [occl804] f=8432 wait=0 procs=1 q=5 qnz=0 pend=0 rep=5 repnz=0 repmax=0 v=0,0,0,0,0
10-04 20:05:21.655 I/hakuX-lane(22669): [occl804] f=8433 wait=0 procs=1 q=7 qnz=0 pend=0 rep=7 repnz=0 repmax=0 v=0,0,0,0,0,0,0
10-04 20:05:21.671 I/hakuX-lane(22669): [occl804] f=8434 wait=0 procs=1 q=5 qnz=0 pend=0 rep=5 repnz=0 repmax=0 v=0,0,0,0,0
10-04 20:05:21.687 I/hakuX-lane(22669): [occl804] f=8435 wait=0 procs=1 q=7 qnz=0 pend=0 rep=7 repnz=0 repmax=0 v=0,0,0,0,0,0,0
10-04 20:05:21.708 I/hakuX-lane(22669): [occl804] f=8436 wait=0 procs=1 q=5 qnz=0 pend=0 rep=5 repnz=0 repmax=0 v=0,0,0,0,0
10-04 20:05:21.724 I/hakuX-lane(22669): [occl804] f=8437 wait=0 procs=1 q=7 qnz=0 pend=0 rep=7 repnz=0 repmax=0 v=0,0,0,0,0,0,0
10-04 20:05:21.740 I/hakuX-lane(22669): [occl804] f=8438 wait=0 procs=1 q=5 qnz=0 pend=0 rep=5 repnz=0 repmax=0 v=0,0,0,0,0
10-04 20:05:21.760 I/hakuX-lane(22669): [occl804] f=8439 wait=0 procs=1 q=7 qnz=0 pend=0 rep=7 repnz=0 repmax=0 v=0,0,0,0,0,0,0
10-04 20:05:21.784 I/hakuX-lane(22669): [occl804] f=8440 wait=0 procs=2 q=10 qnz=0 pend=0 rep=10 repnz=0 repmax=0 v=0,0,0,0,0,0,0,0,0,0
10-04 20:05:21.819 I/hakuX-lane(22669): [occl804] f=8441 wait=0 procs=2 q=7 qnz=0 pend=0 rep=7 repnz=0 repmax=0 v=0,0,0,0,0,0,0
10-04 20:05:21.823 I/hakuX-lane(22669): [occl804] f=8442 wait=0 procs=1 q=5 qnz=0 pend=0 rep=5 repnz=0 repmax=0 v=0,0,0,0,0
10-04 20:05:21.853 I/hakuX-lane(22669): [occl804] f=8443 wait=0 procs=2 q=7 qnz=0 pend=0 rep=7 repnz=0 repmax=0 v=0,0,0,0,0,0,0
10-04 20:05:21.857 I/hakuX-lane(22669): [occl804] f=8444 wait=0 procs=1 q=5 qnz=0 pend=0 rep=5 repnz=0 repmax=0 v=0,0,0,0,0
10-04 20:05:21.869 I/hakuX-lane(22669): [occl804] f=8445 wait=0 procs=1 q=2 qnz=0 pend=0 rep=2 repnz=0 repmax=0 v=0,0
10-04 20:05:21.891 I/hakuX-lane(22669): [occl804] f=8446 wait=0 procs=1 q=5 qnz=0 pend=0 rep=5 repnz=0 repmax=0 v=0,0,0,0,0
10-04 20:05:21.905 I/hakuX-lane(22669): [occl804] f=8447 wait=0 procs=1 q=7 qnz=0 pend=0 rep=7 repnz=0 repmax=0 v=0,0,0,0,0,0,0
10-04 20:05:21.922 I/hakuX-lane(22669): [occl804] f=8448 wait=0 procs=1 q=5 qnz=0 pend=0 rep=5 repnz=0 repmax=0 v=0,0,0,0,0
10-04 20:05:21.938 I/hakuX-lane(22669): [occl804] f=8449 wait=0 procs=1 q=7 qnz=0 pend=0 rep=7 repnz=0 repmax=0 v=0,0,0,0,0,0,0
10-04 20:05:21.954 I/hakuX-lane(22669): [occl804] f=8450 wait=0 procs=1 q=5 qnz=0 pend=0 rep=5 repnz=0 repmax=0 v=0,0,0,0,0
10-04 20:05:21.970 I/hakuX-lane(22669): [occl804] f=8451 wait=0 procs=1 q=7 qnz=0 pend=0 rep=7 repnz=0 repmax=0 v=0,0,0,0,0,0,0
10-04 20:05:21.994 I/hakuX-lane(22669): [occl804] f=8452 wait=0 procs=2 q=10 qnz=0 pend=0 rep=10 repnz=0 repmax=0 v=0,0,0,0,0,0,0,0,0,0
10-04 20:05:22.023 I/hakuX-lane(22669): [occl804] f=8453 wait=0 procs=2 q=7 qnz=0 pend=0 rep=7 repnz=0 repmax=0 v=0,0,0,0,0,0,0
10-04 20:05:22.027 I/hakuX-lane(22669): [occl804] f=8454 wait=0 procs=1 q=5 qnz=0 pend=0 rep=5 repnz=0 repmax=0 v=0,0,0,0,0
10-04 20:05:22.061 I/hakuX-lane(22669): [occl804] f=8455 wait=0 procs=2 q=7 qnz=0 pend=0 rep=7 repnz=0 repmax=0 v=0,0,0,0,0,0,0
10-04 20:05:22.065 I/hakuX-lane(22669): [occl804] f=8456 wait=0 procs=1 q=5 qnz=0 pend=0 rep=5 repnz=0 repmax=0 v=0,0,0,0,0
10-04 20:05:22.100 I/hakuX-lane(22669): [occl804] f=8457 wait=0 procs=2 q=7 qnz=0 pend=0 rep=7 repnz=0 repmax=0 v=0,0,0,0,0,0,0
10-04 20:05:22.110 I/hakuX-lane(22669): [occl804] f=8459 wait=0 procs=1 q=7 qnz=0 pend=0 rep=7 repnz=0 repmax=0 v=0,0,0,0,0,0,0
10-04 20:05:22.134 I/hakuX-lane(22669): [occl804] f=8460 wait=0 procs=1 q=5 qnz=0 pend=0 rep=5 repnz=0 repmax=0 v=0,0,0,0,0
10-04 20:05:22.141 I/hakuX-lane(22669): [occl804] f=8461 wait=0 procs=1 q=7 qnz=0 pend=0 rep=7 repnz=0 repmax=0 v=0,0,0,0,0,0,0
10-04 20:05:22.157 I/hakuX-lane(22669): [occl804] f=8462 wait=0 procs=1 q=5 qnz=0 pend=0 rep=5 repnz=0 repmax=0 v=0,0,0,0,0
10-04 20:05:22.193 I/hakuX-lane(22669): [occl804] f=8463 wait=0 procs=2 q=12 qnz=0 pend=0 rep=12 repnz=0 repmax=0 v=0,0,0,0,0,0,0,0,0,0,0,0
10-04 20:05:22.197 I/hakuX-lane(22669): [occl804] f=8464 wait=0 procs=1 q=5 qnz=0 pend=0 rep=5 repnz=0 repmax=0 v=0,0,0,0,0
10-04 20:05:22.232 I/hakuX-lane(22669): [occl804] f=8465 wait=0 procs=2 q=7 qnz=0 pend=0 rep=7 repnz=0 repmax=0 v=0,0,0,0,0,0,0
10-04 20:05:22.246 I/hakuX-lane(22669): [occl804] f=8467 wait=0 procs=1 q=7 qnz=0 pend=0 rep=7 repnz=0 repmax=0 v=0,0,0,0,0,0,0
10-04 20:05:22.267 I/hakuX-lane(22669): [occl804] f=8468 wait=0 procs=1 q=5 qnz=0 pend=0 rep=5 repnz=0 repmax=0 v=0,0,0,0,0
10-04 20:05:22.277 I/hakuX-lane(22669): [occl804] f=8469 wait=0 procs=1 q=7 qnz=0 pend=0 rep=7 repnz=0 repmax=0 v=0,0,0,0,0,0,0
10-04 20:05:22.300 I/hakuX-lane(22669): [occl804] f=8470 wait=0 procs=1 q=5 qnz=0 pend=0 rep=5 repnz=0 repmax=0 v=0,0,0,0,0
10-04 20:05:22.310 I/hakuX-lane(22669): [occl804] f=8471 wait=0 procs=1 q=7 qnz=0 pend=0 rep=7 repnz=0 repmax=0 v=0,0,0,0,0,0,0
10-04 20:05:22.334 I/hakuX-lane(22669): [occl804] f=8472 wait=0 procs=1 q=5 qnz=0 pend=0 rep=5 repnz=0 repmax=0 v=0,0,0,0,0
10-04 20:05:22.393 I/hakuX-lane(22669): [occl804] f=8473 wait=0 procs=1 q=7 qnz=0 pend=0 rep=7 repnz=0 repmax=0 v=0,0,0,0,0,0,0
10-04 20:05:22.421 I/hakuX-lane(22669): [occl804] f=8474 wait=0 procs=1 q=5 qnz=0 pend=0 rep=5 repnz=0 repmax=0 v=0,0,0,0,0
10-04 20:05:22.442 I/hakuX-lane(22669): [occl804] f=8475 wait=0 procs=1 q=7 qnz=0 pend=0 rep=7 repnz=0 repmax=0 v=0,0,0,0,0,0,0
10-04 20:05:22.460 I/hakuX-lane(22669): [occl804] f=8477 wait=0 procs=2 q=10 qnz=0 pend=0 rep=10 repnz=0 repmax=0 v=0,0,0,0,0,0,0,0,0,0
10-04 20:05:22.473 I/hakuX-lane(22669): [occl804] f=8478 wait=0 procs=1 q=2 qnz=0 pend=0 rep=2 repnz=0 repmax=0 v=0,0
10-04 20:05:22.492 I/hakuX-lane(22669): [occl804] f=8479 wait=0 procs=1 q=5 qnz=0 pend=0 rep=5 repnz=0 repmax=0 v=0,0,0,0,0
10-04 20:05:22.508 I/hakuX-lane(22669): [occl804] f=8480 wait=0 procs=1 q=7 qnz=0 pend=0 rep=7 repnz=0 repmax=0 v=0,0,0,0,0,0,0
10-04 20:05:22.526 I/hakuX-lane(22669): [occl804] f=8481 wait=0 procs=1 q=5 qnz=0 pend=0 rep=5 repnz=0 repmax=0 v=0,0,0,0,0
10-04 20:05:22.542 I/hakuX-lane(22669): [occl804] f=8482 wait=0 procs=1 q=7 qnz=0 pend=0 rep=7 repnz=0 repmax=0 v=0,0,0,0,0,0,0
10-04 20:05:22.557 I/hakuX-lane(22669): [occl804] f=8483 wait=0 procs=1 q=5 qnz=0 pend=0 rep=5 repnz=0 repmax=0 v=0,0,0,0,0
10-04 20:05:22.574 I/hakuX-lane(22669): [occl804] f=8484 wait=0 procs=1 q=7 qnz=0 pend=0 rep=7 repnz=0 repmax=0 v=0,0,0,0,0,0,0
10-04 20:05:22.596 I/hakuX-lane(22669): [occl804] f=8485 wait=0 procs=2 q=10 qnz=0 pend=0 rep=10 repnz=0 repmax=0 v=0,0,0,0,0,0,0,0,0,0
10-04 20:05:22.609 I/hakuX-lane(22669): [occl804] f=8486 wait=0 procs=1 q=2 qnz=0 pend=0 rep=2 repnz=0 repmax=0 v=0,0
10-04 20:05:22.624 I/hakuX-lane(22669): [occl804] f=8487 wait=0 procs=1 q=5 qnz=0 pend=0 rep=5 repnz=0 repmax=0 v=0,0,0,0,0
10-04 20:05:22.656 I/hakuX-lane(22669): [occl804] f=8488 wait=0 procs=2 q=12 qnz=0 pend=0 rep=12 repnz=0 repmax=0 v=0,0,0,0,0,0,0,0,0,0,0,0
10-04 20:05:22.671 I/hakuX-lane(22669): [occl804] f=8490 wait=0 procs=1 q=7 qnz=0 pend=0 rep=7 repnz=0 repmax=0 v=0,0,0,0,0,0,0
10-04 20:05:22.687 I/hakuX-lane(22669): [occl804] f=8491 wait=0 procs=1 q=5 qnz=0 pend=0 rep=5 repnz=0 repmax=0 v=0,0,0,0,0
10-04 20:05:22.717 I/hakuX-lane(22669): [occl804] f=8492 wait=0 procs=2 q=12 qnz=0 pend=0 rep=12 repnz=0 repmax=0 v=0,0,0,0,0,0,0,0,0,0,0,0
10-04 20:05:22.720 I/hakuX-lane(22669): [occl804] f=8493 wait=0 procs=1 q=5 qnz=0 pend=0 rep=5 repnz=0 repmax=0 v=0,0,0,0,0
10-04 20:05:22.736 I/hakuX-lane(22669): [occl804] f=8494 wait=0 procs=1 q=2 qnz=0 pend=0 rep=2 repnz=0 repmax=0 v=0,0
10-04 20:05:22.755 I/hakuX-lane(22669): [occl804] f=8495 wait=0 procs=2 q=10 qnz=0 pend=0 rep=10 repnz=0 repmax=0 v=0,0,0,0,0,0,0,0,0,0
10-04 20:05:22.769 I/hakuX-lane(22669): [occl804] f=8496 wait=0 procs=1 q=2 qnz=0 pend=0 rep=2 repnz=0 repmax=0 v=0,0
10-04 20:05:22.786 I/hakuX-lane(22669): [occl804] f=8497 wait=0 procs=1 q=5 qnz=0 pend=0 rep=5 repnz=0 repmax=0 v=0,0,0,0,0
10-04 20:05:22.803 I/hakuX-lane(22669): [occl804] f=8498 wait=0 procs=1 q=7 qnz=0 pend=0 rep=7 repnz=0 repmax=0 v=0,0,0,0,0,0,0
10-04 20:05:22.826 I/hakuX-lane(22669): [occl804] f=8499 wait=0 procs=2 q=10 qnz=0 pend=0 rep=10 repnz=0 repmax=0 v=0,0,0,0,0,0,0,0,0,0
10-04 20:05:22.837 I/hakuX-lane(22669): [occl804] f=8500 wait=0 procs=1 q=2 qnz=0 pend=0 rep=2 repnz=0 repmax=0 v=0,0
10-04 20:05:22.853 I/hakuX-lane(22669): [occl804] f=8501 wait=0 procs=1 q=5 qnz=0 pend=0 rep=5 repnz=0 repmax=0 v=0,0,0,0,0
10-04 20:05:22.890 I/hakuX-lane(22669): [occl804] f=8502 wait=0 procs=2 q=12 qnz=0 pend=0 rep=12 repnz=0 repmax=0 v=0,0,0,0,0,0,0,0,0,0,0,0
10-04 20:05:22.905 I/hakuX-lane(22669): [occl804] f=8503 wait=0 procs=2 q=7 qnz=0 pend=0 rep=7 repnz=0 repmax=0 v=0,0,0,0,0,0,0
10-04 20:05:22.922 I/hakuX-lane(22669): [occl804] f=8504 wait=0 procs=1 q=5 qnz=0 pend=0 rep=5 repnz=0 repmax=0 v=0,0,0,0,0
10-04 20:05:22.925 I/hakuX-lane(22669): [occl804] f=8505 wait=0 procs=1 q=5 qnz=0 pend=0 rep=5 repnz=0 repmax=0 v=0,0,0,0,0
10-04 20:05:22.956 I/hakuX-lane(22669): [occl804] f=8506 wait=0 procs=2 q=7 qnz=0 pend=0 rep=7 repnz=0 repmax=0 v=0,0,0,0,0,0,0
10-04 20:05:22.958 I/hakuX-lane(22669): [occl804] f=8507 wait=0 procs=1 q=5 qnz=0 pend=0 rep=5 repnz=0 repmax=0 v=0,0,0,0,0
10-04 20:05:22.990 I/hakuX-lane(22669): [occl804] f=8508 wait=0 procs=2 q=7 qnz=0 pend=0 rep=7 repnz=0 repmax=0 v=0,0,0,0,0,0,0
10-04 20:05:22.992 I/hakuX-lane(22669): [occl804] f=8509 wait=0 procs=1 q=5 qnz=0 pend=0 rep=5 repnz=0 repmax=0 v=0,0,0,0,0
10-04 20:05:23.021 I/hakuX-lane(22669): [occl804] f=8510 wait=0 procs=2 q=7 qnz=0 pend=0 rep=7 repnz=0 repmax=0 v=0,0,0,0,0,0,0
10-04 20:05:23.038 I/hakuX-lane(22669): [occl804] f=8511 wait=0 procs=2 q=7 qnz=0 pend=0 rep=7 repnz=0 repmax=0 v=0,0,0,0,0,0,0
10-04 20:05:23.052 I/hakuX-lane(22669): [occl804] f=8512 wait=0 procs=1 q=5 qnz=0 pend=0 rep=5 repnz=0 repmax=0 v=0,0,0,0,0
10-04 20:05:23.066 I/hakuX-lane(22669): [occl804] f=8513 wait=0 procs=2 q=7 qnz=0 pend=0 rep=7 repnz=0 repmax=0 v=0,0,0,0,0,0,0
10-04 20:05:23.083 I/hakuX-lane(22669): [occl804] f=8514 wait=0 procs=1 q=5 qnz=0 pend=0 rep=5 repnz=0 repmax=0 v=0,0,0,0,0
10-04 20:05:23.085 I/hakuX-lane(22669): [occl804] f=8515 wait=0 procs=1 q=5 qnz=0 pend=0 rep=5 repnz=0 repmax=0 v=0,0,0,0,0
10-04 20:05:23.114 I/hakuX-lane(22669): [occl804] f=8516 wait=0 procs=2 q=7 qnz=0 pend=0 rep=7 repnz=0 repmax=0 v=0,0,0,0,0,0,0
10-04 20:05:23.117 I/hakuX-lane(22669): [occl804] f=8517 wait=0 procs=1 q=5 qnz=0 pend=0 rep=5 repnz=0 repmax=0 v=0,0,0,0,0
10-04 20:05:23.148 I/hakuX-lane(22669): [occl804] f=8518 wait=0 procs=2 q=7 qnz=0 pend=0 rep=7 repnz=0 repmax=0 v=0,0,0,0,0,0,0
10-04 20:05:23.178 I/hakuX-lane(22669): [occl804] f=8520 wait=0 procs=2 q=12 qnz=0 pend=0 rep=12 repnz=0 repmax=0 v=0,0,0,0,0,0,0,0,0,0,0,0
10-04 20:05:23.182 I/hakuX-lane(22669): [occl804] f=8521 wait=0 procs=1 q=5 qnz=0 pend=0 rep=5 repnz=0 repmax=0 v=0,0,0,0,0
10-04 20:05:23.195 I/hakuX-lane(22669): [occl804] f=8522 wait=0 procs=1 q=2 qnz=0 pend=0 rep=2 repnz=0 repmax=0 v=0,0
10-04 20:05:23.213 I/hakuX-lane(22669): [occl804] f=8523 wait=0 procs=2 q=10 qnz=0 pend=0 rep=10 repnz=0 repmax=0 v=0,0,0,0,0,0,0,0,0,0
10-04 20:05:23.254 I/hakuX-lane(22669): [occl804] f=8524 wait=0 procs=2 q=7 qnz=0 pend=0 rep=7 repnz=0 repmax=0 v=0,0,0,0,0,0,0
10-04 20:05:23.279 I/hakuX-lane(22669): [occl804] f=8526 wait=0 procs=2 q=12 qnz=0 pend=0 rep=12 repnz=0 repmax=0 v=0,0,0,0,0,0,0,0,0,0,0,0
10-04 20:05:23.317 I/hakuX-lane(22669): [occl804] f=8528 wait=0 procs=2 q=12 qnz=0 pend=0 rep=12 repnz=0 repmax=0 v=0,0,0,0,0,0,0,0,0,0,0,0
10-04 20:05:23.341 I/hakuX-lane(22669): [occl804] f=8530 wait=0 procs=2 q=12 qnz=0 pend=0 rep=12 repnz=0 repmax=0 v=0,0,0,0,0,0,0,0,0,0,0,0
10-04 20:05:23.358 I/hakuX-lane(22669): [occl804] f=8531 wait=0 procs=2 q=7 qnz=0 pend=0 rep=7 repnz=0 repmax=0 v=0,0,0,0,0,0,0
10-04 20:05:23.374 I/hakuX-lane(22669): [occl804] f=8532 wait=0 procs=1 q=5 qnz=0 pend=0 rep=5 repnz=0 repmax=0 v=0,0,0,0,0
10-04 20:05:23.391 I/hakuX-lane(22669): [occl804] f=8533 wait=0 procs=2 q=7 qnz=0 pend=0 rep=7 repnz=0 repmax=0 v=0,0,0,0,0,0,0
10-04 20:05:23.413 I/hakuX-lane(22669): [occl804] f=8535 wait=0 procs=2 q=10 qnz=0 pend=0 rep=10 repnz=0 repmax=0 v=0,0,0,0,0,0,0,0,0,0
10-04 20:05:23.441 I/hakuX-lane(22669): [occl804] f=8536 wait=0 procs=2 q=7 qnz=0 pend=0 rep=7 repnz=0 repmax=0 v=0,0,0,0,0,0,0
10-04 20:05:23.457 I/hakuX-lane(22669): [occl804] f=8537 wait=0 procs=2 q=7 qnz=0 pend=0 rep=7 repnz=0 repmax=0 v=0,0,0,0,0,0,0
10-04 20:05:23.476 I/hakuX-lane(22669): [occl804] f=8538 wait=0 procs=1 q=5 qnz=0 pend=0 rep=5 repnz=0 repmax=0 v=0,0,0,0,0
10-04 20:05:23.491 I/hakuX-lane(22669): [occl804] f=8540 wait=0 procs=1 q=7 qnz=0 pend=0 rep=7 repnz=0 repmax=0 v=0,0,0,0,0,0,0
10-04 20:05:23.511 I/hakuX-lane(22669): [occl804] f=8541 wait=0 procs=2 q=10 qnz=0 pend=0 rep=10 repnz=0 repmax=0 v=0,0,0,0,0,0,0,0,0,0
10-04 20:05:23.546 I/hakuX-lane(22669): [occl804] f=8542 wait=0 procs=2 q=7 qnz=0 pend=0 rep=7 repnz=0 repmax=0 v=0,0,0,0,0,0,0
10-04 20:05:23.557 I/hakuX-lane(22669): [occl804] f=8544 wait=0 procs=1 q=7 qnz=0 pend=0 rep=7 repnz=0 repmax=0 v=0,0,0,0,0,0,0
10-04 20:05:23.574 I/hakuX-lane(22669): [occl804] f=8545 wait=0 procs=1 q=5 qnz=0 pend=0 rep=5 repnz=0 repmax=0 v=0,0,0,0,0
10-04 20:05:23.591 I/hakuX-lane(22669): [occl804] f=8546 wait=0 procs=1 q=7 qnz=0 pend=0 rep=7 repnz=0 repmax=0 v=0,0,0,0,0,0,0
10-04 20:05:23.607 I/hakuX-lane(22669): [occl804] f=8547 wait=0 procs=1 q=5 qnz=0 pend=0 rep=5 repnz=0 repmax=0 v=0,0,0,0,0
10-04 20:05:23.624 I/hakuX-lane(22669): [occl804] f=8548 wait=0 procs=1 q=7 qnz=0 pend=0 rep=7 repnz=0 repmax=0 v=0,0,0,0,0,0,0
10-04 20:05:23.641 I/hakuX-lane(22669): [occl804] f=8549 wait=0 procs=1 q=5 qnz=0 pend=0 rep=5 repnz=0 repmax=0 v=0,0,0,0,0
10-04 20:05:23.657 I/hakuX-lane(22669): [occl804] f=8550 wait=0 procs=1 q=7 qnz=0 pend=0 rep=7 repnz=0 repmax=0 v=0,0,0,0,0,0,0
10-04 20:05:23.674 I/hakuX-lane(22669): [occl804] f=8551 wait=0 procs=1 q=5 qnz=0 pend=0 rep=5 repnz=0 repmax=0 v=0,0,0,0,0
10-04 20:05:23.691 I/hakuX-lane(22669): [occl804] f=8552 wait=0 procs=1 q=7 qnz=0 pend=0 rep=7 repnz=0 repmax=0 v=0,0,0,0,0,0,0
10-04 20:05:23.707 I/hakuX-lane(22669): [occl804] f=8553 wait=0 procs=1 q=5 qnz=0 pend=0 rep=5 repnz=0 repmax=0 v=0,0,0,0,0
10-04 20:05:23.724 I/hakuX-lane(22669): [occl804] f=8554 wait=0 procs=1 q=7 qnz=0 pend=0 rep=7 repnz=0 repmax=0 v=0,0,0,0,0,0,0
10-04 20:05:23.745 I/hakuX-lane(22669): [occl804] f=8555 wait=0 procs=1 q=5 qnz=0 pend=0 rep=5 repnz=0 repmax=0 v=0,0,0,0,0
10-04 20:05:23.757 I/hakuX-lane(22669): [occl804] f=8556 wait=0 procs=1 q=7 qnz=0 pend=0 rep=7 repnz=0 repmax=0 v=0,0,0,0,0,0,0
10-04 20:05:23.774 I/hakuX-lane(22669): [occl804] f=8557 wait=0 procs=1 q=5 qnz=0 pend=0 rep=5 repnz=0 repmax=0 v=0,0,0,0,0
10-04 20:05:23.790 I/hakuX-lane(22669): [occl804] f=8558 wait=0 procs=1 q=7 qnz=0 pend=0 rep=7 repnz=0 repmax=0 v=0,0,0,0,0,0,0
10-04 20:05:23.807 I/hakuX-lane(22669): [occl804] f=8559 wait=0 procs=1 q=5 qnz=0 pend=0 rep=5 repnz=0 repmax=0 v=0,0,0,0,0
10-04 20:05:23.824 I/hakuX-lane(22669): [occl804] f=8560 wait=0 procs=1 q=7 qnz=0 pend=0 rep=7 repnz=0 repmax=0 v=0,0,0,0,0,0,0
10-04 20:05:23.841 I/hakuX-lane(22669): [occl804] f=8561 wait=0 procs=1 q=5 qnz=0 pend=0 rep=5 repnz=0 repmax=0 v=0,0,0,0,0
10-04 20:05:23.857 I/hakuX-lane(22669): [occl804] f=8562 wait=0 procs=1 q=7 qnz=0 pend=0 rep=7 repnz=0 repmax=0 v=0,0,0,0,0,0,0
10-04 20:05:23.874 I/hakuX-lane(22669): [occl804] f=8563 wait=0 procs=1 q=5 qnz=0 pend=0 rep=5 repnz=0 repmax=0 v=0,0,0,0,0
10-04 20:05:23.890 I/hakuX-lane(22669): [occl804] f=8564 wait=0 procs=1 q=7 qnz=0 pend=0 rep=7 repnz=0 repmax=0 v=0,0,0,0,0,0,0
10-04 20:05:23.911 I/hakuX-lane(22669): [occl804] f=8565 wait=0 procs=1 q=5 qnz=0 pend=0 rep=5 repnz=0 repmax=0 v=0,0,0,0,0
10-04 20:05:23.924 I/hakuX-lane(22669): [occl804] f=8566 wait=0 procs=1 q=7 qnz=0 pend=0 rep=7 repnz=0 repmax=0 v=0,0,0,0,0,0,0
10-04 20:05:23.940 I/hakuX-lane(22669): [occl804] f=8567 wait=0 procs=1 q=5 qnz=0 pend=0 rep=5 repnz=0 repmax=0 v=0,0,0,0,0
10-04 20:05:23.957 I/hakuX-lane(22669): [occl804] f=8568 wait=0 procs=1 q=7 qnz=0 pend=0 rep=7 repnz=0 repmax=0 v=0,0,0,0,0,0,0
10-04 20:05:23.974 I/hakuX-lane(22669): [occl804] f=8569 wait=0 procs=1 q=5 qnz=0 pend=0 rep=5 repnz=0 repmax=0 v=0,0,0,0,0
10-04 20:05:23.991 I/hakuX-lane(22669): [occl804] f=8570 wait=0 procs=1 q=7 qnz=0 pend=0 rep=7 repnz=0 repmax=0 v=0,0,0,0,0,0,0
10-04 20:05:24.007 I/hakuX-lane(22669): [occl804] f=8571 wait=0 procs=1 q=5 qnz=0 pend=0 rep=5 repnz=0 repmax=0 v=0,0,0,0,0
10-04 20:05:24.024 I/hakuX-lane(22669): [occl804] f=8572 wait=0 procs=1 q=7 qnz=0 pend=0 rep=7 repnz=0 repmax=0 v=0,0,0,0,0,0,0
10-04 20:05:24.041 I/hakuX-lane(22669): [occl804] f=8573 wait=0 procs=1 q=5 qnz=0 pend=0 rep=5 repnz=0 repmax=0 v=0,0,0,0,0
10-04 20:05:24.058 I/hakuX-lane(22669): [occl804] f=8574 wait=0 procs=1 q=7 qnz=0 pend=0 rep=7 repnz=0 repmax=0 v=0,0,0,0,0,0,0
10-04 20:05:24.078 I/hakuX-lane(22669): [occl804] f=8575 wait=0 procs=1 q=5 qnz=0 pend=0 rep=5 repnz=0 repmax=0 v=0,0,0,0,0
10-04 20:05:24.091 I/hakuX-lane(22669): [occl804] f=8576 wait=0 procs=1 q=7 qnz=0 pend=0 rep=7 repnz=0 repmax=0 v=0,0,0,0,0,0,0
10-04 20:05:24.108 I/hakuX-lane(22669): [occl804] f=8577 wait=0 procs=1 q=5 qnz=0 pend=0 rep=5 repnz=0 repmax=0 v=0,0,0,0,0
10-04 20:05:24.125 I/hakuX-lane(22669): [occl804] f=8578 wait=0 procs=1 q=7 qnz=0 pend=0 rep=7 repnz=0 repmax=0 v=0,0,0,0,0,0,0
10-04 20:05:24.141 I/hakuX-lane(22669): [occl804] f=8579 wait=0 procs=1 q=5 qnz=0 pend=0 rep=5 repnz=0 repmax=0 v=0,0,0,0,0
10-04 20:05:24.157 I/hakuX-lane(22669): [occl804] f=8580 wait=0 procs=1 q=7 qnz=0 pend=0 rep=7 repnz=0 repmax=0 v=0,0,0,0,0,0,0
10-04 20:05:24.174 I/hakuX-lane(22669): [occl804] f=8581 wait=0 procs=1 q=5 qnz=0 pend=0 rep=5 repnz=0 repmax=0 v=0,0,0,0,0
10-04 20:05:24.194 I/hakuX-lane(22669): [occl804] f=8582 wait=0 procs=1 q=7 qnz=0 pend=0 rep=7 repnz=0 repmax=0 v=0,0,0,0,0,0,0
10-04 20:05:24.210 I/hakuX-lane(22669): [occl804] f=8583 wait=0 procs=1 q=5 qnz=0 pend=0 rep=5 repnz=0 repmax=0 v=0,0,0,0,0
10-04 20:05:24.227 I/hakuX-lane(22669): [occl804] f=8584 wait=0 procs=1 q=2 qnz=0 pend=0 rep=2 repnz=0 repmax=0 v=0,0
10-04 20:05:24.243 I/hakuX-lane(22669): [occl804] f=8585 wait=0 procs=1 q=5 qnz=0 pend=0 rep=5 repnz=0 repmax=0 v=0,0,0,0,0
10-04 20:05:24.260 I/hakuX-lane(22669): [occl804] f=8586 wait=0 procs=1 q=2 qnz=0 pend=0 rep=2 repnz=0 repmax=0 v=0,0
10-04 20:05:24.277 I/hakuX-lane(22669): [occl804] f=8587 wait=0 procs=1 q=5 qnz=0 pend=0 rep=5 repnz=0 repmax=0 v=0,0,0,0,0
10-04 20:05:24.293 I/hakuX-lane(22669): [occl804] f=8588 wait=0 procs=1 q=5 qnz=0 pend=0 rep=5 repnz=0 repmax=0 v=0,0,0,0,0
10-04 20:05:24.343 I/hakuX-lane(22669): [occl804] f=8589 wait=0 procs=2 q=7 qnz=0 pend=0 rep=7 repnz=0 repmax=0 v=0,0,0,0,0,0,0
10-04 20:05:24.377 I/hakuX-lane(22669): [occl804] f=8592 wait=0 procs=1 q=7 qnz=0 pend=0 rep=7 repnz=0 repmax=0 v=0,0,0,0,0,0,0
10-04 20:05:24.393 I/hakuX-lane(22669): [occl804] f=8594 wait=0 procs=1 q=5 qnz=0 pend=0 rep=5 repnz=0 repmax=0 v=0,0,0,0,0
10-04 20:05:24.411 I/hakuX-lane(22669): [occl804] f=8595 wait=0 procs=1 q=2 qnz=0 pend=0 rep=2 repnz=0 repmax=0 v=0,0
10-04 20:05:24.443 I/hakuX-lane(22669): [occl804] f=8596 wait=0 procs=1 q=5 qnz=0 pend=0 rep=5 repnz=0 repmax=0 v=0,0,0,0,0
10-04 20:05:24.477 I/hakuX-lane(22669): [occl804] f=8598 wait=0 procs=1 q=7 qnz=0 pend=0 rep=7 repnz=0 repmax=0 v=0,0,0,0,0,0,0
10-04 20:05:24.510 I/hakuX-lane(22669): [occl804] f=8600 wait=0 procs=1 q=7 qnz=0 pend=0 rep=7 repnz=0 repmax=0 v=0,0,0,0,0,0,0
10-04 20:05:24.527 I/hakuX-lane(22669): [occl804] f=8602 wait=0 procs=1 q=5 qnz=0 pend=0 rep=5 repnz=0 repmax=0 v=0,0,0,0,0
10-04 20:05:24.560 I/hakuX-lane(22669): [occl804] f=8603 wait=0 procs=1 q=7 qnz=0 pend=0 rep=7 repnz=0 repmax=0 v=0,0,0,0,0,0,0
10-04 20:05:24.577 I/hakuX-lane(22669): [occl804] f=8605 wait=0 procs=1 q=5 qnz=0 pend=0 rep=5 repnz=0 repmax=0 v=0,0,0,0,0
10-04 20:05:24.593 I/hakuX-lane(22669): [occl804] f=8606 wait=0 procs=1 q=2 qnz=0 pend=0 rep=2 repnz=0 repmax=0 v=0,0
10-04 20:05:24.610 I/hakuX-lane(22669): [occl804] f=8607 wait=0 procs=1 q=5 qnz=0 pend=0 rep=5 repnz=0 repmax=0 v=0,0,0,0,0
10-04 20:05:24.628 I/hakuX-lane(22669): [occl804] f=8608 wait=0 procs=1 q=5 qnz=0 pend=0 rep=5 repnz=0 repmax=0 v=0,0,0,0,0
10-04 20:05:24.644 I/hakuX-lane(22669): [occl804] f=8609 wait=0 procs=1 q=7 qnz=0 pend=0 rep=7 repnz=0 repmax=0 v=0,0,0,0,0,0,0
10-04 20:05:24.660 I/hakuX-lane(22669): [occl804] f=8610 wait=0 procs=1 q=5 qnz=0 pend=0 rep=5 repnz=0 repmax=0 v=0,0,0,0,0
10-04 20:05:24.677 I/hakuX-lane(22669): [occl804] f=8611 wait=0 procs=1 q=7 qnz=0 pend=0 rep=7 repnz=0 repmax=0 v=0,0,0,0,0,0,0
10-04 20:05:24.702 I/hakuX-lane(22669): [occl804] f=8612 wait=0 procs=2 q=10 qnz=0 pend=0 rep=10 repnz=0 repmax=0 v=0,0,0,0,0,0,0,0,0,0
10-04 20:05:24.733 I/hakuX-lane(22669): [occl804] f=8613 wait=0 procs=2 q=7 qnz=0 pend=0 rep=7 repnz=0 repmax=0 v=0,0,0,0,0,0,0
10-04 20:05:24.738 I/hakuX-lane(22669): [occl804] f=8614 wait=0 procs=1 q=5 qnz=0 pend=0 rep=5 repnz=0 repmax=0 v=0,0,0,0,0
10-04 20:05:24.767 I/hakuX-lane(22669): [occl804] f=8615 wait=0 procs=2 q=7 qnz=0 pend=0 rep=7 repnz=0 repmax=0 v=0,0,0,0,0,0,0
10-04 20:05:24.771 I/hakuX-lane(22669): [occl804] f=8616 wait=0 procs=1 q=5 qnz=0 pend=0 rep=5 repnz=0 repmax=0 v=0,0,0,0,0
10-04 20:05:24.806 I/hakuX-lane(22669): [occl804] f=8617 wait=0 procs=2 q=7 qnz=0 pend=0 rep=7 repnz=0 repmax=0 v=0,0,0,0,0,0,0
10-04 20:05:24.809 I/hakuX-lane(22669): [occl804] f=8618 wait=0 procs=1 q=5 qnz=0 pend=0 rep=5 repnz=0 repmax=0 v=0,0,0,0,0
10-04 20:05:24.836 I/hakuX-lane(22669): [occl804] f=8619 wait=0 procs=2 q=7 qnz=0 pend=0 rep=7 repnz=0 repmax=0 v=0,0,0,0,0,0,0
10-04 20:05:24.840 I/hakuX-lane(22669): [occl804] f=8620 wait=0 procs=1 q=5 qnz=0 pend=0 rep=5 repnz=0 repmax=0 v=0,0,0,0,0
10-04 20:05:24.865 I/hakuX-lane(22669): [occl804] f=8621 wait=0 procs=2 q=7 qnz=0 pend=0 rep=7 repnz=0 repmax=0 v=0,0,0,0,0,0,0
10-04 20:05:24.870 I/hakuX-lane(22669): [occl804] f=8622 wait=0 procs=1 q=5 qnz=0 pend=0 rep=5 repnz=0 repmax=0 v=0,0,0,0,0
10-04 20:05:24.897 I/hakuX-lane(22669): [occl804] f=8623 wait=0 procs=2 q=7 qnz=0 pend=0 rep=7 repnz=0 repmax=0 v=0,0,0,0,0,0,0
10-04 20:05:24.900 I/hakuX-lane(22669): [occl804] f=8624 wait=0 procs=1 q=5 qnz=0 pend=0 rep=5 repnz=0 repmax=0 v=0,0,0,0,0
10-04 20:05:24.929 I/hakuX-lane(22669): [occl804] f=8625 wait=0 procs=2 q=7 qnz=0 pend=0 rep=7 repnz=0 repmax=0 v=0,0,0,0,0,0,0
10-04 20:05:24.933 I/hakuX-lane(22669): [occl804] f=8626 wait=0 procs=1 q=5 qnz=0 pend=0 rep=5 repnz=0 repmax=0 v=0,0,0,0,0
10-04 20:05:24.950 I/hakuX-lane(22669): [occl804] f=8627 wait=0 procs=1 q=2 qnz=0 pend=0 rep=2 repnz=0 repmax=0 v=0,0
10-04 20:05:24.961 I/hakuX-lane(22669): [occl804] f=8628 wait=0 procs=1 q=5 qnz=0 pend=0 rep=5 repnz=0 repmax=0 v=0,0,0,0,0
10-04 20:05:24.979 I/hakuX-lane(22669): [occl804] f=8629 wait=0 procs=1 q=7 qnz=0 pend=0 rep=7 repnz=0 repmax=0 v=0,0,0,0,0,0,0
10-04 20:05:25.000 I/hakuX-lane(22669): [occl804] f=8630 wait=0 procs=2 q=10 qnz=0 pend=0 rep=10 repnz=0 repmax=0 v=0,0,0,0,0,0,0,0,0,0
10-04 20:05:25.030 I/hakuX-lane(22669): [occl804] f=8631 wait=0 procs=2 q=7 qnz=0 pend=0 rep=7 repnz=0 repmax=0 v=0,0,0,0,0,0,0
10-04 20:05:25.033 I/hakuX-lane(22669): [occl804] f=8632 wait=0 procs=1 q=5 qnz=0 pend=0 rep=5 repnz=0 repmax=0 v=0,0,0,0,0
10-04 20:05:25.049 I/hakuX-lane(22669): [occl804] f=8633 wait=0 procs=1 q=2 qnz=0 pend=0 rep=2 repnz=0 repmax=0 v=0,0
10-04 20:05:25.064 I/hakuX-lane(22669): [occl804] f=8634 wait=0 procs=2 q=10 qnz=0 pend=0 rep=10 repnz=0 repmax=0 v=0,0,0,0,0,0,0,0,0,0
10-04 20:05:25.078 I/hakuX-lane(22669): [occl804] f=8635 wait=0 procs=1 q=2 qnz=0 pend=0 rep=2 repnz=0 repmax=0 v=0,0
10-04 20:05:25.094 I/hakuX-lane(22669): [occl804] f=8636 wait=0 procs=1 q=5 qnz=0 pend=0 rep=5 repnz=0 repmax=0 v=0,0,0,0,0
10-04 20:05:25.111 I/hakuX-lane(22669): [occl804] f=8637 wait=0 procs=1 q=7 qnz=0 pend=0 rep=7 repnz=0 repmax=0 v=0,0,0,0,0,0,0
10-04 20:05:25.128 I/hakuX-lane(22669): [occl804] f=8638 wait=0 procs=1 q=5 qnz=0 pend=0 rep=5 repnz=0 repmax=0 v=0,0,0,0,0
10-04 20:05:25.144 I/hakuX-lane(22669): [occl804] f=8639 wait=0 procs=1 q=7 qnz=0 pend=0 rep=7 repnz=0 repmax=0 v=0,0,0,0,0,0,0
10-04 20:05:25.162 I/hakuX-lane(22669): [occl804] f=8640 wait=0 procs=1 q=5 qnz=0 pend=0 rep=5 repnz=0 repmax=0 v=0,0,0,0,0
10-04 20:05:25.179 I/hakuX-lane(22669): [occl804] f=8641 wait=0 procs=1 q=7 qnz=0 pend=0 rep=7 repnz=0 repmax=0 v=0,0,0,0,0,0,0
10-04 20:05:25.194 I/hakuX-lane(22669): [occl804] f=8642 wait=0 procs=1 q=5 qnz=0 pend=0 rep=5 repnz=0 repmax=0 v=0,0,0,0,0
10-04 20:05:25.231 I/hakuX-lane(22669): [occl804] f=8643 wait=0 procs=2 q=12 qnz=0 pend=0 rep=12 repnz=0 repmax=0 v=0,0,0,0,0,0,0,0,0,0,0,0
10-04 20:05:25.235 I/hakuX-lane(22669): [occl804] f=8644 wait=0 procs=1 q=5 qnz=0 pend=0 rep=5 repnz=0 repmax=0 v=0,0,0,0,0
10-04 20:05:25.264 I/hakuX-lane(22669): [occl804] f=8645 wait=0 procs=2 q=7 qnz=0 pend=0 rep=7 repnz=0 repmax=0 v=0,0,0,0,0,0,0
10-04 20:05:25.268 I/hakuX-lane(22669): [occl804] f=8646 wait=0 procs=1 q=5 qnz=0 pend=0 rep=5 repnz=0 repmax=0 v=0,0,0,0,0
10-04 20:05:25.283 I/hakuX-lane(22669): [occl804] f=8647 wait=0 procs=1 q=2 qnz=0 pend=0 rep=2 repnz=0 repmax=0 v=0,0
10-04 20:05:25.297 I/hakuX-lane(22669): [occl804] f=8648 wait=0 procs=1 q=5 qnz=0 pend=0 rep=5 repnz=0 repmax=0 v=0,0,0,0,0
10-04 20:05:25.311 I/hakuX-lane(22669): [occl804] f=8649 wait=0 procs=1 q=7 qnz=0 pend=0 rep=7 repnz=0 repmax=0 v=0,0,0,0,0,0,0
10-04 20:05:25.330 I/hakuX-lane(22669): [occl804] f=8650 wait=0 procs=1 q=5 qnz=0 pend=0 rep=5 repnz=0 repmax=0 v=0,0,0,0,0
10-04 20:05:25.345 I/hakuX-lane(22669): [occl804] f=8651 wait=0 procs=1 q=7 qnz=0 pend=0 rep=7 repnz=0 repmax=0 v=0,0,0,0,0,0,0
10-04 20:05:25.361 I/hakuX-lane(22669): [occl804] f=8652 wait=0 procs=1 q=5 qnz=0 pend=0 rep=5 repnz=0 repmax=0 v=0,0,0,0,0
10-04 20:05:25.378 I/hakuX-lane(22669): [occl804] f=8653 wait=0 procs=1 q=7 qnz=0 pend=0 rep=7 repnz=0 repmax=0 v=0,0,0,0,0,0,0
10-04 20:05:25.395 I/hakuX-lane(22669): [occl804] f=8654 wait=0 procs=1 q=5 qnz=0 pend=0 rep=5 repnz=0 repmax=0 v=0,0,0,0,0
10-04 20:05:25.411 I/hakuX-lane(22669): [occl804] f=8655 wait=0 procs=1 q=7 qnz=0 pend=0 rep=7 repnz=0 repmax=0 v=0,0,0,0,0,0,0
10-04 20:05:25.431 I/hakuX-lane(22669): [occl804] f=8656 wait=0 procs=1 q=5 qnz=0 pend=0 rep=5 repnz=0 repmax=0 v=0,0,0,0,0
10-04 20:05:25.446 I/hakuX-lane(22669): [occl804] f=8657 wait=0 procs=1 q=7 qnz=0 pend=0 rep=7 repnz=0 repmax=0 v=0,0,0,0,0,0,0
10-04 20:05:25.462 I/hakuX-lane(22669): [occl804] f=8658 wait=0 procs=1 q=5 qnz=0 pend=0 rep=5 repnz=0 repmax=0 v=0,0,0,0,0
10-04 20:05:25.479 I/hakuX-lane(22669): [occl804] f=8659 wait=0 procs=1 q=7 qnz=0 pend=0 rep=7 repnz=0 repmax=0 v=0,0,0,0,0,0,0
10-04 20:05:25.495 I/hakuX-lane(22669): [occl804] f=8660 wait=0 procs=1 q=5 qnz=0 pend=0 rep=5 repnz=0 repmax=0 v=0,0,0,0,0
10-04 20:05:25.511 I/hakuX-lane(22669): [occl804] f=8661 wait=0 procs=1 q=7 qnz=0 pend=0 rep=7 repnz=0 repmax=0 v=0,0,0,0,0,0,0
10-04 20:05:25.529 I/hakuX-lane(22669): [occl804] f=8662 wait=0 procs=1 q=5 qnz=0 pend=0 rep=5 repnz=0 repmax=0 v=0,0,0,0,0
10-04 20:05:25.544 I/hakuX-lane(22669): [occl804] f=8663 wait=0 procs=1 q=7 qnz=0 pend=0 rep=7 repnz=0 repmax=0 v=0,0,0,0,0,0,0
10-04 20:05:25.561 I/hakuX-lane(22669): [occl804] f=8664 wait=0 procs=1 q=5 qnz=0 pend=0 rep=5 repnz=0 repmax=0 v=0,0,0,0,0
10-04 20:05:25.585 I/hakuX-lane(22669): [occl804] f=8665 wait=0 procs=1 q=7 qnz=0 pend=0 rep=7 repnz=0 repmax=0 v=0,0,0,0,0,0,0
10-04 20:05:25.611 I/hakuX-lane(22669): [occl804] f=8666 wait=0 procs=2 q=10 qnz=0 pend=0 rep=10 repnz=0 repmax=0 v=0,0,0,0,0,0,0,0,0,0
10-04 20:05:25.639 I/hakuX-lane(22669): [occl804] f=8667 wait=0 procs=2 q=7 qnz=0 pend=0 rep=7 repnz=0 repmax=0 v=0,0,0,0,0,0,0
10-04 20:05:25.643 I/hakuX-lane(22669): [occl804] f=8668 wait=0 procs=1 q=5 qnz=0 pend=0 rep=5 repnz=0 repmax=0 v=0,0,0,0,0
10-04 20:05:25.672 I/hakuX-lane(22669): [occl804] f=8669 wait=0 procs=2 q=7 qnz=0 pend=0 rep=7 repnz=0 repmax=0 v=0,0,0,0,0,0,0
10-04 20:05:25.686 I/hakuX-lane(22669): [occl804] f=8671 wait=0 procs=1 q=7 qnz=0 pend=0 rep=7 repnz=0 repmax=0 v=0,0,0,0,0,0,0
10-04 20:05:25.703 I/hakuX-lane(22669): [occl804] f=8672 wait=0 procs=1 q=5 qnz=0 pend=0 rep=5 repnz=0 repmax=0 v=0,0,0,0,0
10-04 20:05:25.738 I/hakuX-lane(22669): [occl804] f=8673 wait=0 procs=2 q=12 qnz=0 pend=0 rep=12 repnz=0 repmax=0 v=0,0,0,0,0,0,0,0,0,0,0,0
10-04 20:05:25.742 I/hakuX-lane(22669): [occl804] f=8674 wait=0 procs=1 q=5 qnz=0 pend=0 rep=5 repnz=0 repmax=0 v=0,0,0,0,0
10-04 20:05:25.770 I/hakuX-lane(22669): [occl804] f=8675 wait=0 procs=2 q=7 qnz=0 pend=0 rep=7 repnz=0 repmax=0 v=0,0,0,0,0,0,0
10-04 20:05:25.773 I/hakuX-lane(22669): [occl804] f=8676 wait=0 procs=1 q=5 qnz=0 pend=0 rep=5 repnz=0 repmax=0 v=0,0,0,0,0
10-04 20:05:25.801 I/hakuX-lane(22669): [occl804] f=8677 wait=0 procs=2 q=7 qnz=0 pend=0 rep=7 repnz=0 repmax=0 v=0,0,0,0,0,0,0
10-04 20:05:25.804 I/hakuX-lane(22669): [occl804] f=8678 wait=0 procs=1 q=5 qnz=0 pend=0 rep=5 repnz=0 repmax=0 v=0,0,0,0,0
10-04 20:05:25.832 I/hakuX-lane(22669): [occl804] f=8679 wait=0 procs=2 q=7 qnz=0 pend=0 rep=7 repnz=0 repmax=0 v=0,0,0,0,0,0,0
10-04 20:05:25.835 I/hakuX-lane(22669): [occl804] f=8680 wait=0 procs=1 q=5 qnz=0 pend=0 rep=5 repnz=0 repmax=0 v=0,0,0,0,0
10-04 20:05:25.860 I/hakuX-lane(22669): [occl804] f=8681 wait=0 procs=2 q=7 qnz=0 pend=0 rep=7 repnz=0 repmax=0 v=0,0,0,0,0,0,0
10-04 20:05:25.865 I/hakuX-lane(22669): [occl804] f=8682 wait=0 procs=1 q=5 qnz=0 pend=0 rep=5 repnz=0 repmax=0 v=0,0,0,0,0
10-04 20:05:25.895 I/hakuX-lane(22669): [occl804] f=8683 wait=0 procs=2 q=7 qnz=0 pend=0 rep=7 repnz=0 repmax=0 v=0,0,0,0,0,0,0
10-04 20:05:25.898 I/hakuX-lane(22669): [occl804] f=8684 wait=0 procs=1 q=5 qnz=0 pend=0 rep=5 repnz=0 repmax=0 v=0,0,0,0,0
10-04 20:05:25.911 I/hakuX-lane(22669): [occl804] f=8685 wait=0 procs=1 q=2 qnz=0 pend=0 rep=2 repnz=0 repmax=0 v=0,0
10-04 20:05:25.933 I/hakuX-lane(22669): [occl804] f=8686 wait=0 procs=2 q=10 qnz=0 pend=0 rep=10 repnz=0 repmax=0 v=0,0,0,0,0,0,0,0,0,0
10-04 20:05:25.945 I/hakuX-lane(22669): [occl804] f=8687 wait=0 procs=1 q=2 qnz=0 pend=0 rep=2 repnz=0 repmax=0 v=0,0
10-04 20:05:25.966 I/hakuX-lane(22669): [occl804] f=8688 wait=0 procs=2 q=10 qnz=0 pend=0 rep=10 repnz=0 repmax=0 v=0,0,0,0,0,0,0,0,0,0
10-04 20:05:25.979 I/hakuX-lane(22669): [occl804] f=8689 wait=0 procs=1 q=2 qnz=0 pend=0 rep=2 repnz=0 repmax=0 v=0,0
10-04 20:05:26.000 I/hakuX-lane(22669): [occl804] f=8690 wait=0 procs=2 q=10 qnz=0 pend=0 rep=10 repnz=0 repmax=0 v=0,0,0,0,0,0,0,0,0,0
10-04 20:05:26.029 I/hakuX-lane(22669): [occl804] f=8691 wait=0 procs=2 q=7 qnz=0 pend=0 rep=7 repnz=0 repmax=0 v=0,0,0,0,0,0,0
10-04 20:05:26.032 I/hakuX-lane(22669): [occl804] f=8692 wait=0 procs=1 q=5 qnz=0 pend=0 rep=5 repnz=0 repmax=0 v=0,0,0,0,0
10-04 20:05:26.062 I/hakuX-lane(22669): [occl804] f=8693 wait=0 procs=2 q=7 qnz=0 pend=0 rep=7 repnz=0 repmax=0 v=0,0,0,0,0,0,0
10-04 20:05:26.065 I/hakuX-lane(22669): [occl804] f=8694 wait=0 procs=1 q=5 qnz=0 pend=0 rep=5 repnz=0 repmax=0 v=0,0,0,0,0
10-04 20:05:26.095 I/hakuX-lane(22669): [occl804] f=8695 wait=0 procs=2 q=7 qnz=0 pend=0 rep=7 repnz=0 repmax=0 v=0,0,0,0,0,0,0
10-04 20:05:26.127 I/hakuX-lane(22669): [occl804] f=8697 wait=0 procs=2 q=12 qnz=0 pend=0 rep=12 repnz=0 repmax=0 v=0,0,0,0,0,0,0,0,0,0,0,0
10-04 20:05:26.145 I/hakuX-lane(22669): [occl804] f=8698 wait=0 procs=2 q=7 qnz=0 pend=0 rep=7 repnz=0 repmax=0 v=0,0,0,0,0,0,0
10-04 20:05:26.162 I/hakuX-lane(22669): [occl804] f=8699 wait=0 procs=1 q=5 qnz=0 pend=0 rep=5 repnz=0 repmax=0 v=0,0,0,0,0
10-04 20:05:26.164 I/hakuX-lane(22669): [occl804] f=8700 wait=0 procs=1 q=5 qnz=0 pend=0 rep=5 repnz=0 repmax=0 v=0,0,0,0,0
10-04 20:05:26.195 I/hakuX-lane(22669): [occl804] f=8701 wait=0 procs=2 q=7 qnz=0 pend=0 rep=7 repnz=0 repmax=0 v=0,0,0,0,0,0,0
10-04 20:05:26.229 I/hakuX-lane(22669): [occl804] f=8703 wait=0 procs=2 q=12 qnz=0 pend=0 rep=12 repnz=0 repmax=0 v=0,0,0,0,0,0,0,0,0,0,0,0
10-04 20:05:26.232 I/hakuX-lane(22669): [occl804] f=8704 wait=0 procs=1 q=5 qnz=0 pend=0 rep=5 repnz=0 repmax=0 v=0,0,0,0,0
10-04 20:05:26.247 I/hakuX-lane(22669): [occl804] f=8705 wait=0 procs=1 q=2 qnz=0 pend=0 rep=2 repnz=0 repmax=0 v=0,0
10-04 20:05:26.266 I/hakuX-lane(22669): [occl804] f=8706 wait=0 procs=2 q=10 qnz=0 pend=0 rep=10 repnz=0 repmax=0 v=0,0,0,0,0,0,0,0,0,0
10-04 20:05:26.296 I/hakuX-lane(22669): [occl804] f=8707 wait=0 procs=2 q=7 qnz=0 pend=0 rep=7 repnz=0 repmax=0 v=0,0,0,0,0,0,0
10-04 20:05:26.312 I/hakuX-lane(22669): [occl804] f=8709 wait=0 procs=1 q=7 qnz=0 pend=0 rep=7 repnz=0 repmax=0 v=0,0,0,0,0,0,0
10-04 20:05:26.329 I/hakuX-lane(22669): [occl804] f=8710 wait=0 procs=1 q=5 qnz=0 pend=0 rep=5 repnz=0 repmax=0 v=0,0,0,0,0
10-04 20:05:26.346 I/hakuX-lane(22669): [occl804] f=8711 wait=0 procs=1 q=7 qnz=0 pend=0 rep=7 repnz=0 repmax=0 v=0,0,0,0,0,0,0
10-04 20:05:26.362 I/hakuX-lane(22669): [occl804] f=8712 wait=0 procs=1 q=5 qnz=0 pend=0 rep=5 repnz=0 repmax=0 v=0,0,0,0,0
10-04 20:05:26.379 I/hakuX-lane(22669): [occl804] f=8713 wait=0 procs=1 q=7 qnz=0 pend=0 rep=7 repnz=0 repmax=0 v=0,0,0,0,0,0,0
10-04 20:05:26.395 I/hakuX-lane(22669): [occl804] f=8714 wait=0 procs=1 q=5 qnz=0 pend=0 rep=5 repnz=0 repmax=0 v=0,0,0,0,0
10-04 20:05:26.412 I/hakuX-lane(22669): [occl804] f=8715 wait=0 procs=1 q=7 qnz=0 pend=0 rep=7 repnz=0 repmax=0 v=0,0,0,0,0,0,0
10-04 20:05:26.429 I/hakuX-lane(22669): [occl804] f=8716 wait=0 procs=1 q=5 qnz=0 pend=0 rep=5 repnz=0 repmax=0 v=0,0,0,0,0
10-04 20:05:26.445 I/hakuX-lane(22669): [occl804] f=8717 wait=0 procs=1 q=7 qnz=0 pend=0 rep=7 repnz=0 repmax=0 v=0,0,0,0,0,0,0
10-04 20:05:26.462 I/hakuX-lane(22669): [occl804] f=8718 wait=0 procs=1 q=5 qnz=0 pend=0 rep=5 repnz=0 repmax=0 v=0,0,0,0,0
10-04 20:05:26.479 I/hakuX-lane(22669): [occl804] f=8719 wait=0 procs=1 q=7 qnz=0 pend=0 rep=7 repnz=0 repmax=0 v=0,0,0,0,0,0,0
10-04 20:05:26.495 I/hakuX-lane(22669): [occl804] f=8720 wait=0 procs=1 q=5 qnz=0 pend=0 rep=5 repnz=0 repmax=0 v=0,0,0,0,0
10-04 20:05:26.512 I/hakuX-lane(22669): [occl804] f=8721 wait=0 procs=1 q=7 qnz=0 pend=0 rep=7 repnz=0 repmax=0 v=0,0,0,0,0,0,0
10-04 20:05:26.529 I/hakuX-lane(22669): [occl804] f=8722 wait=0 procs=1 q=5 qnz=0 pend=0 rep=5 repnz=0 repmax=0 v=0,0,0,0,0
10-04 20:05:26.545 I/hakuX-lane(22669): [occl804] f=8723 wait=0 procs=1 q=7 qnz=0 pend=0 rep=7 repnz=0 repmax=0 v=0,0,0,0,0,0,0
10-04 20:05:26.562 I/hakuX-lane(22669): [occl804] f=8724 wait=0 procs=1 q=5 qnz=0 pend=0 rep=5 repnz=0 repmax=0 v=0,0,0,0,0
10-04 20:05:26.579 I/hakuX-lane(22669): [occl804] f=8725 wait=0 procs=1 q=7 qnz=0 pend=0 rep=7 repnz=0 repmax=0 v=0,0,0,0,0,0,0
10-04 20:05:26.595 I/hakuX-lane(22669): [occl804] f=8726 wait=0 procs=1 q=5 qnz=0 pend=0 rep=5 repnz=0 repmax=0 v=0,0,0,0,0
10-04 20:05:26.612 I/hakuX-lane(22669): [occl804] f=8727 wait=0 procs=1 q=7 qnz=0 pend=0 rep=7 repnz=0 repmax=0 v=0,0,0,0,0,0,0
10-04 20:05:26.629 I/hakuX-lane(22669): [occl804] f=8728 wait=0 procs=1 q=5 qnz=0 pend=0 rep=5 repnz=0 repmax=0 v=0,0,0,0,0
10-04 20:05:26.662 I/hakuX-lane(22669): [occl804] f=8729 wait=0 procs=1 q=7 qnz=0 pend=0 rep=7 repnz=0 repmax=0 v=0,0,0,0,0,0,0
10-04 20:05:26.679 I/hakuX-lane(22669): [occl804] f=8731 wait=0 procs=1 q=5 qnz=0 pend=0 rep=5 repnz=0 repmax=0 v=0,0,0,0,0
10-04 20:05:26.695 I/hakuX-lane(22669): [occl804] f=8732 wait=0 procs=1 q=2 qnz=0 pend=0 rep=2 repnz=0 repmax=0 v=0,0
10-04 20:05:26.712 I/hakuX-lane(22669): [occl804] f=8733 wait=0 procs=1 q=5 qnz=0 pend=0 rep=5 repnz=0 repmax=0 v=0,0,0,0,0
10-04 20:05:26.729 I/hakuX-lane(22669): [occl804] f=8734 wait=0 procs=1 q=2 qnz=0 pend=0 rep=2 repnz=0 repmax=0 v=0,0
10-04 20:05:26.746 I/hakuX-lane(22669): [occl804] f=8735 wait=0 procs=1 q=5 qnz=0 pend=0 rep=5 repnz=0 repmax=0 v=0,0,0,0,0
10-04 20:05:26.779 I/hakuX-lane(22669): [occl804] f=8736 wait=0 procs=1 q=7 qnz=0 pend=0 rep=7 repnz=0 repmax=0 v=0,0,0,0,0,0,0
10-04 20:05:26.812 I/hakuX-lane(22669): [occl804] f=8738 wait=0 procs=1 q=7 qnz=0 pend=0 rep=7 repnz=0 repmax=0 v=0,0,0,0,0,0,0
10-04 20:05:26.830 I/hakuX-lane(22669): [occl804] f=8740 wait=0 procs=1 q=5 qnz=0 pend=0 rep=5 repnz=0 repmax=0 v=0,0,0,0,0
10-04 20:05:26.845 I/hakuX-lane(22669): [occl804] f=8741 wait=0 procs=1 q=2 qnz=0 pend=0 rep=2 repnz=0 repmax=0 v=0,0
10-04 20:05:26.879 I/hakuX-lane(22669): [occl804] f=8742 wait=0 procs=1 q=5 qnz=0 pend=0 rep=5 repnz=0 repmax=0 v=0,0,0,0,0
10-04 20:05:26.912 I/hakuX-lane(22669): [occl804] f=8744 wait=0 procs=1 q=7 qnz=0 pend=0 rep=7 repnz=0 repmax=0 v=0,0,0,0,0,0,0
10-04 20:05:26.929 I/hakuX-lane(22669): [occl804] f=8746 wait=0 procs=1 q=5 qnz=0 pend=0 rep=5 repnz=0 repmax=0 v=0,0,0,0,0
10-04 20:05:26.945 I/hakuX-lane(22669): [occl804] f=8747 wait=0 procs=1 q=2 qnz=0 pend=0 rep=2 repnz=0 repmax=0 v=0,0
10-04 20:05:26.979 I/hakuX-lane(22669): [occl804] f=8748 wait=0 procs=1 q=5 qnz=0 pend=0 rep=5 repnz=0 repmax=0 v=0,0,0,0,0
10-04 20:05:27.013 I/hakuX-lane(22669): [occl804] f=8750 wait=0 procs=1 q=7 qnz=0 pend=0 rep=7 repnz=0 repmax=0 v=0,0,0,0,0,0,0
10-04 20:05:27.029 I/hakuX-lane(22669): [occl804] f=8752 wait=0 procs=1 q=5 qnz=0 pend=0 rep=5 repnz=0 repmax=0 v=0,0,0,0,0
10-04 20:05:27.045 I/hakuX-lane(22669): [occl804] f=8753 wait=0 procs=1 q=2 qnz=0 pend=0 rep=2 repnz=0 repmax=0 v=0,0
10-04 20:05:27.079 I/hakuX-lane(22669): [occl804] f=8754 wait=0 procs=1 q=5 qnz=0 pend=0 rep=5 repnz=0 repmax=0 v=0,0,0,0,0
10-04 20:05:27.112 I/hakuX-lane(22669): [occl804] f=8756 wait=0 procs=1 q=7 qnz=0 pend=0 rep=7 repnz=0 repmax=0 v=0,0,0,0,0,0,0
10-04 20:05:27.129 I/hakuX-lane(22669): [occl804] f=8758 wait=0 procs=1 q=5 qnz=0 pend=0 rep=5 repnz=0 repmax=0 v=0,0,0,0,0
10-04 20:05:27.146 I/hakuX-lane(22669): [occl804] f=8759 wait=0 procs=1 q=2 qnz=0 pend=0 rep=2 repnz=0 repmax=0 v=0,0
10-04 20:05:27.179 I/hakuX-lane(22669): [occl804] f=8760 wait=0 procs=1 q=5 qnz=0 pend=0 rep=5 repnz=0 repmax=0 v=0,0,0,0,0
10-04 20:05:27.196 I/hakuX-lane(22669): [occl804] f=8762 wait=0 procs=1 q=7 qnz=0 pend=0 rep=7 repnz=0 repmax=0 v=0,0,0,0,0,0,0
10-04 20:05:27.213 I/hakuX-lane(22669): [occl804] f=8763 wait=0 procs=1 q=5 qnz=0 pend=0 rep=5 repnz=0 repmax=0 v=0,0,0,0,0
10-04 20:05:27.231 I/hakuX-lane(22669): [occl804] f=8764 wait=0 procs=1 q=7 qnz=0 pend=0 rep=7 repnz=0 repmax=0 v=0,0,0,0,0,0,0
10-04 20:05:27.246 I/hakuX-lane(22669): [occl804] f=8765 wait=0 procs=1 q=5 qnz=0 pend=0 rep=5 repnz=0 repmax=0 v=0,0,0,0,0
10-04 20:05:27.262 I/hakuX-lane(22669): [occl804] f=8766 wait=0 procs=1 q=2 qnz=0 pend=0 rep=2 repnz=0 repmax=0 v=0,0
10-04 20:05:27.279 I/hakuX-lane(22669): [occl804] f=8767 wait=0 procs=1 q=5 qnz=0 pend=0 rep=5 repnz=0 repmax=0 v=0,0,0,0,0
10-04 20:05:27.296 I/hakuX-lane(22669): [occl804] f=8768 wait=0 procs=1 q=2 qnz=0 pend=0 rep=2 repnz=0 repmax=0 v=0,0
10-04 20:05:27.312 I/hakuX-lane(22669): [occl804] f=8769 wait=0 procs=1 q=5 qnz=0 pend=0 rep=5 repnz=0 repmax=0 v=0,0,0,0,0
10-04 20:05:27.330 I/hakuX-lane(22669): [occl804] f=8770 wait=0 procs=1 q=5 qnz=0 pend=0 rep=5 repnz=0 repmax=0 v=0,0,0,0,0
10-04 20:05:27.346 I/hakuX-lane(22669): [occl804] f=8771 wait=0 procs=1 q=2 qnz=0 pend=0 rep=2 repnz=0 repmax=0 v=0,0
10-04 20:05:27.380 I/hakuX-lane(22669): [occl804] f=8772 wait=0 procs=1 q=5 qnz=0 pend=0 rep=5 repnz=0 repmax=0 v=0,0,0,0,0
10-04 20:05:27.412 I/hakuX-lane(22669): [occl804] f=8774 wait=0 procs=1 q=7 qnz=0 pend=0 rep=7 repnz=0 repmax=0 v=0,0,0,0,0,0,0
10-04 20:05:27.429 I/hakuX-lane(22669): [occl804] f=8776 wait=0 procs=1 q=5 qnz=0 pend=0 rep=5 repnz=0 repmax=0 v=0,0,0,0,0
10-04 20:05:27.453 I/hakuX-lane(22669): [occl804] f=8777 wait=0 procs=1 q=2 qnz=0 pend=0 rep=2 repnz=0 repmax=0 v=0,0
10-04 20:05:27.479 I/hakuX-lane(22669): [occl804] f=8778 wait=0 procs=1 q=5 qnz=0 pend=0 rep=5 repnz=0 repmax=0 v=0,0,0,0,0
10-04 20:05:27.512 I/hakuX-lane(22669): [occl804] f=8780 wait=0 procs=1 q=7 qnz=0 pend=0 rep=7 repnz=0 repmax=0 v=0,0,0,0,0,0,0
10-04 20:05:27.529 I/hakuX-lane(22669): [occl804] f=8782 wait=0 procs=1 q=5 qnz=0 pend=0 rep=5 repnz=0 repmax=0 v=0,0,0,0,0
10-04 20:05:27.546 I/hakuX-lane(22669): [occl804] f=8783 wait=0 procs=1 q=2 qnz=0 pend=0 rep=2 repnz=0 repmax=0 v=0,0
10-04 20:05:27.580 I/hakuX-lane(22669): [occl804] f=8784 wait=0 procs=1 q=5 qnz=0 pend=0 rep=5 repnz=0 repmax=0 v=0,0,0,0,0
10-04 20:05:27.613 I/hakuX-lane(22669): [occl804] f=8786 wait=0 procs=1 q=7 qnz=0 pend=0 rep=7 repnz=0 repmax=0 v=0,0,0,0,0,0,0
10-04 20:05:27.630 I/hakuX-lane(22669): [occl804] f=8788 wait=0 procs=1 q=5 qnz=0 pend=0 rep=5 repnz=0 repmax=0 v=0,0,0,0,0
10-04 20:05:27.646 I/hakuX-lane(22669): [occl804] f=8789 wait=0 procs=1 q=2 qnz=0 pend=0 rep=2 repnz=0 repmax=0 v=0,0
10-04 20:05:27.680 I/hakuX-lane(22669): [occl804] f=8790 wait=0 procs=1 q=5 qnz=0 pend=0 rep=5 repnz=0 repmax=0 v=0,0,0,0,0
10-04 20:05:27.712 I/hakuX-lane(22669): [occl804] f=8792 wait=0 procs=1 q=7 qnz=0 pend=0 rep=7 repnz=0 repmax=0 v=0,0,0,0,0,0,0
10-04 20:05:27.730 I/hakuX-lane(22669): [occl804] f=8794 wait=0 procs=1 q=5 qnz=0 pend=0 rep=5 repnz=0 repmax=0 v=0,0,0,0,0
10-04 20:05:27.746 I/hakuX-lane(22669): [occl804] f=8795 wait=0 procs=1 q=2 qnz=0 pend=0 rep=2 repnz=0 repmax=0 v=0,0
10-04 20:05:27.780 I/hakuX-lane(22669): [occl804] f=8796 wait=0 procs=1 q=5 qnz=0 pend=0 rep=5 repnz=0 repmax=0 v=0,0,0,0,0
10-04 20:05:27.830 I/hakuX-lane(22669): [occl804] f=8798 wait=0 procs=1 q=7 qnz=0 pend=0 rep=7 repnz=0 repmax=0 v=0,0,0,0,0,0,0
10-04 20:05:27.880 I/hakuX-lane(22669): [occl804] f=8801 wait=0 procs=1 q=7 qnz=0 pend=0 rep=7 repnz=0 repmax=0 v=0,0,0,0,0,0,0
10-04 20:05:27.896 I/hakuX-lane(22669): [occl804] f=8804 wait=0 procs=1 q=5 qnz=0 pend=0 rep=5 repnz=0 repmax=0 v=0,0,0,0,0
10-04 20:05:27.912 I/hakuX-lane(22669): [occl804] f=8805 wait=0 procs=1 q=2 qnz=0 pend=0 rep=2 repnz=0 repmax=0 v=0,0
10-04 20:05:27.963 I/hakuX-lane(22669): [occl804] f=8806 wait=0 procs=1 q=5 qnz=0 pend=0 rep=5 repnz=0 repmax=0 v=0,0,0,0,0
10-04 20:05:27.996 I/hakuX-lane(22669): [occl804] f=8809 wait=0 procs=1 q=7 qnz=0 pend=0 rep=7 repnz=0 repmax=0 v=0,0,0,0,0,0,0
10-04 20:05:28.013 I/hakuX-lane(22669): [occl804] f=8811 wait=0 procs=1 q=5 qnz=0 pend=0 rep=5 repnz=0 repmax=0 v=0,0,0,0,0
10-04 20:05:28.030 I/hakuX-lane(22669): [occl804] f=8812 wait=0 procs=1 q=2 qnz=0 pend=0 rep=2 repnz=0 repmax=0 v=0,0
10-04 20:05:28.063 I/hakuX-lane(22669): [occl804] f=8813 wait=0 procs=1 q=5 qnz=0 pend=0 rep=5 repnz=0 repmax=0 v=0,0,0,0,0
10-04 20:05:28.080 I/hakuX-lane(22669): [occl804] f=8815 wait=0 procs=1 q=5 qnz=0 pend=0 rep=5 repnz=0 repmax=0 v=0,0,0,0,0
10-04 20:05:28.113 I/hakuX-lane(22669): [occl804] f=8816 wait=0 procs=1 q=2 qnz=0 pend=0 rep=2 repnz=0 repmax=0 v=0,0
10-04 20:05:28.146 I/hakuX-lane(22669): [occl804] f=8818 wait=0 procs=1 q=5 qnz=0 pend=0 rep=5 repnz=0 repmax=0 v=0,0,0,0,0
10-04 20:05:28.196 I/hakuX-lane(22669): [occl804] f=8820 wait=0 procs=1 q=7 qnz=0 pend=0 rep=7 repnz=0 repmax=0 v=0,0,0,0,0,0,0
10-04 20:05:28.213 I/hakuX-lane(22669): [occl804] f=8823 wait=0 procs=1 q=5 qnz=0 pend=0 rep=5 repnz=0 repmax=0 v=0,0,0,0,0
10-04 20:05:28.246 I/hakuX-lane(22669): [occl804] f=8824 wait=0 procs=1 q=2 qnz=0 pend=0 rep=2 repnz=0 repmax=0 v=0,0
10-04 20:05:28.263 I/hakuX-lane(22669): [occl804] f=8826 wait=0 procs=1 q=5 qnz=0 pend=0 rep=5 repnz=0 repmax=0 v=0,0,0,0,0
10-04 20:05:28.280 I/hakuX-lane(22669): [occl804] f=8827 wait=0 procs=1 q=2 qnz=0 pend=0 rep=2 repnz=0 repmax=0 v=0,0
10-04 20:05:28.313 I/hakuX-lane(22669): [occl804] f=8828 wait=0 procs=1 q=5 qnz=0 pend=0 rep=5 repnz=0 repmax=0 v=0,0,0,0,0
10-04 20:05:28.363 I/hakuX-lane(22669): [occl804] f=8830 wait=0 procs=1 q=7 qnz=0 pend=0 rep=7 repnz=0 repmax=0 v=0,0,0,0,0,0,0
10-04 20:05:28.380 I/hakuX-lane(22669): [occl804] f=8833 wait=0 procs=1 q=5 qnz=0 pend=0 rep=5 repnz=0 repmax=0 v=0,0,0,0,0
10-04 20:05:28.413 I/hakuX-lane(22669): [occl804] f=8834 wait=0 procs=1 q=2 qnz=0 pend=0 rep=2 repnz=0 repmax=0 v=0,0
10-04 20:05:28.446 I/hakuX-lane(22669): [occl804] f=8836 wait=0 procs=1 q=5 qnz=0 pend=0 rep=5 repnz=0 repmax=0 v=0,0,0,0,0
10-04 20:05:28.463 I/hakuX-lane(22669): [occl804] f=8838 wait=0 procs=1 q=2 qnz=0 pend=0 rep=2 repnz=0 repmax=0 v=0,0
10-04 20:05:28.513 I/hakuX-lane(22669): [occl804] f=8839 wait=0 procs=1 q=5 qnz=0 pend=0 rep=5 repnz=0 repmax=0 v=0,0,0,0,0
10-04 20:05:28.546 I/hakuX-lane(22669): [occl804] f=8842 wait=0 procs=1 q=7 qnz=0 pend=0 rep=7 repnz=0 repmax=0 v=0,0,0,0,0,0,0
10-04 20:05:28.563 I/hakuX-lane(22669): [occl804] f=8844 wait=0 procs=1 q=5 qnz=0 pend=0 rep=5 repnz=0 repmax=0 v=0,0,0,0,0
10-04 20:05:28.580 I/hakuX-lane(22669): [occl804] f=8845 wait=0 procs=1 q=2 qnz=0 pend=0 rep=2 repnz=0 repmax=0 v=0,0
10-04 20:05:28.613 I/hakuX-lane(22669): [occl804] f=8846 wait=0 procs=1 q=5 qnz=0 pend=0 rep=5 repnz=0 repmax=0 v=0,0,0,0,0
10-04 20:05:28.646 I/hakuX-lane(22669): [occl804] f=8848 wait=0 procs=1 q=7 qnz=0 pend=0 rep=7 repnz=0 repmax=0 v=0,0,0,0,0,0,0
10-04 20:05:28.663 I/hakuX-lane(22669): [occl804] f=8850 wait=0 procs=1 q=5 qnz=0 pend=0 rep=5 repnz=0 repmax=0 v=0,0,0,0,0
10-04 20:05:28.697 I/hakuX-lane(22669): [occl804] f=8851 wait=0 procs=1 q=2 qnz=0 pend=0 rep=2 repnz=0 repmax=0 v=0,0
10-04 20:05:28.713 I/hakuX-lane(22669): [occl804] f=8853 wait=0 procs=1 q=5 qnz=0 pend=0 rep=5 repnz=0 repmax=0 v=0,0,0,0,0
10-04 20:05:28.730 I/hakuX-lane(22669): [occl804] f=8854 wait=0 procs=1 q=2 qnz=0 pend=0 rep=2 repnz=0 repmax=0 v=0,0
10-04 20:05:28.763 I/hakuX-lane(22669): [occl804] f=8855 wait=0 procs=1 q=5 qnz=0 pend=0 rep=5 repnz=0 repmax=0 v=0,0,0,0,0
10-04 20:05:28.780 I/hakuX-lane(22669): [occl804] f=8857 wait=0 procs=1 q=5 qnz=0 pend=0 rep=5 repnz=0 repmax=0 v=0,0,0,0,0
10-04 20:05:28.796 I/hakuX-lane(22669): [occl804] f=8858 wait=0 procs=1 q=2 qnz=0 pend=0 rep=2 repnz=0 repmax=0 v=0,0
10-04 20:05:28.830 I/hakuX-lane(22669): [occl804] f=8859 wait=0 procs=1 q=5 qnz=0 pend=0 rep=5 repnz=0 repmax=0 v=0,0,0,0,0
10-04 20:05:28.846 I/hakuX-lane(22669): [occl804] f=8861 wait=0 procs=1 q=5 qnz=0 pend=0 rep=5 repnz=0 repmax=0 v=0,0,0,0,0
10-04 20:05:28.863 I/hakuX-lane(22669): [occl804] f=8862 wait=0 procs=1 q=2 qnz=0 pend=0 rep=2 repnz=0 repmax=0 v=0,0
10-04 20:05:28.896 I/hakuX-lane(22669): [occl804] f=8863 wait=0 procs=1 q=5 qnz=0 pend=0 rep=5 repnz=0 repmax=0 v=0,0,0,0,0
10-04 20:05:28.920 I/hakuX-lane(22669): [occl804] f=8865 wait=0 procs=1 q=2 qnz=0 pend=0 rep=2 repnz=0 repmax=0 v=0,0
10-04 20:05:28.963 I/hakuX-lane(22669): [occl804] f=8866 wait=0 procs=1 q=5 qnz=0 pend=0 rep=5 repnz=0 repmax=0 v=0,0,0,0,0
10-04 20:05:29.013 I/hakuX-lane(22669): [occl804] f=8869 wait=0 procs=1 q=7 qnz=0 pend=0 rep=7 repnz=0 repmax=0 v=0,0,0,0,0,0,0
10-04 20:05:29.032 I/hakuX-lane(22669): [occl804] f=8872 wait=0 procs=1 q=5 qnz=0 pend=0 rep=5 repnz=0 repmax=0 v=0,0,0,0,0
10-04 20:05:29.047 I/hakuX-lane(22669): [occl804] f=8873 wait=0 procs=1 q=2 qnz=0 pend=0 rep=2 repnz=0 repmax=0 v=0,0
10-04 20:05:29.097 I/hakuX-lane(22669): [occl804] f=8874 wait=0 procs=1 q=5 qnz=0 pend=0 rep=5 repnz=0 repmax=0 v=0,0,0,0,0
10-04 20:05:29.146 I/hakuX-lane(22669): [occl804] f=8877 wait=0 procs=1 q=7 qnz=0 pend=0 rep=7 repnz=0 repmax=0 v=0,0,0,0,0,0,0
10-04 20:05:29.163 I/hakuX-lane(22669): [occl804] f=8880 wait=0 procs=1 q=5 qnz=0 pend=0 rep=5 repnz=0 repmax=0 v=0,0,0,0,0
10-04 20:05:29.180 I/hakuX-lane(22669): [occl804] f=8881 wait=0 procs=1 q=2 qnz=0 pend=0 rep=2 repnz=0 repmax=0 v=0,0
10-04 20:05:29.230 I/hakuX-lane(22669): [occl804] f=8882 wait=0 procs=1 q=5 qnz=0 pend=0 rep=5 repnz=0 repmax=0 v=0,0,0,0,0
10-04 20:05:29.280 I/hakuX-lane(22669): [occl804] f=8885 wait=0 procs=1 q=7 qnz=0 pend=0 rep=7 repnz=0 repmax=0 v=0,0,0,0,0,0,0
10-04 20:05:29.298 I/hakuX-lane(22669): [occl804] f=8888 wait=0 procs=1 q=5 qnz=0 pend=0 rep=5 repnz=0 repmax=0 v=0,0,0,0,0
10-04 20:05:29.313 I/hakuX-lane(22669): [occl804] f=8889 wait=0 procs=1 q=2 qnz=0 pend=0 rep=2 repnz=0 repmax=0 v=0,0
10-04 20:05:29.347 I/hakuX-lane(22669): [occl804] f=8890 wait=0 procs=1 q=5 qnz=0 pend=0 rep=5 repnz=0 repmax=0 v=0,0,0,0,0
10-04 20:05:29.363 I/hakuX-lane(22669): [occl804] f=8892 wait=0 procs=1 q=5 qnz=0 pend=0 rep=5 repnz=0 repmax=0 v=0,0,0,0,0
10-04 20:05:29.380 I/hakuX-lane(22669): [occl804] f=8893 wait=0 procs=1 q=2 qnz=0 pend=0 rep=2 repnz=0 repmax=0 v=0,0
10-04 20:05:29.430 I/hakuX-lane(22669): [occl804] f=8894 wait=0 procs=1 q=5 qnz=0 pend=0 rep=5 repnz=0 repmax=0 v=0,0,0,0,0
10-04 20:05:29.463 I/hakuX-lane(22669): [occl804] f=8897 wait=0 procs=1 q=7 qnz=0 pend=0 rep=7 repnz=0 repmax=0 v=0,0,0,0,0,0,0
10-04 20:05:29.480 I/hakuX-lane(22669): [occl804] f=8899 wait=0 procs=1 q=5 qnz=0 pend=0 rep=5 repnz=0 repmax=0 v=0,0,0,0,0
10-04 20:05:29.514 I/hakuX-lane(22669): [occl804] f=8900 wait=0 procs=1 q=2 qnz=0 pend=0 rep=2 repnz=0 repmax=0 v=0,0
10-04 20:05:29.531 I/hakuX-lane(22669): [occl804] f=8902 wait=0 procs=1 q=5 qnz=0 pend=0 rep=5 repnz=0 repmax=0 v=0,0,0,0,0
10-04 20:05:29.563 I/hakuX-lane(22669): [occl804] f=8903 wait=0 procs=1 q=2 qnz=0 pend=0 rep=2 repnz=0 repmax=0 v=0,0
10-04 20:05:29.597 I/hakuX-lane(22669): [occl804] f=8905 wait=0 procs=1 q=5 qnz=0 pend=0 rep=5 repnz=0 repmax=0 v=0,0,0,0,0
10-04 20:05:29.647 I/hakuX-lane(22669): [occl804] f=8907 wait=0 procs=1 q=7 qnz=0 pend=0 rep=7 repnz=0 repmax=0 v=0,0,0,0,0,0,0
10-04 20:05:29.664 I/hakuX-lane(22669): [occl804] f=8910 wait=0 procs=1 q=5 qnz=0 pend=0 rep=5 repnz=0 repmax=0 v=0,0,0,0,0
10-04 20:05:29.697 I/hakuX-lane(22669): [occl804] f=8911 wait=0 procs=1 q=2 qnz=0 pend=0 rep=2 repnz=0 repmax=0 v=0,0
10-04 20:05:29.731 I/hakuX-lane(22669): [occl804] f=8913 wait=0 procs=1 q=5 qnz=0 pend=0 rep=5 repnz=0 repmax=0 v=0,0,0,0,0
10-04 20:05:29.764 I/hakuX-lane(22669): [occl804] f=8915 wait=0 procs=1 q=7 qnz=0 pend=0 rep=7 repnz=0 repmax=0 v=0,0,0,0,0,0,0
10-04 20:05:29.781 I/hakuX-lane(22669): [occl804] f=8917 wait=0 procs=1 q=5 qnz=0 pend=0 rep=5 repnz=0 repmax=0 v=0,0,0,0,0
10-04 20:05:29.814 I/hakuX-lane(22669): [occl804] f=8918 wait=0 procs=1 q=2 qnz=0 pend=0 rep=2 repnz=0 repmax=0 v=0,0
10-04 20:05:29.847 I/hakuX-lane(22669): [occl804] f=8920 wait=0 procs=1 q=5 qnz=0 pend=0 rep=5 repnz=0 repmax=0 v=0,0,0,0,0
10-04 20:05:29.897 I/hakuX-lane(22669): [occl804] f=8922 wait=0 procs=1 q=7 qnz=0 pend=0 rep=7 repnz=0 repmax=0 v=0,0,0,0,0,0,0
10-04 20:05:29.914 I/hakuX-lane(22669): [occl804] f=8925 wait=0 procs=1 q=5 qnz=0 pend=0 rep=5 repnz=0 repmax=0 v=0,0,0,0,0
10-04 20:05:29.948 I/hakuX-lane(22669): [occl804] f=8926 wait=0 procs=1 q=2 qnz=0 pend=0 rep=2 repnz=0 repmax=0 v=0,0
10-04 20:05:29.981 I/hakuX-lane(22669): [occl804] f=8928 wait=0 procs=1 q=5 qnz=0 pend=0 rep=5 repnz=0 repmax=0 v=0,0,0,0,0
10-04 20:05:29.998 I/hakuX-lane(22669): [occl804] f=8930 wait=0 procs=1 q=2 qnz=0 pend=0 rep=2 repnz=0 repmax=0 v=0,0
10-04 20:05:30.036 I/hakuX-lane(22669): [occl804] f=8931 wait=0 procs=1 q=5 qnz=0 pend=0 rep=5 repnz=0 repmax=0 v=0,0,0,0,0
10-04 20:05:30.051 I/hakuX-lane(22669): [occl804] f=8933 wait=0 procs=1 q=7 qnz=0 pend=0 rep=7 repnz=0 repmax=0 v=0,0,0,0,0,0,0
10-04 20:05:30.069 I/hakuX-lane(22669): [occl804] f=8934 wait=0 procs=1 q=2 qnz=0 pend=0 rep=2 repnz=0 repmax=0 v=0,0
10-04 20:05:30.085 I/hakuX-lane(22669): [occl804] f=8935 wait=0 procs=1 q=5 qnz=0 pend=0 rep=5 repnz=0 repmax=0 v=0,0,0,0,0
10-04 20:05:30.102 I/hakuX-lane(22669): [occl804] f=8936 wait=0 procs=1 q=4 qnz=0 pend=0 rep=4 repnz=0 repmax=0 v=0,0,0,0
10-04 20:05:30.136 I/hakuX-lane(22669): [occl804] f=8937 wait=0 procs=1 q=5 qnz=0 pend=0 rep=5 repnz=0 repmax=0 v=0,0,0,0,0
10-04 20:05:30.169 I/hakuX-lane(22669): [occl804] f=8939 wait=0 procs=1 q=9 qnz=0 pend=0 rep=9 repnz=0 repmax=0 v=0,0,0,0,0,0,0,0,0
10-04 20:05:30.185 I/hakuX-lane(22669): [occl804] f=8941 wait=0 procs=1 q=5 qnz=0 pend=0 rep=5 repnz=0 repmax=0 v=0,0,0,0,0
10-04 20:05:30.202 I/hakuX-lane(22669): [occl804] f=8942 wait=0 procs=1 q=4 qnz=0 pend=0 rep=4 repnz=0 repmax=0 v=0,0,0,0
10-04 20:05:30.235 I/hakuX-lane(22669): [occl804] f=8943 wait=0 procs=1 q=5 qnz=0 pend=0 rep=5 repnz=0 repmax=0 v=0,0,0,0,0
10-04 20:05:30.268 I/hakuX-lane(22669): [occl804] f=8945 wait=0 procs=1 q=9 qnz=0 pend=0 rep=9 repnz=0 repmax=0 v=0,0,0,0,0,0,0,0,0
10-04 20:05:30.285 I/hakuX-lane(22669): [occl804] f=8947 wait=0 procs=1 q=5 qnz=0 pend=0 rep=5 repnz=0 repmax=0 v=0,0,0,0,0
10-04 20:05:30.304 I/hakuX-lane(22669): [occl804] f=8948 wait=0 procs=1 q=4 qnz=0 pend=0 rep=4 repnz=0 repmax=0 v=0,0,0,0
10-04 20:05:30.319 I/hakuX-lane(22669): [occl804] f=8949 wait=0 procs=1 q=5 qnz=0 pend=0 rep=5 repnz=0 repmax=0 v=0,0,0,0,0
10-04 20:05:30.337 I/hakuX-lane(22669): [occl804] f=8950 wait=0 procs=1 q=4 qnz=0 pend=0 rep=4 repnz=0 repmax=0 v=0,0,0,0
10-04 20:05:30.368 I/hakuX-lane(22669): [occl804] f=8951 wait=0 procs=1 q=5 qnz=0 pend=0 rep=5 repnz=0 repmax=0 v=0,0,0,0,0
10-04 20:05:30.401 I/hakuX-lane(22669): [occl804] f=8953 wait=0 procs=1 q=9 qnz=0 pend=0 rep=9 repnz=0 repmax=0 v=0,0,0,0,0,0,0,0,0
10-04 20:05:30.419 I/hakuX-lane(22669): [occl804] f=8955 wait=0 procs=1 q=5 qnz=0 pend=0 rep=5 repnz=0 repmax=0 v=0,0,0,0,0
10-04 20:05:30.436 I/hakuX-lane(22669): [occl804] f=8956 wait=0 procs=1 q=4 qnz=0 pend=0 rep=4 repnz=0 repmax=0 v=0,0,0,0
10-04 20:05:30.468 I/hakuX-lane(22669): [occl804] f=8957 wait=0 procs=1 q=5 qnz=0 pend=0 rep=5 repnz=0 repmax=0 v=0,0,0,0,0
10-04 20:05:30.503 I/hakuX-lane(22669): [occl804] f=8959 wait=0 procs=1 q=9 qnz=0 pend=0 rep=9 repnz=0 repmax=0 v=0,0,0,0,0,0,0,0,0
10-04 20:05:30.519 I/hakuX-lane(22669): [occl804] f=8961 wait=0 procs=1 q=5 qnz=0 pend=0 rep=5 repnz=0 repmax=0 v=0,0,0,0,0
10-04 20:05:30.538 I/hakuX-lane(22669): [occl804] f=8962 wait=0 procs=1 q=4 qnz=0 pend=0 rep=4 repnz=0 repmax=0 v=0,0,0,0
10-04 20:05:30.563 I/hakuX-lane(22669): [occl804] f=8963 wait=0 procs=2 q=10 qnz=0 pend=0 rep=10 repnz=0 repmax=0 v=0,0,0,0,0,0,0,0,0,0
10-04 20:05:30.593 I/hakuX-lane(22669): [occl804] f=8964 wait=0 procs=2 q=9 qnz=0 pend=0 rep=9 repnz=0 repmax=0 v=0,0,0,0,0,0,0,0,0
10-04 20:05:30.603 I/hakuX-lane(22669): [occl804] f=8965 wait=0 procs=1 q=5 qnz=0 pend=0 rep=5 repnz=0 repmax=0 v=0,0,0,0,0
10-04 20:05:30.616 I/hakuX-lane(22669): [occl804] f=8966 wait=0 procs=1 q=4 qnz=0 pend=0 rep=4 repnz=0 repmax=0 v=0,0,0,0
10-04 20:05:30.625 I/hakuX-lane(22669): [occl804] f=8967 wait=0 procs=1 q=5 qnz=0 pend=0 rep=5 repnz=0 repmax=0 v=0,0,0,0,0
10-04 20:05:30.642 I/hakuX-lane(22669): [occl804] f=8968 wait=0 procs=1 q=9 qnz=0 pend=0 rep=9 repnz=0 repmax=0 v=0,0,0,0,0,0,0,0,0
10-04 20:05:30.671 I/hakuX-lane(22669): [occl804] f=8969 wait=0 procs=1 q=5 qnz=0 pend=0 rep=5 repnz=0 repmax=0 v=0,0,0,0,0
10-04 20:05:30.717 I/hakuX-lane(22669): [occl804] f=8970 wait=0 procs=2 q=14 qnz=0 pend=0 rep=14 repnz=0 repmax=0 v=0,0,0,0,0,0,0,0,0,0,0,0,0,0
10-04 20:05:30.738 I/hakuX-lane(22669): [occl804] f=8971 wait=0 procs=2 q=9 qnz=0 pend=0 rep=9 repnz=0 repmax=0 v=0,0,0,0,0,0,0,0,0
10-04 20:05:30.777 I/hakuX-lane(22669): [occl804] f=8973 wait=0 procs=3 q=14 qnz=0 pend=0 rep=14 repnz=0 repmax=0 v=0,0,0,0,0,0,0,0,0,0,0,0,0,0
10-04 20:05:30.799 I/hakuX-lane(22669): [occl804] f=8974 wait=0 procs=1 q=5 qnz=0 pend=0 rep=5 repnz=0 repmax=0 v=0,0,0,0,0
10-04 20:05:30.820 I/hakuX-lane(22669): [occl804] f=8975 wait=0 procs=2 q=9 qnz=0 pend=0 rep=9 repnz=0 repmax=0 v=0,0,0,0,0,0,0,0,0
10-04 20:05:30.835 I/hakuX-lane(22669): [occl804] f=8976 wait=0 procs=1 q=5 qnz=0 pend=0 rep=5 repnz=0 repmax=0 v=0,0,0,0,0
10-04 20:05:30.857 I/hakuX-lane(22669): [occl804] f=8977 wait=0 procs=2 q=9 qnz=0 pend=0 rep=9 repnz=0 repmax=0 v=0,0,0,0,0,0,0,0,0
10-04 20:05:30.874 I/hakuX-lane(22669): [occl804] f=8978 wait=0 procs=1 q=5 qnz=0 pend=0 rep=5 repnz=0 repmax=0 v=0,0,0,0,0
10-04 20:05:30.880 I/hakuX-lane(22669): [occl804] f=8979 wait=0 procs=1 q=5 qnz=0 pend=0 rep=5 repnz=0 repmax=0 v=0,0,0,0,0
10-04 20:05:30.920 I/hakuX-lane(22669): [occl804] f=8980 wait=0 procs=2 q=9 qnz=0 pend=0 rep=9 repnz=0 repmax=0 v=0,0,0,0,0,0,0,0,0
10-04 20:05:30.924 I/hakuX-lane(22669): [occl804] f=8981 wait=0 procs=1 q=5 qnz=0 pend=0 rep=5 repnz=0 repmax=0 v=0,0,0,0,0
10-04 20:05:30.952 I/hakuX-lane(22669): [occl804] f=8982 wait=0 procs=2 q=9 qnz=0 pend=0 rep=9 repnz=0 repmax=0 v=0,0,0,0,0,0,0,0,0
10-04 20:05:30.956 I/hakuX-lane(22669): [occl804] f=8983 wait=0 procs=1 q=5 qnz=0 pend=0 rep=5 repnz=0 repmax=0 v=0,0,0,0,0
10-04 20:05:30.989 I/hakuX-lane(22669): [occl804] f=8984 wait=0 procs=2 q=9 qnz=0 pend=0 rep=9 repnz=0 repmax=0 v=0,0,0,0,0,0,0,0,0
10-04 20:05:30.993 I/hakuX-lane(22669): [occl804] f=8985 wait=0 procs=1 q=5 qnz=0 pend=0 rep=5 repnz=0 repmax=0 v=0,0,0,0,0
10-04 20:05:31.019 I/hakuX-lane(22669): [occl804] f=8986 wait=0 procs=2 q=9 qnz=0 pend=0 rep=9 repnz=0 repmax=0 v=0,0,0,0,0,0,0,0,0
10-04 20:05:31.027 I/hakuX-lane(22669): [occl804] f=8987 wait=0 procs=1 q=5 qnz=0 pend=0 rep=5 repnz=0 repmax=0 v=0,0,0,0,0
10-04 20:05:31.061 I/hakuX-lane(22669): [occl804] f=8988 wait=0 procs=2 q=9 qnz=0 pend=0 rep=9 repnz=0 repmax=0 v=0,0,0,0,0,0,0,0,0
10-04 20:05:31.068 I/hakuX-lane(22669): [occl804] f=8989 wait=0 procs=1 q=5 qnz=0 pend=0 rep=5 repnz=0 repmax=0 v=0,0,0,0,0
10-04 20:05:31.080 I/hakuX-lane(22669): [occl804] f=8990 wait=0 procs=1 q=4 qnz=0 pend=0 rep=4 repnz=0 repmax=0 v=0,0,0,0
10-04 20:05:31.099 I/hakuX-lane(22669): [occl804] f=8991 wait=0 procs=2 q=10 qnz=0 pend=0 rep=10 repnz=0 repmax=0 v=0,0,0,0,0,0,0,0,0,0
10-04 20:05:31.130 I/hakuX-lane(22669): [occl804] f=8992 wait=0 procs=2 q=9 qnz=0 pend=0 rep=9 repnz=0 repmax=0 v=0,0,0,0,0,0,0,0,0
10-04 20:05:31.135 I/hakuX-lane(22669): [occl804] f=8993 wait=0 procs=1 q=5 qnz=0 pend=0 rep=5 repnz=0 repmax=0 v=0,0,0,0,0
10-04 20:05:31.164 I/hakuX-lane(22669): [occl804] f=8994 wait=0 procs=2 q=9 qnz=0 pend=0 rep=9 repnz=0 repmax=0 v=0,0,0,0,0,0,0,0,0
10-04 20:05:31.168 I/hakuX-lane(22669): [occl804] f=8995 wait=0 procs=1 q=5 qnz=0 pend=0 rep=5 repnz=0 repmax=0 v=0,0,0,0,0
10-04 20:05:31.194 I/hakuX-lane(22669): [occl804] f=8996 wait=0 procs=2 q=9 qnz=0 pend=0 rep=9 repnz=0 repmax=0 v=0,0,0,0,0,0,0,0,0
10-04 20:05:31.202 I/hakuX-lane(22669): [occl804] f=8997 wait=0 procs=1 q=5 qnz=0 pend=0 rep=5 repnz=0 repmax=0 v=0,0,0,0,0
10-04 20:05:31.234 I/hakuX-lane(22669): [occl804] f=8998 wait=0 procs=2 q=9 qnz=0 pend=0 rep=9 repnz=0 repmax=0 v=0,0,0,0,0,0,0,0,0
10-04 20:05:31.264 I/hakuX-lane(22669): [occl804] f=9000 wait=0 procs=2 q=14 qnz=0 pend=0 rep=14 repnz=0 repmax=0 v=0,0,0,0,0,0,0,0,0,0,0,0,0,0
10-04 20:05:31.274 I/hakuX-lane(22669): [occl804] f=9001 wait=0 procs=1 q=5 qnz=0 pend=0 rep=5 repnz=0 repmax=0 v=0,0,0,0,0
10-04 20:05:31.302 I/hakuX-lane(22669): [occl804] f=9002 wait=0 procs=2 q=9 qnz=0 pend=0 rep=9 repnz=0 repmax=0 v=0,0,0,0,0,0,0,0,0
10-04 20:05:31.336 I/hakuX-lane(22669): [occl804] f=9004 wait=0 procs=2 q=14 qnz=0 pend=0 rep=14 repnz=0 repmax=0 v=0,0,0,0,0,0,0,0,0,0,0,0,0,0
10-04 20:05:31.340 I/hakuX-lane(22669): [occl804] f=9005 wait=0 procs=1 q=5 qnz=0 pend=0 rep=5 repnz=0 repmax=0 v=0,0,0,0,0
10-04 20:05:31.367 I/hakuX-lane(22669): [occl804] f=9006 wait=0 procs=2 q=9 qnz=0 pend=0 rep=9 repnz=0 repmax=0 v=0,0,0,0,0,0,0,0,0
10-04 20:05:31.375 I/hakuX-lane(22669): [occl804] f=9007 wait=0 procs=1 q=5 qnz=0 pend=0 rep=5 repnz=0 repmax=0 v=0,0,0,0,0
10-04 20:05:31.402 I/hakuX-lane(22669): [occl804] f=9008 wait=0 procs=2 q=9 qnz=0 pend=0 rep=9 repnz=0 repmax=0 v=0,0,0,0,0,0,0,0,0
10-04 20:05:31.427 I/hakuX-lane(22669): [occl804] f=9009 wait=0 procs=2 q=9 qnz=0 pend=0 rep=9 repnz=0 repmax=0 v=0,0,0,0,0,0,0,0,0
10-04 20:05:31.446 I/hakuX-lane(22669): [occl804] f=9011 wait=0 procs=2 q=10 qnz=0 pend=0 rep=10 repnz=0 repmax=0 v=0,0,0,0,0,0,0,0,0,0
10-04 20:05:31.480 I/hakuX-lane(22669): [occl804] f=9012 wait=0 procs=2 q=9 qnz=0 pend=0 rep=9 repnz=0 repmax=0 v=0,0,0,0,0,0,0,0,0
10-04 20:05:31.487 I/hakuX-lane(22669): [occl804] f=9013 wait=0 procs=1 q=5 qnz=0 pend=0 rep=5 repnz=0 repmax=0 v=0,0,0,0,0
10-04 20:05:31.512 I/hakuX-lane(22669): [occl804] f=9014 wait=0 procs=2 q=9 qnz=0 pend=0 rep=9 repnz=0 repmax=0 v=0,0,0,0,0,0,0,0,0
10-04 20:05:31.518 I/hakuX-lane(22669): [occl804] f=9015 wait=0 procs=1 q=5 qnz=0 pend=0 rep=5 repnz=0 repmax=0 v=0,0,0,0,0
10-04 20:05:31.548 I/hakuX-lane(22669): [occl804] f=9016 wait=0 procs=2 q=9 qnz=0 pend=0 rep=9 repnz=0 repmax=0 v=0,0,0,0,0,0,0,0,0
10-04 20:05:31.553 I/hakuX-lane(22669): [occl804] f=9017 wait=0 procs=1 q=5 qnz=0 pend=0 rep=5 repnz=0 repmax=0 v=0,0,0,0,0
10-04 20:05:31.582 I/hakuX-lane(22669): [occl804] f=9018 wait=0 procs=2 q=9 qnz=0 pend=0 rep=9 repnz=0 repmax=0 v=0,0,0,0,0,0,0,0,0
10-04 20:05:31.586 I/hakuX-lane(22669): [occl804] f=9019 wait=0 procs=1 q=5 qnz=0 pend=0 rep=5 repnz=0 repmax=0 v=0,0,0,0,0
10-04 20:05:31.613 I/hakuX-lane(22669): [occl804] f=9020 wait=0 procs=2 q=9 qnz=0 pend=0 rep=9 repnz=0 repmax=0 v=0,0,0,0,0,0,0,0,0
10-04 20:05:31.620 I/hakuX-lane(22669): [occl804] f=9021 wait=0 procs=1 q=5 qnz=0 pend=0 rep=5 repnz=0 repmax=0 v=0,0,0,0,0
10-04 20:05:31.645 I/hakuX-lane(22669): [occl804] f=9022 wait=0 procs=2 q=9 qnz=0 pend=0 rep=9 repnz=0 repmax=0 v=0,0,0,0,0,0,0,0,0
10-04 20:05:31.663 I/hakuX-lane(22669): [occl804] f=9023 wait=0 procs=2 q=9 qnz=0 pend=0 rep=9 repnz=0 repmax=0 v=0,0,0,0,0,0,0,0,0
10-04 20:05:31.681 I/hakuX-lane(22669): [occl804] f=9024 wait=0 procs=1 q=5 qnz=0 pend=0 rep=5 repnz=0 repmax=0 v=0,0,0,0,0
10-04 20:05:31.686 I/hakuX-lane(22669): [occl804] f=9025 wait=0 procs=1 q=5 qnz=0 pend=0 rep=5 repnz=0 repmax=0 v=0,0,0,0,0
10-04 20:05:31.712 I/hakuX-lane(22669): [occl804] f=9026 wait=0 procs=2 q=9 qnz=0 pend=0 rep=9 repnz=0 repmax=0 v=0,0,0,0,0,0,0,0,0
10-04 20:05:31.717 I/hakuX-lane(22669): [occl804] f=9027 wait=0 procs=1 q=5 qnz=0 pend=0 rep=5 repnz=0 repmax=0 v=0,0,0,0,0
10-04 20:05:31.747 I/hakuX-lane(22669): [occl804] f=9028 wait=0 procs=2 q=9 qnz=0 pend=0 rep=9 repnz=0 repmax=0 v=0,0,0,0,0,0,0,0,0
10-04 20:05:31.786 I/hakuX-lane(22669): [occl804] f=9030 wait=0 procs=2 q=14 qnz=0 pend=0 rep=14 repnz=0 repmax=0 v=0,0,0,0,0,0,0,0,0,0,0,0,0,0
10-04 20:05:31.805 I/hakuX-lane(22669): [occl804] f=9031 wait=0 procs=2 q=9 qnz=0 pend=0 rep=9 repnz=0 repmax=0 v=0,0,0,0,0,0,0,0,0
10-04 20:05:31.822 I/hakuX-lane(22669): [occl804] f=9032 wait=0 procs=1 q=5 qnz=0 pend=0 rep=5 repnz=0 repmax=0 v=0,0,0,0,0
10-04 20:05:31.837 I/hakuX-lane(22669): [occl804] f=9034 wait=0 procs=1 q=9 qnz=0 pend=0 rep=9 repnz=0 repmax=0 v=0,0,0,0,0,0,0,0,0
10-04 20:05:31.862 I/hakuX-lane(22669): [occl804] f=9035 wait=0 procs=2 q=10 qnz=0 pend=0 rep=10 repnz=0 repmax=0 v=0,0,0,0,0,0,0,0,0,0
10-04 20:05:31.891 I/hakuX-lane(22669): [occl804] f=9036 wait=0 procs=2 q=9 qnz=0 pend=0 rep=9 repnz=0 repmax=0 v=0,0,0,0,0,0,0,0,0
10-04 20:05:31.908 I/hakuX-lane(22669): [occl804] f=9037 wait=0 procs=1 q=5 qnz=0 pend=0 rep=5 repnz=0 repmax=0 v=0,0,0,0,0
10-04 20:05:31.917 I/hakuX-lane(22669): [occl804] f=9038 wait=0 procs=1 q=4 qnz=0 pend=0 rep=4 repnz=0 repmax=0 v=0,0,0,0
10-04 20:05:31.929 I/hakuX-lane(22669): [occl804] f=9039 wait=0 procs=1 q=5 qnz=0 pend=0 rep=5 repnz=0 repmax=0 v=0,0,0,0,0
10-04 20:05:31.942 I/hakuX-lane(22669): [occl804] f=9040 wait=0 procs=1 q=4 qnz=0 pend=0 rep=4 repnz=0 repmax=0 v=0,0,0,0
10-04 20:05:31.955 I/hakuX-lane(22669): [occl804] f=9041 wait=0 procs=1 q=5 qnz=0 pend=0 rep=5 repnz=0 repmax=0 v=0,0,0,0,0
10-04 20:05:31.984 I/hakuX-lane(22669): [occl804] f=9042 wait=0 procs=1 q=9 qnz=0 pend=0 rep=9 repnz=0 repmax=0 v=0,0,0,0,0,0,0,0,0
10-04 20:05:31.996 I/hakuX-lane(22669): [occl804] f=9043 wait=0 procs=1 q=5 qnz=0 pend=0 rep=5 repnz=0 repmax=0 v=0,0,0,0,0
10-04 20:05:32.013 I/hakuX-lane(22669): [occl804] f=9044 wait=0 procs=1 q=4 qnz=0 pend=0 rep=4 repnz=0 repmax=0 v=0,0,0,0
10-04 20:05:32.034 I/hakuX-lane(22669): [occl804] f=9045 wait=0 procs=1 q=5 qnz=0 pend=0 rep=5 repnz=0 repmax=0 v=0,0,0,0,0
10-04 20:05:32.047 I/hakuX-lane(22669): [occl804] f=9046 wait=0 procs=1 q=9 qnz=0 pend=0 rep=9 repnz=0 repmax=0 v=0,0,0,0,0,0,0,0,0
10-04 20:05:32.075 I/hakuX-lane(22669): [occl804] f=9047 wait=0 procs=2 q=10 qnz=0 pend=0 rep=10 repnz=0 repmax=0 v=0,0,0,0,0,0,0,0,0,0
10-04 20:05:32.105 I/hakuX-lane(22669): [occl804] f=9048 wait=0 procs=2 q=9 qnz=0 pend=0 rep=9 repnz=0 repmax=0 v=0,0,0,0,0,0,0,0,0
10-04 20:05:32.110 I/hakuX-lane(22669): [occl804] f=9049 wait=0 procs=1 q=5 qnz=0 pend=0 rep=5 repnz=0 repmax=0 v=0,0,0,0,0
10-04 20:05:32.140 I/hakuX-lane(22669): [occl804] f=9050 wait=0 procs=2 q=9 qnz=0 pend=0 rep=9 repnz=0 repmax=0 v=0,0,0,0,0,0,0,0,0
10-04 20:05:32.145 I/hakuX-lane(22669): [occl804] f=9051 wait=0 procs=1 q=5 qnz=0 pend=0 rep=5 repnz=0 repmax=0 v=0,0,0,0,0
10-04 20:05:32.172 I/hakuX-lane(22669): [occl804] f=9052 wait=0 procs=2 q=9 qnz=0 pend=0 rep=9 repnz=0 repmax=0 v=0,0,0,0,0,0,0,0,0
10-04 20:05:32.176 I/hakuX-lane(22669): [occl804] f=9053 wait=0 procs=1 q=5 qnz=0 pend=0 rep=5 repnz=0 repmax=0 v=0,0,0,0,0
10-04 20:05:32.212 I/hakuX-lane(22669): [occl804] f=9054 wait=0 procs=2 q=9 qnz=0 pend=0 rep=9 repnz=0 repmax=0 v=0,0,0,0,0,0,0,0,0
10-04 20:05:32.231 I/hakuX-lane(22669): [occl804] f=9055 wait=0 procs=2 q=9 qnz=0 pend=0 rep=9 repnz=0 repmax=0 v=0,0,0,0,0,0,0,0,0
10-04 20:05:32.249 I/hakuX-lane(22669): [occl804] f=9056 wait=0 procs=1 q=5 qnz=0 pend=0 rep=5 repnz=0 repmax=0 v=0,0,0,0,0
10-04 20:05:32.254 I/hakuX-lane(22669): [occl804] f=9057 wait=0 procs=1 q=5 qnz=0 pend=0 rep=5 repnz=0 repmax=0 v=0,0,0,0,0
10-04 20:05:32.292 I/hakuX-lane(22669): [occl804] f=9058 wait=0 procs=2 q=9 qnz=0 pend=0 rep=9 repnz=0 repmax=0 v=0,0,0,0,0,0,0,0,0
10-04 20:05:32.296 I/hakuX-lane(22669): [occl804] f=9059 wait=0 procs=1 q=5 qnz=0 pend=0 rep=5 repnz=0 repmax=0 v=0,0,0,0,0
10-04 20:05:32.325 I/hakuX-lane(22669): [occl804] f=9060 wait=0 procs=2 q=9 qnz=0 pend=0 rep=9 repnz=0 repmax=0 v=0,0,0,0,0,0,0,0,0
10-04 20:05:32.332 I/hakuX-lane(22669): [occl804] f=9061 wait=0 procs=1 q=5 qnz=0 pend=0 rep=5 repnz=0 repmax=0 v=0,0,0,0,0
10-04 20:05:32.366 I/hakuX-lane(22669): [occl804] f=9062 wait=0 procs=2 q=9 qnz=0 pend=0 rep=9 repnz=0 repmax=0 v=0,0,0,0,0,0,0,0,0
10-04 20:05:32.370 I/hakuX-lane(22669): [occl804] f=9063 wait=0 procs=1 q=5 qnz=0 pend=0 rep=5 repnz=0 repmax=0 v=0,0,0,0,0
10-04 20:05:32.400 I/hakuX-lane(22669): [occl804] f=9064 wait=0 procs=2 q=9 qnz=0 pend=0 rep=9 repnz=0 repmax=0 v=0,0,0,0,0,0,0,0,0
10-04 20:05:32.404 I/hakuX-lane(22669): [occl804] f=9065 wait=0 procs=1 q=5 qnz=0 pend=0 rep=5 repnz=0 repmax=0 v=0,0,0,0,0
10-04 20:05:32.436 I/hakuX-lane(22669): [occl804] f=9066 wait=0 procs=2 q=9 qnz=0 pend=0 rep=9 repnz=0 repmax=0 v=0,0,0,0,0,0,0,0,0
10-04 20:05:32.440 I/hakuX-lane(22669): [occl804] f=9067 wait=0 procs=1 q=5 qnz=0 pend=0 rep=5 repnz=0 repmax=0 v=0,0,0,0,0
10-04 20:05:32.467 I/hakuX-lane(22669): [occl804] f=9068 wait=0 procs=2 q=9 qnz=0 pend=0 rep=9 repnz=0 repmax=0 v=0,0,0,0,0,0,0,0,0
10-04 20:05:32.473 I/hakuX-lane(22669): [occl804] f=9069 wait=0 procs=1 q=5 qnz=0 pend=0 rep=5 repnz=0 repmax=0 v=0,0,0,0,0
10-04 20:05:32.504 I/hakuX-lane(22669): [occl804] f=9070 wait=0 procs=2 q=9 qnz=0 pend=0 rep=9 repnz=0 repmax=0 v=0,0,0,0,0,0,0,0,0
10-04 20:05:32.509 I/hakuX-lane(22669): [occl804] f=9071 wait=0 procs=1 q=5 qnz=0 pend=0 rep=5 repnz=0 repmax=0 v=0,0,0,0,0
10-04 20:05:32.536 I/hakuX-lane(22669): [occl804] f=9072 wait=0 procs=2 q=9 qnz=0 pend=0 rep=9 repnz=0 repmax=0 v=0,0,0,0,0,0,0,0,0
10-04 20:05:32.543 I/hakuX-lane(22669): [occl804] f=9073 wait=0 procs=1 q=5 qnz=0 pend=0 rep=5 repnz=0 repmax=0 v=0,0,0,0,0
10-04 20:05:32.556 I/hakuX-lane(22669): [occl804] f=9074 wait=0 procs=1 q=4 qnz=0 pend=0 rep=4 repnz=0 repmax=0 v=0,0,0,0
10-04 20:05:32.578 I/hakuX-lane(22669): [occl804] f=9075 wait=0 procs=2 q=10 qnz=0 pend=0 rep=10 repnz=0 repmax=0 v=0,0,0,0,0,0,0,0,0,0
10-04 20:05:32.604 I/hakuX-lane(22669): [occl804] f=9076 wait=0 procs=2 q=9 qnz=0 pend=0 rep=9 repnz=0 repmax=0 v=0,0,0,0,0,0,0,0,0
10-04 20:05:32.612 I/hakuX-lane(22669): [occl804] f=9077 wait=0 procs=1 q=5 qnz=0 pend=0 rep=5 repnz=0 repmax=0 v=0,0,0,0,0
10-04 20:05:32.638 I/hakuX-lane(22669): [occl804] f=9078 wait=0 procs=2 q=9 qnz=0 pend=0 rep=9 repnz=0 repmax=0 v=0,0,0,0,0,0,0,0,0
10-04 20:05:32.646 I/hakuX-lane(22669): [occl804] f=9079 wait=0 procs=1 q=5 qnz=0 pend=0 rep=5 repnz=0 repmax=0 v=0,0,0,0,0
10-04 20:05:32.670 I/hakuX-lane(22669): [occl804] f=9080 wait=0 procs=2 q=9 qnz=0 pend=0 rep=9 repnz=0 repmax=0 v=0,0,0,0,0,0,0,0,0
10-04 20:05:32.709 I/hakuX-lane(22669): [occl804] f=9082 wait=0 procs=2 q=14 qnz=0 pend=0 rep=14 repnz=0 repmax=0 v=0,0,0,0,0,0,0,0,0,0,0,0,0,0
10-04 20:05:32.713 I/hakuX-lane(22669): [occl804] f=9083 wait=0 procs=1 q=5 qnz=0 pend=0 rep=5 repnz=0 repmax=0 v=0,0,0,0,0
10-04 20:05:32.750 I/hakuX-lane(22669): [occl804] f=9084 wait=0 procs=2 q=9 qnz=0 pend=0 rep=9 repnz=0 repmax=0 v=0,0,0,0,0,0,0,0,0
10-04 20:05:32.755 I/hakuX-lane(22669): [occl804] f=9085 wait=0 procs=1 q=5 qnz=0 pend=0 rep=5 repnz=0 repmax=0 v=0,0,0,0,0
10-04 20:05:32.785 I/hakuX-lane(22669): [occl804] f=9086 wait=0 procs=2 q=9 qnz=0 pend=0 rep=9 repnz=0 repmax=0 v=0,0,0,0,0,0,0,0,0
10-04 20:05:32.818 I/hakuX-lane(22669): [occl804] f=9088 wait=0 procs=2 q=14 qnz=0 pend=0 rep=14 repnz=0 repmax=0 v=0,0,0,0,0,0,0,0,0,0,0,0,0,0
10-04 20:05:32.822 I/hakuX-lane(22669): [occl804] f=9089 wait=0 procs=1 q=5 qnz=0 pend=0 rep=5 repnz=0 repmax=0 v=0,0,0,0,0
10-04 20:05:32.852 I/hakuX-lane(22669): [occl804] f=9090 wait=0 procs=2 q=9 qnz=0 pend=0 rep=9 repnz=0 repmax=0 v=0,0,0,0,0,0,0,0,0
10-04 20:05:32.857 I/hakuX-lane(22669): [occl804] f=9091 wait=0 procs=1 q=5 qnz=0 pend=0 rep=5 repnz=0 repmax=0 v=0,0,0,0,0
10-04 20:05:32.883 I/hakuX-lane(22669): [occl804] f=9092 wait=0 procs=2 q=9 qnz=0 pend=0 rep=9 repnz=0 repmax=0 v=0,0,0,0,0,0,0,0,0
10-04 20:05:32.890 I/hakuX-lane(22669): [occl804] f=9093 wait=0 procs=1 q=5 qnz=0 pend=0 rep=5 repnz=0 repmax=0 v=0,0,0,0,0
10-04 20:05:32.918 I/hakuX-lane(22669): [occl804] f=9094 wait=0 procs=2 q=9 qnz=0 pend=0 rep=9 repnz=0 repmax=0 v=0,0,0,0,0,0,0,0,0
10-04 20:05:32.922 I/hakuX-lane(22669): [occl804] f=9095 wait=0 procs=1 q=5 qnz=0 pend=0 rep=5 repnz=0 repmax=0 v=0,0,0,0,0
10-04 20:05:32.955 I/hakuX-lane(22669): [occl804] f=9096 wait=0 procs=2 q=9 qnz=0 pend=0 rep=9 repnz=0 repmax=0 v=0,0,0,0,0,0,0,0,0
10-04 20:05:32.988 I/hakuX-lane(22669): [occl804] f=9098 wait=0 procs=2 q=14 qnz=0 pend=0 rep=14 repnz=0 repmax=0 v=0,0,0,0,0,0,0,0,0,0,0,0,0,0
10-04 20:05:32.996 I/hakuX-lane(22669): [occl804] f=9099 wait=0 procs=1 q=5 qnz=0 pend=0 rep=5 repnz=0 repmax=0 v=0,0,0,0,0
10-04 20:05:33.009 I/hakuX-lane(22669): [occl804] f=9100 wait=0 procs=1 q=4 qnz=0 pend=0 rep=4 repnz=0 repmax=0 v=0,0,0,0
10-04 20:05:33.041 I/hakuX-lane(22669): [occl804] f=9101 wait=0 procs=3 q=14 qnz=0 pend=0 rep=14 repnz=0 repmax=0 v=0,0,0,0,0,0,0,0,0,0,0,0,0,0
10-04 20:05:33.058 I/hakuX-lane(22669): [occl804] f=9102 wait=0 procs=1 q=5 qnz=0 pend=0 rep=5 repnz=0 repmax=0 v=0,0,0,0,0
10-04 20:05:33.062 I/hakuX-lane(22669): [occl804] f=9103 wait=0 procs=1 q=5 qnz=0 pend=0 rep=5 repnz=0 repmax=0 v=0,0,0,0,0
10-04 20:05:33.092 I/hakuX-lane(22669): [occl804] f=9104 wait=0 procs=2 q=9 qnz=0 pend=0 rep=9 repnz=0 repmax=0 v=0,0,0,0,0,0,0,0,0
10-04 20:05:33.098 I/hakuX-lane(22669): [occl804] f=9105 wait=0 procs=1 q=5 qnz=0 pend=0 rep=5 repnz=0 repmax=0 v=0,0,0,0,0
10-04 20:05:33.125 I/hakuX-lane(22669): [occl804] f=9106 wait=0 procs=2 q=9 qnz=0 pend=0 rep=9 repnz=0 repmax=0 v=0,0,0,0,0,0,0,0,0
10-04 20:05:33.130 I/hakuX-lane(22669): [occl804] f=9107 wait=0 procs=1 q=5 qnz=0 pend=0 rep=5 repnz=0 repmax=0 v=0,0,0,0,0
10-04 20:05:33.163 I/hakuX-lane(22669): [occl804] f=9108 wait=0 procs=2 q=9 qnz=0 pend=0 rep=9 repnz=0 repmax=0 v=0,0,0,0,0,0,0,0,0
10-04 20:05:33.186 I/hakuX-lane(22669): [occl804] f=9109 wait=0 procs=2 q=9 qnz=0 pend=0 rep=9 repnz=0 repmax=0 v=0,0,0,0,0,0,0,0,0
10-04 20:05:33.202 I/hakuX-lane(22669): [occl804] f=9110 wait=0 procs=1 q=5 qnz=0 pend=0 rep=5 repnz=0 repmax=0 v=0,0,0,0,0
10-04 20:05:33.206 I/hakuX-lane(22669): [occl804] f=9111 wait=0 procs=1 q=5 qnz=0 pend=0 rep=5 repnz=0 repmax=0 v=0,0,0,0,0
10-04 20:05:33.234 I/hakuX-lane(22669): [occl804] f=9112 wait=0 procs=2 q=9 qnz=0 pend=0 rep=9 repnz=0 repmax=0 v=0,0,0,0,0,0,0,0,0
10-04 20:05:33.241 I/hakuX-lane(22669): [occl804] f=9113 wait=0 procs=1 q=5 qnz=0 pend=0 rep=5 repnz=0 repmax=0 v=0,0,0,0,0
10-04 20:05:33.267 I/hakuX-lane(22669): [occl804] f=9114 wait=0 procs=2 q=9 qnz=0 pend=0 rep=9 repnz=0 repmax=0 v=0,0,0,0,0,0,0,0,0
10-04 20:05:33.284 I/hakuX-lane(22669): [occl804] f=9116 wait=0 procs=1 q=9 qnz=0 pend=0 rep=9 repnz=0 repmax=0 v=0,0,0,0,0,0,0,0,0
10-04 20:05:33.297 I/hakuX-lane(22669): [occl804] f=9117 wait=0 procs=1 q=5 qnz=0 pend=0 rep=5 repnz=0 repmax=0 v=0,0,0,0,0
10-04 20:05:33.312 I/hakuX-lane(22669): [occl804] f=9118 wait=0 procs=1 q=9 qnz=0 pend=0 rep=9 repnz=0 repmax=0 v=0,0,0,0,0,0,0,0,0
10-04 20:05:33.338 I/hakuX-lane(22669): [occl804] f=9119 wait=0 procs=1 q=5 qnz=0 pend=0 rep=5 repnz=0 repmax=0 v=0,0,0,0,0
10-04 20:05:33.352 I/hakuX-lane(22669): [occl804] f=9120 wait=0 procs=1 q=9 qnz=0 pend=0 rep=9 repnz=0 repmax=0 v=0,0,0,0,0,0,0,0,0
10-04 20:05:33.367 I/hakuX-lane(22669): [occl804] f=9121 wait=0 procs=1 q=5 qnz=0 pend=0 rep=5 repnz=0 repmax=0 v=0,0,0,0,0
10-04 20:05:33.384 I/hakuX-lane(22669): [occl804] f=9122 wait=0 procs=1 q=9 qnz=0 pend=0 rep=9 repnz=0 repmax=0 v=0,0,0,0,0,0,0,0,0
10-04 20:05:33.400 I/hakuX-lane(22669): [occl804] f=9123 wait=0 procs=1 q=5 qnz=0 pend=0 rep=5 repnz=0 repmax=0 v=0,0,0,0,0
10-04 20:05:33.416 I/hakuX-lane(22669): [occl804] f=9124 wait=0 procs=1 q=9 qnz=0 pend=0 rep=9 repnz=0 repmax=0 v=0,0,0,0,0,0,0,0,0
10-04 20:05:33.432 I/hakuX-lane(22669): [occl804] f=9125 wait=0 procs=1 q=5 qnz=0 pend=0 rep=5 repnz=0 repmax=0 v=0,0,0,0,0
10-04 20:05:33.447 I/hakuX-lane(22669): [occl804] f=9126 wait=0 procs=1 q=9 qnz=0 pend=0 rep=9 repnz=0 repmax=0 v=0,0,0,0,0,0,0,0,0
10-04 20:05:33.465 I/hakuX-lane(22669): [occl804] f=9127 wait=0 procs=1 q=5 qnz=0 pend=0 rep=5 repnz=0 repmax=0 v=0,0,0,0,0
10-04 20:05:33.478 I/hakuX-lane(22669): [occl804] f=9128 wait=0 procs=1 q=9 qnz=0 pend=0 rep=9 repnz=0 repmax=0 v=0,0,0,0,0,0,0,0,0
10-04 20:05:33.511 I/hakuX-lane(22669): [occl804] f=9129 wait=0 procs=2 q=10 qnz=0 pend=0 rep=10 repnz=0 repmax=0 v=0,0,0,0,0,0,0,0,0,0
10-04 20:05:33.522 I/hakuX-lane(22669): [occl804] f=9130 wait=0 procs=1 q=4 qnz=0 pend=0 rep=4 repnz=0 repmax=0 v=0,0,0,0
10-04 20:05:33.535 I/hakuX-lane(22669): [occl804] f=9131 wait=0 procs=1 q=5 qnz=0 pend=0 rep=5 repnz=0 repmax=0 v=0,0,0,0,0
10-04 20:05:33.550 I/hakuX-lane(22669): [occl804] f=9132 wait=0 procs=1 q=9 qnz=0 pend=0 rep=9 repnz=0 repmax=0 v=0,0,0,0,0,0,0,0,0
10-04 20:05:33.567 I/hakuX-lane(22669): [occl804] f=9133 wait=0 procs=1 q=5 qnz=0 pend=0 rep=5 repnz=0 repmax=0 v=0,0,0,0,0
10-04 20:05:33.583 I/hakuX-lane(22669): [occl804] f=9134 wait=0 procs=1 q=9 qnz=0 pend=0 rep=9 repnz=0 repmax=0 v=0,0,0,0,0,0,0,0,0
10-04 20:05:33.598 I/hakuX-lane(22669): [occl804] f=9135 wait=0 procs=1 q=5 qnz=0 pend=0 rep=5 repnz=0 repmax=0 v=0,0,0,0,0
10-04 20:05:33.633 I/hakuX-lane(22669): [occl804] f=9136 wait=0 procs=1 q=9 qnz=0 pend=0 rep=9 repnz=0 repmax=0 v=0,0,0,0,0,0,0,0,0
10-04 20:05:33.649 I/hakuX-lane(22669): [occl804] f=9138 wait=0 procs=1 q=9 qnz=0 pend=0 rep=9 repnz=0 repmax=0 v=0,0,0,0,0,0,0,0,0
10-04 20:05:33.665 I/hakuX-lane(22669): [occl804] f=9139 wait=0 procs=1 q=5 qnz=0 pend=0 rep=5 repnz=0 repmax=0 v=0,0,0,0,0
10-04 20:05:33.700 I/hakuX-lane(22669): [occl804] f=9140 wait=0 procs=1 q=9 qnz=0 pend=0 rep=9 repnz=0 repmax=0 v=0,0,0,0,0,0,0,0,0
10-04 20:05:33.716 I/hakuX-lane(22669): [occl804] f=9142 wait=0 procs=1 q=5 qnz=0 pend=0 rep=5 repnz=0 repmax=0 v=0,0,0,0,0
10-04 20:05:33.743 I/hakuX-lane(22669): [occl804] f=9143 wait=0 procs=1 q=9 qnz=0 pend=0 rep=9 repnz=0 repmax=0 v=0,0,0,0,0,0,0,0,0
10-04 20:05:33.759 I/hakuX-lane(22669): [occl804] f=9145 wait=0 procs=1 q=5 qnz=0 pend=0 rep=5 repnz=0 repmax=0 v=0,0,0,0,0
10-04 20:05:33.803 I/hakuX-lane(22669): [occl804] f=9146 wait=0 procs=2 q=9 qnz=0 pend=0 rep=9 repnz=0 repmax=0 v=0,0,0,0,0,0,0,0,0
10-04 20:05:33.808 I/hakuX-lane(22669): [occl804] f=9147 wait=0 procs=1 q=5 qnz=0 pend=0 rep=5 repnz=0 repmax=0 v=0,0,0,0,0
10-04 20:05:33.823 I/hakuX-lane(22669): [occl804] f=9148 wait=0 procs=1 q=4 qnz=0 pend=0 rep=4 repnz=0 repmax=0 v=0,0,0,0
10-04 20:05:33.839 I/hakuX-lane(22669): [occl804] f=9149 wait=0 procs=1 q=5 qnz=0 pend=0 rep=5 repnz=0 repmax=0 v=0,0,0,0,0
10-04 20:05:33.859 I/hakuX-lane(22669): [occl804] f=9150 wait=0 procs=1 q=9 qnz=0 pend=0 rep=9 repnz=0 repmax=0 v=0,0,0,0,0,0,0,0,0
10-04 20:05:33.889 I/hakuX-lane(22669): [occl804] f=9151 wait=0 procs=2 q=10 qnz=0 pend=0 rep=10 repnz=0 repmax=0 v=0,0,0,0,0,0,0,0,0,0
10-04 20:05:33.903 I/hakuX-lane(22669): [occl804] f=9152 wait=0 procs=1 q=4 qnz=0 pend=0 rep=4 repnz=0 repmax=0 v=0,0,0,0
10-04 20:05:33.919 I/hakuX-lane(22669): [occl804] f=9153 wait=0 procs=1 q=5 qnz=0 pend=0 rep=5 repnz=0 repmax=0 v=0,0,0,0,0
10-04 20:05:33.957 I/hakuX-lane(22669): [occl804] f=9154 wait=0 procs=1 q=9 qnz=0 pend=0 rep=9 repnz=0 repmax=0 v=0,0,0,0,0,0,0,0,0
10-04 20:05:33.978 I/hakuX-lane(22669): [occl804] f=9155 wait=0 procs=1 q=5 qnz=0 pend=0 rep=5 repnz=0 repmax=0 v=0,0,0,0,0
10-04 20:05:33.983 I/hakuX-lane(22669): [occl804] f=9156 wait=0 procs=1 q=5 qnz=0 pend=0 rep=5 repnz=0 repmax=0 v=0,0,0,0,0
10-04 20:05:34.013 I/hakuX-lane(22669): [occl804] f=9157 wait=0 procs=2 q=9 qnz=0 pend=0 rep=9 repnz=0 repmax=0 v=0,0,0,0,0,0,0,0,0
10-04 20:05:34.017 I/hakuX-lane(22669): [occl804] f=9158 wait=0 procs=1 q=5 qnz=0 pend=0 rep=5 repnz=0 repmax=0 v=0,0,0,0,0
10-04 20:05:34.057 I/hakuX-lane(22669): [occl804] f=9159 wait=0 procs=2 q=9 qnz=0 pend=0 rep=9 repnz=0 repmax=0 v=0,0,0,0,0,0,0,0,0
10-04 20:05:34.062 I/hakuX-lane(22669): [occl804] f=9160 wait=0 procs=1 q=5 qnz=0 pend=0 rep=5 repnz=0 repmax=0 v=0,0,0,0,0
10-04 20:05:34.091 I/hakuX-lane(22669): [occl804] f=9161 wait=0 procs=2 q=9 qnz=0 pend=0 rep=9 repnz=0 repmax=0 v=0,0,0,0,0,0,0,0,0
10-04 20:05:34.123 I/hakuX-lane(22669): [occl804] f=9163 wait=0 procs=2 q=14 qnz=0 pend=0 rep=14 repnz=0 repmax=0 v=0,0,0,0,0,0,0,0,0,0,0,0,0,0
10-04 20:05:34.129 I/hakuX-lane(22669): [occl804] f=9164 wait=0 procs=1 q=5 qnz=0 pend=0 rep=5 repnz=0 repmax=0 v=0,0,0,0,0
10-04 20:05:34.156 I/hakuX-lane(22669): [occl804] f=9165 wait=0 procs=2 q=9 qnz=0 pend=0 rep=9 repnz=0 repmax=0 v=0,0,0,0,0,0,0,0,0
10-04 20:05:34.161 I/hakuX-lane(22669): [occl804] f=9166 wait=0 procs=1 q=5 qnz=0 pend=0 rep=5 repnz=0 repmax=0 v=0,0,0,0,0
10-04 20:05:34.187 I/hakuX-lane(22669): [occl804] f=9167 wait=0 procs=2 q=9 qnz=0 pend=0 rep=9 repnz=0 repmax=0 v=0,0,0,0,0,0,0,0,0
10-04 20:05:34.192 I/hakuX-lane(22669): [occl804] f=9168 wait=0 procs=1 q=5 qnz=0 pend=0 rep=5 repnz=0 repmax=0 v=0,0,0,0,0
10-04 20:05:34.221 I/hakuX-lane(22669): [occl804] f=9169 wait=0 procs=2 q=9 qnz=0 pend=0 rep=9 repnz=0 repmax=0 v=0,0,0,0,0,0,0,0,0
10-04 20:05:34.225 I/hakuX-lane(22669): [occl804] f=9170 wait=0 procs=1 q=5 qnz=0 pend=0 rep=5 repnz=0 repmax=0 v=0,0,0,0,0
10-04 20:05:34.257 I/hakuX-lane(22669): [occl804] f=9171 wait=0 procs=2 q=9 qnz=0 pend=0 rep=9 repnz=0 repmax=0 v=0,0,0,0,0,0,0,0,0
10-04 20:05:34.262 I/hakuX-lane(22669): [occl804] f=9172 wait=0 procs=1 q=5 qnz=0 pend=0 rep=5 repnz=0 repmax=0 v=0,0,0,0,0
10-04 20:05:34.296 I/hakuX-lane(22669): [occl804] f=9173 wait=0 procs=2 q=9 qnz=0 pend=0 rep=9 repnz=0 repmax=0 v=0,0,0,0,0,0,0,0,0
10-04 20:05:34.336 I/hakuX-lane(22669): [occl804] f=9175 wait=0 procs=2 q=14 qnz=0 pend=0 rep=14 repnz=0 repmax=0 v=0,0,0,0,0,0,0,0,0,0,0,0,0,0
10-04 20:05:34.341 I/hakuX-lane(22669): [occl804] f=9176 wait=0 procs=1 q=5 qnz=0 pend=0 rep=5 repnz=0 repmax=0 v=0,0,0,0,0
10-04 20:05:34.368 I/hakuX-lane(22669): [occl804] f=9177 wait=0 procs=2 q=9 qnz=0 pend=0 rep=9 repnz=0 repmax=0 v=0,0,0,0,0,0,0,0,0
10-04 20:05:34.372 I/hakuX-lane(22669): [occl804] f=9178 wait=0 procs=1 q=5 qnz=0 pend=0 rep=5 repnz=0 repmax=0 v=0,0,0,0,0
10-04 20:05:34.403 I/hakuX-lane(22669): [occl804] f=9179 wait=0 procs=2 q=9 qnz=0 pend=0 rep=9 repnz=0 repmax=0 v=0,0,0,0,0,0,0,0,0
10-04 20:05:34.418 I/hakuX-lane(22669): [occl804] f=9181 wait=0 procs=1 q=9 qnz=0 pend=0 rep=9 repnz=0 repmax=0 v=0,0,0,0,0,0,0,0,0
10-04 20:05:34.434 I/hakuX-lane(22669): [occl804] f=9182 wait=0 procs=1 q=5 qnz=0 pend=0 rep=5 repnz=0 repmax=0 v=0,0,0,0,0
10-04 20:05:34.467 I/hakuX-lane(22669): [occl804] f=9183 wait=0 procs=2 q=14 qnz=0 pend=0 rep=14 repnz=0 repmax=0 v=0,0,0,0,0,0,0,0,0,0,0,0,0,0
10-04 20:05:34.471 I/hakuX-lane(22669): [occl804] f=9184 wait=0 procs=1 q=5 qnz=0 pend=0 rep=5 repnz=0 repmax=0 v=0,0,0,0,0
10-04 20:05:34.505 I/hakuX-lane(22669): [occl804] f=9185 wait=0 procs=2 q=9 qnz=0 pend=0 rep=9 repnz=0 repmax=0 v=0,0,0,0,0,0,0,0,0
10-04 20:05:34.510 I/hakuX-lane(22669): [occl804] f=9186 wait=0 procs=1 q=5 qnz=0 pend=0 rep=5 repnz=0 repmax=0 v=0,0,0,0,0
10-04 20:05:34.540 I/hakuX-lane(22669): [occl804] f=9187 wait=0 procs=2 q=9 qnz=0 pend=0 rep=9 repnz=0 repmax=0 v=0,0,0,0,0,0,0,0,0
10-04 20:05:34.544 I/hakuX-lane(22669): [occl804] f=9188 wait=0 procs=1 q=5 qnz=0 pend=0 rep=5 repnz=0 repmax=0 v=0,0,0,0,0
10-04 20:05:34.573 I/hakuX-lane(22669): [occl804] f=9189 wait=0 procs=2 q=9 qnz=0 pend=0 rep=9 repnz=0 repmax=0 v=0,0,0,0,0,0,0,0,0
10-04 20:05:34.579 I/hakuX-lane(22669): [occl804] f=9190 wait=0 procs=1 q=5 qnz=0 pend=0 rep=5 repnz=0 repmax=0 v=0,0,0,0,0
10-04 20:05:34.590 I/hakuX-lane(22669): [occl804] f=9191 wait=0 procs=1 q=4 qnz=0 pend=0 rep=4 repnz=0 repmax=0 v=0,0,0,0
10-04 20:05:34.607 I/hakuX-lane(22669): [occl804] f=9192 wait=0 procs=1 q=5 qnz=0 pend=0 rep=5 repnz=0 repmax=0 v=0,0,0,0,0
10-04 20:05:34.623 I/hakuX-lane(22669): [occl804] f=9193 wait=0 procs=1 q=9 qnz=0 pend=0 rep=9 repnz=0 repmax=0 v=0,0,0,0,0,0,0,0,0
10-04 20:05:34.639 I/hakuX-lane(22669): [occl804] f=9194 wait=0 procs=1 q=5 qnz=0 pend=0 rep=5 repnz=0 repmax=0 v=0,0,0,0,0
10-04 20:05:34.655 I/hakuX-lane(22669): [occl804] f=9195 wait=0 procs=1 q=9 qnz=0 pend=0 rep=9 repnz=0 repmax=0 v=0,0,0,0,0,0,0,0,0
10-04 20:05:34.671 I/hakuX-lane(22669): [occl804] f=9196 wait=0 procs=1 q=5 qnz=0 pend=0 rep=5 repnz=0 repmax=0 v=0,0,0,0,0
10-04 20:05:34.692 I/hakuX-lane(22669): [occl804] f=9197 wait=0 procs=1 q=9 qnz=0 pend=0 rep=9 repnz=0 repmax=0 v=0,0,0,0,0,0,0,0,0
10-04 20:05:34.716 I/hakuX-lane(22669): [occl804] f=9198 wait=0 procs=1 q=5 qnz=0 pend=0 rep=5 repnz=0 repmax=0 v=0,0,0,0,0
10-04 20:05:34.737 I/hakuX-lane(22669): [occl804] f=9199 wait=0 procs=1 q=9 qnz=0 pend=0 rep=9 repnz=0 repmax=0 v=0,0,0,0,0,0,0,0,0
10-04 20:05:34.751 I/hakuX-lane(22669): [occl804] f=9200 wait=0 procs=1 q=5 qnz=0 pend=0 rep=5 repnz=0 repmax=0 v=0,0,0,0,0
10-04 20:05:34.769 I/hakuX-lane(22669): [occl804] f=9201 wait=0 procs=1 q=9 qnz=0 pend=0 rep=9 repnz=0 repmax=0 v=0,0,0,0,0,0,0,0,0
10-04 20:05:34.782 I/hakuX-lane(22669): [occl804] f=9202 wait=0 procs=1 q=5 qnz=0 pend=0 rep=5 repnz=0 repmax=0 v=0,0,0,0,0
10-04 20:05:34.799 I/hakuX-lane(22669): [occl804] f=9203 wait=0 procs=1 q=9 qnz=0 pend=0 rep=9 repnz=0 repmax=0 v=0,0,0,0,0,0,0,0,0
10-04 20:05:34.815 I/hakuX-lane(22669): [occl804] f=9204 wait=0 procs=1 q=5 qnz=0 pend=0 rep=5 repnz=0 repmax=0 v=0,0,0,0,0
10-04 20:05:34.832 I/hakuX-lane(22669): [occl804] f=9205 wait=0 procs=1 q=9 qnz=0 pend=0 rep=9 repnz=0 repmax=0 v=0,0,0,0,0,0,0,0,0
10-04 20:05:34.847 I/hakuX-lane(22669): [occl804] f=9206 wait=0 procs=1 q=5 qnz=0 pend=0 rep=5 repnz=0 repmax=0 v=0,0,0,0,0
10-04 20:05:34.865 I/hakuX-lane(22669): [occl804] f=9207 wait=0 procs=1 q=9 qnz=0 pend=0 rep=9 repnz=0 repmax=0 v=0,0,0,0,0,0,0,0,0
10-04 20:05:34.882 I/hakuX-lane(22669): [occl804] f=9208 wait=0 procs=1 q=5 qnz=0 pend=0 rep=5 repnz=0 repmax=0 v=0,0,0,0,0
10-04 20:05:34.915 I/hakuX-lane(22669): [occl804] f=9209 wait=0 procs=1 q=9 qnz=0 pend=0 rep=9 repnz=0 repmax=0 v=0,0,0,0,0,0,0,0,0
10-04 20:05:34.926 I/hakuX-lane(22669): [occl804] f=9210 wait=0 procs=1 q=5 qnz=0 pend=0 rep=5 repnz=0 repmax=0 v=0,0,0,0,0
10-04 20:05:34.938 I/hakuX-lane(22669): [occl804] f=9211 wait=0 procs=1 q=4 qnz=0 pend=0 rep=4 repnz=0 repmax=0 v=0,0,0,0
10-04 20:05:34.955 I/hakuX-lane(22669): [occl804] f=9212 wait=0 procs=1 q=5 qnz=0 pend=0 rep=5 repnz=0 repmax=0 v=0,0,0,0,0
10-04 20:05:34.993 I/hakuX-lane(22669): [occl804] f=9213 wait=0 procs=1 q=9 qnz=0 pend=0 rep=9 repnz=0 repmax=0 v=0,0,0,0,0,0,0,0,0
