run	t	fps	F	gbusy	gidle	vblank_ms	pgraph_ms	timer_ms	disc_ms	other_ms	Ri	v_run	v_rq	v_blk	vcpu	rthr	rwait
0-1790974820-tronhang672-2186958	0.4	59.940	16.683	16.683	0.000	0.000	0.000	0.000	0.000	0.000	14.500	16.216	0.008	0.460	0.973	23.626	2.044
0-1790974820-tronhang672-2186958	2.4	59.940	16.683	16.683	0.000	0.000	0.000	0.000	0.000	0.000	14.400	16.257	0.011	0.416	0.984	23.626	2.044
0-1790974820-tronhang672-2186958	4.4	59.940	16.683	16.597	0.086	0.006	0.007	0.056	0.000	0.017	14.400	16.368	0.010	0.305	0.970		
0-1790974820-tronhang672-2186958	6.4	59.940	16.683	16.345	0.339	0.023	0.020	0.243	0.000	0.052	11.300	16.119	0.014	0.551	0.965	30.349	1.245
0-1790974820-tronhang672-2186958	8.4	59.940	16.683	16.479	0.204	0.013	0.005	0.152	0.000	0.035	14.400	16.158	0.012	0.513	0.971	30.349	1.245
0-1790974820-tronhang672-2186958	10.4	59.940	16.683	16.584	0.099	0.002	0.000	0.080	0.000	0.017	14.500	16.207	0.013	0.463	0.973	30.349	1.245
0-1790974820-tronhang672-2186958	12.4	52.535	19.035	18.027	1.008	0.000	0.000	0.252	0.679	0.076	31.600	18.490	0.009	0.536	0.918	30.349	1.245
0-1790974820-tronhang672-2186958	14.9	13.167	75.950	74.195	1.755	0.000	0.000	0.439	1.186	0.129	31.600	62.900	0.253	12.797	0.323	30.349	1.245
0-1790974820-tronhang672-2186958	16.9	13.377	74.754	70.047	4.708	0.081	0.013	3.767	0.005	0.842	15.800	9.395	0.020	65.339	0.708	42.203	3.710
0-1790974820-tronhang672-2186958	18.9	16.407	60.950	46.611	14.339	0.382	0.000	11.456	0.000	2.501	15.800	48.209	0.125	12.615	0.505	42.203	3.710
0-1790974820-tronhang672-2186958	20.9	19.899	50.253	45.412	4.842	0.091	0.011	3.845	0.054	0.840	14.900	26.409	0.042	23.802	0.811	42.203	3.710
0-1790974820-tronhang672-2186958	22.9	30.859	32.405	32.405	0.000	0.000	0.000	0.000	0.000	0.000	15.000	25.706	0.063	6.636	0.793	42.203	3.710
0-1790974820-tronhang672-2186958	24.9	29.660	33.715	33.709	0.007	0.000	0.000	0.000	0.007	0.000	15.300	26.885	0.074	6.756	0.811	42.203	3.710
0-1790974820-tronhang672-2186958	27.0	27.426	36.462	36.462	0.000	0.000	0.000	0.000	0.000	0.000	16.100	29.520	0.067	6.876	0.789	29.838	4.566
0-1790974820-tronhang672-2186958	29.0	28.713	34.828	34.828	0.000	0.000	0.000	0.000	0.000	0.000	15.400	27.514	0.059	7.255	0.808	29.838	4.566
0-1790974820-tronhang672-2186958	31.0	32.161	31.094	31.094	0.000	0.000	0.000	0.000	0.000	0.000	14.500	25.254	0.088	5.752	0.819	29.838	4.566
0-1790974820-tronhang672-2186958	33.0	33.916	29.484	29.484	0.000	0.000	0.000	0.000	0.000	0.000	16.000	24.091	0.057	5.336	0.808	29.838	4.566
0-1790974820-tronhang672-2186958	35.0	33.203	30.118	30.118	0.000	0.000	0.000	0.000	0.000	0.000	15.300	24.380	0.055	5.682	0.818	29.838	4.566
0-1790974820-tronhang672-2186958	37.0	32.455	30.812	30.792	0.020	0.000	0.008	0.001	0.010	0.000	15.500	25.282	0.067	5.464	0.818	30.255	4.979
0-1790974820-tronhang672-2186958	39.0	30.114	33.207	33.207	0.000	0.000	0.000	0.000	0.000	0.000	16.500	27.111	0.055	6.042	0.811	30.255	4.979
0-1790974820-tronhang672-2186958	41.0	28.317	35.314	35.303	0.012	0.000	0.000	0.002	0.008	0.001	16.500	28.643	0.059	6.611	0.801	30.255	4.979
0-1790974820-tronhang672-2186958	43.0	29.101	34.364	34.357	0.007	0.000	0.000	0.007	0.000	0.000	17.300	27.466	0.079	6.818	0.807	30.255	4.979
0-1790974820-tronhang672-2186958	45.0	31.730	31.516	31.515	0.002	0.000	0.002	0.000	0.000	0.000	15.300	25.455	0.064	5.997	0.812	30.255	4.979
0-1790974820-tronhang672-2186958	47.0	32.859	30.433	30.433	0.000	0.000	0.000	0.000	0.000	0.000	15.200	24.542	0.061	5.830	0.808	30.275	4.842
0-1790974820-tronhang672-2186958	49.0	32.799	30.488	30.474	0.014	0.000	0.000	0.005	0.009	0.000	13.300	24.732	0.056	5.700	0.808	30.275	4.842
0-1790974820-tronhang672-2186958	51.0	32.412	30.853	30.853	0.000	0.000	0.000	0.000	0.000	0.000	15.500	25.067	0.054	5.732	0.821	30.275	4.842
0-1790974820-tronhang672-2186958	53.0	29.925	33.417	33.417	0.000	0.000	0.000	0.000	0.000	0.000	14.700	27.425	0.058	5.934	0.812	30.275	4.842
0-1790974820-tronhang672-2186958	55.0	28.914	34.586	34.571	0.015	0.000	0.000	0.013	0.002	0.000	15.200	28.029	0.073	6.484	0.800	30.275	4.842
0-1790974820-tronhang672-2186958	57.0	29.535	33.859	33.859	0.000	0.000	0.000	0.000	0.000	0.000	15.600	27.037	0.070	6.751	0.804	31.390	4.623
0-1790974820-tronhang672-2186958	59.0	29.807	33.549	33.549	0.000	0.000	0.000	0.000	0.000	0.000	16.100	26.982	0.060	6.508	0.787	31.390	4.623
0-1790974820-tronhang672-2186958	61.0	29.119	34.342	34.342	0.000	0.000	0.000	0.000	0.000	0.000	16.100	26.960	0.075	7.307	0.803	31.390	4.623
0-1790974820-tronhang672-2186958	63.1	28.831	34.685	34.674	0.011	0.000	0.008	0.003	0.000	0.000	16.200	27.836	0.071	6.779	0.791	31.390	4.623
0-1790974820-tronhang672-2186958	65.1	29.394	34.020	34.020	0.000	0.000	0.000	0.000	0.000	0.000	15.400	26.954	0.082	6.984	0.787	31.390	4.623
0-1790974820-tronhang672-2186958	67.1	29.383	34.033	34.033	0.000	0.000	0.000	0.000	0.000	0.000	13.700	26.715	0.075	7.243	0.800	31.257	4.017
0-1790974820-tronhang672-2186958	69.1	29.086	34.381	34.381	0.000	0.000	0.000	0.000	0.000	0.000	14.700	27.538	0.061	6.783	0.802	31.257	4.017
0-1790974820-tronhang672-2186958	71.1	29.471	33.932	33.932	0.000	0.000	0.000	0.000	0.000	0.000	14.600	27.083	0.068	6.781	0.793	31.257	4.017
0-1790974820-tronhang672-2186958	73.1	29.609	33.774	33.774	0.000	0.000	0.000	0.000	0.000	0.000	14.200	26.773	0.085	6.916	0.787	31.257	4.017
0-1790974820-tronhang672-2186958	75.1	28.905	34.597	34.597	0.000	0.000	0.000	0.000	0.000	0.000	15.900	27.498	0.066	7.032	0.806	31.257	4.017
0-1790974820-tronhang672-2186958	77.1	28.540	35.038	35.031	0.007	0.000	0.000	0.000	0.000	0.007	14.900	28.156	0.075	6.807	0.785	31.101	4.845
0-1790974820-tronhang672-2186958	79.1	28.855	34.656	34.656	0.000	0.000	0.000	0.000	0.000	0.000	16.600	27.190	0.059	7.407	0.805	31.101	4.845
0-1790974820-tronhang672-2186958	81.1	29.282	34.151	34.151	0.000	0.000	0.000	0.000	0.000	0.000	14.800	27.590	0.059	6.502	0.801	31.101	4.845
0-1790974820-tronhang672-2186958	83.1	29.771	33.589	33.589	0.000	0.000	0.000	0.000	0.000	0.000	14.700	26.852	0.068	6.668	0.810	31.101	4.845
0-1790974820-tronhang672-2186958	85.1	31.508	31.738	31.738	0.000	0.000	0.000	0.000	0.000	0.000	15.300	25.669	0.077	5.993	0.811	31.101	4.845
0-1790974820-tronhang672-2186958	87.1	33.540	29.815	29.815	-0.000	0.000	0.000	0.000	0.000	0.000	12.900	24.256	0.056	5.502	0.802	30.016	4.671
0-1790974820-tronhang672-2186958	89.1	33.163	30.154	30.154	0.000	0.000	0.000	0.000	0.000	0.000	14.800	24.206	0.051	5.897	0.809	30.016	4.671
0-1790974820-tronhang672-2186958	91.1	32.944	30.354	30.354	0.000	0.000	0.000	0.000	0.000	0.000	14.700	24.509	0.046	5.800	0.808	30.016	4.671
0-1790974820-tronhang672-2186958	93.1	32.643	30.634	30.634	0.000	0.000	0.000	0.000	0.000	0.000	15.400	24.888	0.058	5.688	0.810	30.016	4.671
0-1790974820-tronhang672-2186958	95.2	28.367	35.252	35.252	0.000	0.000	0.000	0.000	0.000	0.000	14.100	28.544	0.081	6.627	0.807	30.016	4.671
0-1790974820-tronhang672-2186958	97.2	27.740	36.049	36.049	0.000	0.000	0.000	0.000	0.000	0.000	15.300	29.000	0.067	6.982	0.799	29.706	4.130
0-1790974820-tronhang672-2186958	99.2	32.129	31.124	31.124	0.000	0.000	0.000	0.000	0.000	0.000	16.100	24.874	0.065	6.185	0.805	29.706	4.130
0-1790974820-tronhang672-2186958	101.2	34.108	29.319	29.319	0.000	0.000	0.000	0.000	0.000	0.000	15.000	23.626	0.069	5.623	0.808	29.706	4.130
0-1790974820-tronhang672-2186958	103.2	32.795	30.492	30.492	0.000	0.000	0.000	0.000	0.000	0.000	14.500	24.687	0.069	5.736	0.806	29.706	4.130
0-1790974820-tronhang672-2186958	105.2	33.575	29.784	29.784	0.000	0.000	0.000	0.000	0.000	0.000	13.900	23.952	0.059	5.772	0.806	29.706	4.130
0-1790974820-tronhang672-2186958	107.2	31.174	32.078	32.078	0.000	0.000	0.000	0.000	0.000	0.000	15.900	25.936	0.053	6.089	0.814	30.733	4.371
0-1790974820-tronhang672-2186958	109.2	27.414	36.478	36.478	0.000	0.000	0.000	0.000	0.000	0.000	15.100	29.625	0.073	6.779	0.805	30.733	4.371
0-1790974820-tronhang672-2186958	111.2	27.150	36.832	36.832	0.000	0.000	0.000	0.000	0.000	0.000	17.100	29.676	0.068	7.088	0.811	30.733	4.371
0-1790974820-tronhang672-2186958	113.2	31.995	31.255	31.255	0.000	0.000	0.000	0.000	0.000	0.000	14.400	25.294	0.064	5.897	0.808	30.733	4.371
0-1790974820-tronhang672-2186958	115.2	33.995	29.416	29.416	0.000	0.000	0.000	0.000	0.000	0.000	14.000	23.886	0.064	5.466	0.806	30.733	4.371
0-1790974820-tronhang672-2186958	117.2	32.807	30.482	30.482	0.000	0.000	0.000	0.000	0.000	0.000	15.000	24.494	0.064	5.923	0.808	30.539	4.951
0-1790974820-tronhang672-2186958	119.2	32.788	30.499	30.499	0.000	0.000	0.000	0.000	0.000	0.000	14.300	24.639	0.054	5.807	0.810	30.539	4.951
0-1790974820-tronhang672-2186958	121.2	30.396	32.899	32.899	0.000	0.000	0.000	0.000	0.000	0.000	15.200	26.702	0.060	6.137	0.803	30.539	4.951
0-1790974820-tronhang672-2186958	123.2	27.873	35.878	35.878	0.000	0.000	0.000	0.000	0.000	0.000	16.400	28.769	0.059	7.050	0.793	30.539	4.951
0-1790974820-tronhang672-2186958	125.2	28.290	35.348	35.348	0.000	0.000	0.000	0.000	0.000	0.000	16.000	28.010	0.074	7.264	0.791	30.539	4.951
0-1790974820-tronhang672-2186958	127.2	32.105	31.148	31.148	0.000	0.000	0.000	0.000	0.000	0.000	13.800	24.588	0.084	6.476	0.804	29.650	4.357
0-1790974820-tronhang672-2186958	129.2	33.697	29.676	29.676	0.000	0.000	0.000	0.000	0.000	0.000	12.800	23.924	0.053	5.699	0.803	29.650	4.357
0-1790974820-tronhang672-2186958	131.2	33.516	29.837	29.837	0.000	0.000	0.000	0.000	0.000	0.000	14.500	23.993	0.056	5.788	0.806	29.650	4.357
0-1790974820-tronhang672-2186958	133.2	33.370	29.967	29.967	0.000	0.000	0.000	0.000	0.000	0.000	12.300	24.190	0.058	5.719	0.797	29.650	4.357
0-1790974820-tronhang672-2186958	135.3	31.454	31.792	31.792	0.000	0.000	0.000	0.000	0.000	0.000	15.300	25.352	0.051	6.389	0.800	29.650	4.357
0-1790974820-tronhang672-2186958	137.3	28.051	35.650	35.650	0.000	0.000	0.000	0.000	0.000	0.000	14.900	28.466	0.099	7.085	0.782	30.570	4.460
0-1790974820-tronhang672-2186958	139.3	28.543	35.034	35.034	0.000	0.000	0.000	0.000	0.000	0.000	14.700	27.384	0.055	7.596	0.795	30.570	4.460
0-1790974820-tronhang672-2186958	141.3	32.685	30.595	30.595	0.000	0.000	0.000	0.000	0.000	0.000	14.700	24.386	0.073	6.136	0.813	30.570	4.460
0-1790974820-tronhang672-2186958	143.3	34.099	29.326	29.326	0.000	0.000	0.000	0.000	0.000	0.000	14.600	23.835	0.048	5.443	0.808	30.570	4.460
0-1790974820-tronhang672-2186958	145.3	33.222	30.101	30.101	0.000	0.000	0.000	0.000	0.000	0.000	14.800	24.310	0.048	5.743	0.808	30.570	4.460
0-1790974820-tronhang672-2186958	147.3	33.350	29.985	29.985	-0.000	0.000	0.000	0.000	0.000	0.000	14.000	24.241	0.051	5.693	0.806	30.865	4.842
0-1790974820-tronhang672-2186958	149.3	31.018	32.239	32.239	0.000	0.000	0.000	0.000	0.000	0.000	15.900	25.976	0.047	6.216	0.807	30.865	4.842
0-1790974820-tronhang672-2186958	151.3	27.661	36.152	36.152	-0.000	0.000	0.000	0.000	0.000	0.000	15.800	29.199	0.092	6.860	0.792	30.865	4.842
0-1790974820-tronhang672-2186958	153.3	28.146	35.529	35.529	0.000	0.000	0.000	0.000	0.000	0.000	15.700	28.049	0.083	7.397	0.801	30.865	4.842
0-1790974820-tronhang672-2186958	155.3	33.778	29.605	29.605	0.000	0.000	0.000	0.000	0.000	0.000	13.800	23.768	0.055	5.782	0.803	30.484	5.265
0-1790974820-tronhang672-2186958	157.3	34.087	29.336	29.336	0.000	0.000	0.000	0.000	0.000	0.000	13.900	23.491	0.037	5.808	0.802	30.484	5.265
0-1790974820-tronhang672-2186958	159.4	33.699	29.674	29.674	0.000	0.000	0.000	0.000	0.000	0.000	13.300	23.820	0.059	5.795	0.799	30.484	5.265
0-1790974820-tronhang672-2186958	161.4	33.139	30.176	30.176	0.000	0.000	0.000	0.000	0.000	0.000	13.800	24.134	0.054	5.988	0.803	30.484	5.265
0-1790974820-tronhang672-2186958	163.4	30.140	33.178	33.178	0.000	0.000	0.000	0.000	0.000	0.000	13.500	26.637	0.058	6.482	0.803	30.484	5.265
0-1790974820-tronhang672-2186958	165.4	28.663	34.888	34.888	0.000	0.000	0.000	0.000	0.000	0.000	14.800	28.044	0.082	6.762	0.796	29.728	4.621
0-1790974820-tronhang672-2186958	167.4	30.280	33.025	33.025	0.000	0.000	0.000	0.000	0.000	0.000	14.800	26.286	0.064	6.675	0.803	29.728	4.621
0-1790974820-tronhang672-2186958	169.4	33.760	29.621	29.621	0.000	0.000	0.000	0.000	0.000	0.000	14.100	23.814	0.057	5.750	0.807	29.728	4.621
0-1790974820-tronhang672-2186958	171.4	33.812	29.575	29.575	0.000	0.000	0.000	0.000	0.000	0.000	13.400	23.820	0.047	5.708	0.808	29.728	4.621
0-1790974820-tronhang672-2186958	173.4	33.331	30.002	30.002	0.000	0.000	0.000	0.000	0.000	0.000	12.400	24.247	0.042	5.714	0.801	29.728	4.621
0-1790974820-tronhang672-2186958	175.4	33.531	29.823	29.823	0.000	0.000	0.000	0.000	0.000	0.000	14.600	23.902	0.047	5.874	0.805	30.903	5.165
0-1790974820-tronhang672-2186958	177.4	30.877	32.386	32.386	0.000	0.000	0.000	0.000	0.000	0.000	15.300	26.056	0.064	6.266	0.804	30.903	5.165
0-1790974820-tronhang672-2186958	179.4	28.974	34.514	34.514	0.000	0.000	0.000	0.000	0.000	0.000	16.100	27.775	0.068	6.671	0.800	30.903	5.165
0-1790974820-tronhang672-2186958	181.4	29.962	33.376	33.376	0.000	0.000	0.000	0.000	0.000	0.000	13.200	26.766	0.060	6.550	0.805	30.903	5.165
0-1790974820-tronhang672-2186958	183.4	34.138	29.293	29.293	0.000	0.000	0.000	0.000	0.000	0.000	13.600	23.553	0.065	5.675	0.808	30.903	5.165
0-1790974820-tronhang672-2186958	185.4	33.785	29.599	29.599	0.000	0.000	0.000	0.000	0.000	0.000	14.300	23.856	0.059	5.684	0.807	30.772	4.620
0-1790974820-tronhang672-2186958	187.4	33.644	29.723	29.723	0.000	0.000	0.000	0.000	0.000	0.000	14.300	24.001	0.049	5.674	0.802	30.772	4.620
0-1790974820-tronhang672-2186958	189.5	33.492	29.858	29.858	0.000	0.000	0.000	0.000	0.000	0.000	15.200	23.981	0.043	5.834	0.810	30.772	4.620
0-1790974820-tronhang672-2186958	191.5	29.099	34.366	34.366	0.000	0.000	0.000	0.000	0.000	0.000	14.000	27.809	0.049	6.508	0.803	30.772	4.620
0-1790974820-tronhang672-2186958	193.5	27.527	36.328	36.328	0.000	0.000	0.000	0.000	0.000	0.000	15.200	29.315	0.086	6.926	0.785	30.772	4.620
0-1790974820-tronhang672-2186958	195.5	30.424	32.869	32.869	0.000	0.000	0.000	0.000	0.000	0.000	15.600	25.711	0.061	7.098	0.803	29.729	4.016
0-1790974820-tronhang672-2186958	197.5	34.113	29.315	29.315	0.000	0.000	0.000	0.000	0.000	0.000	14.000	23.539	0.072	5.704	0.799	29.729	4.016
0-1790974820-tronhang672-2186958	199.5	33.870	29.524	29.524	0.000	0.000	0.000	0.000	0.000	0.000	14.000	23.549	0.044	5.931	0.807	29.729	4.016
0-1790974820-tronhang672-2186958	201.5	34.298	29.156	29.156	0.000	0.000	0.000	0.000	0.000	0.000	14.400	23.560	0.068	5.527	0.806	29.729	4.016
0-1790974820-tronhang672-2186958	203.5	33.281	30.047	30.047	0.000	0.000	0.000	0.000	0.000	0.000	15.300	24.194	0.053	5.800	0.808	29.729	4.016
0-1790974820-tronhang672-2186958	205.5	29.230	34.211	34.211	0.000	0.000	0.000	0.000	0.000	0.000	15.800	27.588	0.072	6.551	0.802	30.659	4.798
0-1790974820-tronhang672-2186958	207.5	28.082	35.610	35.610	0.000	0.000	0.000	0.000	0.000	0.000	16.800	28.708	0.063	6.839	0.805	30.659	4.798
0-1790974820-tronhang672-2186958	209.5	30.967	32.292	32.292	0.000	0.000	0.000	0.000	0.000	0.000	14.300	25.917	0.062	6.313	0.812	30.659	4.798
0-1790974820-tronhang672-2186958	211.5	34.153	29.280	29.280	0.000	0.000	0.000	0.000	0.000	0.000	12.200	23.781	0.072	5.428	0.798	30.659	4.798
0-1790974820-tronhang672-2186958	213.5	33.268	30.059	30.059	0.000	0.000	0.000	0.000	0.000	0.000	13.900	24.007	0.062	5.990	0.808	30.659	4.798
0-1790974820-tronhang672-2186958	215.5	33.660	29.709	29.709	0.000	0.000	0.000	0.000	0.000	0.000	12.800	24.006	0.053	5.650	0.806	31.559	4.774
0-1790974820-tronhang672-2186958	217.6	32.154	31.100	31.100	0.000	0.000	0.000	0.000	0.000	0.000	14.700	25.026	0.051	6.023	0.806	31.559	4.774
0-1790974820-tronhang672-2186958	219.6	29.393	34.022	34.022	0.000	0.000	0.000	0.000	0.000	0.000	15.800	27.578	0.069	6.375	0.814	31.559	4.774
0-1790974820-tronhang672-2186958	221.6	28.214	35.444	35.444	0.000	0.000	0.000	0.000	0.000	0.000	15.600	28.831	0.093	6.520	0.803	31.559	4.774
0-1790974820-tronhang672-2186958	223.6	30.506	32.780	32.780	0.000	0.000	0.000	0.000	0.000	0.000	15.000	26.236	0.048	6.496	0.811	31.559	4.774
0-1790974820-tronhang672-2186958	225.6	34.393	29.076	29.076	0.000	0.000	0.000	0.000	0.000	0.000	13.000	23.566	0.058	5.452	0.803	30.174	4.635
0-1790974820-tronhang672-2186958	227.6	33.951	29.454	29.454	0.000	0.000	0.000	0.000	0.000	0.000	15.000	23.688	0.063	5.703	0.811	30.174	4.635
0-1790974820-tronhang672-2186958	229.6	33.723	29.653	29.653	-0.000	0.000	0.000	0.000	0.000	0.000	13.600	23.993	0.059	5.601	0.809	30.174	4.635
0-1790974820-tronhang672-2186958	231.6	33.089	30.222	30.222	0.000	0.000	0.000	0.000	0.000	0.000	15.100	24.486	0.056	5.680	0.802	30.174	4.635
0-1790974820-tronhang672-2186958	233.6	29.705	33.664	33.664	0.000	0.000	0.000	0.000	0.000	0.000	14.200	27.030	0.053	6.580	0.792	30.174	4.635
0-1790974820-tronhang672-2186958	235.6	26.979	37.066	37.066	0.000	0.000	0.000	0.000	0.000	0.000	14.700	29.383	0.087	7.596	0.793	30.186	4.637
0-1790974820-tronhang672-2186958	237.6	29.818	33.537	33.537	0.000	0.000	0.000	0.000	0.000	0.000	15.700	26.580	0.069	6.888	0.804	30.186	4.637
0-1790974820-tronhang672-2186958	239.6	34.119	29.309	29.309	0.000	0.000	0.000	0.000	0.000	0.000	12.600	23.531	0.076	5.702	0.809	30.186	4.637
0-1790974820-tronhang672-2186958	241.6	33.806	29.580	29.580	0.000	0.000	0.000	0.000	0.000	0.000	15.000	23.892	0.050	5.639	0.801	30.186	4.637
0-1790974820-tronhang672-2186958	243.6	33.634	29.732	29.732	0.000	0.000	0.000	0.000	0.000	0.000	14.000	23.877	0.063	5.793	0.804	30.186	4.637
0-1790974820-tronhang672-2186958	245.6	33.115	30.198	30.198	0.000	0.000	0.000	0.000	0.000	0.000	14.200	24.280	0.052	5.866	0.800	31.773	4.132
0-1790974820-tronhang672-2186958	247.6	30.740	32.531	32.531	0.000	0.000	0.000	0.000	0.000	0.000	15.000	26.050	0.061	6.420	0.808	31.773	4.132
0-1790974820-tronhang672-2186958	249.6	28.305	35.329	35.329	0.000	0.000	0.000	0.000	0.000	0.000	15.400	28.489	0.079	6.762	0.812	31.773	4.132
0-1790974820-tronhang672-2186958	251.6	29.886	33.460	33.460	0.000	0.000	0.000	0.000	0.000	0.000	16.000	27.216	0.084	6.161	0.806	31.773	4.132
0-1790974820-tronhang672-2186958	253.7	33.122	30.191	30.191	0.000	0.000	0.000	0.000	0.000	0.000	13.000	24.332	0.070	5.789	0.799	31.773	4.132
0-1790974820-tronhang672-2186958	255.7	32.440	30.826	30.826	0.000	0.000	0.000	0.000	0.000	0.000	15.000	24.651	0.059	6.116	0.810	30.492	4.712
0-1790974820-tronhang672-2186958	257.7	32.541	30.731	30.731	0.000	0.000	0.000	0.000	0.000	0.000	14.600	24.830	0.053	5.847	0.804	30.492	4.712
0-1790974820-tronhang672-2186958	259.7	33.372	29.965	29.965	0.000	0.000	0.000	0.000	0.000	0.000	14.400	24.083	0.041	5.840	0.807	30.492	4.712
0-1790974820-tronhang672-2186958	261.7	30.127	33.193	33.193	0.000	0.000	0.000	0.000	0.000	0.000	13.500	26.838	0.071	6.284	0.804	30.492	4.712
0-1790974820-tronhang672-2186958	263.7	34.474	29.008	29.008	0.000	0.000	0.000	0.000	0.000	0.000	12.400	23.409	0.055	5.543	0.801	30.492	4.712
0-1790974820-tronhang672-2186958	265.7	36.217	27.612	27.612	0.000	0.000	0.000	0.000	0.000	0.000	13.900	21.958	0.054	5.599	0.824	29.547	4.005
0-1790974820-tronhang672-2186958	267.7	36.884	27.112	27.112	0.000	0.000	0.000	0.000	0.000	0.000	10.400	22.312	0.050	4.750	0.807	29.547	4.005
0-1790974820-tronhang672-2186958	269.7	36.617	27.310	27.310	0.000	0.000	0.000	0.000	0.000	0.000	13.200	22.099	0.054	5.157	0.802	29.547	4.005
0-1790974820-tronhang672-2186958	271.7	36.099	27.701	27.701	0.000	0.000	0.000	0.000	0.000	0.000	13.000	22.324	0.056	5.322	0.798	29.547	4.005
0-1790974820-tronhang672-2186958	273.8	36.274	27.568	27.568	0.000	0.000	0.000	0.000	0.000	0.000	13.400	22.009	0.056	5.504	0.801	29.547	4.005
0-1790974820-tronhang672-2186958	275.8	36.432	27.448	27.448	0.000	0.000	0.000	0.000	0.000	0.000	12.800	21.867	0.053	5.528	0.825	30.498	4.973
0-1790974820-tronhang672-2186958	277.8	37.316	26.798	26.798	0.000	0.000	0.000	0.000	0.000	0.000	11.700	22.044	0.059	4.695	0.807	30.498	4.973
0-1790974820-tronhang672-2186958	279.8	37.450	26.702	26.702	0.000	0.000	0.000	0.000	0.000	0.000	12.800	21.638	0.053	5.012	0.821	30.498	4.973
0-1790974820-tronhang672-2186958	281.8	36.179	27.640	27.640	0.000	0.000	0.000	0.000	0.000	0.000	10.500	22.645	0.052	4.943	0.807	30.498	4.973
0-1790974820-tronhang672-2186958	283.8	36.034	27.752	27.752	0.000	0.000	0.000	0.000	0.000	0.000	12.700	22.453	0.049	5.249	0.804	30.498	4.973
0-1790974820-tronhang672-2186958	285.8	36.583	27.335	27.335	0.000	0.000	0.000	0.000	0.000	0.000	12.900	22.038	0.062	5.236	0.801	30.966	5.347
0-1790974820-tronhang672-2186958	287.8	38.365	26.065	26.065	0.000	0.000	0.000	0.000	0.000	0.000	11.000	20.832	0.059	5.175	0.813	30.966	5.347
0-1790974820-tronhang672-2186958	289.8	39.508	25.311	25.311	0.000	0.000	0.000	0.000	0.000	0.000	11.700	20.497	0.051	4.763	0.814	30.966	5.347
0-1790974820-tronhang672-2186958	291.8	38.438	26.016	26.016	0.000	0.000	0.000	0.000	0.000	0.000	11.700	21.242	0.039	4.735	0.815	30.966	5.347
0-1790974820-tronhang672-2186958	293.8	37.180	26.896	26.896	0.000	0.000	0.000	0.000	0.000	0.000	11.000	21.916	0.063	4.917	0.790	30.966	5.347
0-1790974820-tronhang672-2186958	295.8	37.127	26.935	26.935	0.000	0.000	0.000	0.000	0.000	0.000	12.600	21.376	0.060	5.498	0.797	30.274	4.003
0-1790974820-tronhang672-2186958	297.8	37.433	26.714	26.714	0.000	0.000	0.000	0.000	0.000	0.000	11.300	21.203	0.054	5.458	0.796	30.274	4.003
0-1790974820-tronhang672-2186958	299.8	36.489	27.405	27.405	0.000	0.000	0.000	0.000	0.000	0.000	12.800	21.871	0.056	5.478	0.802	30.274	4.003
0-1790974820-tronhang672-2186958	301.8	36.522	27.381	27.381	0.000	0.000	0.000	0.000	0.000	0.000	13.400	21.938	0.054	5.389	0.813	30.274	4.003
0-1790974820-tronhang672-2186958	303.8	38.043	26.286	26.286	0.000	0.000	0.000	0.000	0.000	0.000	11.700	21.252	0.045	4.989	0.814	30.274	4.003
0-1790974820-tronhang672-2186958	305.8	37.583	26.608	26.608	0.000	0.000	0.000	0.000	0.000	0.000	11.000	21.760	0.053	4.795	0.816	30.660	4.365
0-1790974820-tronhang672-2186958	307.8	35.910	27.847	27.847	0.000	0.000	0.000	0.000	0.000	0.000	15.100	22.642	0.050	5.155	0.811	30.660	4.365
0-1790974820-tronhang672-2186958	309.9	36.114	27.690	27.690	0.000	0.000	0.000	0.000	0.000	0.000	13.300	22.496	0.054	5.139	0.803	30.660	4.365
0-1790974820-tronhang672-2186958	311.9	36.284	27.560	27.560	0.000	0.000	0.000	0.000	0.000	0.000	13.100	22.298	0.056	5.206	0.802	30.660	4.365
0-1790974820-tronhang672-2186958	313.9	37.146	26.921	26.921	0.000	0.000	0.000	0.000	0.000	0.000	12.500	21.522	0.056	5.342	0.806	30.660	4.365
0-1790974820-tronhang672-2186958	315.9	37.817	26.443	26.443	0.000	0.000	0.000	0.000	0.000	0.000	11.400	21.272	0.044	5.127	0.804	30.953	4.719
0-1790974820-tronhang672-2186958	317.9	38.486	25.984	25.984	0.000	0.000	0.000	0.000	0.000	0.000	11.200	20.943	0.043	4.998	0.807	30.953	4.719
0-1790974820-tronhang672-2186958	319.9	38.158	26.207	26.207	0.000	0.000	0.000	0.000	0.000	0.000	11.500	21.181	0.049	4.977	0.804	30.953	4.719
0-1790974820-tronhang672-2186958	321.9	37.447	26.704	26.704	0.000	0.000	0.000	0.000	0.000	0.000	12.300	21.434	0.058	5.212	0.806	30.953	4.719
0-1790974820-tronhang672-2186958	323.9	36.788	27.183	27.183	0.000	0.000	0.000	0.000	0.000	0.000	12.200	21.849	0.054	5.280	0.803	30.953	4.719
0-1790974820-tronhang672-2186958	325.9	36.491	27.404	27.404	0.000	0.000	0.000	0.000	0.000	0.000	12.800	22.077	0.057	5.269	0.795	30.316	4.770
0-1790974820-tronhang672-2186958	327.9	36.424	27.454	27.454	0.000	0.000	0.000	0.000	0.000	0.000	12.400	21.878	0.053	5.524	0.818	30.316	4.770
0-1790974820-tronhang672-2186958	329.9	38.066	26.270	26.270	0.000	0.000	0.000	0.000	0.000	0.000	12.200	21.347	0.057	4.866	0.814	30.316	4.770
0-1790974820-tronhang672-2186958	331.9	37.808	26.450	26.450	0.000	0.000	0.000	0.000	0.000	0.000	14.600	21.516	0.045	4.888	0.819	30.316	4.770
0-1790974820-tronhang672-2186958	333.9	36.543	27.365	27.365	0.000	0.000	0.000	0.000	0.000	0.000	13.700	22.328	0.055	4.982	0.815	30.316	4.770
0-1790974820-tronhang672-2186958	335.9	37.003	27.025	27.025	0.000	0.000	0.000	0.000	0.000	0.000	12.700	22.136	0.052	4.838	0.807	30.694	3.991
0-1790974820-tronhang672-2186958	337.9	36.700	27.248	27.248	0.000	0.000	0.000	0.000	0.000	0.000	11.800	21.943	0.043	5.262	0.793	30.694	3.991
0-1790974820-tronhang672-2186958	339.9	38.068	26.269	26.269	0.000	0.000	0.000	0.000	0.000	0.000	11.800	21.000	0.047	5.222	0.809	30.694	3.991
0-1790974820-tronhang672-2186958	342.0	38.703	25.838	25.838	0.000	0.000	0.000	0.000	0.000	0.000	11.700	20.732	0.053	5.053	0.812	30.694	3.991
0-1790974820-tronhang672-2186958	344.0	38.033	26.293	26.293	0.000	0.000	0.000	0.000	0.000	0.000	11.700	21.317	0.049	4.926	0.810	30.694	3.991
0-1790974820-tronhang672-2186958	346.0	37.760	26.483	26.483	0.000	0.000	0.000	0.000	0.000	0.000	12.100	21.560	0.057	4.865	0.796	30.428	4.982
0-1790974820-tronhang672-2186958	348.0	36.814	27.164	27.164	0.000	0.000	0.000	0.000	0.000	0.000	12.100	21.725	0.056	5.382	0.804	30.428	4.982
0-1790974820-tronhang672-2186958	350.0	37.217	26.869	26.869	0.000	0.000	0.000	0.000	0.000	0.000	12.000	21.495	0.049	5.325	0.797	30.428	4.982
0-1790974820-tronhang672-2186958	352.0	37.139	26.926	26.926	0.000	0.000	0.000	0.000	0.000	0.000	12.200	21.526	0.046	5.354	0.809	30.428	4.982
0-1790974820-tronhang672-2186958	354.0	36.351	27.510	27.510	0.000	0.000	0.000	0.000	0.000	0.000	13.200	22.172	0.054	5.283	0.816	30.428	4.982
0-1790974820-tronhang672-2186958	356.0	36.999	27.028	27.028	0.000	0.000	0.000	0.000	0.000	0.000	12.400	22.120	0.059	4.849	0.806	30.582	4.446
0-1790974820-tronhang672-2186958	358.0	37.644	26.565	26.565	0.000	0.000	0.000	0.000	0.000	0.000	12.600	21.355	0.061	5.149	0.816	30.582	4.446
0-1790974820-tronhang672-2186958	360.0	36.045	27.743	27.743	0.000	0.000	0.000	0.000	0.000	0.000	11.100	22.582	0.075	5.086	0.808	30.582	4.446
0-1790974820-tronhang672-2186958	362.0	35.555	28.126	28.126	0.000	0.000	0.000	0.000	0.000	0.000	13.100	22.872	0.068	5.186	0.803	30.582	4.446
0-1790974820-tronhang672-2186958	364.0	35.669	28.036	28.036	0.000	0.000	0.000	0.000	0.000	0.000	12.400	22.440	0.067	5.528	0.800	30.582	4.446
0-1790974820-tronhang672-2186958	366.0	36.054	27.736	27.736	0.000	0.000	0.000	0.000	0.000	0.000	12.300	22.161	0.062	5.513	0.806	29.736	3.807
0-1790974820-tronhang672-2186958	368.0	36.258	27.580	27.580	0.000	0.000	0.000	0.000	0.000	0.000	13.300	22.231	0.067	5.283	0.814	29.736	3.807
0-1790974820-tronhang672-2186958	370.0	36.683	27.261	27.261	0.000	0.000	0.000	0.000	0.000	0.000	14.500	22.074	0.081	5.107	0.814	29.736	3.807
0-1790974820-tronhang672-2186958	372.0	37.462	26.693	26.693	0.000	0.000	0.000	0.000	0.000	0.000	12.500	21.761	0.066	4.866	0.798	29.736	3.807
0-1790974820-tronhang672-2186958	374.0	35.747	27.974	27.974	0.000	0.000	0.000	0.000	0.000	0.000	13.300	22.554	0.059	5.362	0.805	29.736	3.807
0-1790974820-tronhang672-2186958	376.0	35.907	27.850	27.850	0.000	0.000	0.000	0.000	0.000	0.000	12.300	22.120	0.067	5.663	0.798	29.657	5.098
0-1790974820-tronhang672-2186958	378.1	37.430	26.716	26.716	0.000	0.000	0.000	0.000	0.000	0.000	12.500	21.654	0.071	4.991	0.798	29.657	5.098
0-1790974820-tronhang672-2186958	380.1	37.314	26.800	26.800	0.000	0.000	0.000	0.000	0.000	0.000	12.300	21.424	0.055	5.321	0.814	29.657	5.098
0-1790974820-tronhang672-2186958	382.1	36.933	27.076	27.076	0.000	0.000	0.000	0.000	0.000	0.000	13.000	21.661	0.052	5.363	0.818	29.657	5.098
0-1790974820-tronhang672-2186958	384.1	36.988	27.036	27.036	0.000	0.000	0.000	0.000	0.000	0.000	12.200	22.176	0.060	4.800	0.818	29.657	5.098
0-1790974820-tronhang672-2186958	386.1	37.742	26.496	26.496	0.000	0.000	0.000	0.000	0.000	0.000	11.800	21.633	0.057	4.805	0.806	29.192	4.813
0-1790974820-tronhang672-2186958	388.1	37.424	26.721	26.721	0.000	0.000	0.000	0.000	0.000	0.000	13.400	21.730	0.058	4.933	0.805	29.192	4.813
0-1790974820-tronhang672-2186958	390.1	40.010	24.994	24.994	0.000	0.000	0.000	0.000	0.000	0.000	12.500	20.032	0.049	4.913	0.802	29.192	4.813
0-1790974820-tronhang672-2186958	392.1	39.323	25.431	25.431	0.000	0.000	0.000	0.000	0.000	0.000	12.700	20.442	0.050	4.939	0.800	29.192	4.813
0-1790974820-tronhang672-2186958	394.1	38.134	26.223	26.223	0.000	0.000	0.000	0.000	0.000	0.000	11.800	21.024	0.064	5.135	0.814	29.192	4.813
0-1790974820-tronhang672-2186958	396.1	37.816	26.444	26.444	0.000	0.000	0.000	0.000	0.000	0.000	13.000	21.422	0.045	4.977	0.820	28.919	4.240
0-1790974820-tronhang672-2186958	398.1	37.781	26.469	26.469	0.000	0.000	0.000	0.000	0.000	0.000	11.500	21.588	0.046	4.835	0.813	28.919	4.240
0-1790974820-tronhang672-2186958	400.1	38.458	26.002	26.002	0.000	0.000	0.000	0.000	0.000	0.000	12.400	21.281	0.054	4.667	0.804	28.919	4.240
0-1790974820-tronhang672-2186958	402.1	39.927	25.046	25.046	0.000	0.000	0.000	0.000	0.000	0.000	12.000	20.187	0.043	4.815	0.803	28.919	4.240
0-1790974820-tronhang672-2186958	404.1	40.304	24.812	24.812	0.000	0.000	0.000	0.000	0.000	0.000	12.400	19.933	0.054	4.824	0.803	28.919	4.240
0-1790974820-tronhang672-2186958	406.1	38.358	26.070	26.070	0.000	0.000	0.000	0.000	0.000	0.000	13.800	20.850	0.055	5.166	0.813	29.383	3.732
0-1790974820-tronhang672-2186958	408.1	37.797	26.457	26.457	0.000	0.000	0.000	0.000	0.000	0.000	12.800	21.516	0.059	4.882	0.821	29.383	3.732
0-1790974820-tronhang672-2186958	410.2	37.707	26.520	26.520	0.000	0.000	0.000	0.000	0.000	0.000	13.400	21.640	0.056	4.824	0.829	29.383	3.732
0-1790974820-tronhang672-2186958	412.2	37.759	26.484	26.484	0.000	0.000	0.000	0.000	0.000	0.000	13.100	21.808	0.058	4.618	0.821	29.383	3.732
0-1790974820-tronhang672-2186958	414.2	37.965	26.340	26.340	-0.000	0.000	0.000	0.000	0.000	0.000	12.200	21.862	0.050	4.429	0.816	29.383	3.732
0-1790974820-tronhang672-2186958	416.2	40.967	24.410	24.410	0.000	0.000	0.000	0.000	0.000	0.000	12.800	19.855	0.055	4.499	0.814		
0-1790974820-tronhang672-2186958	418.2	43.245	23.124	23.124	0.000	0.000	0.000	0.000	0.000	0.000	10.400	18.962	0.055	4.107	0.811		
0-1790974820-tronhang672-2186958	420.2	43.413	23.034	23.034	0.000	0.000	0.000	0.000	0.000	0.000	10.000	18.569	0.058	4.407	0.811		
0-1790975634-tronhang672-2276276	1.0	59.940	16.683	16.614	0.069	0.006	0.001	0.048	0.000	0.014	14.400	16.293	0.007	0.383	0.972	13.045	1.039
0-1790975634-tronhang672-2276276	3.0	59.910	16.692	16.582	0.110	0.001	0.005	0.074	0.000	0.029	14.700	16.118	0.010	0.564	0.971	13.045	1.039
0-1790975634-tronhang672-2276276	5.0	59.967	16.676	16.342	0.334	0.005	0.017	0.256	0.000	0.056	14.800	16.330	0.015	0.331	0.977	13.045	1.039
0-1790975634-tronhang672-2276276	7.0	59.944	16.682	16.570	0.113	0.005	0.008	0.075	0.000	0.025	14.900	16.231	0.011	0.441	0.971	13.294	1.284
0-1790975634-tronhang672-2276276	9.0	59.937	16.684	16.684	0.000	0.000	0.000	0.000	0.000	0.000	14.800	16.167	0.015	0.502	0.972	13.294	1.284
0-1790975634-tronhang672-2276276	11.0	59.944	16.682	16.480	0.202	0.004	0.004	0.162	0.000	0.031	14.400	16.195	0.009	0.478	0.967	13.294	1.284
0-1790975634-tronhang672-2276276	13.0	59.937	16.684	16.464	0.220	0.007	0.007	0.154	0.000	0.052	14.800	16.209	0.011	0.465	0.976	13.294	1.284
0-1790975634-tronhang672-2276276	15.1	59.918	16.690	16.469	0.220	0.006	0.008	0.159	0.000	0.047	14.800	16.282	0.013	0.394	0.973	13.294	1.284
0-1790975634-tronhang672-2276276	17.1	59.940	16.683	16.467	0.216	0.006	0.009	0.152	0.000	0.048	14.800	16.175	0.017	0.491	0.969	13.421	1.084
0-1790975634-tronhang672-2276276	19.1	59.936	16.685	16.576	0.108	0.004	0.001	0.075	0.000	0.028	14.500	16.183	0.008	0.494	0.974	13.421	1.084
0-1790975634-tronhang672-2276276	21.1	59.940	16.683	16.353	0.330	0.012	0.011	0.240	0.000	0.068	14.800	16.338	0.015	0.330	0.977	13.421	1.084
0-1790975634-tronhang672-2276276	23.1	59.940	16.683	16.369	0.315	0.017	0.010	0.208	0.000	0.081	14.400	16.159	0.012	0.512	0.968	13.421	1.084
0-1790975634-tronhang672-2276276	25.1	59.940	16.683	16.573	0.111	0.008	0.007	0.077	0.000	0.020	14.900	16.192	0.011	0.480	0.971	13.421	1.084
0-1790975634-tronhang672-2276276	27.1	59.940	16.683	16.503	0.181	0.003	0.005	0.146	0.000	0.027	14.800	16.179	0.014	0.490	0.972	13.024	1.255
0-1790975634-tronhang672-2276276	29.1	59.940	16.683	16.570	0.113	0.001	0.003	0.101	0.000	0.008	14.800	16.234	0.009	0.440	0.970	13.024	1.255
0-1790975634-tronhang672-2276276	31.1	59.940	16.683	16.245	0.438	0.009	0.020	0.354	0.000	0.056	14.800	16.230	0.011	0.442	0.974	13.024	1.255
0-1790975634-tronhang672-2276276	33.1	59.940	16.683	16.348	0.335	0.012	0.009	0.251	0.000	0.064	14.900	16.271	0.005	0.407	0.978	13.024	1.255
0-1790975634-tronhang672-2276276	35.1	59.935	16.685	16.463	0.221	0.014	0.007	0.173	0.000	0.027	14.800	16.281	0.011	0.393	0.972	13.024	1.255
0-1790975634-tronhang672-2276276	37.1	59.945	16.682	16.680	0.002	0.000	0.000	0.001	0.001	0.000	14.600	16.280	0.009	0.393	0.981	13.627	1.105
0-1790975634-tronhang672-2276276	39.1	59.940	16.683	16.572	0.112	0.006	0.007	0.097	0.001	0.000	14.800	16.285	0.013	0.386	0.971	13.627	1.105
0-1790975634-tronhang672-2276276	41.1	59.940	16.683	16.681	0.003	0.000	0.000	0.003	0.000	0.000	14.600	16.183	0.012	0.489	0.973	13.627	1.105
0-1790975634-tronhang672-2276276	43.1	59.940	16.683	16.465	0.218	0.003	0.008	0.207	0.000	0.000	14.900	16.221	0.007	0.456	0.968	13.627	1.105
0-1790975634-tronhang672-2276276	45.1	59.935	16.685	16.682	0.003	0.000	0.000	0.003	0.000	0.000	14.800	16.215	0.014	0.456	0.974	13.627	1.105
0-1790975634-tronhang672-2276276	47.2	59.940	16.683	16.683	0.000	0.000	0.000	0.000	0.000	0.000	14.700	16.174	0.006	0.503	0.969	13.512	1.153
0-1790975634-tronhang672-2276276	49.2	59.922	16.688	16.244	0.445	0.024	0.010	0.410	0.001	0.000	14.700	16.146	0.013	0.529	0.968	13.512	1.153
0-1790975634-tronhang672-2276276	51.2	59.668	16.759	16.500	0.259	0.004	0.014	0.241	0.000	0.000	14.200	16.236	0.011	0.512	0.969	13.512	1.153
0-1790975634-tronhang672-2276276	53.2	60.212	16.608	16.496	0.112	0.003	0.004	0.104	0.001	0.000	14.700	16.171	0.015	0.422	0.978	13.512	1.153
0-1790975634-tronhang672-2276276	55.2	59.958	16.678	16.672	0.007	0.000	0.000	0.007	0.000	0.000	14.900	16.245	0.008	0.425	0.971	13.512	1.153
0-1790975634-tronhang672-2276276	57.2	59.946	16.682	16.584	0.097	0.002	0.007	0.089	0.000	0.000	14.800	16.200	0.015	0.467	0.975	12.984	1.122
0-1790975634-tronhang672-2276276	59.2	59.940	16.683	16.359	0.325	0.011	0.011	0.303	0.000	0.000	15.000	16.271	0.008	0.405	0.971	12.984	1.122
0-1790975634-tronhang672-2276276	61.2	59.910	16.692	16.584	0.108	0.005	0.001	0.102	0.000	0.000	14.900	16.187	0.012	0.493	0.968	12.984	1.122
0-1790975634-tronhang672-2276276	63.2	59.940	16.683	16.677	0.006	0.000	0.000	0.006	0.000	0.000	14.900	16.216	0.007	0.460	0.973	12.984	1.122
0-1790975634-tronhang672-2276276	65.2	59.940	16.683	16.573	0.110	0.001	0.002	0.106	0.001	0.000	14.900	16.199	0.009	0.476	0.969	12.984	1.122
0-1790975634-tronhang672-2276276	67.2	59.940	16.683	16.678	0.006	0.000	0.000	0.006	0.000	0.000	14.800	16.170	0.014	0.500	0.972	13.075	1.264
0-1790975634-tronhang672-2276276	69.2	59.940	16.683	16.572	0.111	0.004	0.002	0.105	0.000	0.000	14.900	16.192	0.012	0.480	0.971	13.075	1.264
0-1790975634-tronhang672-2276276	71.2	59.940	16.683	16.478	0.205	0.008	0.012	0.186	0.000	0.000	14.800	16.126	0.017	0.541	0.965	13.075	1.264
0-1790975634-tronhang672-2276276	73.2	59.940	16.683	16.369	0.315	0.008	0.017	0.290	0.000	0.000	14.100	16.096	0.014	0.574	0.961	13.075	1.264
0-1790975634-tronhang672-2276276	75.2	59.940	16.683	16.366	0.318	0.003	0.011	0.303	0.000	0.000	13.500	16.045	0.016	0.623	0.965	13.075	1.264
0-1790975634-tronhang672-2276276	77.2	59.940	16.683	16.513	0.170	0.010	0.008	0.153	0.000	0.000	14.900	16.140	0.009	0.534	0.962	13.330	1.202
0-1790975634-tronhang672-2276276	79.2	59.934	16.685	16.576	0.109	0.005	0.002	0.103	0.000	0.000	14.800	15.990	0.016	0.679	0.965	13.330	1.202
0-1790975634-tronhang672-2276276	81.2	59.923	16.688	16.574	0.114	0.007	0.002	0.104	0.001	0.000	14.700	16.104	0.010	0.574	0.960	13.330	1.202
0-1790975634-tronhang672-2276276	83.2	59.933	16.685	16.465	0.220	0.004	0.008	0.207	0.001	0.000	14.800	16.044	0.012	0.629	0.962	13.330	1.202
0-1790975634-tronhang672-2276276	85.2	59.947	16.682	16.462	0.220	0.006	0.005	0.208	0.000	0.000	14.700	15.962	0.021	0.699	0.969	13.330	1.202
0-1790975634-tronhang672-2276276	87.2	59.964	16.677	16.463	0.214	0.014	0.012	0.186	0.000	0.001	14.800	16.190	0.009	0.477	0.961	13.159	1.245
0-1790975634-tronhang672-2276276	89.2	59.940	16.683	16.682	0.002	0.000	0.000	0.002	0.000	0.000	14.300	16.104	0.016	0.564	0.965	13.159	1.245
0-1790975634-tronhang672-2276276	91.2	59.917	16.690	16.476	0.214	0.006	0.006	0.200	0.000	0.002	14.700	16.023	0.013	0.655	0.962	13.159	1.245
0-1790975634-tronhang672-2276276	93.2	59.963	16.677	16.565	0.112	0.005	0.003	0.103	0.001	0.000	14.900	16.084	0.015	0.578	0.962	13.159	1.245
0-1790975634-tronhang672-2276276	95.2	59.940	16.683	16.677	0.007	0.000	0.000	0.006	0.000	0.000	14.900	16.056	0.012	0.615	0.971	13.159	1.245
0-1790975634-tronhang672-2276276	97.3	59.933	16.685	16.685	0.000	0.000	0.000	0.000	0.000	0.000	14.800	16.237	0.011	0.438	0.971	13.056	1.219
0-1790975634-tronhang672-2276276	99.3	59.917	16.690	16.679	0.011	0.000	0.000	0.011	0.000	0.000	14.900	16.242	0.008	0.439	0.978	13.056	1.219
0-1790975634-tronhang672-2276276	101.3	59.947	16.681	16.366	0.316	0.007	0.010	0.296	0.000	0.003	14.800	16.278	0.010	0.394	0.979	13.056	1.219
0-1790975634-tronhang672-2276276	103.3	59.956	16.679	16.597	0.082	0.001	0.005	0.075	0.000	0.001	14.600	16.299	0.012	0.368	0.967	13.056	1.219
0-1790975634-tronhang672-2276276	105.3	59.917	16.690	16.581	0.108	0.007	0.002	0.100	0.000	0.000	14.700	16.006	0.017	0.666	0.961	13.056	1.219
0-1790975634-tronhang672-2276276	107.3	59.940	16.683	16.574	0.109	0.004	0.003	0.100	0.001	0.001	14.700	16.140	0.014	0.529	0.966	13.730	1.172
0-1790975634-tronhang672-2276276	109.3	59.940	16.683	16.471	0.212	0.011	0.009	0.190	0.000	0.002	14.800	16.119	0.009	0.556	0.968	13.730	1.172
0-1790975634-tronhang672-2276276	111.3	59.940	16.683	16.680	0.003	0.000	0.000	0.003	0.000	0.000	14.900	16.152	0.018	0.513	0.973	13.730	1.172
0-1790975634-tronhang672-2276276	113.3	59.917	16.690	16.466	0.224	0.006	0.009	0.207	0.000	0.002	15.000	16.265	0.012	0.413	0.968	13.730	1.172
0-1790975634-tronhang672-2276276	115.3	59.940	16.683	16.682	0.002	0.000	0.000	0.002	0.000	0.000	14.800	16.065	0.015	0.603	0.971	13.730	1.172
0-1790975634-tronhang672-2276276	117.3	59.963	16.677	16.566	0.111	0.008	0.000	0.102	0.000	0.001	14.800	16.195	0.010	0.472	0.974	13.284	1.183
0-1790975634-tronhang672-2276276	119.3	59.782	16.728	16.531	0.197	0.012	0.011	0.172	0.000	0.003	14.700	16.380	0.011	0.337	0.973	13.284	1.183
0-1790975634-tronhang672-2276276	121.3	60.073	16.646	16.637	0.009	0.000	0.000	0.008	0.001	0.000	15.000	16.111	0.015	0.520	0.962	13.284	1.183
0-1790975634-tronhang672-2276276	123.3	59.940	16.683	16.576	0.108	0.006	0.003	0.096	0.000	0.002	14.800	16.046	0.011	0.626	0.962	13.284	1.183
0-1790975634-tronhang672-2276276	125.3	59.962	16.677	16.585	0.092	0.003	0.004	0.083	0.000	0.002	14.900	16.075	0.013	0.589	0.969	13.284	1.183
0-1790975634-tronhang672-2276276	127.3	59.940	16.683	16.300	0.383	0.014	0.012	0.352	0.000	0.005	14.700	16.136	0.009	0.539	0.962	13.065	1.005
0-1790975634-tronhang672-2276276	129.3	59.940	16.683	16.471	0.213	0.000	0.005	0.204	0.000	0.003	14.900	16.090	0.015	0.579	0.975	13.065	1.005
0-1790975634-tronhang672-2276276	131.3	59.919	16.689	16.580	0.110	0.006	0.005	0.097	0.000	0.002	14.800	16.288	0.006	0.395	0.973	13.065	1.005
0-1790975634-tronhang672-2276276	133.3	59.932	16.686	16.577	0.109	0.002	0.004	0.101	0.000	0.002	14.800	16.212	0.011	0.463	0.976	13.065	1.005
0-1790975634-tronhang672-2276276	135.3	59.970	16.675	16.468	0.207	0.013	0.008	0.183	0.000	0.003	14.900	16.317	0.008	0.350	0.973	13.065	1.005
0-1790975634-tronhang672-2276276	137.3	59.940	16.683	16.679	0.004	0.000	0.000	0.004	0.000	0.000	14.900	16.142	0.013	0.528	0.969	12.845	1.358
0-1790975634-tronhang672-2276276	139.4	59.850	16.708	16.705	0.004	0.000	0.000	0.004	0.000	0.000	14.700	16.202	0.011	0.496	0.967	12.845	1.358
0-1790975634-tronhang672-2276276	141.4	59.988	16.670	16.447	0.223	0.009	0.004	0.207	0.000	0.003	15.000	16.094	0.008	0.568	0.966	12.845	1.358
0-1790975634-tronhang672-2276276	143.4	59.952	16.680	16.571	0.109	0.002	0.004	0.099	0.001	0.002	14.900	16.112	0.010	0.558	0.966	12.845	1.358
0-1790975634-tronhang672-2276276	145.4	59.940	16.683	16.680	0.003	0.000	0.000	0.003	0.000	0.000	14.800	16.163	0.011	0.509	0.968	12.845	1.358
0-1790975634-tronhang672-2276276	147.4	59.940	16.683	16.578	0.106	0.004	0.004	0.095	0.000	0.002	14.700	16.144	0.010	0.530	0.966	13.330	1.420
0-1790975634-tronhang672-2276276	149.4	59.940	16.683	16.683	0.000	0.000	0.000	0.000	0.000	0.000	14.600	16.066	0.010	0.608	0.970	13.330	1.420
0-1790975634-tronhang672-2276276	151.4	59.940	16.683	16.579	0.105	0.005	0.001	0.096	0.000	0.002	14.900	16.269	0.018	0.396	0.977	13.330	1.420
0-1790975634-tronhang672-2276276	153.4	59.940	16.683	16.526	0.157	0.011	0.007	0.135	0.000	0.004	14.800	16.178	0.008	0.498	0.965	13.330	1.420
0-1790975634-tronhang672-2276276	155.4	59.940	16.683	16.682	0.001	0.000	0.000	0.001	0.000	0.000	14.800	16.146	0.010	0.527	0.968	13.330	1.420
0-1790975634-tronhang672-2276276	157.4	59.940	16.683	16.391	0.292	0.009	0.010	0.267	0.000	0.006	14.900	16.135	0.014	0.534	0.969	13.331	1.050
0-1790975634-tronhang672-2276276	159.4	59.931	16.686	16.379	0.307	0.010	0.013	0.274	0.003	0.007	14.900	16.190	0.010	0.486	0.972	13.331	1.050
0-1790975634-tronhang672-2276276	161.4	59.950	16.681	16.443	0.238	0.016	0.005	0.213	0.000	0.004	14.900	16.155	0.012	0.514	0.969	13.331	1.050
0-1790975634-tronhang672-2276276	163.4	59.940	16.683	16.682	0.001	0.000	0.000	0.001	0.000	0.000	14.900	16.274	0.008	0.401	0.976	13.331	1.050
0-1790975634-tronhang672-2276276	165.4	59.910	16.692	16.466	0.226	0.005	0.006	0.210	0.000	0.005	14.900	16.263	0.011	0.418	0.976	13.331	1.050
0-1790975634-tronhang672-2276276	167.4	59.970	16.675	16.455	0.220	0.005	0.008	0.202	0.000	0.005	14.600	16.341	0.007	0.327	0.977	13.427	1.195
0-1790975634-tronhang672-2276276	169.4	59.940	16.683	16.374	0.309	0.009	0.006	0.286	0.000	0.008	14.900	16.189	0.024	0.471	0.973	13.427	1.195
0-1790975634-tronhang672-2276276	171.4	59.920	16.689	16.568	0.121	0.002	0.003	0.112	0.000	0.003	14.800	16.269	0.008	0.412	0.976	13.427	1.195
0-1790975634-tronhang672-2276276	173.4	59.950	16.681	16.593	0.087	0.005	0.003	0.077	0.000	0.002	14.900	16.233	0.007	0.440	0.968	13.427	1.195
0-1790975634-tronhang672-2276276	175.4	59.920	16.689	16.571	0.118	0.000	0.001	0.114	0.000	0.003	13.600	16.170	0.013	0.506	0.971	13.427	1.195
0-1790975634-tronhang672-2276276	177.4	59.940	16.683	16.296	0.388	0.011	0.013	0.354	0.000	0.010	14.800	16.226	0.009	0.448	0.972	13.680	1.310
0-1790975634-tronhang672-2276276	179.5	59.921	16.689	16.577	0.111	0.001	0.000	0.107	0.000	0.003	14.700	16.233	0.013	0.443	0.969	13.680	1.310
0-1790975634-tronhang672-2276276	181.5	59.960	16.678	16.673	0.005	0.000	0.000	0.005	0.000	0.000	14.300	16.105	0.012	0.561	0.967	13.680	1.310
0-1790975634-tronhang672-2276276	183.5	59.920	16.689	16.473	0.215	0.005	0.006	0.200	0.000	0.004	14.800	16.215	0.013	0.460	0.977	13.680	1.310
0-1790975634-tronhang672-2276276	185.5	59.960	16.678	16.487	0.191	0.012	0.013	0.160	0.000	0.006	14.600	16.242	0.013	0.423	0.974	13.680	1.310
0-1790975634-tronhang672-2276276	187.5	59.940	16.683	16.567	0.117	0.000	0.001	0.112	0.000	0.004	14.800	16.240	0.012	0.431	0.971	12.956	1.148
0-1790975634-tronhang672-2276276	189.5	59.940	16.683	16.574	0.109	0.004	0.007	0.095	0.001	0.002	14.500	16.211	0.009	0.464	0.973	12.956	1.148
0-1790975634-tronhang672-2276276	191.5	59.940	16.683	16.572	0.112	0.000	0.000	0.107	0.000	0.004	14.900	16.195	0.008	0.481	0.969	12.956	1.148
0-1790975634-tronhang672-2276276	193.5	59.940	16.683	16.573	0.110	0.004	0.000	0.103	0.000	0.003	14.700	16.204	0.010	0.469	0.974	12.956	1.148
0-1790975634-tronhang672-2276276	195.5	59.940	16.683	16.678	0.005	0.000	0.000	0.005	0.000	0.000	14.800	16.255	0.008	0.421	0.974	12.956	1.148
0-1790975634-tronhang672-2276276	197.5	59.842	16.711	16.597	0.113	0.005	0.008	0.097	0.000	0.003	14.800	16.270	0.010	0.431	0.976	13.001	1.066
0-1790975634-tronhang672-2276276	199.5	60.018	16.662	16.558	0.104	0.004	0.005	0.093	0.000	0.002	14.600	16.295	0.006	0.361	0.978	13.001	1.066
0-1790975634-tronhang672-2276276	201.5	59.959	16.678	16.459	0.219	0.006	0.010	0.196	0.000	0.008	14.500	16.257	0.015	0.406	0.974	13.001	1.066
0-1790975634-tronhang672-2276276	203.5	59.940	16.683	16.411	0.273	0.016	0.012	0.238	0.000	0.006	14.900	16.275	0.008	0.400	0.970	13.001	1.066
0-1790975634-tronhang672-2276276	205.5	59.940	16.683	16.370	0.313	0.009	0.018	0.275	0.000	0.011	14.700	16.149	0.014	0.521	0.969	13.001	1.066
0-1790975634-tronhang672-2276276	207.5	59.940	16.683	16.664	0.020	0.004	0.000	0.015	0.000	0.000	15.000	16.199	0.010	0.475	0.974	13.094	1.142
0-1790975634-tronhang672-2276276	209.5	59.940	16.683	16.568	0.115	0.007	0.002	0.104	0.000	0.002	14.800	16.191	0.012	0.481	0.967	13.094	1.142
0-1790975634-tronhang672-2276276	211.5	59.929	16.686	16.578	0.108	0.001	0.008	0.097	0.000	0.003	14.900	16.178	0.011	0.498	0.972	13.094	1.142
0-1790975634-tronhang672-2276276	213.5	59.933	16.685	16.465	0.220	0.008	0.004	0.202	0.000	0.007	14.700	16.231	0.009	0.445	0.973	13.094	1.142
0-1790975634-tronhang672-2276276	215.5	59.940	16.683	16.572	0.111	0.002	0.006	0.099	0.000	0.004	14.600	16.205	0.011	0.468	0.979	13.094	1.142
0-1790975634-tronhang672-2276276	217.5	59.940	16.683	16.577	0.107	0.006	0.001	0.094	0.000	0.005	14.800	16.351	0.008	0.324	0.973	13.501	1.107
0-1790975634-tronhang672-2276276	219.5	59.940	16.683	16.572	0.111	0.000	0.006	0.101	0.000	0.004	14.700	16.208	0.013	0.463	0.974	13.501	1.107
0-1790975634-tronhang672-2276276	221.5	59.928	16.687	16.488	0.199	0.008	0.007	0.177	0.000	0.006	14.900	16.245	0.009	0.432	0.970	13.501	1.107
0-1790975634-tronhang672-2276276	223.5	59.940	16.683	16.573	0.110	0.006	0.001	0.099	0.000	0.004	14.800	16.175	0.013	0.495	0.973	13.501	1.107
0-1790975634-tronhang672-2276276	225.5	59.940	16.683	16.572	0.111	0.000	0.006	0.101	0.000	0.004	14.900	16.261	0.009	0.413	0.974	13.501	1.107
0-1790975634-tronhang672-2276276	227.6	59.940	16.683	16.230	0.454	0.013	0.014	0.412	0.000	0.015	14.800	16.245	0.009	0.429	0.975	13.009	1.011
0-1790975634-tronhang672-2276276	229.6	59.940	16.683	16.610	0.073	0.000	0.003	0.066	0.000	0.004	14.900	16.241	0.014	0.429	0.974	13.009	1.011
0-1790975634-tronhang672-2276276	231.6	59.940	16.683	16.569	0.115	0.005	0.000	0.106	0.000	0.003	14.400	16.253	0.008	0.422	0.981	13.009	1.011
0-1790975634-tronhang672-2276276	233.6	59.878	16.701	16.701	0.000	0.000	0.000	0.000	0.000	0.000	14.900	16.402	0.012	0.287	0.977	13.009	1.011
0-1790975634-tronhang672-2276276	235.6	60.002	16.666	16.446	0.220	0.015	0.001	0.197	0.000	0.007	14.900	16.266	0.008	0.392	0.973	13.009	1.011
0-1790975634-tronhang672-2276276	237.6	59.940	16.683	16.676	0.007	0.000	0.000	0.007	0.000	0.000	14.800	16.222	0.013	0.449	0.975	13.322	1.228
0-1790975634-tronhang672-2276276	239.6	59.940	16.683	16.570	0.113	0.007	0.006	0.096	0.000	0.003	14.900	16.303	0.007	0.374	0.974	13.322	1.228
0-1790975634-tronhang672-2276276	241.6	59.940	16.683	16.572	0.111	0.000	0.006	0.101	0.000	0.004	14.700	16.208	0.013	0.463	0.975	13.322	1.228
0-1790975634-tronhang672-2276276	243.6	59.940	16.683	16.565	0.119	0.006	0.009	0.100	0.000	0.004	14.800	16.277	0.011	0.395	0.976	13.322	1.228
0-1790975634-tronhang672-2276276	245.6	59.940	16.683	16.572	0.112	0.008	0.004	0.098	0.000	0.003	14.600	16.295	0.008	0.380	0.975	13.322	1.228
0-1790975634-tronhang672-2276276	247.6	59.927	16.687	16.574	0.113	0.002	0.006	0.101	0.000	0.004	14.400	16.256	0.010	0.421	0.982	13.812	1.200
0-1790975634-tronhang672-2276276	249.6	59.953	16.680	16.391	0.289	0.015	0.006	0.256	0.000	0.011	14.800	16.366	0.007	0.307	0.971	13.812	1.200
0-1790975634-tronhang672-2276276	251.6	59.940	16.683	16.672	0.011	0.000	0.000	0.011	0.000	0.000	14.500	16.217	0.014	0.453	0.978	13.812	1.200
0-1790975634-tronhang672-2276276	253.6	59.940	16.683	16.615	0.068	0.001	0.000	0.064	0.000	0.003	14.800	16.309	0.007	0.368	0.972	13.812	1.200
0-1790975634-tronhang672-2276276	255.6	59.910	16.692	16.380	0.312	0.003	0.000	0.294	0.000	0.014	14.600	16.219	0.013	0.460	0.972	13.812	1.200
0-1790975634-tronhang672-2276276	257.7	59.970	16.675	16.239	0.436	0.015	0.005	0.398	0.000	0.018	14.700	16.221	0.008	0.446	0.975	13.156	1.068
0-1790975634-tronhang672-2276276	259.7	59.910	16.692	16.691	0.000	0.000	0.000	0.000	0.000	0.000	14.900	16.242	0.007	0.443	0.972	13.156	1.068
0-1790975634-tronhang672-2276276	261.7	59.940	16.683	16.569	0.114	0.001	0.002	0.107	0.000	0.005	14.900	16.246	0.010	0.427	0.976	13.156	1.068
0-1790975634-tronhang672-2276276	263.7	59.940	16.683	16.563	0.120	0.001	0.005	0.110	0.000	0.005	14.800	16.260	0.007	0.417	0.979	13.156	1.068
0-1790975634-tronhang672-2276276	265.7	59.940	16.683	16.365	0.318	0.007	0.006	0.290	0.000	0.014	15.000	16.385	0.013	0.285	0.977	13.156	1.068
0-1790975634-tronhang672-2276276	267.7	59.940	16.683	16.377	0.307	0.006	0.004	0.281	0.000	0.015	14.900	16.246	0.011	0.426	0.972	13.039	1.109
0-1790975634-tronhang672-2276276	269.7	59.940	16.683	16.463	0.220	0.006	0.005	0.201	0.000	0.008	14.900	16.226	0.013	0.444	0.977	13.039	1.109
0-1790975634-tronhang672-2276276	271.7	59.940	16.683	16.472	0.212	0.012	0.002	0.190	0.000	0.008	14.900	16.308	0.006	0.369	0.975	13.039	1.109
0-1790975634-tronhang672-2276276	273.7	59.940	16.683	16.586	0.098	0.002	0.006	0.085	0.000	0.004	14.900	16.259	0.013	0.411	0.977	13.039	1.109
0-1790975634-tronhang672-2276276	275.7	59.940	16.683	16.487	0.197	0.005	0.012	0.170	0.000	0.010	14.900	16.308	0.007	0.368	0.975	13.039	1.109
0-1790975634-tronhang672-2276276	277.7	59.940	16.683	16.551	0.132	0.009	0.004	0.113	0.000	0.006	14.900	16.252	0.012	0.419	0.974	13.395	1.089
0-1790975634-tronhang672-2276276	279.7	59.940	16.683	16.497	0.186	0.009	0.010	0.158	0.000	0.010	14.900	16.260	0.008	0.416	0.974	13.395	1.089
0-1790975634-tronhang672-2276276	281.7	59.940	16.683	16.479	0.205	0.003	0.010	0.183	0.000	0.008	14.900	16.290	0.009	0.384	0.976	13.395	1.089
0-1790975634-tronhang672-2276276	283.7	59.940	16.683	16.567	0.117	0.003	0.007	0.103	0.000	0.004	14.700	16.244	0.018	0.421	0.978	13.395	1.089
0-1790975634-tronhang672-2276276	285.8	59.940	16.683	16.258	0.425	0.009	0.021	0.372	0.000	0.024	14.200	16.322	0.006	0.355	0.975	13.395	1.089
0-1790975634-tronhang672-2276276	287.8	59.940	16.683	16.576	0.107	0.002	0.007	0.093	0.000	0.005	14.900	16.253	0.009	0.421	0.978	13.391	1.214
0-1790975634-tronhang672-2276276	289.8	59.924	16.688	16.682	0.006	0.000	0.000	0.005	0.000	0.000	14.800	16.289	0.007	0.392	0.969	13.391	1.214
0-1790975634-tronhang672-2276276	291.8	59.940	16.683	16.682	0.001	0.000	0.000	0.001	0.000	0.000	14.800	16.172	0.011	0.501	0.974	13.391	1.214
0-1790975634-tronhang672-2276276	293.8	59.940	16.683	16.683	0.001	0.000	0.000	0.000	0.001	0.000	14.800	16.281	0.007	0.395	0.977	13.391	1.214
0-1790975634-tronhang672-2276276	295.8	59.927	16.687	16.586	0.101	0.006	0.000	0.090	0.000	0.005	14.900	16.269	0.013	0.405	0.978	13.391	1.214
0-1790975634-tronhang672-2276276	297.8	59.957	16.679	16.352	0.326	0.008	0.012	0.290	0.000	0.016	14.700	16.365	0.009	0.304	0.983	13.366	1.210
0-1790975634-tronhang672-2276276	299.8	59.953	16.680	16.460	0.220	0.002	0.008	0.200	0.000	0.010	14.900	16.373	0.006	0.300	0.977	13.366	1.210
0-1790975634-tronhang672-2276276	301.8	59.923	16.688	16.357	0.331	0.004	0.007	0.302	0.000	0.018	14.900	16.289	0.013	0.386	0.977	13.366	1.210
0-1790975634-tronhang672-2276276	303.8	59.928	16.687	16.306	0.380	0.007	0.014	0.338	0.000	0.022	14.900	16.284	0.007	0.395	0.972	13.366	1.210
0-1790975634-tronhang672-2276276	305.8	59.940	16.683	16.369	0.314	0.005	0.017	0.273	0.000	0.019	14.600	16.191	0.011	0.482	0.966	13.366	1.210
0-1790975634-tronhang672-2276276	307.8	59.940	16.683	16.462	0.222	0.003	0.005	0.202	0.000	0.013	14.800	16.131	0.009	0.544	0.973	13.633	1.113
0-1790975634-tronhang672-2276276	309.8	59.940	16.683	16.563	0.120	0.001	0.007	0.105	0.000	0.008	14.800	16.227	0.010	0.446	0.973	13.633	1.113
0-1790975634-tronhang672-2276276	311.8	59.940	16.683	16.678	0.005	0.000	0.000	0.005	0.000	0.000	14.700	16.253	0.009	0.421	0.977	13.633	1.113
0-1790975634-tronhang672-2276276	313.8	59.940	16.683	16.673	0.010	0.000	0.000	0.010	0.000	0.000	14.700	16.300	0.012	0.371	0.983	13.633	1.113
0-1790975634-tronhang672-2276276	315.8	59.940	16.683	16.458	0.225	0.003	0.006	0.203	0.000	0.013	13.200	16.380	0.006	0.297	0.978	13.633	1.113
0-1790975634-tronhang672-2276276	317.8	59.940	16.683	16.570	0.113	0.004	0.006	0.095	0.000	0.008	14.800	16.307	0.007	0.369	0.977	13.478	1.096
0-1790975634-tronhang672-2276276	319.8	59.940	16.683	16.678	0.005	0.000	0.000	0.005	0.000	0.000	14.900	16.287	0.012	0.385	0.975	13.478	1.096
0-1790975634-tronhang672-2276276	321.9	59.940	16.683	16.243	0.441	0.012	0.003	0.401	0.000	0.024	14.500	16.266	0.009	0.408	0.973	13.478	1.096
0-1790975634-tronhang672-2276276	323.9	59.940	16.683	16.573	0.111	0.002	0.000	0.100	0.000	0.008	14.900	16.231	0.014	0.439	0.975	13.478	1.096
0-1790975634-tronhang672-2276276	325.9	59.922	16.688	16.461	0.228	0.005	0.009	0.200	0.000	0.014	14.800	16.252	0.009	0.427	0.974	13.478	1.096
0-1790975634-tronhang672-2276276	327.9	59.929	16.687	16.681	0.005	0.000	0.000	0.005	0.000	0.000	14.500	16.274	0.013	0.399	0.976	13.065	1.049
0-1790975634-tronhang672-2276276	329.9	59.959	16.678	16.528	0.150	0.007	0.005	0.130	0.000	0.008	14.600	16.256	0.009	0.414	0.977	13.065	1.049
0-1790975634-tronhang672-2276276	331.9	59.940	16.683	16.676	0.007	0.000	0.000	0.007	0.000	0.000	14.600	16.306	0.013	0.364	0.980	13.065	1.049
0-1790975634-tronhang672-2276276	333.9	59.952	16.680	16.579	0.101	0.005	0.005	0.085	0.000	0.006	14.700	16.357	0.004	0.318	0.978	13.065	1.049
0-1790975634-tronhang672-2276276	335.9	59.940	16.683	16.570	0.113	0.004	0.001	0.100	0.001	0.006	14.800	16.276	0.008	0.399	0.973	13.065	1.049
0-1790975634-tronhang672-2276276	337.9	59.910	16.692	16.579	0.113	0.007	0.005	0.097	0.000	0.005	14.700	16.232	0.011	0.448	0.970	12.856	1.237
0-1790975634-tronhang672-2276276	339.9	59.959	16.678	16.567	0.111	0.002	0.006	0.097	0.000	0.005	14.900	16.143	0.011	0.524	0.972	12.856	1.237
0-1790975634-tronhang672-2276276	341.9	59.922	16.688	16.577	0.112	0.007	0.003	0.095	0.000	0.006	14.900	16.249	0.009	0.431	0.978	12.856	1.237
0-1790975634-tronhang672-2276276	343.9	59.940	16.683	16.460	0.223	0.012	0.006	0.192	0.000	0.013	14.900	16.290	0.009	0.384	0.973	12.856	1.237
0-1790975634-tronhang672-2276276	345.9	59.940	16.683	16.336	0.347	0.011	0.015	0.303	0.000	0.018	14.100	16.239	0.010	0.435	0.980	12.856	1.237
0-1790975634-tronhang672-2276276	347.9	59.940	16.683	16.680	0.003	0.000	0.000	0.003	0.000	0.000	14.700	16.347	0.006	0.331	0.976	13.536	1.114
0-1790975634-tronhang672-2276276	349.9	59.940	16.683	16.379	0.305	0.011	0.004	0.266	0.000	0.023	14.800	16.271	0.008	0.404	0.976	13.536	1.114
0-1790975634-tronhang672-2276276	351.9	59.921	16.689	16.577	0.111	0.007	0.002	0.095	0.001	0.006	14.700	16.283	0.007	0.399	0.978	13.536	1.114
0-1790975634-tronhang672-2276276	353.9	59.959	16.678	16.614	0.064	0.004	0.001	0.055	0.000	0.003	14.700	16.323	0.009	0.347	0.972	13.536	1.114
0-1790975634-tronhang672-2276276	355.9	59.940	16.683	16.465	0.219	0.006	0.003	0.197	0.000	0.012	14.800	16.205	0.009	0.469	0.976	13.536	1.114
0-1790975634-tronhang672-2276276	357.9	59.940	16.683	16.567	0.116	0.002	0.007	0.100	0.000	0.007	14.700	16.276	0.009	0.399	0.973	13.251	0.990
0-1790975634-tronhang672-2276276	359.9	59.940	16.683	16.683	0.000	0.000	0.000	0.000	0.000	0.000	14.800	16.208	0.012	0.464	0.975	13.251	0.990
0-1790975634-tronhang672-2276276	361.9	59.929	16.686	16.681	0.005	0.000	0.000	0.005	0.000	0.000	14.600	16.272	0.013	0.401	0.985	13.251	0.990
0-1790975634-tronhang672-2276276	363.9	59.951	16.680	16.673	0.007	0.000	0.000	0.007	0.000	0.000	14.900	16.426	0.009	0.245	0.978	13.251	0.990
0-1790975634-tronhang672-2276276	365.9	59.940	16.683	16.569	0.115	0.005	0.006	0.097	0.000	0.007	14.500	16.342	0.007	0.335	0.977	13.251	0.990
0-1790975634-tronhang672-2276276	367.9	59.940	16.683	16.473	0.211	0.007	0.003	0.189	0.000	0.012	14.900	16.297	0.009	0.378	0.977	13.180	1.252
0-1790975634-tronhang672-2276276	369.9	59.910	16.692	16.582	0.110	0.002	0.001	0.098	0.000	0.009	14.700	16.291	0.007	0.394	0.973	13.180	1.252
0-1790975634-tronhang672-2276276	372.0	59.960	16.678	16.231	0.447	0.019	0.006	0.394	0.000	0.028	14.900	16.212	0.010	0.455	0.975	13.180	1.252
0-1790975634-tronhang672-2276276	374.0	59.920	16.689	16.684	0.005	0.000	0.000	0.005	0.000	0.000	14.900	16.284	0.009	0.396	0.978	13.180	1.252
0-1790975634-tronhang672-2276276	376.0	59.940	16.683	16.574	0.109	0.000	0.001	0.100	0.000	0.008	14.800	16.327	0.009	0.348	0.974	13.180	1.252
0-1790975634-tronhang672-2276276	378.0	59.940	16.683	16.676	0.008	0.000	0.000	0.008	0.000	0.000	14.800	16.236	0.013	0.435	0.983	13.950	1.133
0-1790975634-tronhang672-2276276	380.0	59.940	16.683	16.294	0.390	0.009	0.016	0.336	0.000	0.030	14.600	16.412	0.009	0.263	0.973	13.950	1.133
0-1790975634-tronhang672-2276276	382.0	59.940	16.683	16.583	0.101	0.004	0.008	0.082	0.000	0.007	14.700	16.223	0.012	0.448	0.975	13.950	1.133
0-1790975634-tronhang672-2276276	384.0	59.940	16.683	16.475	0.208	0.011	0.006	0.175	0.000	0.015	14.100	16.246	0.009	0.429	0.974	13.950	1.133
0-1790975634-tronhang672-2276276	386.0	59.940	16.683	16.465	0.218	0.005	0.003	0.195	0.000	0.015	14.200	16.242	0.012	0.429	0.978	13.950	1.133
0-1790975634-tronhang672-2276276	388.0	59.940	16.683	16.680	0.003	0.000	0.000	0.003	0.000	0.000	14.500	16.319	0.008	0.356	0.976	13.174	1.191
0-1790975634-tronhang672-2276276	390.0	59.940	16.683	16.573	0.110	0.005	0.003	0.095	0.000	0.006	14.900	16.245	0.015	0.423	0.974	13.174	1.191
0-1790975634-tronhang672-2276276	392.0	59.940	16.683	16.681	0.003	0.000	0.000	0.002	0.000	0.000	14.900	16.290	0.011	0.382	0.975	13.174	1.191
0-1790975634-tronhang672-2276276	394.0	59.870	16.703	16.590	0.113	0.007	0.006	0.092	0.000	0.007	14.500	16.267	0.013	0.423	0.979	13.174	1.191
0-1790975634-tronhang672-2276276	396.0	60.010	16.664	16.452	0.212	0.000	0.011	0.186	0.000	0.015	14.800	16.336	0.008	0.320	0.980	13.174	1.191
0-1790975634-tronhang672-2276276	398.0	59.940	16.683	16.579	0.104	0.001	0.005	0.090	0.001	0.007	14.900	16.304	0.007	0.373	0.974	13.341	1.216
0-1790975634-tronhang672-2276276	400.0	59.940	16.683	16.141	0.542	0.019	0.015	0.468	0.000	0.040	14.800	16.263	0.014	0.406	0.975	13.341	1.216
0-1790975634-tronhang672-2276276	402.0	59.940	16.683	16.350	0.334	0.015	0.020	0.276	0.000	0.023	14.900	16.258	0.010	0.415	0.974	13.341	1.216
0-1790975634-tronhang672-2276276	404.0	59.940	16.683	16.350	0.333	0.016	0.013	0.278	0.000	0.026	14.800	16.244	0.013	0.427	0.978	13.341	1.216
0-1790975634-tronhang672-2276276	406.0	59.920	16.689	16.628	0.061	0.002	0.001	0.051	0.000	0.007	14.800	16.321	0.009	0.359	0.971	13.341	1.216
0-1790975634-tronhang672-2276276	408.0	59.961	16.678	16.564	0.114	0.003	0.008	0.096	0.000	0.007	14.800	16.181	0.010	0.487	0.977	12.905	1.060
0-1790975634-tronhang672-2276276	410.0	59.940	16.683	16.677	0.006	0.000	0.000	0.006	0.000	0.000	14.800	16.297	0.008	0.378	0.978	12.905	1.060
0-1790975634-tronhang672-2276276	412.0	59.940	16.683	16.681	0.002	0.000	0.000	0.002	0.000	0.000	14.800	16.326	0.009	0.348	0.982	12.905	1.060
0-1790975634-tronhang672-2276276	414.0	59.838	16.712	16.599	0.112	0.001	0.005	0.096	0.000	0.010	14.800	16.399	0.010	0.302	0.975	12.905	1.060
0-1790975634-tronhang672-2276276	416.0	60.042	16.655	16.543	0.112	0.004	0.001	0.099	0.000	0.006	14.900	16.213	0.008	0.433	0.975	12.905	1.060
0-1790975634-tronhang672-2276276	418.0	59.920	16.689	16.688	0.001	0.000	0.000	0.001	0.000	0.000	14.900	16.266	0.014	0.409	0.976	13.499	1.204
0-1790975634-tronhang672-2276276	420.0	59.931	16.686	16.580	0.106	0.006	0.001	0.091	0.000	0.008	14.600	16.283	0.005	0.398	0.972	13.499	1.204
0-1790975634-tronhang672-2276276	422.1	59.940	16.683	16.571	0.112	0.007	0.002	0.095	0.000	0.008	14.800	16.205	0.013	0.466	0.971	13.499	1.204
0-1790975634-tronhang672-2276276	424.1	59.940	16.683	16.467	0.216	0.003	0.000	0.196	0.000	0.016	14.600	16.209	0.011	0.463	0.972	13.499	1.204
0-1790975634-tronhang672-2276276	426.1	59.897	16.695	16.689	0.007	0.000	0.000	0.007	0.000	0.000	14.800	16.219	0.016	0.461	0.978	13.499	1.204
0-1790975634-tronhang672-2276276	428.1	59.983	16.671	16.252	0.419	0.021	0.020	0.350	0.000	0.028	14.500	16.317	0.008	0.346	0.983	13.244	1.114
0-1790975634-tronhang672-2276276	430.1	59.940	16.683	16.526	0.157	0.007	0.009	0.134	0.000	0.007	14.800	16.388	0.007	0.288	0.974	13.244	1.114
0-1790975634-tronhang672-2276276	432.1	59.940	16.683	16.366	0.317	0.013	0.006	0.274	0.000	0.024	14.900	16.246	0.010	0.427	0.974	13.244	1.114
0-1790975634-tronhang672-2276276	434.1	59.940	16.683	16.589	0.094	0.007	0.002	0.079	0.000	0.006	15.000	16.239	0.005	0.439	0.974	13.244	1.114
0-1790975634-tronhang672-2276276	436.1	59.940	16.683	16.679	0.004	0.000	0.000	0.004	0.000	0.000	14.900	16.257	0.013	0.414	0.976	13.244	1.114
0-1790975634-tronhang672-2276276	438.1	59.940	16.683	16.455	0.228	0.005	0.007	0.198	0.000	0.018	14.800	16.286	0.010	0.387	0.973	13.432	1.256
0-1790975634-tronhang672-2276276	440.1	59.932	16.686	16.586	0.099	0.002	0.006	0.083	0.000	0.008	14.800	16.216	0.011	0.458	0.974	13.432	1.256
0-1790975634-tronhang672-2276276	442.1	59.948	16.681	16.573	0.109	0.002	0.001	0.098	0.000	0.008	14.800	16.273	0.009	0.399	0.973	13.432	1.256
0-1790975634-tronhang672-2276276	444.1	59.932	16.686	16.685	0.001	0.000	0.000	0.001	0.000	0.000	14.700	16.232	0.010	0.444	0.982	13.432	1.256
0-1790975634-tronhang672-2276276	446.1	59.948	16.681	16.585	0.096	0.001	0.007	0.080	0.000	0.009	14.700	16.381	0.010	0.291	0.978	13.432	1.256
0-1790975634-tronhang672-2276276	448.1	59.932	16.686	16.583	0.103	0.004	0.006	0.086	0.000	0.006	14.700	16.309	0.007	0.370	0.974	13.468	1.270
0-1790975634-tronhang672-2276276	450.1	59.948	16.681	16.673	0.008	0.000	0.000	0.008	0.000	0.000	14.800	16.240	0.011	0.430	0.975	13.468	1.270
0-1790975634-tronhang672-2276276	452.1	59.910	16.692	16.688	0.004	0.000	0.000	0.004	0.000	0.000	14.900	16.266	0.007	0.419	0.974	13.468	1.270
0-1790975634-tronhang672-2276276	454.1	59.948	16.681	16.681	0.001	0.000	0.000	0.000	0.001	0.000	14.800	16.244	0.012	0.424	0.975	13.468	1.270
0-1790975634-tronhang672-2276276	456.1	59.801	16.722	16.663	0.059	0.000	0.003	0.050	0.000	0.006	14.600	16.302	0.009	0.411	0.968	13.468	1.270
0-1790975634-tronhang672-2276276	458.1	60.079	16.645	16.308	0.336	0.016	0.014	0.277	0.000	0.029	14.800	16.105	0.015	0.525	0.976	13.045	1.147
0-1790975634-tronhang672-2276276	460.1	59.932	16.686	16.359	0.327	0.015	0.013	0.271	0.000	0.029	14.800	16.281	0.008	0.397	0.979	13.045	1.147
0-1790975634-tronhang672-2276276	462.1	59.940	16.683	16.679	0.004	0.000	0.000	0.004	0.000	0.000	14.700	16.330	0.014	0.340	0.978	13.045	1.147
0-1790975634-tronhang672-2276276	464.1	59.940	16.683	16.572	0.112	0.006	0.007	0.090	0.000	0.009	14.800	16.316	0.006	0.361	0.978	13.045	1.147
0-1790975634-tronhang672-2276276	466.1	59.918	16.689	16.591	0.098	0.004	0.003	0.082	0.000	0.009	14.800	16.323	0.008	0.358	0.973	13.045	1.147
0-1790975634-tronhang672-2276276	468.1	59.962	16.677	16.673	0.004	0.000	0.000	0.002	0.000	0.002	15.000	16.226	0.010	0.441	0.979	12.883	1.105
0-1790975634-tronhang672-2276276	470.1	59.940	16.683	16.569	0.114	0.003	0.007	0.094	0.000	0.009	14.900	16.320	0.008	0.355	0.974	12.883	1.105
0-1790975634-tronhang672-2276276	472.1	59.940	16.683	16.676	0.008	0.000	0.000	0.008	0.000	0.000	14.900	16.247	0.011	0.426	0.976	12.883	1.105
0-1790975634-tronhang672-2276276	474.1	59.940	16.683	16.675	0.008	0.000	0.000	0.008	0.000	0.000	14.800	16.281	0.007	0.396	0.974	12.883	1.105
0-1790975634-tronhang672-2276276	476.1	59.940	16.683	16.255	0.429	0.011	0.015	0.368	0.000	0.035	14.500	16.252	0.010	0.421	0.983	12.883	1.105
0-1790975634-tronhang672-2276276	478.1	59.940	16.683	16.586	0.098	0.004	0.001	0.085	0.000	0.008	14.600	16.402	0.006	0.276	0.974	13.133	1.233
0-1790975634-tronhang672-2276276	480.1	59.918	16.689	16.404	0.286	0.015	0.006	0.240	0.000	0.025	14.700	16.251	0.013	0.425	0.971	13.133	1.233
0-1790975634-tronhang672-2276276	482.1	59.962	16.677	16.673	0.004	0.000	0.000	0.004	0.000	0.000	14.800	16.195	0.008	0.475	0.974	13.133	1.233
0-1790975634-tronhang672-2276276	484.1	59.940	16.683	16.672	0.011	0.000	0.000	0.011	0.000	0.000	14.800	16.247	0.006	0.430	0.977	13.133	1.233
0-1790975634-tronhang672-2276276	486.2	59.918	16.689	16.685	0.004	0.000	0.000	0.004	0.000	0.000	14.700	16.303	0.011	0.376	0.975	13.133	1.233
0-1790975634-tronhang672-2276276	488.2	59.940	16.683	16.561	0.122	0.006	0.002	0.105	0.000	0.010	14.800	16.268	0.008	0.407	0.969	13.146	1.178
0-1790975634-tronhang672-2276276	490.2	59.940	16.683	16.683	0.000	0.000	0.000	0.000	0.000	0.000	14.900	16.167	0.013	0.504	0.973	13.146	1.178
0-1790975634-tronhang672-2276276	492.2	59.933	16.685	16.681	0.004	0.000	0.000	0.001	0.000	0.003	14.500	16.228	0.007	0.451	0.984	13.146	1.178
0-1790975634-tronhang672-2276276	494.2	59.970	16.675	16.671	0.004	0.000	0.000	0.004	0.000	0.000	14.900	16.399	0.007	0.269	0.979	13.146	1.178
0-1790975634-tronhang672-2276276	496.2	59.933	16.685	16.685	0.001	0.000	0.000	0.001	0.000	0.000	14.800	16.336	0.006	0.343	0.977	13.146	1.178
0-1790975634-tronhang672-2276276	498.2	59.917	16.690	16.492	0.198	0.006	0.002	0.174	0.000	0.016	14.800	16.301	0.011	0.377	0.974	13.036	1.201
0-1790975634-tronhang672-2276276	500.2	59.947	16.681	16.560	0.121	0.004	0.002	0.104	0.000	0.010	14.800	16.253	0.009	0.420	0.973	13.036	1.201
0-1790975634-tronhang672-2276276	502.2	59.933	16.685	16.479	0.206	0.006	0.001	0.183	0.000	0.016	14.800	16.238	0.008	0.440	0.975	13.036	1.201
0-1790975634-tronhang672-2276276	504.2	59.963	16.677	16.485	0.192	0.008	0.003	0.162	0.000	0.019	14.900	16.253	0.010	0.414	0.976	13.036	1.201
0-1790975634-tronhang672-2276276	506.2	59.917	16.690	16.622	0.067	0.001	0.002	0.055	0.000	0.010	14.600	16.291	0.008	0.391	0.971	13.036	1.201
0-1790975634-tronhang672-2276276	508.2	59.933	16.685	16.570	0.115	0.005	0.001	0.097	0.000	0.012	14.800	16.187	0.012	0.487	0.982	13.473	1.249
0-1790975634-tronhang672-2276276	510.2	59.947	16.681	16.676	0.005	0.000	0.000	0.005	0.000	0.000	14.900	16.388	0.009	0.285	0.975	13.473	1.249
0-1790975634-tronhang672-2276276	512.2	59.940	16.683	16.564	0.119	0.005	0.007	0.096	0.000	0.010	14.800	16.253	0.012	0.418	0.980	13.473	1.249
0-1790975634-tronhang672-2276276	514.2	59.940	16.683	16.676	0.007	0.000	0.000	0.007	0.000	0.000	14.600	16.353	0.006	0.325	0.974	13.473	1.249
0-1790975634-tronhang672-2276276	516.2	59.940	16.683	16.473	0.210	0.011	0.003	0.183	0.000	0.014	14.300	16.259	0.011	0.414	0.974	13.473	1.249
0-1790975634-tronhang672-2276276	518.2	59.940	16.683	16.470	0.214	0.011	0.006	0.177	0.000	0.020	14.800	16.223	0.006	0.454	0.975	13.914	1.043
0-1790975634-tronhang672-2276276	520.2	59.940	16.683	16.682	0.002	0.000	0.000	0.000	0.002	0.000	14.800	16.268	0.012	0.404	0.977	13.914	1.043
0-1790975634-tronhang672-2276276	522.2	59.940	16.683	16.564	0.119	0.005	0.007	0.094	0.000	0.013	14.800	16.294	0.015	0.374	0.980	13.914	1.043
0-1790975634-tronhang672-2276276	524.2	59.917	16.690	16.579	0.111	0.000	0.008	0.093	0.000	0.010	14.700	16.346	0.006	0.338	0.983	13.914	1.043
0-1790975634-tronhang672-2276276	526.2	59.957	16.679	16.474	0.205	0.004	0.006	0.175	0.000	0.020	14.800	16.391	0.005	0.282	0.977	13.914	1.043
0-1790975634-tronhang672-2276276	528.2	59.946	16.682	16.680	0.002	0.000	0.000	0.002	0.000	0.000	14.600	16.299	0.008	0.375	0.977		
0-1790975634-tronhang672-2276276	530.2	59.940	16.683	16.580	0.103	0.004	0.004	0.085	0.000	0.010	14.900	16.303	0.010	0.371	0.978		
0-1790975634-tronhang672-2276276	532.2	59.910	16.692	16.632	0.060	0.008	0.000	0.048	0.000	0.004	14.700	16.308	0.006	0.378	0.973		
0-1790975634-tronhang672-2276276	534.3	59.964	16.677	16.558	0.119	0.007	0.008	0.093	0.000	0.011	14.200	16.217	0.006	0.453	0.981		
0-1790975634-tronhang672-2276276	536.3	59.917	16.690	16.581	0.109	0.002	0.003	0.090	0.000	0.014	14.800	16.380	0.006	0.304	0.979		
0-1790976263-tronhang672-2397053	1.9	59.940	16.683	16.478	0.205	0.009	0.002	0.150	0.000	0.044	14.100	16.132	0.011	0.540	0.969	12.755	1.227
0-1790976263-tronhang672-2397053	3.9	59.940	16.683	16.575	0.108	0.002	0.001	0.077	0.001	0.028	14.600	16.205	0.012	0.466	0.970	12.755	1.227
0-1790976263-tronhang672-2397053	5.9	59.940	16.683	16.602	0.081	0.006	0.003	0.057	0.001	0.014	14.700	16.190	0.014	0.479	0.970	12.755	1.227
0-1790976263-tronhang672-2397053	7.9	59.912	16.691	16.691	0.001	0.000	0.000	0.000	0.001	0.000	14.800	16.155	0.012	0.525	0.975	13.201	1.111
0-1790976263-tronhang672-2397053	9.9	59.968	16.676	16.673	0.003	0.000	0.000	0.003	0.000	0.000	14.700	16.317	0.009	0.350	0.976	13.201	1.111
0-1790976263-tronhang672-2397053	11.9	59.912	16.691	16.573	0.118	0.005	0.006	0.085	0.000	0.022	14.600	16.229	0.013	0.449	0.972	13.201	1.111
0-1790976263-tronhang672-2397053	13.9	59.968	16.676	16.250	0.426	0.010	0.012	0.306	0.000	0.098	14.300	16.245	0.010	0.421	0.973	13.201	1.111
0-1790976263-tronhang672-2397053	15.9	59.940	16.683	16.571	0.113	0.003	0.003	0.085	0.000	0.022	14.800	16.238	0.006	0.439	0.976	13.201	1.111
0-1790976263-tronhang672-2397053	17.9	59.940	16.683	16.567	0.116	0.002	0.002	0.088	0.000	0.023	13.800	16.266	0.012	0.406	0.973	13.315	1.100
0-1790976263-tronhang672-2397053	19.9	59.938	16.684	16.466	0.218	0.005	0.005	0.165	0.000	0.043	14.800	16.200	0.010	0.474	0.971	13.315	1.100
0-1790976263-tronhang672-2397053	21.9	59.942	16.683	16.458	0.225	0.010	0.010	0.161	0.000	0.043	14.900	16.215	0.014	0.453	0.971	13.315	1.100
0-1790976263-tronhang672-2397053	23.9	59.880	16.700	16.694	0.006	0.000	0.000	0.002	0.000	0.004	14.700	16.188	0.013	0.499	0.973	13.315	1.100
0-1790976263-tronhang672-2397053	25.9	60.000	16.667	16.662	0.005	0.000	0.000	0.000	0.001	0.004	14.800	16.289	0.010	0.367	0.974	13.315	1.100
0-1790976263-tronhang672-2397053	27.9	59.893	16.696	16.689	0.007	0.000	0.000	0.007	0.000	0.000	14.800	16.200	0.012	0.485	0.970	13.241	1.087
0-1790976263-tronhang672-2397053	29.9	59.987	16.670	16.346	0.324	0.010	0.006	0.249	0.000	0.059	14.800	16.157	0.011	0.502	0.968	13.241	1.087
0-1790976263-tronhang672-2397053	31.9	59.940	16.683	16.394	0.289	0.011	0.010	0.203	0.001	0.064	15.000	16.159	0.013	0.511	0.971	13.241	1.087
0-1790976263-tronhang672-2397053	33.9	59.940	16.683	16.566	0.117	0.006	0.006	0.091	0.000	0.015	14.700	16.200	0.008	0.476	0.974	13.241	1.087
0-1790976263-tronhang672-2397053	35.9	59.938	16.684	16.454	0.230	0.009	0.013	0.170	0.000	0.037	14.800	16.234	0.011	0.438	0.970	13.241	1.087
0-1790976263-tronhang672-2397053	37.9	59.913	16.691	16.587	0.104	0.005	0.005	0.072	0.000	0.022	14.600	16.203	0.010	0.478	0.968	13.632	1.126
0-1790976263-tronhang672-2397053	39.9	59.940	16.683	16.677	0.006	0.000	0.000	0.006	0.000	0.000	14.700	16.092	0.015	0.576	0.972	13.632	1.126
0-1790976263-tronhang672-2397053	41.9	59.940	16.683	16.680	0.003	0.000	0.000	0.000	0.000	0.003	14.800	16.308	0.011	0.364	0.978	13.632	1.126
0-1790976263-tronhang672-2397053	43.9	59.940	16.683	16.492	0.191	0.002	0.005	0.139	0.001	0.045	14.500	16.247	0.013	0.424	0.973	13.632	1.126
0-1790976263-tronhang672-2397053	45.9	59.940	16.683	16.552	0.131	0.005	0.003	0.108	0.000	0.016	14.800	16.275	0.008	0.400	0.977	13.632	1.126
0-1790976263-tronhang672-2397053	47.9	59.940	16.683	16.592	0.091	0.001	0.007	0.064	0.001	0.019	14.500	16.322	0.006	0.355	0.975	13.313	1.163
0-1790976263-tronhang672-2397053	50.0	59.940	16.683	16.571	0.112	0.004	0.005	0.075	0.000	0.028	14.800	16.234	0.011	0.439	0.974	13.313	1.163
0-1790976263-tronhang672-2397053	52.0	59.886	16.698	16.395	0.304	0.021	0.014	0.207	0.001	0.060	14.800	16.207	0.011	0.480	0.965	13.313	1.163
0-1790976263-tronhang672-2397053	54.0	59.994	16.668	16.668	0.001	0.000	0.000	0.000	0.001	0.000	14.800	16.104	0.023	0.542	0.967	13.313	1.163
0-1790976263-tronhang672-2397053	56.0	59.940	16.683	16.676	0.008	0.000	0.000	0.008	0.000	0.000	14.400	16.140	0.012	0.532	0.968	13.313	1.163
0-1790976263-tronhang672-2397053	58.0	59.940	16.683	16.602	0.082	0.007	0.003	0.051	0.000	0.020	14.900	16.154	0.014	0.515	0.972	12.866	1.202
0-1790976263-tronhang672-2397053	60.0	59.940	16.683	16.587	0.096	0.007	0.002	0.079	0.000	0.008	14.600	16.174	0.011	0.499	0.967	12.866	1.202
0-1790976263-tronhang672-2397053	62.0	59.910	16.692	16.489	0.202	0.007	0.005	0.146	0.000	0.045	15.000	16.181	0.013	0.498	0.966	12.866	1.202
0-1790976263-tronhang672-2397053	64.0	59.970	16.675	16.672	0.003	0.000	0.000	0.003	0.000	0.000	14.900	16.059	0.014	0.601	0.969	12.866	1.202
0-1790976263-tronhang672-2397053	66.0	59.940	16.683	16.568	0.115	0.000	0.004	0.087	0.000	0.024	14.900	16.189	0.012	0.482	0.968	12.866	1.202
0-1790976263-tronhang672-2397053	68.0	59.940	16.683	16.579	0.104	0.003	0.004	0.079	0.000	0.018	14.800	16.157	0.017	0.509	0.962	13.019	1.061
0-1790976263-tronhang672-2397053	70.0	59.940	16.683	16.574	0.110	0.005	0.006	0.075	0.000	0.023	14.800	16.012	0.020	0.651	0.969	13.019	1.061
0-1790976263-tronhang672-2397053	72.0	59.937	16.684	16.684	0.001	0.000	0.000	0.000	0.001	0.000	14.700	16.165	0.014	0.505	0.968	13.019	1.061
0-1790976263-tronhang672-2397053	74.0	59.944	16.682	16.365	0.318	0.010	0.009	0.225	0.002	0.071	14.800	16.136	0.017	0.529	0.970	13.019	1.061
0-1790976263-tronhang672-2397053	76.0	59.940	16.683	16.677	0.007	0.000	0.000	0.007	0.000	0.000	14.800	16.155	0.016	0.512	0.963	13.019	1.061
0-1790976263-tronhang672-2397053	78.0	59.936	16.684	16.463	0.222	0.004	0.007	0.167	0.000	0.043	14.800	16.119	0.011	0.554	0.971	13.273	1.036
0-1790976263-tronhang672-2397053	80.0	59.914	16.691	16.467	0.223	0.007	0.011	0.155	0.000	0.050	14.700	16.233	0.009	0.449	0.975	13.273	1.036
0-1790976263-tronhang672-2397053	82.0	59.940	16.683	16.389	0.295	0.015	0.017	0.196	0.000	0.066	14.800	16.265	0.010	0.408	0.974	13.273	1.036
0-1790976263-tronhang672-2397053	84.0	59.940	16.683	16.677	0.006	0.000	0.000	0.006	0.000	0.000	14.800	16.282	0.005	0.397	0.973	13.273	1.036
0-1790976263-tronhang672-2397053	86.0	59.940	16.683	16.471	0.212	0.006	0.003	0.155	0.002	0.046	14.600	16.155	0.019	0.509	0.962	13.273	1.036
0-1790976263-tronhang672-2397053	88.1	59.940	16.683	16.681	0.002	0.000	0.000	0.002	0.000	0.000	14.800	15.997	0.016	0.670	0.958	13.182	1.145
0-1790976263-tronhang672-2397053	90.1	59.940	16.683	16.461	0.222	0.003	0.004	0.162	0.001	0.052	14.700	16.075	0.019	0.589	0.971	13.182	1.145
0-1790976263-tronhang672-2397053	92.1	59.940	16.683	16.491	0.192	0.012	0.011	0.120	0.000	0.049	14.800	16.175	0.021	0.487	0.965	13.182	1.145
0-1790976263-tronhang672-2397053	94.1	59.940	16.683	16.571	0.112	0.007	0.002	0.073	0.002	0.029	14.500	16.101	0.018	0.564	0.970	13.182	1.145
0-1790976263-tronhang672-2397053	96.1	59.940	16.683	16.676	0.007	0.000	0.000	0.007	0.000	0.000	14.900	16.174	0.013	0.496	0.973	13.182	1.145
0-1790976263-tronhang672-2397053	98.1	59.940	16.683	16.681	0.002	0.000	0.000	0.000	0.002	0.000	14.700	16.225	0.010	0.448	0.962	13.045	1.145
0-1790976263-tronhang672-2397053	100.1	59.940	16.683	16.683	0.000	0.000	0.000	0.000	0.000	0.000	14.800	16.049	0.021	0.613	0.966	13.045	1.145
0-1790976263-tronhang672-2397053	102.1	59.916	16.690	16.685	0.005	0.000	0.000	0.000	0.000	0.005	14.900	16.101	0.013	0.575	0.966	13.045	1.145
0-1790976263-tronhang672-2397053	104.1	59.958	16.678	16.463	0.215	0.006	0.011	0.151	0.000	0.048	14.900	16.130	0.017	0.531	0.973	13.045	1.145
0-1790976263-tronhang672-2397053	106.1	59.922	16.688	16.470	0.218	0.008	0.007	0.169	0.003	0.031	14.700	16.269	0.006	0.413	0.973	13.045	1.145
0-1790976263-tronhang672-2397053	108.1	59.964	16.677	16.597	0.079	0.003	0.002	0.065	0.002	0.008	14.800	16.140	0.020	0.517	0.956	13.845	1.145
0-1790976263-tronhang672-2397053	110.1	59.940	16.683	16.592	0.092	0.000	0.007	0.084	0.000	0.000	14.800	15.989	0.021	0.673	0.966	13.845	1.145
0-1790976263-tronhang672-2397053	112.1	59.934	16.685	16.679	0.006	0.000	0.000	0.006	0.000	0.000	14.800	16.094	0.014	0.577	0.973	13.845	1.145
0-1790976263-tronhang672-2397053	114.1	59.940	16.683	16.678	0.006	0.000	0.000	0.005	0.000	0.000	14.700	16.293	0.012	0.379	0.973	13.845	1.145
0-1790976263-tronhang672-2397053	116.1	59.940	16.683	16.479	0.205	0.009	0.005	0.144	0.000	0.047	14.700	16.213	0.009	0.462	0.973	13.845	1.145
0-1790976263-tronhang672-2397053	118.1	59.916	16.690	16.473	0.217	0.007	0.004	0.145	0.000	0.061	14.700	16.228	0.015	0.448	0.966	12.997	1.242
0-1790976263-tronhang672-2397053	120.1	59.934	16.685	16.592	0.093	0.006	0.003	0.060	0.000	0.024	14.600	16.065	0.016	0.604	0.965	12.997	1.242
0-1790976263-tronhang672-2397053	122.1	59.947	16.682	16.675	0.006	0.000	0.000	0.006	0.001	0.000	14.700	16.108	0.016	0.557	0.973	12.997	1.242
0-1790976263-tronhang672-2397053	124.1	59.940	16.683	16.577	0.106	0.000	0.007	0.097	0.001	0.000	14.900	16.217	0.013	0.453	0.962	12.997	1.242
0-1790976263-tronhang672-2397053	126.2	59.940	16.683	16.476	0.207	0.009	0.011	0.139	0.000	0.048	14.300	16.073	0.018	0.592	0.964	12.997	1.242
0-1790976263-tronhang672-2397053	128.2	59.940	16.683	16.567	0.117	0.000	0.003	0.113	0.001	0.000	14.800	16.032	0.016	0.635	0.962	12.848	1.392
0-1790976263-tronhang672-2397053	130.2	59.940	16.683	16.462	0.221	0.006	0.006	0.178	0.000	0.031	14.800	16.078	0.012	0.593	0.968	12.848	1.392
0-1790976263-tronhang672-2397053	132.2	59.940	16.683	16.385	0.298	0.015	0.006	0.244	0.001	0.032	14.600	16.155	0.010	0.519	0.965	12.848	1.392
0-1790976263-tronhang672-2397053	134.2	59.940	16.683	16.671	0.012	0.000	0.000	0.007	0.000	0.005	14.900	16.011	0.014	0.658	0.962	12.848	1.392
0-1790976263-tronhang672-2397053	136.2	59.940	16.683	16.679	0.005	0.000	0.000	0.005	0.000	0.000	14.700	16.117	0.015	0.551	0.963	12.848	1.392
0-1790976263-tronhang672-2397053	138.2	59.918	16.690	16.570	0.120	0.003	0.006	0.104	0.000	0.007	14.200	16.074	0.013	0.602	0.969	12.884	1.199
0-1790976263-tronhang672-2397053	140.2	59.940	16.683	16.572	0.111	0.007	0.009	0.070	0.000	0.025	14.900	16.189	0.017	0.478	0.968	12.884	1.199
0-1790976263-tronhang672-2397053	142.2	59.962	16.677	16.487	0.190	0.003	0.009	0.161	0.001	0.016	14.900	16.110	0.013	0.555	0.960	12.884	1.199
0-1790976263-tronhang672-2397053	144.2	59.910	16.692	16.583	0.109	0.001	0.000	0.098	0.001	0.008	14.900	15.999	0.021	0.672	0.962	12.884	1.199
0-1790976263-tronhang672-2397053	146.2	59.970	16.675	16.560	0.115	0.006	0.003	0.094	0.000	0.013	14.600	16.092	0.017	0.565	0.969	12.884	1.199
0-1790976263-tronhang672-2397053	148.2	59.918	16.689	16.687	0.002	0.000	0.000	0.002	0.000	0.000	14.900	16.153	0.011	0.525	0.969	13.079	1.201
0-1790976263-tronhang672-2397053	150.2	59.962	16.677	16.559	0.118	0.005	0.001	0.105	0.000	0.007	14.700	16.180	0.012	0.485	0.971	13.079	1.201
0-1790976263-tronhang672-2397053	152.2	59.910	16.692	16.580	0.111	0.000	0.004	0.108	0.000	0.000	14.900	16.179	0.010	0.503	0.964	13.079	1.201
0-1790976263-tronhang672-2397053	154.2	59.940	16.683	16.571	0.112	0.000	0.006	0.104	0.001	0.000	14.200	16.092	0.013	0.578	0.967	13.079	1.201
0-1790976263-tronhang672-2397053	156.2	59.948	16.681	16.570	0.111	0.002	0.006	0.101	0.002	0.000	14.800	16.160	0.012	0.509	0.969	13.079	1.201
0-1790976263-tronhang672-2397053	158.2	59.954	16.679	16.678	0.001	0.000	0.000	0.001	0.000	0.000	14.800	16.091	0.016	0.573	0.958	13.344	1.154
0-1790976263-tronhang672-2397053	160.2	59.918	16.689	16.472	0.217	0.003	0.007	0.206	0.000	0.000	14.500	15.976	0.014	0.699	0.960	13.344	1.154
0-1790976263-tronhang672-2397053	162.2	59.940	16.683	16.682	0.002	0.000	0.000	0.001	0.001	0.000	14.700	16.003	0.021	0.660	0.960	13.344	1.154
0-1790976263-tronhang672-2397053	164.2	59.940	16.683	16.571	0.113	0.007	0.002	0.104	0.000	0.000	14.800	16.046	0.015	0.623	0.971	13.344	1.154
0-1790976263-tronhang672-2397053	166.3	59.940	16.683	16.362	0.321	0.014	0.008	0.299	0.001	0.000	14.700	16.224	0.010	0.449	0.956	13.344	1.154
0-1790976263-tronhang672-2397053	168.3	59.940	16.683	16.566	0.117	0.007	0.006	0.104	0.001	0.000	14.800	15.912	0.024	0.748	0.961	12.993	1.087
0-1790976263-tronhang672-2397053	170.3	59.931	16.686	16.469	0.217	0.009	0.001	0.206	0.000	0.000	14.700	16.015	0.020	0.652	0.958	12.993	1.087
0-1790976263-tronhang672-2397053	172.3	59.949	16.681	16.680	0.001	0.000	0.000	0.000	0.001	0.000	14.700	15.986	0.021	0.675	0.938	12.993	1.087
0-1790976263-tronhang672-2397053	174.3	59.940	16.683	16.682	0.001	0.000	0.000	0.000	0.001	0.000	14.800	15.582	0.028	1.074	0.945	12.993	1.087
0-1790976263-tronhang672-2397053	176.3	59.940	16.683	16.591	0.092	0.000	0.007	0.085	0.000	0.000	14.900	15.793	0.025	0.865	0.951	12.993	1.087
0-1790976263-tronhang672-2397053	178.3	59.940	16.683	16.465	0.218	0.006	0.011	0.201	0.000	0.000	14.900	15.864	0.016	0.803	0.948	13.615	1.070
0-1790976263-tronhang672-2397053	180.3	59.931	16.686	16.681	0.005	0.000	0.000	0.005	0.000	0.000	14.800	15.871	0.020	0.795	0.966	13.615	1.070
0-1790976263-tronhang672-2397053	182.3	59.950	16.681	16.611	0.069	0.001	0.001	0.066	0.001	0.000	14.800	16.128	0.014	0.539	0.963	13.615	1.070
0-1790976263-tronhang672-2397053	184.3	59.940	16.683	16.467	0.216	0.001	0.003	0.212	0.000	0.000	14.700	16.052	0.014	0.617	0.962	13.615	1.070
0-1790976263-tronhang672-2397053	186.3	59.910	16.692	16.689	0.003	0.000	0.000	0.003	0.000	0.000	14.800	16.014	0.015	0.662	0.944	13.615	1.070
0-1790976263-tronhang672-2397053	188.3	59.970	16.675	16.674	0.001	0.000	0.000	0.000	0.001	0.000	14.600	15.799	0.022	0.854	0.949	13.253	1.061
0-1790976263-tronhang672-2397053	190.3	59.930	16.686	16.576	0.111	0.001	0.007	0.102	0.001	0.000	14.700	15.769	0.024	0.894	0.947	13.253	1.061
0-1790976263-tronhang672-2397053	192.3	59.951	16.680	16.672	0.008	0.000	0.000	0.008	0.000	0.000	14.700	15.778	0.025	0.877	0.954	13.253	1.061
0-1790976263-tronhang672-2397053	194.3	59.930	16.686	16.579	0.107	0.004	0.001	0.101	0.001	0.000	14.900	15.954	0.016	0.716	0.951	13.253	1.061
0-1790976263-tronhang672-2397053	196.3	59.951	16.680	16.501	0.180	0.010	0.002	0.167	0.001	0.000	14.900	15.868	0.020	0.792	0.942	13.253	1.061
0-1790976263-tronhang672-2397053	198.4	59.910	16.692	16.481	0.211	0.007	0.004	0.200	0.000	0.000	14.900	15.651	0.025	1.016	0.942	12.935	1.262
0-1790976263-tronhang672-2397053	200.4	59.960	16.678	16.565	0.113	0.003	0.003	0.107	0.000	0.001	14.600	15.725	0.019	0.934	0.945	12.935	1.262
0-1790976263-tronhang672-2397053	202.4	59.921	16.689	16.688	0.001	0.000	0.000	0.000	0.001	0.000	14.800	15.813	0.023	0.852	0.953	12.935	1.262
0-1790976263-tronhang672-2397053	204.4	59.940	16.683	16.589	0.094	0.007	0.005	0.082	0.001	0.000	14.700	15.883	0.019	0.781	0.950	12.935	1.262
0-1790976263-tronhang672-2397053	206.4	59.940	16.683	16.676	0.007	0.000	0.000	0.007	0.000	0.000	14.300	15.917	0.022	0.744	0.952	12.935	1.262
0-1790976263-tronhang672-2397053	208.4	59.940	16.683	16.507	0.176	0.007	0.001	0.169	0.000	0.000	14.700	15.826	0.017	0.840	0.953	12.918	1.248
0-1790976263-tronhang672-2397053	210.4	59.940	16.683	16.476	0.208	0.010	0.006	0.187	0.002	0.003	14.900	15.893	0.016	0.774	0.954	12.918	1.248
0-1790976263-tronhang672-2397053	212.4	59.940	16.683	16.584	0.100	0.002	0.002	0.094	0.001	0.002	14.900	15.942	0.018	0.723	0.963	12.918	1.248
0-1790976263-tronhang672-2397053	214.4	59.940	16.683	16.682	0.001	0.000	0.000	0.001	0.000	0.000	14.900	16.084	0.013	0.586	0.967	12.918	1.248
0-1790976263-tronhang672-2397053	216.4	59.930	16.686	16.472	0.215	0.012	0.004	0.197	0.000	0.001	14.800	16.150	0.017	0.519	0.971	12.918	1.248
0-1790976263-tronhang672-2397053	218.4	59.940	16.683	16.676	0.007	0.000	0.000	0.007	0.000	0.000	14.900	16.201	0.010	0.473	0.966	13.311	1.014
0-1790976263-tronhang672-2397053	220.4	59.932	16.686	16.362	0.323	0.009	0.008	0.302	0.001	0.003	14.900	16.021	0.018	0.647	0.954	13.311	1.014
0-1790976263-tronhang672-2397053	222.4	59.826	16.715	16.608	0.107	0.005	0.007	0.093	0.001	0.001	14.600	16.019	0.017	0.679	0.956	13.311	1.014
0-1790976263-tronhang672-2397053	224.4	60.070	16.647	16.534	0.113	0.004	0.004	0.104	0.000	0.001	14.800	15.928	0.023	0.696	0.963	13.311	1.014
0-1790976263-tronhang672-2397053	226.4	59.940	16.683	16.570	0.113	0.003	0.002	0.107	0.001	0.001	14.800	16.076	0.016	0.592	0.965	13.311	1.014
0-1790976263-tronhang672-2397053	228.4	59.940	16.683	16.677	0.006	0.000	0.000	0.005	0.001	0.000	14.800	16.066	0.015	0.603	0.959	13.197	1.064
0-1790976263-tronhang672-2397053	230.4	59.922	16.688	16.582	0.106	0.001	0.005	0.099	0.001	0.000	14.900	15.925	0.020	0.744	0.946	13.197	1.064
0-1790976263-tronhang672-2397053	232.4	59.929	16.687	16.579	0.107	0.005	0.005	0.096	0.001	0.001	14.800	15.768	0.017	0.901	0.950	13.197	1.064
0-1790976263-tronhang672-2397053	234.4	59.959	16.678	16.604	0.075	0.001	0.002	0.071	0.000	0.000	14.800	15.905	0.018	0.755	0.951	13.197	1.064
0-1790976263-tronhang672-2397053	236.4	59.922	16.688	16.462	0.227	0.010	0.007	0.207	0.000	0.003	14.300	15.890	0.018	0.781	0.974	13.197	1.064
0-1790976263-tronhang672-2397053	238.4	59.970	16.675	16.461	0.214	0.010	0.005	0.197	0.001	0.001	14.500	16.192	0.022	0.461	0.945	13.262	1.182
0-1790976263-tronhang672-2397053	240.4	59.940	16.683	16.479	0.204	0.010	0.002	0.191	0.000	0.002	14.600	15.775	0.023	0.886	0.954	13.262	1.182
0-1790976263-tronhang672-2397053	242.4	59.929	16.687	16.572	0.114	0.003	0.007	0.101	0.000	0.002	14.900	15.972	0.025	0.690	0.971	13.262	1.182
0-1790976263-tronhang672-2397053	244.4	59.899	16.695	16.585	0.110	0.005	0.002	0.101	0.000	0.002	14.600	16.170	0.010	0.515	0.962	13.262	1.182
0-1790976263-tronhang672-2397053	246.4	59.963	16.677	16.676	0.001	0.000	0.000	0.000	0.001	0.000	14.700	16.048	0.014	0.615	0.970	13.262	1.182
0-1790976263-tronhang672-2397053	248.4	59.940	16.683	16.574	0.109	0.006	0.004	0.097	0.000	0.002	14.800	16.212	0.009	0.463	0.972	13.795	1.117
0-1790976263-tronhang672-2397053	250.4	59.940	16.683	16.577	0.106	0.003	0.001	0.100	0.000	0.002	15.000	16.206	0.008	0.470	0.974	13.795	1.117
0-1790976263-tronhang672-2397053	252.4	59.940	16.683	16.573	0.111	0.002	0.000	0.106	0.001	0.001	14.200	16.243	0.014	0.426	0.974	13.795	1.117
0-1790976263-tronhang672-2397053	254.4	59.940	16.683	16.584	0.100	0.000	0.004	0.093	0.000	0.003	14.700	16.192	0.013	0.479	0.964	13.795	1.117
0-1790976263-tronhang672-2397053	256.4	59.940	16.683	16.473	0.210	0.011	0.001	0.194	0.001	0.004	14.700	16.140	0.014	0.529	0.965	13.795	1.117
0-1790976263-tronhang672-2397053	258.4	59.940	16.683	16.301	0.383	0.012	0.008	0.356	0.000	0.007	14.300	16.025	0.014	0.644	0.959	13.188	1.229
0-1790976263-tronhang672-2397053	260.4	59.929	16.687	16.576	0.111	0.001	0.001	0.106	0.000	0.002	14.800	16.027	0.018	0.642	0.960	13.188	1.229
0-1790976263-tronhang672-2397053	262.5	59.952	16.680	16.574	0.106	0.003	0.006	0.095	0.000	0.001	14.800	16.031	0.010	0.639	0.956	13.188	1.229
0-1790976263-tronhang672-2397053	264.5	59.940	16.683	16.158	0.525	0.018	0.032	0.465	0.001	0.009	14.700	15.963	0.014	0.707	0.953	13.188	1.229
0-1790976263-tronhang672-2397053	266.5	59.940	16.683	16.676	0.008	0.000	0.000	0.007	0.001	0.000	14.800	15.884	0.022	0.778	0.956	13.188	1.229
0-1790976263-tronhang672-2397053	268.5	59.922	16.688	16.570	0.118	0.001	0.002	0.113	0.000	0.002	14.500	15.947	0.020	0.721	0.970	13.236	1.140
0-1790976263-tronhang672-2397053	270.5	59.959	16.678	16.379	0.300	0.011	0.009	0.273	0.001	0.006	14.700	16.174	0.016	0.488	0.964	13.236	1.140
0-1790976263-tronhang672-2397053	272.5	59.940	16.683	16.566	0.117	0.006	0.003	0.106	0.000	0.002	14.800	16.089	0.011	0.583	0.963	13.236	1.140
0-1790976263-tronhang672-2397053	274.5	59.940	16.683	16.155	0.528	0.015	0.025	0.477	0.001	0.011	14.500	16.042	0.019	0.623	0.961	13.236	1.140
0-1790976263-tronhang672-2397053	276.5	59.899	16.695	16.480	0.215	0.004	0.008	0.199	0.001	0.004	14.900	16.044	0.014	0.637	0.961	13.236	1.140
0-1790976263-tronhang672-2397053	278.5	59.952	16.680	16.564	0.116	0.006	0.004	0.103	0.000	0.002	14.800	16.054	0.019	0.606	0.967	13.155	1.043
0-1790976263-tronhang672-2397053	280.5	59.940	16.683	16.565	0.118	0.007	0.004	0.104	0.000	0.002	14.900	16.126	0.009	0.548	0.973	13.155	1.043
0-1790976263-tronhang672-2397053	282.5	59.940	16.683	16.579	0.104	0.000	0.000	0.102	0.000	0.002	14.900	16.204	0.012	0.468	0.973	13.155	1.043
0-1790976263-tronhang672-2397053	284.5	59.940	16.683	16.605	0.078	0.005	0.001	0.070	0.000	0.002	14.800	16.247	0.009	0.427	0.975	13.155	1.043
0-1790976263-tronhang672-2397053	286.5	59.940	16.683	16.573	0.110	0.000	0.000	0.107	0.000	0.003	14.800	16.273	0.007	0.403	0.972	13.155	1.043
0-1790976263-tronhang672-2397053	288.5	59.940	16.683	16.676	0.008	0.000	0.000	0.007	0.001	0.000	14.800	16.144	0.014	0.525	0.960	13.501	1.133
0-1790976263-tronhang672-2397053	290.5	59.940	16.683	16.680	0.004	0.000	0.000	0.004	0.000	0.000	14.900	16.045	0.014	0.625	0.962	13.501	1.133
0-1790976263-tronhang672-2397053	292.5	59.940	16.683	16.577	0.106	0.005	0.001	0.099	0.000	0.001	14.800	16.053	0.017	0.613	0.968	13.501	1.133
0-1790976263-tronhang672-2397053	294.5	59.940	16.683	16.172	0.511	0.008	0.019	0.467	0.001	0.016	14.500	16.130	0.010	0.543	0.969	13.501	1.133
0-1790976263-tronhang672-2397053	296.5	59.940	16.683	16.564	0.119	0.005	0.004	0.107	0.000	0.004	14.700	16.188	0.012	0.483	0.965	13.501	1.133
0-1790976263-tronhang672-2397053	298.5	59.940	16.683	16.572	0.111	0.002	0.002	0.102	0.002	0.003	14.800	16.055	0.013	0.616	0.962	13.042	1.115
0-1790976263-tronhang672-2397053	300.5	59.923	16.688	16.687	0.001	0.000	0.000	0.000	0.001	0.000	14.800	16.087	0.023	0.578	0.965	13.042	1.115
0-1790976263-tronhang672-2397053	302.5	59.958	16.678	16.458	0.220	0.008	0.006	0.198	0.001	0.007	14.500	16.101	0.013	0.565	0.966	13.042	1.115
0-1790976263-tronhang672-2397053	304.5	59.940	16.683	16.585	0.098	0.008	0.007	0.081	0.000	0.002	14.900	16.116	0.015	0.552	0.968	13.042	1.115
0-1790976263-tronhang672-2397053	306.5	59.940	16.683	16.365	0.318	0.009	0.008	0.294	0.000	0.007	14.900	16.121	0.014	0.548	0.967	13.042	1.115
0-1790976263-tronhang672-2397053	308.5	59.940	16.683	16.395	0.288	0.006	0.011	0.265	0.000	0.006	14.900	16.153	0.016	0.515	0.966	13.421	1.169
0-1790976263-tronhang672-2397053	310.5	59.915	16.690	16.690	0.001	0.000	0.000	0.000	0.001	0.000	14.800	16.111	0.016	0.563	0.969	13.421	1.169
0-1790976263-tronhang672-2397053	312.5	59.948	16.681	16.248	0.433	0.011	0.015	0.394	0.000	0.013	13.500	16.150	0.010	0.521	0.973	13.421	1.169
0-1790976263-tronhang672-2397053	314.5	59.945	16.682	16.361	0.321	0.010	0.017	0.285	0.001	0.009	14.800	16.253	0.009	0.420	0.978	13.421	1.169
0-1790976263-tronhang672-2397053	316.5	59.923	16.688	16.688	0.001	0.000	0.000	0.000	0.000	0.000	14.800	16.329	0.008	0.352	0.975	13.421	1.169
0-1790976263-tronhang672-2397053	318.5	59.957	16.678	16.566	0.113	0.007	0.000	0.101	0.001	0.003	14.800	16.261	0.013	0.405	0.977	13.516	1.154
0-1790976263-tronhang672-2397053	320.5	59.923	16.688	16.364	0.324	0.012	0.013	0.289	0.000	0.011	14.100	16.294	0.011	0.383	0.969	13.516	1.154
0-1790976263-tronhang672-2397053	322.5	59.940	16.683	16.683	0.000	0.000	0.000	0.000	0.000	0.000	14.700	16.164	0.012	0.507	0.973	13.516	1.154
0-1790976263-tronhang672-2397053	324.5	59.940	16.683	16.570	0.113	0.000	0.004	0.106	0.000	0.004	14.800	16.224	0.014	0.445	0.969	13.516	1.154
0-1790976263-tronhang672-2397053	326.6	59.940	16.683	16.676	0.007	0.000	0.000	0.007	0.000	0.000	14.900	16.154	0.012	0.518	0.971	13.516	1.154
0-1790976263-tronhang672-2397053	328.6	59.940	16.683	16.473	0.210	0.008	0.008	0.185	0.001	0.008	14.600	16.179	0.012	0.492	0.970	12.992	1.151
0-1790976263-tronhang672-2397053	330.6	59.940	16.683	16.570	0.113	0.004	0.008	0.097	0.000	0.003	14.800	16.188	0.010	0.485	0.967	12.992	1.151
0-1790976263-tronhang672-2397053	332.6	59.923	16.688	16.687	0.001	0.000	0.000	0.000	0.001	0.000	14.800	16.120	0.016	0.552	0.963	12.992	1.151
0-1790976263-tronhang672-2397053	334.6	59.940	16.683	16.505	0.178	0.008	0.006	0.157	0.000	0.006	14.200	16.082	0.013	0.588	0.975	12.992	1.151
0-1790976263-tronhang672-2397053	336.6	59.957	16.679	16.566	0.113	0.005	0.002	0.103	0.000	0.003	14.800	16.230	0.020	0.429	0.968	12.992	1.151
0-1790976263-tronhang672-2397053	338.6	59.940	16.683	16.680	0.003	0.000	0.000	0.003	0.000	0.000	14.800	16.155	0.012	0.516	0.961	13.023	1.099
0-1790976263-tronhang672-2397053	340.6	59.940	16.683	16.580	0.104	0.000	0.004	0.096	0.000	0.004	14.900	16.027	0.017	0.639	0.972	13.023	1.099
0-1790976263-tronhang672-2397053	342.6	59.940	16.683	16.460	0.223	0.010	0.008	0.196	0.000	0.009	15.000	16.243	0.014	0.427	0.976	13.023	1.099
0-1790976263-tronhang672-2397053	344.6	59.940	16.683	16.582	0.102	0.004	0.003	0.091	0.000	0.004	14.700	16.276	0.008	0.399	0.972	13.023	1.099
0-1790976263-tronhang672-2397053	346.6	59.940	16.683	16.566	0.117	0.006	0.002	0.106	0.000	0.003	14.900	16.211	0.009	0.463	0.976	13.023	1.099
0-1790976263-tronhang672-2397053	348.6	59.910	16.692	16.468	0.223	0.002	0.009	0.203	0.000	0.010	14.900	16.299	0.005	0.388	0.975	13.154	1.027
0-1790976263-tronhang672-2397053	350.6	59.954	16.680	16.675	0.005	0.000	0.000	0.005	0.000	0.000	14.900	16.258	0.009	0.412	0.982	13.154	1.027
0-1790976263-tronhang672-2397053	352.6	59.827	16.715	16.612	0.103	0.008	0.007	0.084	0.000	0.004	14.800	16.408	0.009	0.298	0.970	13.154	1.027
0-1790976263-tronhang672-2397053	354.6	60.069	16.647	16.223	0.425	0.011	0.020	0.371	0.001	0.022	14.500	16.160	0.012	0.475	0.965	13.154	1.027
0-1790976263-tronhang672-2397053	356.6	59.940	16.683	16.682	0.001	0.000	0.000	0.000	0.001	0.000	14.900	16.092	0.011	0.579	0.974	13.154	1.027
0-1790976263-tronhang672-2397053	358.6	59.927	16.687	16.594	0.093	0.003	0.002	0.084	0.000	0.004	14.900	16.256	0.009	0.422	0.975	13.417	1.125
0-1790976263-tronhang672-2397053	360.6	59.940	16.683	16.493	0.190	0.008	0.002	0.172	0.000	0.008	14.800	16.265	0.013	0.405	0.969	13.417	1.125
0-1790976263-tronhang672-2397053	362.6	59.924	16.688	16.360	0.328	0.010	0.011	0.291	0.000	0.015	14.700	16.152	0.013	0.523	0.968	13.417	1.125
0-1790976263-tronhang672-2397053	364.6	59.940	16.683	16.566	0.117	0.003	0.003	0.108	0.000	0.003	14.800	16.149	0.010	0.525	0.973	13.417	1.125
0-1790976263-tronhang672-2397053	366.6	59.940	16.683	16.459	0.224	0.008	0.013	0.192	0.000	0.010	14.500	16.228	0.006	0.449	0.981	13.417	1.125
0-1790976263-tronhang672-2397053	368.6	59.940	16.683	16.463	0.220	0.006	0.009	0.199	0.000	0.008	14.800	16.364	0.009	0.310	0.974	13.044	1.195
0-1790976263-tronhang672-2397053	370.6	59.940	16.683	16.573	0.111	0.003	0.000	0.102	0.000	0.005	14.900	16.245	0.011	0.427	0.971	13.044	1.195
0-1790976263-tronhang672-2397053	372.6	59.940	16.683	16.264	0.419	0.012	0.008	0.379	0.000	0.020	14.500	16.198	0.013	0.472	0.967	13.044	1.195
0-1790976263-tronhang672-2397053	374.7	59.940	16.683	16.579	0.104	0.000	0.002	0.097	0.000	0.005	14.800	16.126	0.011	0.547	0.973	13.044	1.195
0-1790976263-tronhang672-2397053	376.7	59.940	16.683	16.468	0.215	0.010	0.008	0.190	0.000	0.007	14.800	16.243	0.011	0.430	0.974	13.044	1.195
0-1790976263-tronhang672-2397053	378.7	59.940	16.683	16.677	0.006	0.000	0.000	0.006	0.000	0.000	14.800	16.249	0.009	0.426	0.977	13.735	1.028
0-1790976263-tronhang672-2397053	380.7	59.940	16.683	16.571	0.112	0.008	0.001	0.100	0.000	0.003	14.700	16.295	0.006	0.382	0.976	13.735	1.028
0-1790976263-tronhang672-2397053	382.7	59.940	16.683	16.683	0.000	0.000	0.000	0.000	0.000	0.000	14.700	16.270	0.008	0.405	0.982	13.735	1.028
0-1790976263-tronhang672-2397053	384.7	59.940	16.683	16.505	0.178	0.007	0.009	0.155	0.000	0.006	13.400	16.375	0.005	0.303	0.972	13.735	1.028
0-1790976263-tronhang672-2397053	386.7	59.940	16.683	16.677	0.006	0.000	0.000	0.006	0.000	0.000	14.700	16.219	0.014	0.451	0.973	13.735	1.028
0-1790976263-tronhang672-2397053	388.7	59.926	16.687	16.473	0.214	0.005	0.001	0.197	0.000	0.011	14.800	16.243	0.008	0.437	0.974	13.150	1.259
0-1790976263-tronhang672-2397053	390.7	59.882	16.699	16.584	0.115	0.000	0.007	0.101	0.000	0.007	14.900	16.265	0.009	0.425	0.973	13.150	1.259
0-1790976263-tronhang672-2397053	392.7	59.998	16.667	16.556	0.111	0.000	0.002	0.105	0.000	0.005	14.800	16.206	0.009	0.452	0.974	13.150	1.259
0-1790976263-tronhang672-2397053	394.7	59.925	16.688	16.683	0.004	0.000	0.000	0.003	0.001	0.000	14.900	16.250	0.012	0.426	0.973	13.150	1.259
0-1790976263-tronhang672-2397053	396.7	59.940	16.683	16.577	0.107	0.003	0.002	0.096	0.000	0.005	14.900	16.237	0.008	0.438	0.975	13.150	1.259
0-1790976263-tronhang672-2397053	398.7	59.955	16.679	16.562	0.117	0.000	0.005	0.106	0.000	0.005	14.500	16.252	0.007	0.421	0.979	13.000	1.222
0-1790976263-tronhang672-2397053	400.7	59.941	16.683	16.574	0.109	0.005	0.002	0.096	0.000	0.005	14.800	16.320	0.015	0.348	0.977	13.000	1.222
0-1790976263-tronhang672-2397053	402.7	59.939	16.684	16.469	0.214	0.006	0.007	0.189	0.000	0.012	14.700	16.304	0.009	0.371	0.969	13.000	1.222
0-1790976263-tronhang672-2397053	404.7	59.925	16.687	16.687	0.000	0.000	0.000	0.000	0.000	0.000	14.900	16.163	0.012	0.513	0.975	13.000	1.222
0-1790976263-tronhang672-2397053	406.7	59.940	16.683	16.570	0.113	0.003	0.002	0.102	0.000	0.005	14.700	16.267	0.010	0.406	0.973	13.000	1.222
0-1790976263-tronhang672-2397053	408.7	59.940	16.683	16.473	0.210	0.012	0.005	0.183	0.000	0.010	14.700	16.214	0.009	0.461	0.967	13.141	1.011
0-1790976263-tronhang672-2397053	410.7	59.940	16.683	16.500	0.183	0.007	0.006	0.161	0.000	0.009	14.800	16.133	0.006	0.545	0.972	13.141	1.011
0-1790976263-tronhang672-2397053	412.7	59.940	16.683	16.574	0.109	0.008	0.002	0.094	0.000	0.006	14.800	16.213	0.012	0.458	0.976	13.141	1.011
0-1790976263-tronhang672-2397053	414.7	59.940	16.683	16.572	0.112	0.005	0.001	0.100	0.000	0.005	14.800	16.268	0.004	0.411	0.980	13.141	1.011
0-1790976263-tronhang672-2397053	416.7	59.940	16.683	16.364	0.320	0.004	0.005	0.292	0.000	0.019	14.700	16.345	0.006	0.332	0.978	13.141	1.011
0-1790976263-tronhang672-2397053	418.7	59.940	16.683	16.481	0.203	0.011	0.009	0.173	0.000	0.010	14.800	16.311	0.011	0.361	0.970	13.377	1.214
0-1790976263-tronhang672-2397053	420.7	59.940	16.683	16.476	0.207	0.002	0.006	0.186	0.000	0.013	14.800	16.178	0.007	0.498	0.973	13.377	1.214
0-1790976263-tronhang672-2397053	422.7	59.925	16.687	16.574	0.113	0.005	0.001	0.101	0.000	0.006	14.900	16.237	0.010	0.440	0.975	13.377	1.214
0-1790976263-tronhang672-2397053	424.8	59.939	16.684	16.593	0.090	0.007	0.005	0.072	0.000	0.006	14.800	16.257	0.009	0.417	0.971	13.377	1.214
0-1790976263-tronhang672-2397053	426.8	59.956	16.679	16.353	0.326	0.011	0.015	0.278	0.000	0.021	13.900	16.201	0.012	0.466	0.970	13.377	1.214
0-1790976263-tronhang672-2397053	428.8	59.940	16.683	16.568	0.115	0.007	0.005	0.098	0.000	0.005	14.500	16.172	0.011	0.500	0.971	13.356	1.039
0-1790976263-tronhang672-2397053	430.8	59.924	16.688	16.686	0.002	0.000	0.000	0.002	0.000	0.000	14.800	16.218	0.016	0.454	0.974	13.356	1.039
0-1790976263-tronhang672-2397053	432.8	59.956	16.679	16.469	0.210	0.007	0.005	0.187	0.000	0.012	14.700	16.235	0.006	0.437	0.980	13.356	1.039
0-1790976263-tronhang672-2397053	434.8	59.940	16.683	16.567	0.116	0.003	0.002	0.104	0.000	0.006	14.800	16.348	0.005	0.330	0.971	13.356	1.039
0-1790976263-tronhang672-2397053	436.8	59.940	16.683	16.262	0.421	0.011	0.011	0.378	0.000	0.020	14.800	16.195	0.013	0.475	0.974	13.356	1.039
0-1790976263-tronhang672-2397053	438.8	59.924	16.688	16.476	0.212	0.008	0.011	0.180	0.000	0.013	14.700	16.271	0.009	0.408	0.975	13.096	1.036
0-1790976263-tronhang672-2397053	440.8	59.927	16.687	16.572	0.115	0.008	0.003	0.097	0.000	0.006	14.900	16.258	0.013	0.416	0.973	13.096	1.036
0-1790976263-tronhang672-2397053	442.8	59.954	16.680	16.679	0.000	0.000	0.000	0.000	0.000	0.000	14.800	16.214	0.008	0.458	0.973	13.096	1.036
0-1790976263-tronhang672-2397053	444.8	59.927	16.687	16.684	0.003	0.000	0.000	0.003	0.000	0.000	14.800	16.246	0.012	0.429	0.976	13.096	1.036
0-1790976263-tronhang672-2397053	446.8	59.940	16.683	16.466	0.217	0.011	0.010	0.183	0.000	0.013	14.800	16.282	0.006	0.395	0.975	13.096	1.036
0-1790976263-tronhang672-2397053	448.8	59.940	16.683	16.683	0.000	0.000	0.000	0.000	0.000	0.000	14.600	16.245	0.011	0.428	0.979	14.006	1.083
0-1790976263-tronhang672-2397053	450.8	59.940	16.683	16.677	0.006	0.000	0.000	0.006	0.000	0.000	14.700	16.345	0.006	0.332	0.976	14.006	1.083
0-1790976263-tronhang672-2397053	452.8	59.940	16.683	16.466	0.218	0.007	0.002	0.194	0.000	0.014	14.800	16.272	0.007	0.404	0.975	14.006	1.083
0-1790976263-tronhang672-2397053	454.8	59.940	16.683	16.469	0.214	0.011	0.011	0.180	0.000	0.012	14.700	16.251	0.012	0.421	0.973	14.006	1.083
0-1790976263-tronhang672-2397053	456.8	59.940	16.683	16.273	0.410	0.009	0.009	0.366	0.000	0.025	14.700	16.240	0.007	0.436	0.969	14.006	1.083
0-1790976263-tronhang672-2397053	458.8	59.940	16.683	16.680	0.003	0.000	0.000	0.003	0.000	0.000	14.800	16.165	0.014	0.504	0.977	13.273	1.057
0-1790976263-tronhang672-2397053	460.8	59.927	16.687	16.502	0.185	0.007	0.008	0.158	0.000	0.011	14.700	16.278	0.006	0.403	0.974	13.273	1.057
0-1790976263-tronhang672-2397053	462.8	59.936	16.684	16.568	0.116	0.001	0.008	0.097	0.000	0.010	14.900	16.268	0.014	0.403	0.976	13.273	1.057
0-1790976263-tronhang672-2397053	464.8	59.957	16.679	16.476	0.202	0.008	0.000	0.180	0.001	0.013	14.700	16.249	0.006	0.424	0.980	13.273	1.057
0-1790976263-tronhang672-2397053	466.8	59.940	16.683	16.671	0.013	0.000	0.000	0.013	0.000	0.000	14.800	16.372	0.008	0.303	0.976	13.273	1.057
0-1790976263-tronhang672-2397053	468.8	59.940	16.683	16.356	0.328	0.013	0.005	0.289	0.000	0.020	14.300	16.269	0.007	0.408	0.973	12.936	1.120
0-1790976263-tronhang672-2397053	470.8	59.940	16.683	16.470	0.213	0.010	0.009	0.180	0.000	0.014	14.900	16.243	0.016	0.424	0.972	12.936	1.120
0-1790976263-tronhang672-2397053	472.8	59.940	16.683	16.677	0.007	0.000	0.000	0.006	0.000	0.000	14.900	16.208	0.013	0.462	0.975	12.936	1.120
0-1790976263-tronhang672-2397053	474.9	59.897	16.695	16.690	0.006	0.000	0.000	0.006	0.000	0.000	14.600	16.264	0.009	0.423	0.972	12.936	1.120
0-1790976263-tronhang672-2397053	476.9	59.983	16.671	16.558	0.113	0.001	0.000	0.105	0.000	0.007	14.700	16.215	0.010	0.446	0.977	12.936	1.120
0-1790976263-tronhang672-2397053	478.9	59.910	16.692	16.584	0.108	0.001	0.003	0.095	0.000	0.009	14.800	16.282	0.003	0.406	0.972	13.279	1.138
0-1790976263-tronhang672-2397053	480.9	59.958	16.678	16.460	0.218	0.006	0.013	0.189	0.000	0.011	14.500	16.222	0.010	0.446	0.982	13.279	1.138
0-1790976263-tronhang672-2397053	482.9	59.922	16.688	16.362	0.326	0.008	0.017	0.279	0.000	0.022	14.700	16.374	0.007	0.308	0.975	13.279	1.138
0-1790976263-tronhang672-2397053	484.9	59.940	16.683	16.464	0.219	0.007	0.003	0.193	0.001	0.014	14.700	16.278	0.009	0.395	0.972	13.279	1.138
0-1790976263-tronhang672-2397053	486.9	59.940	16.683	16.328	0.355	0.016	0.009	0.306	0.000	0.025	14.800	16.246	0.006	0.431	0.973	13.279	1.138
0-1790976263-tronhang672-2397053	488.9	59.940	16.683	16.285	0.399	0.013	0.010	0.348	0.000	0.027	14.800	16.189	0.008	0.486	0.973	13.452	1.255
0-1790976263-tronhang672-2397053	490.9	59.940	16.683	16.347	0.336	0.007	0.011	0.296	0.000	0.023	14.500	16.234	0.013	0.436	0.974	13.452	1.255
0-1790976263-tronhang672-2397053	492.9	59.940	16.683	16.361	0.322	0.006	0.008	0.288	0.000	0.020	14.800	16.231	0.008	0.444	0.974	13.452	1.255
0-1790976263-tronhang672-2397053	494.9	59.928	16.687	16.678	0.009	0.000	0.000	0.009	0.000	0.000	14.500	16.268	0.015	0.403	0.971	13.452	1.255
0-1790976263-tronhang672-2397053	496.9	59.952	16.680	16.678	0.002	0.000	0.000	0.002	0.000	0.000	14.600	16.181	0.007	0.492	0.980	13.452	1.255
0-1790976263-tronhang672-2397053	498.9	59.940	16.683	16.574	0.109	0.005	0.007	0.090	0.000	0.007	14.700	16.347	0.011	0.325	0.973	13.428	1.007
0-1790976263-tronhang672-2397053	500.9	59.940	16.683	16.567	0.116	0.006	0.004	0.099	0.000	0.007	14.800	16.253	0.006	0.424	0.973	13.428	1.007
0-1790976263-tronhang672-2397053	502.9	59.940	16.683	16.356	0.328	0.004	0.015	0.286	0.001	0.023	14.700	16.221	0.013	0.450	0.974	13.428	1.007
0-1790976263-tronhang672-2397053	504.9	59.940	16.683	16.572	0.111	0.003	0.005	0.095	0.000	0.009	14.800	16.269	0.006	0.408	0.976	13.428	1.007
0-1790976263-tronhang672-2397053	507.0	59.929	16.686	16.680	0.006	0.000	0.000	0.006	0.000	0.000	14.800	16.276	0.008	0.402	0.976	13.428	1.007
0-1790976263-tronhang672-2397053	509.0	59.951	16.680	16.352	0.328	0.009	0.009	0.286	0.000	0.024	14.100	16.273	0.007	0.400	0.976		
0-1790976263-tronhang672-2397053	511.0	59.929	16.686	16.609	0.078	0.001	0.003	0.068	0.000	0.005	14.800	16.272	0.008	0.407	0.974		
0-1790976263-tronhang672-2397053	513.0	59.951	16.680	16.674	0.006	0.000	0.000	0.006	0.000	0.000	14.300	16.247	0.006	0.427	0.982		
0-1790976263-tronhang672-2397053	515.0	59.940	16.683	16.466	0.218	0.004	0.013	0.182	0.000	0.019	14.800	16.377	0.003	0.303	0.976		
0-1790976604-tronhang672-2513164	0.2	60.044	16.655	16.448	0.206	0.009	0.009	0.154	0.000	0.034	14.500	16.189	0.009	0.457	0.973	16.498	1.070
0-1790976604-tronhang672-2513164	2.2	59.940	16.683	16.683	0.000	0.000	0.000	0.000	0.000	0.000	14.500	16.232	0.008	0.443	0.972	16.633	1.108
0-1790976604-tronhang672-2513164	4.3	59.924	16.688	16.512	0.175	0.010	0.006	0.129	0.000	0.029	14.400	16.204	0.018	0.466	0.972	16.633	1.108
0-1790976604-tronhang672-2513164	6.3	59.926	16.687	16.517	0.170	0.005	0.004	0.128	0.000	0.033	14.300	16.251	0.007	0.429	0.970	16.633	1.108
0-1790976604-tronhang672-2513164	8.3	59.970	16.675	16.575	0.100	0.005	0.003	0.074	0.000	0.017	14.600	16.225	0.012	0.438	0.986	16.633	1.108
0-1790976604-tronhang672-2513164	10.3	59.940	16.683	16.502	0.181	0.013	0.005	0.126	0.000	0.037	14.200	16.373	0.007	0.303	0.974	16.633	1.108
0-1790976604-tronhang672-2513164	12.3	32.991	30.311	27.300	3.011	0.003	0.000	0.779	2.089	0.140	14.500	29.286	0.030	0.995	0.824	30.932	4.818
0-1790976604-tronhang672-2513164	14.3	25.287	39.546	39.522	0.024	0.000	0.000	0.011	0.009	0.003	17.000	30.451	0.126	8.969	0.793	30.932	4.818
0-1790976604-tronhang672-2513164	16.3	29.770	33.591	33.591	0.000	0.000	0.000	0.000	0.000	0.000	14.900	26.561	0.058	6.972	0.777	30.932	4.818
0-1790976604-tronhang672-2513164	18.3	32.595	30.679	30.679	0.000	0.000	0.000	0.000	0.000	0.000	15.100	24.034	0.080	6.566	0.805	30.932	4.818
0-1790976604-tronhang672-2513164	20.3	33.644	29.723	29.723	0.000	0.000	0.000	0.000	0.000	0.000	16.400	23.977	0.064	5.682	0.808	30.932	4.818
0-1790976604-tronhang672-2513164	22.3	32.483	30.785	30.785	0.000	0.000	0.000	0.000	0.000	0.000	13.500	24.753	0.062	5.970	0.800	32.520	4.562
0-1790976604-tronhang672-2513164	24.3	28.046	35.655	35.655	0.000	0.000	0.000	0.000	0.000	0.000	16.000	28.572	0.096	6.987	0.783	32.520	4.562
0-1790976604-tronhang672-2513164	26.3	27.221	36.736	36.726	0.010	0.000	0.000	0.001	0.009	0.000	16.800	28.617	0.081	8.038	0.787	32.520	4.562
0-1790976604-tronhang672-2513164	28.3	29.689	33.683	33.683	0.000	0.000	0.000	0.000	0.000	0.000	14.800	26.514	0.087	7.081	0.788	32.520	4.562
0-1790976604-tronhang672-2513164	30.3	31.096	32.159	32.146	0.013	0.000	0.000	0.010	0.000	0.003	12.200	25.288	0.057	6.814	0.785	32.520	4.562
0-1790976604-tronhang672-2513164	32.4	31.170	32.082	32.082	0.000	0.000	0.000	0.000	0.000	0.000	14.100	25.391	0.097	6.595	0.792	34.406	4.063
0-1790976604-tronhang672-2513164	34.4	31.056	32.200	32.200	0.000	0.000	0.000	0.000	0.000	0.000	13.900	25.232	0.064	6.904	0.792	34.406	4.063
0-1790976604-tronhang672-2513164	36.4	28.907	34.593	34.593	0.000	0.000	0.000	0.000	0.000	0.000	14.100	27.400	0.061	7.132	0.785	34.406	4.063
0-1790976604-tronhang672-2513164	38.4	28.269	35.374	35.318	0.056	0.001	0.000	0.023	0.028	0.003	15.200	27.879	0.093	7.402	0.785	34.406	4.063
0-1790976604-tronhang672-2513164	40.4	27.908	35.832	35.832	0.000	0.000	0.000	0.000	0.000	0.000	13.600	28.105	0.086	7.640	0.786	34.406	4.063
0-1790976604-tronhang672-2513164	42.4	27.875	35.875	35.859	0.016	0.000	0.014	0.000	0.000	0.001	13.800	24.924	0.081	10.870	0.708	36.303	4.406
0-1790976604-tronhang672-2513164	44.4	29.233	34.208	34.164	0.043	0.000	0.003	0.030	0.002	0.008	13.800	27.520	0.074	6.614	0.715	36.303	4.406
0-1790976604-tronhang672-2513164	46.4	30.695	32.579	32.579	0.000	0.000	0.000	0.000	0.000	0.000	13.900	23.252	0.072	9.255	0.797	36.303	4.406
0-1790976604-tronhang672-2513164	48.4	30.702	32.571	32.571	0.000	0.000	0.000	0.000	0.000	0.000	13.700	25.840	0.080	6.651	0.798	36.303	4.406
0-1790976604-tronhang672-2513164	50.4	29.250	34.188	34.188	0.000	0.000	0.000	0.000	0.000	0.000	14.700	27.355	0.085	6.748	0.791	36.303	4.406
0-1790976604-tronhang672-2513164	52.4	28.501	35.087	35.087	0.000	0.000	0.000	0.000	0.000	0.000	15.200	27.678	0.085	7.324	0.797	34.466	4.029
0-1790976604-tronhang672-2513164	54.4	30.326	32.975	32.975	0.000	0.000	0.000	0.000	0.000	0.000	13.300	26.309	0.090	6.576	0.790	34.466	4.029
0-1790976604-tronhang672-2513164	56.4	32.085	31.168	31.168	0.000	0.000	0.000	0.000	0.000	0.000	11.600	24.600	0.086	6.481	0.795	34.466	4.029
0-1790976604-tronhang672-2513164	58.4	32.048	31.203	31.203	0.000	0.000	0.000	0.000	0.000	0.000	13.800	24.987	0.066	6.150	0.807	34.466	4.029
0-1790976604-tronhang672-2513164	60.5	31.687	31.559	31.559	0.000	0.000	0.000	0.000	0.000	0.000	13.100	25.226	0.060	6.273	0.797	34.466	4.029
0-1790976604-tronhang672-2513164	62.5	29.863	33.486	33.486	0.000	0.000	0.000	0.000	0.000	0.000	13.700	26.950	0.080	6.456	0.806	30.299	4.168
0-1790976604-tronhang672-2513164	64.5	34.332	29.128	29.128	0.000	0.000	0.000	0.000	0.000	0.000	14.500	23.341	0.076	5.711	0.797	30.299	4.168
0-1790976604-tronhang672-2513164	66.5	48.719	20.526	20.526	0.000	0.000	0.000	0.000	0.000	0.000	8.800	16.627	0.037	3.862	0.849	30.299	4.168
0-1790976604-tronhang672-2513164	68.5	40.124	24.923	24.923	0.000	0.000	0.000	0.000	0.000	0.000	14.000	21.011	0.052	3.860	0.804	30.299	4.168
0-1790976604-tronhang672-2513164	70.5	37.678	26.541	26.541	0.000	0.000	0.000	0.000	0.000	0.000	14.700	21.162	0.076	5.302	0.809	30.299	4.168
0-1790976604-tronhang672-2513164	72.5	39.519	25.304	25.304	0.000	0.000	0.000	0.000	0.000	0.000	14.800	20.699	0.060	4.545	0.823	29.230	3.530
0-1790976604-tronhang672-2513164	74.5	39.375	25.397	25.397	0.000	0.000	0.000	0.000	0.000	0.000	13.500	20.910	0.042	4.445	0.824	29.230	3.530
0-1790976604-tronhang672-2513164	76.5	38.672	25.858	25.858	0.000	0.000	0.000	0.000	0.000	0.000	14.700	21.321	0.057	4.480	0.826	29.230	3.530
0-1790976604-tronhang672-2513164	78.5	43.495	22.991	22.991	0.000	0.000	0.000	0.000	0.000	0.000	12.500	19.071	0.042	3.879	0.839	29.230	3.530
0-1790976604-tronhang672-2513164	80.5	41.912	23.860	23.860	0.000	0.000	0.000	0.000	0.000	0.000	13.400	19.987	0.050	3.823	0.831	29.230	3.530
0-1790976604-tronhang672-2513164	82.5	40.978	24.403	24.403	0.000	0.000	0.000	0.000	0.000	0.000	11.800	20.115	0.056	4.232	0.814	28.181	4.620
0-1790976604-tronhang672-2513164	84.5	38.958	25.668	25.668	0.000	0.000	0.000	0.000	0.000	0.000	13.700	20.937	0.055	4.676	0.825	28.181	4.620
0-1790976604-tronhang672-2513164	86.5	38.788	25.781	25.781	0.000	0.000	0.000	0.000	0.000	0.000	14.900	21.335	0.049	4.398	0.822	28.181	4.620
0-1790976604-tronhang672-2513164	88.5	39.357	25.409	25.409	0.000	0.000	0.000	0.000	0.000	0.000	13.600	20.919	0.047	4.443	0.823	28.181	4.620
0-1790976604-tronhang672-2513164	90.5	39.428	25.363	25.363	0.000	0.000	0.000	0.000	0.000	0.000	11.900	20.823	0.054	4.486	0.833	28.181	4.620
0-1790976604-tronhang672-2513164	92.6	43.620	22.925	22.925	0.000	0.000	0.000	0.000	0.000	0.000	11.400	19.136	0.037	3.752	0.839	28.797	4.616
0-1790976604-tronhang672-2513164	94.6	40.956	24.416	24.416	0.000	0.000	0.000	0.000	0.000	0.000	15.100	20.524	0.043	3.850	0.819	28.797	4.616
0-1790976604-tronhang672-2513164	96.6	41.977	23.823	23.823	0.000	0.000	0.000	0.000	0.000	0.000	12.700	19.388	0.057	4.378	0.814	28.797	4.616
0-1790976604-tronhang672-2513164	98.6	40.112	24.930	24.930	0.000	0.000	0.000	0.000	0.000	0.000	12.100	20.324	0.055	4.552	0.819	28.797	4.616
0-1790976604-tronhang672-2513164	100.6	39.675	25.205	25.205	0.000	0.000	0.000	0.000	0.000	0.000	12.100	20.702	0.048	4.454	0.816	28.797	4.616
0-1790976604-tronhang672-2513164	102.6	39.009	25.635	25.635	0.000	0.000	0.000	0.000	0.000	0.000	13.600	20.807	0.047	4.782	0.815	29.269	3.694
0-1790976604-tronhang672-2513164	104.6	42.526	23.515	23.515	0.000	0.000	0.000	0.000	0.000	0.000	10.300	19.266	0.050	4.200	0.836	29.269	3.694
0-1790976604-tronhang672-2513164	106.6	44.093	22.679	22.679	0.000	0.000	0.000	0.000	0.000	0.000	11.200	18.975	0.037	3.667	0.824	29.269	3.694
0-1790976604-tronhang672-2513164	108.6	42.087	23.761	23.761	0.000	0.000	0.000	0.000	0.000	0.000	14.800	19.408	0.048	4.305	0.816	29.269	3.694
0-1790976604-tronhang672-2513164	110.6	40.137	24.915	24.915	0.000	0.000	0.000	0.000	0.000	0.000	13.300	20.451	0.049	4.415	0.824	29.269	3.694
0-1790976604-tronhang672-2513164	112.6	39.539	25.292	25.292	0.000	0.000	0.000	0.000	0.000	0.000	13.500	20.912	0.048	4.332	0.823	29.228	4.149
0-1790976604-tronhang672-2513164	114.6	39.888	25.070	25.070	0.000	0.000	0.000	0.000	0.000	0.000	13.800	20.530	0.053	4.488	0.818	29.228	4.149
0-1790976604-tronhang672-2513164	116.6	38.684	25.851	25.851	0.000	0.000	0.000	0.000	0.000	0.000	11.400	21.138	0.051	4.661	0.831	29.228	4.149
0-1790976604-tronhang672-2513164	118.6	43.310	23.089	23.089	0.000	0.000	0.000	0.000	0.000	0.000	12.100	19.245	0.047	3.798	0.838	29.228	4.149
0-1790976604-tronhang672-2513164	120.6	39.547	25.286	25.286	0.000	0.000	0.000	0.000	0.000	0.000	11.000	21.148	0.044	4.094	0.816	29.228	4.149
0-1790976604-tronhang672-2513164	122.6	42.311	23.634	23.634	0.000	0.000	0.000	0.000	0.000	0.000	12.700	19.250	0.044	4.340	0.813	28.612	4.630
0-1790976604-tronhang672-2513164	124.6	39.607	25.248	25.248	0.000	0.000	0.000	0.000	0.000	0.000	13.200	20.540	0.052	4.656	0.818	28.612	4.630
0-1790976604-tronhang672-2513164	126.7	39.758	25.152	25.152	0.000	0.000	0.000	0.000	0.000	0.000	13.600	20.585	0.052	4.515	0.821	28.612	4.630
0-1790976604-tronhang672-2513164	128.7	40.666	24.591	24.591	0.000	0.000	0.000	0.000	0.000	0.000	14.300	20.207	0.043	4.340	0.822	28.612	4.630
0-1790976604-tronhang672-2513164	130.7	46.633	21.444	21.444	0.000	0.000	0.000	0.000	0.000	0.000	10.600	17.623	0.045	3.776	0.841	28.612	4.630
0-1790976604-tronhang672-2513164	132.7	47.004	21.275	21.275	0.000	0.000	0.000	0.000	0.000	0.000	9.900	17.927	0.040	3.308	0.837	28.478	3.592
0-1790976604-tronhang672-2513164	134.7	43.276	23.108	23.108	0.000	0.000	0.000	0.000	0.000	0.000	13.100	19.207	0.048	3.853	0.811	28.478	3.592
0-1790976604-tronhang672-2513164	136.7	39.861	25.087	25.087	0.000	0.000	0.000	0.000	0.000	0.000	14.200	20.457	0.049	4.581	0.820	28.478	3.592
0-1790976604-tronhang672-2513164	138.7	39.588	25.260	25.260	0.000	0.000	0.000	0.000	0.000	0.000	13.100	20.655	0.057	4.549	0.814	28.478	3.592
0-1790976604-tronhang672-2513164	140.7	40.655	24.597	24.597	0.000	0.000	0.000	0.000	0.000	0.000	14.300	20.044	0.042	4.511	0.824	28.478	3.592
0-1790976604-tronhang672-2513164	142.7	38.856	25.736	25.736	0.000	0.000	0.000	0.000	0.000	0.000	12.500	21.226	0.038	4.472	0.824	29.003	3.811
0-1790976604-tronhang672-2513164	144.7	43.751	22.857	22.857	0.000	0.000	0.000	0.000	0.000	0.000	12.300	18.780	0.046	4.030	0.836	29.003	3.811
0-1790976604-tronhang672-2513164	146.7	41.904	23.864	23.864	0.000	0.000	0.000	0.000	0.000	0.000	11.800	20.023	0.037	3.804	0.825	29.003	3.811
0-1790976604-tronhang672-2513164	148.7	41.106	24.328	24.328	0.000	0.000	0.000	0.000	0.000	0.000	9.100	20.077	0.054	4.197	0.814	29.003	3.811
0-1790976604-tronhang672-2513164	150.7	39.355	25.410	25.410	0.000	0.000	0.000	0.000	0.000	0.000	14.000	20.630	0.047	4.732	0.823	29.003	3.811
0-1790976604-tronhang672-2513164	152.7	39.369	25.401	25.401	0.000	0.000	0.000	0.000	0.000	0.000	13.000	20.923	0.064	4.414	0.825	29.436	4.402
0-1790976604-tronhang672-2513164	154.7	39.101	25.575	25.575	0.000	0.000	0.000	0.000	0.000	0.000	13.000	20.966	0.047	4.561	0.817	29.436	4.402
0-1790976604-tronhang672-2513164	156.7	40.991	24.396	24.396	0.000	0.000	0.000	0.000	0.000	0.000	11.100	19.983	0.057	4.356	0.835	29.436	4.402
0-1790976604-tronhang672-2513164	158.7	43.420	23.031	23.031	0.000	0.000	0.000	0.000	0.000	0.000	11.800	19.292	0.044	3.695	0.836	29.436	4.402
0-1790976604-tronhang672-2513164	160.7	41.845	23.898	23.898	0.000	0.000	0.000	0.000	0.000	0.000	13.600	19.934	0.047	3.916	0.813	29.436	4.402
0-1790976604-tronhang672-2513164	162.7	39.957	25.027	25.027	0.000	0.000	0.000	0.000	0.000	0.000	13.400	20.325	0.073	4.630	0.819	28.913	4.131
0-1790976604-tronhang672-2513164	164.7	39.966	25.021	25.021	-0.000	0.000	0.000	0.000	0.000	0.000	10.400	20.556	0.052	4.413	0.828	28.913	4.131
0-1790976604-tronhang672-2513164	166.7	40.390	24.758	24.758	0.000	0.000	0.000	0.000	0.000	0.000	13.200	20.441	0.045	4.272	0.825	28.913	4.131
0-1790976604-tronhang672-2513164	168.7	38.584	25.918	25.918	0.000	0.000	0.000	0.000	0.000	0.000	11.900	21.417	0.050	4.451	0.831	28.913	4.131
0-1790976604-tronhang672-2513164	170.7	43.389	23.047	23.047	0.000	0.000	0.000	0.000	0.000	0.000	11.100	19.156	0.050	3.842	0.835	28.913	4.131
0-1790976604-tronhang672-2513164	172.7	42.303	23.639	23.639	0.000	0.000	0.000	0.000	0.000	0.000	12.500	19.758	0.041	3.840	0.814	28.185	3.536
0-1790976604-tronhang672-2513164	174.8	41.907	23.862	23.862	0.000	0.000	0.000	0.000	0.000	0.000	11.700	19.311	0.039	4.512	0.813	28.185	3.536
0-1790976604-tronhang672-2513164	176.8	40.637	24.608	24.608	0.000	0.000	0.000	0.000	0.000	0.000	13.000	20.056	0.049	4.503	0.813	28.185	3.536
0-1790976604-tronhang672-2513164	178.8	39.694	25.193	25.193	0.000	0.000	0.000	0.000	0.000	0.000	13.100	20.612	0.062	4.519	0.821	28.185	3.536
0-1790976604-tronhang672-2513164	180.8	39.911	25.056	25.056	0.000	0.000	0.000	0.000	0.000	0.000	14.000	20.452	0.048	4.556	0.819	28.185	3.536
0-1790976604-tronhang672-2513164	182.8	42.149	23.725	23.725	0.000	0.000	0.000	0.000	0.000	0.000	10.400	19.453	0.053	4.219	0.837	29.469	4.408
0-1790976604-tronhang672-2513164	184.8	43.151	23.174	23.174	0.000	0.000	0.000	0.000	0.000	0.000	12.200	19.407	0.045	3.723	0.845	29.469	4.408
0-1790976604-tronhang672-2513164	186.8	41.541	24.073	24.073	0.000	0.000	0.000	0.000	0.000	0.000	14.000	20.392	0.042	3.638	0.811	29.469	4.408
0-1790976604-tronhang672-2513164	188.8	41.221	24.260	24.260	0.000	0.000	0.000	0.000	0.000	0.000	11.100	19.592	0.059	4.609	0.819	29.469	4.408
0-1790976604-tronhang672-2513164	190.8	39.872	25.080	25.080	0.000	0.000	0.000	0.000	0.000	0.000	13.200	20.620	0.044	4.416	0.819	29.469	4.408
0-1790976604-tronhang672-2513164	192.8	39.739	25.164	25.164	0.000	0.000	0.000	0.000	0.000	0.000	13.700	20.554	0.043	4.567	0.825	29.510	4.446
0-1790976604-tronhang672-2513164	194.8	39.577	25.267	25.267	0.000	0.000	0.000	0.000	0.000	0.000	13.700	20.777	0.039	4.451	0.815	29.510	4.446
0-1790976604-tronhang672-2513164	196.8	44.413	22.516	22.516	0.000	0.000	0.000	0.000	0.000	0.000	10.700	18.471	0.040	4.005	0.840	29.510	4.446
0-1790976604-tronhang672-2513164	198.8	42.726	23.405	23.405	0.000	0.000	0.000	0.000	0.000	0.000	10.300	19.675	0.037	3.693	0.831	29.510	4.446
0-1790976604-tronhang672-2513164	200.8	42.035	23.790	23.790	0.000	0.000	0.000	0.000	0.000	0.000	9.700	19.647	0.063	4.080	0.812	29.510	4.446
0-1790976604-tronhang672-2513164	202.8	39.383	25.392	25.392	0.000	0.000	0.000	0.000	0.000	0.000	14.400	20.678	0.056	4.657	0.823	28.918	3.817
0-1790976604-tronhang672-2513164	204.8	39.691	25.195	25.195	0.000	0.000	0.000	0.000	0.000	0.000	13.600	20.763	0.045	4.387	0.822	28.918	3.817
0-1790976604-tronhang672-2513164	206.8	40.617	24.620	24.620	0.000	0.000	0.000	0.000	0.000	0.000	12.900	20.176	0.053	4.391	0.816	28.918	3.817
0-1790976604-tronhang672-2513164	208.8	43.427	23.027	23.027	0.000	0.000	0.000	0.000	0.000	0.000	10.600	18.779	0.048	4.200	0.824	28.918	3.817
0-1790976604-tronhang672-2513164	210.8	49.820	20.072	20.072	0.000	0.000	0.000	0.000	0.000	0.000	10.200	16.573	0.037	3.463	0.839	28.918	3.817
0-1790976604-tronhang672-2513164	212.8	42.701	23.419	23.419	0.000	0.000	0.000	0.000	0.000	0.000	13.900	19.628	0.030	3.761	0.825	28.690	4.397
0-1790976604-tronhang672-2513164	214.8	42.283	23.650	23.650	0.000	0.000	0.000	0.000	0.000	0.000	11.800	19.431	0.049	4.171	0.814	28.690	4.397
0-1790976604-tronhang672-2513164	216.8	39.750	25.157	25.157	0.000	0.000	0.000	0.000	0.000	0.000	13.800	20.547	0.035	4.575	0.820	28.690	4.397
0-1790976604-tronhang672-2513164	218.8	40.517	24.681	24.681	0.000	0.000	0.000	0.000	0.000	0.000	13.300	20.258	0.039	4.384	0.824	28.690	4.397
0-1790976604-tronhang672-2513164	220.8	39.836	25.103	25.103	0.000	0.000	0.000	0.000	0.000	0.000	14.300	20.695	0.050	4.358	0.829	28.690	4.397
0-1790976604-tronhang672-2513164	222.8	48.305	20.702	20.702	0.000	0.000	0.000	0.000	0.000	0.000	9.900	17.103	0.038	3.561	0.832	29.361	4.466
0-1790976604-tronhang672-2513164	224.8	47.937	20.861	20.861	0.000	0.000	0.000	0.000	0.000	0.000	9.100	17.431	0.033	3.397	0.832	29.361	4.466
0-1790976604-tronhang672-2513164	226.9	40.522	24.678	24.678	0.000	0.000	0.000	0.000	0.000	0.000	14.900	20.452	0.043	4.184	0.804	29.361	4.466
0-1790976604-tronhang672-2513164	228.9	39.216	25.500	25.500	0.000	0.000	0.000	0.000	0.000	0.000	13.200	20.501	0.048	4.950	0.813	29.361	4.466
0-1790976604-tronhang672-2513164	230.9	38.816	25.763	25.763	0.000	0.000	0.000	0.000	0.000	0.000	12.900	20.996	0.050	4.717	0.812	29.361	4.466
0-1790976604-tronhang672-2513164	232.9	38.546	25.943	25.943	0.000	0.000	0.000	0.000	0.000	0.000	13.700	21.080	0.040	4.823	0.816	29.272	3.609
0-1790976604-tronhang672-2513164	234.9	42.481	23.540	23.540	0.000	0.000	0.000	0.000	0.000	0.000	10.800	19.201	0.057	4.283	0.824	29.272	3.609
0-1790976604-tronhang672-2513164	236.9	50.246	19.902	19.902	0.000	0.000	0.000	0.000	0.000	0.000	10.400	16.419	0.033	3.450	0.838	29.272	3.609
0-1790976604-tronhang672-2513164	238.9	41.912	23.860	23.860	0.000	0.000	0.000	0.000	0.000	0.000	14.200	19.989	0.046	3.824	0.815	29.272	3.609
0-1790976604-tronhang672-2513164	240.9	39.566	25.274	25.274	0.000	0.000	0.000	0.000	0.000	0.000	12.800	20.612	0.055	4.608	0.801	29.272	3.609
0-1790976604-tronhang672-2513164	242.9	37.561	26.624	26.624	0.000	0.000	0.000	0.000	0.000	0.000	14.900	21.294	0.043	5.287	0.813	29.376	4.579
0-1790976604-tronhang672-2513164	244.9	37.832	26.433	26.433	0.000	0.000	0.000	0.000	0.000	0.000	14.300	21.485	0.042	4.906	0.824	29.376	4.579
0-1790976604-tronhang672-2513164	246.9	37.992	26.321	26.321	0.000	0.000	0.000	0.000	0.000	0.000	15.300	21.706	0.063	4.552	0.815	29.376	4.579
0-1790976604-tronhang672-2513164	248.9	42.053	23.780	23.780	0.000	0.000	0.000	0.000	0.000	0.000	12.000	19.364	0.059	4.356	0.834	29.376	4.579
0-1790976604-tronhang672-2513164	250.9	44.006	22.724	22.724	0.000	0.000	0.000	0.000	0.000	0.000	10.600	19.009	0.049	3.666	0.844	29.376	4.579
0-1790976604-tronhang672-2513164	252.9	39.771	25.144	25.144	0.000	0.000	0.000	0.000	0.000	0.000	14.000	21.181	0.052	3.911	0.807	28.532	4.447
0-1790976604-tronhang672-2513164	254.9	41.821	23.912	23.912	0.000	0.000	0.000	0.000	0.000	0.000	13.000	19.309	0.052	4.550	0.817	28.532	4.447
0-1790976604-tronhang672-2513164	256.9	39.721	25.175	25.175	0.000	0.000	0.000	0.000	0.000	0.000	12.900	20.597	0.058	4.520	0.817	28.532	4.447
0-1790976604-tronhang672-2513164	258.9	38.666	25.863	25.863	0.000	0.000	0.000	0.000	0.000	0.000	13.600	21.102	0.059	4.702	0.815	28.532	4.447
0-1790976604-tronhang672-2513164	260.9	41.248	24.243	24.243	0.000	0.000	0.000	0.000	0.000	0.000	15.600	19.750	0.055	4.439	0.826	28.532	4.447
0-1790976604-tronhang672-2513164	262.9	49.519	20.194	20.194	0.000	0.000	0.000	0.000	0.000	0.000	9.400	16.748	0.047	3.399	0.839	28.511	4.019
0-1790976604-tronhang672-2513164	264.9	43.362	23.062	23.062	0.000	0.000	0.000	0.000	0.000	0.000	9.400	19.344	0.042	3.675	0.818	28.511	4.019
0-1790976604-tronhang672-2513164	266.9	42.008	23.805	23.805	0.000	0.000	0.000	0.000	0.000	0.000	11.300	19.455	0.052	4.298	0.820	28.511	4.019
0-1790976604-tronhang672-2513164	269.0	39.963	25.023	25.023	0.000	0.000	0.000	0.000	0.000	0.000	14.800	20.469	0.059	4.494	0.821	28.511	4.019
0-1790976604-tronhang672-2513164	271.0	39.404	25.378	25.378	0.000	0.000	0.000	0.000	0.000	0.000	14.000	20.874	0.053	4.451	0.819	28.511	4.019
0-1790976604-tronhang672-2513164	273.0	40.386	24.761	24.761	0.000	0.000	0.000	0.000	0.000	0.000	13.200	20.280	0.067	4.414	0.811	29.625	3.914
0-1790976604-tronhang672-2513164	275.0	44.500	22.472	22.472	-0.000	0.000	0.000	0.000	0.000	0.000	10.000	18.222	0.049	4.201	0.828	29.625	3.914
0-1790976604-tronhang672-2513164	277.0	48.951	20.429	20.429	0.000	0.000	0.000	0.000	0.000	0.000	10.100	16.934	0.046	3.448	0.826	29.625	3.914
0-1790976604-tronhang672-2513164	279.0	40.498	24.693	24.693	0.000	0.000	0.000	0.000	0.000	0.000	13.200	20.402	0.045	4.246	0.813	29.625	3.914
0-1790976604-tronhang672-2513164	281.0	39.158	25.538	25.538	0.000	0.000	0.000	0.000	0.000	0.000	13.600	20.719	0.065	4.754	0.817	29.625	3.914
0-1790976604-tronhang672-2513164	283.0	38.609	25.900	25.900	0.000	0.000	0.000	0.000	0.000	0.000	13.500	21.211	0.061	4.628	0.818	29.490	4.172
0-1790976604-tronhang672-2513164	285.0	38.073	26.265	26.265	0.000	0.000	0.000	0.000	0.000	0.000	13.800	21.449	0.060	4.756	0.814	29.490	4.172
0-1790976604-tronhang672-2513164	287.0	38.705	25.836	25.836	0.000	0.000	0.000	0.000	0.000	0.000	12.500	21.042	0.067	4.727	0.819	29.490	4.172
0-1790976604-tronhang672-2513164	289.0	49.727	20.110	20.110	0.000	0.000	0.000	0.000	0.000	0.000	9.900	16.479	0.045	3.585	0.838	29.490	4.172
0-1790976604-tronhang672-2513164	291.0	45.381	22.036	22.036	0.000	0.000	0.000	0.000	0.000	0.000	12.700	18.477	0.043	3.516	0.825	29.490	4.172
0-1790976604-tronhang672-2513164	293.0	40.244	24.849	24.849	0.000	0.000	0.000	0.000	0.000	0.000	9.600	20.489	0.054	4.306	0.812	28.412	4.420
0-1790976604-tronhang672-2513164	295.0	41.060	24.355	24.355	0.000	0.000	0.000	0.000	0.000	0.000	13.900	19.772	0.064	4.519	0.819	28.412	4.420
0-1790976604-tronhang672-2513164	297.1	39.514	25.307	25.307	0.000	0.000	0.000	0.000	0.000	0.000	11.600	20.704	0.050	4.553	0.817	28.412	4.420
0-1790976604-tronhang672-2513164	299.1	38.609	25.900	25.900	0.000	0.000	0.000	0.000	0.000	0.000	13.900	21.126	0.056	4.719	0.824	28.412	4.420
0-1790976604-tronhang672-2513164	301.1	41.496	24.098	24.098	0.000	0.000	0.000	0.000	0.000	0.000	13.300	19.880	0.057	4.162	0.835	28.412	4.420
0-1790976604-tronhang672-2513164	303.1	43.345	23.071	23.071	0.000	0.000	0.000	0.000	0.000	0.000	11.800	19.287	0.049	3.735	0.836	28.473	3.703
0-1790976604-tronhang672-2513164	305.1	40.605	24.628	24.628	0.000	0.000	0.000	0.000	0.000	0.000	13.400	20.580	0.054	3.993	0.816	28.473	3.703
0-1790976604-tronhang672-2513164	307.1	41.024	24.376	24.376	-0.000	0.000	0.000	0.000	0.000	0.000	13.300	19.888	0.046	4.441	0.811	28.473	3.703
0-1790976604-tronhang672-2513164	309.1	40.199	24.876	24.876	0.000	0.000	0.000	0.000	0.000	0.000	13.300	20.202	0.055	4.619	0.820	28.473	3.703
0-1790976604-tronhang672-2513164	311.1	40.067	24.958	24.958	0.000	0.000	0.000	0.000	0.000	0.000	13.600	20.448	0.039	4.472	0.825	28.473	3.703
0-1790976604-tronhang672-2513164	313.1	39.017	25.630	25.630	0.000	0.000	0.000	0.000	0.000	0.000	10.600	21.106	0.034	4.489	0.822	29.855	4.202
0-1790976604-tronhang672-2513164	315.1	49.465	20.216	20.216	0.000	0.000	0.000	0.000	0.000	0.000	9.700	16.626	0.050	3.540	0.840	29.855	4.202
0-1790976604-tronhang672-2513164	317.1	47.490	21.057	21.057	0.000	0.000	0.000	0.000	0.000	0.000	11.500	17.695	0.035	3.326	0.831	29.855	4.202
0-1790976604-tronhang672-2513164	319.1	39.070	25.595	25.595	0.000	0.000	0.000	0.000	0.000	0.000	12.500	21.307	0.052	4.236	0.806	29.855	4.202
0-1790976604-tronhang672-2513164	321.1	40.266	24.835	24.835	0.000	0.000	0.000	0.000	0.000	0.000	13.100	20.015	0.056	4.764	0.820	29.855	4.202
0-1790976604-tronhang672-2513164	323.1	38.860	25.733	25.733	0.000	0.000	0.000	0.000	0.000	0.000	13.800	21.036	0.060	4.637	0.817	29.458	4.264
0-1790976604-tronhang672-2513164	325.1	38.681	25.853	25.853	0.000	0.000	0.000	0.000	0.000	0.000	13.200	21.145	0.053	4.655	0.823	29.458	4.264
0-1790976604-tronhang672-2513164	327.1	43.718	22.874	22.874	0.000	0.000	0.000	0.000	0.000	0.000	14.400	18.843	0.045	3.986	0.825	29.458	4.264
0-1790976604-tronhang672-2513164	329.1	50.367	19.854	19.854	0.000	0.000	0.000	0.000	0.000	0.000	11.000	16.354	0.041	3.459	0.835	29.458	4.264
0-1790976604-tronhang672-2513164	331.1	40.396	24.755	24.755	0.000	0.000	0.000	0.000	0.000	0.000	10.800	20.656	0.042	4.057	0.812	29.458	4.264
0-1790976604-tronhang672-2513164	333.1	40.598	24.632	24.632	0.000	0.000	0.000	0.000	0.000	0.000	14.500	20.083	0.052	4.496	0.811	28.922	3.678
0-1790976604-tronhang672-2513164	335.1	38.028	26.297	26.297	0.000	0.000	0.000	0.000	0.000	0.000	13.600	21.287	0.058	4.951	0.820	28.922	3.678
0-1790976604-tronhang672-2513164	337.1	38.103	26.245	26.245	0.000	0.000	0.000	0.000	0.000	0.000	13.500	21.529	0.060	4.655	0.821	28.922	3.678
0-1790976604-tronhang672-2513164	339.2	38.710	25.833	25.833	0.000	0.000	0.000	0.000	0.000	0.000	15.700	21.235	0.052	4.546	0.817	28.922	3.678
0-1790976604-tronhang672-2513164	341.2	47.752	20.942	20.942	0.000	0.000	0.000	0.000	0.000	0.000	10.500	17.136	0.045	3.761	0.827	28.922	3.678
0-1790976604-tronhang672-2513164	343.2	48.357	20.680	20.680	0.000	0.000	0.000	0.000	0.000	0.000	9.000	17.056	0.028	3.595	0.824	28.564	3.987
0-1790976604-tronhang672-2513164	345.2	40.302	24.813	24.813	0.000	0.000	0.000	0.000	0.000	0.000	13.800	20.467	0.035	4.310	0.805	28.564	3.987
0-1790976604-tronhang672-2513164	347.2	38.284	26.121	26.121	0.000	0.000	0.000	0.000	0.000	0.000	13.700	20.956	0.046	5.118	0.819	28.564	3.987
0-1790976604-tronhang672-2513164	349.2	37.507	26.662	26.662	0.000	0.000	0.000	0.000	0.000	0.000	13.600	21.895	0.070	4.697	0.819	28.564	3.987
0-1790976604-tronhang672-2513164	351.2	36.878	27.117	27.117	0.000	0.000	0.000	0.000	0.000	0.000	13.700	22.192	0.064	4.861	0.817	28.564	3.987
0-1790976604-tronhang672-2513164	353.2	42.365	23.605	23.605	0.000	0.000	0.000	0.000	0.000	0.000	13.100	19.245	0.047	4.312	0.819	29.246	4.237
0-1790976604-tronhang672-2513164	355.2	50.474	19.812	19.812	0.000	0.000	0.000	0.000	0.000	0.000	11.100	16.283	0.037	3.492	0.837	29.246	4.237
0-1790976604-tronhang672-2513164	357.2	39.950	25.031	25.031	0.000	0.000	0.000	0.000	0.000	0.000	8.900	20.871	0.040	4.120	0.811	29.246	4.237
0-1790976604-tronhang672-2513164	359.2	39.614	25.244	25.244	0.000	0.000	0.000	0.000	0.000	0.000	13.400	20.588	0.059	4.596	0.811	29.246	4.237
0-1790976604-tronhang672-2513164	361.2	37.549	26.632	26.632	0.000	0.000	0.000	0.000	0.000	0.000	13.800	21.465	0.052	5.115	0.817	29.246	4.237
0-1790976604-tronhang672-2513164	363.2	37.549	26.632	26.632	0.000	0.000	0.000	0.000	0.000	0.000	14.000	21.853	0.055	4.723	0.814	29.769	4.524
0-1790976604-tronhang672-2513164	365.2	36.916	27.088	27.088	0.000	0.000	0.000	0.000	0.000	0.000	14.500	21.983	0.053	5.052	0.820	29.769	4.524
0-1790976604-tronhang672-2513164	367.2	48.353	20.681	20.681	0.000	0.000	0.000	0.000	0.000	0.000	10.300	16.952	0.043	3.687	0.834	29.769	4.524
0-1790976604-tronhang672-2513164	369.2	47.083	21.239	21.239	0.000	0.000	0.000	0.000	0.000	0.000	11.300	17.692	0.035	3.512	0.833	29.769	4.524
0-1790976604-tronhang672-2513164	371.2	37.286	26.820	26.820	0.000	0.000	0.000	0.000	0.000	0.000	10.900	22.321	0.056	4.443	0.807	29.769	4.524
0-1790976604-tronhang672-2513164	373.2	38.230	26.157	26.157	0.000	0.000	0.000	0.000	0.000	0.000	14.300	21.170	0.062	4.926	0.819	28.910	3.726
0-1790976604-tronhang672-2513164	375.2	37.084	26.966	26.966	0.000	0.000	0.000	0.000	0.000	0.000	14.100	22.092	0.044	4.830	0.817	28.910	3.726
0-1790976604-tronhang672-2513164	377.2	36.739	27.219	27.219	0.000	0.000	0.000	0.000	0.000	0.000	14.100	22.323	0.052	4.844	0.821	28.910	3.726
0-1790976604-tronhang672-2513164	379.2	41.452	24.124	24.124	0.000	0.000	0.000	0.000	0.000	0.000	14.000	19.600	0.052	4.472	0.818	28.910	3.726
0-1790976604-tronhang672-2513164	381.3	49.883	20.047	20.047	0.000	0.000	0.000	0.000	0.000	0.000	10.200	16.391	0.040	3.616	0.837	28.910	3.726
0-1790976604-tronhang672-2513164	383.3	41.901	23.866	23.866	0.000	0.000	0.000	0.000	0.000	0.000	13.200	20.008	0.048	3.810	0.815	29.456	4.442
0-1790976604-tronhang672-2513164	385.3	38.268	26.132	26.132	0.000	0.000	0.000	0.000	0.000	0.000	10.100	21.368	0.053	4.710	0.813	29.456	4.442
0-1790976604-tronhang672-2513164	387.3	37.024	27.010	27.010	0.000	0.000	0.000	0.000	0.000	0.000	13.000	21.969	0.056	4.985	0.816	29.456	4.442
0-1790976604-tronhang672-2513164	389.3	36.974	27.046	27.046	0.000	0.000	0.000	0.000	0.000	0.000	13.800	22.043	0.057	4.946	0.815	29.456	4.442
0-1790976604-tronhang672-2513164	391.3	37.514	26.657	26.657	0.000	0.000	0.000	0.000	0.000	0.000	11.900	21.710	0.060	4.887	0.820	29.456	4.442
0-1790976604-tronhang672-2513164	393.3	45.967	21.755	21.755	0.000	0.000	0.000	0.000	0.000	0.000	11.700	17.858	0.049	3.848	0.834	29.647	4.784
0-1790976604-tronhang672-2513164	395.3	46.163	21.662	21.662	0.000	0.000	0.000	0.000	0.000	0.000	11.000	18.061	0.044	3.558	0.839	29.647	4.784
0-1790976604-tronhang672-2513164	397.3	39.889	25.069	25.069	0.000	0.000	0.000	0.000	0.000	0.000	9.800	21.030	0.041	3.999	0.802	29.647	4.784
0-1790976604-tronhang672-2513164	399.3	37.308	26.804	26.804	0.000	0.000	0.000	0.000	0.000	0.000	14.200	21.592	0.049	5.163	0.817	29.647	4.784
0-1790976604-tronhang672-2513164	401.3	37.007	27.022	27.022	0.000	0.000	0.000	0.000	0.000	0.000	13.500	22.050	0.066	4.906	0.816	29.647	4.784
0-1790976604-tronhang672-2513164	403.3	37.651	26.560	26.560	0.000	0.000	0.000	0.000	0.000	0.000	13.700	21.583	0.058	4.919	0.813	30.007	3.794
0-1790976604-tronhang672-2513164	405.3	37.012	27.018	27.018	0.000	0.000	0.000	0.000	0.000	0.000	11.900	21.996	0.048	4.974	0.811	30.007	3.794
0-1790976604-tronhang672-2513164	407.3	46.709	21.409	21.409	0.000	0.000	0.000	0.000	0.000	0.000	11.400	17.405	0.044	3.960	0.823	30.007	3.794
0-1790976604-tronhang672-2513164	409.3	41.730	23.964	23.964	0.000	0.000	0.000	0.000	0.000	0.000	10.800	19.692	0.049	4.223	0.811	30.007	3.794
0-1790976604-tronhang672-2513164	411.3	38.128	26.228	26.228	0.000	0.000	0.000	0.000	0.000	0.000	13.800	21.325	0.058	4.844	0.810	30.007	3.794
0-1790976604-tronhang672-2513164	413.3	36.344	27.515	27.515	0.000	0.000	0.000	0.000	0.000	0.000	14.400	22.269	0.079	5.167	0.814	29.667	4.152
0-1790976604-tronhang672-2513164	415.3	35.371	28.272	28.272	0.000	0.000	0.000	0.000	0.000	0.000	14.000	22.982	0.050	5.239	0.816	29.667	4.152
0-1790976604-tronhang672-2513164	417.3	36.088	27.710	27.710	-0.000	0.000	0.000	0.000	0.000	0.000	14.300	22.653	0.070	4.987	0.815	29.667	4.152
0-1790976604-tronhang672-2513164	419.3	41.067	24.350	24.350	0.000	0.000	0.000	0.000	0.000	0.000	9.700	19.825	0.053	4.472	0.816	29.667	4.152
0-1790976604-tronhang672-2513164	421.3	49.708	20.118	20.118	0.000	0.000	0.000	0.000	0.000	0.000	11.100	16.389	0.036	3.693	0.837	29.667	4.152
0-1790976604-tronhang672-2513164	423.3	36.623	27.305	27.305	0.000	0.000	0.000	0.000	0.000	0.000	14.100	22.858	0.049	4.397	0.811	29.978	4.470
0-1790976604-tronhang672-2513164	425.3	37.743	26.495	26.495	0.000	0.000	0.000	0.000	0.000	0.000	13.700	21.580	0.055	4.859	0.814	29.978	4.470
0-1790976604-tronhang672-2513164	427.3	35.572	28.112	28.112	0.000	0.000	0.000	0.000	0.000	0.000	14.300	22.834	0.078	5.200	0.818	29.978	4.470
0-1790976604-tronhang672-2513164	429.4	35.470	28.193	28.193	0.000	0.000	0.000	0.000	0.000	0.000	15.100	23.058	0.060	5.075	0.819	29.978	4.470
0-1790976604-tronhang672-2513164	431.4	36.227	27.604	27.604	0.000	0.000	0.000	0.000	0.000	0.000	14.200	22.664	0.064	4.876	0.824	29.978	4.470
0-1790976604-tronhang672-2513164	433.4	43.254	23.119	23.119	0.000	0.000	0.000	0.000	0.000	0.000	11.100	18.999	0.049	4.071	0.816	29.695	4.418
0-1790976604-tronhang672-2513164	435.4	43.085	23.210	23.210	0.000	0.000	0.000	0.000	0.000	0.000	10.100	18.858	0.042	4.311	0.818	29.695	4.418
0-1790976604-tronhang672-2513164	437.4	38.180	26.192	26.192	0.000	0.000	0.000	0.000	0.000	0.000	13.300	21.625	0.049	4.518	0.812	29.695	4.418
0-1790976604-tronhang672-2513164	439.4	35.534	28.142	28.142	-0.000	0.000	0.000	0.000	0.000	0.000	13.700	22.739	0.072	5.331	0.817	29.695	4.418
0-1790976604-tronhang672-2513164	441.4	35.185	28.421	28.421	0.000	0.000	0.000	0.000	0.000	0.000	15.700	23.212	0.064	5.146	0.817	29.695	4.418
0-1790976604-tronhang672-2513164	443.4	36.163	27.652	27.652	0.000	0.000	0.000	0.000	0.000	0.000	15.100	22.555	0.052	5.045	0.818	30.458	3.898
0-1790976604-tronhang672-2513164	445.4	37.864	26.410	26.410	0.000	0.000	0.000	0.000	0.000	0.000	15.200	21.595	0.059	4.756	0.811	30.458	3.898
0-1790976604-tronhang672-2513164	447.4	44.358	22.544	22.544	0.000	0.000	0.000	0.000	0.000	0.000	10.500	18.320	0.045	4.179	0.825	30.458	3.898
0-1790976604-tronhang672-2513164	449.4	38.267	26.132	26.132	0.000	0.000	0.000	0.000	0.000	0.000	13.100	21.489	0.052	4.591	0.807	30.458	3.898
0-1790976604-tronhang672-2513164	451.4	33.987	29.423	29.423	0.000	0.000	0.000	0.000	0.000	0.000	10.000	23.934	0.070	5.419	0.801	30.458	3.898
0-1790976604-tronhang672-2513164	453.5	32.821	30.468	30.468	0.000	0.000	0.000	0.000	0.000	0.000	15.000	24.328	0.063	6.077	0.815	29.566	4.177
0-1790976604-tronhang672-2513164	455.5	32.371	30.892	30.892	0.000	0.000	0.000	0.000	0.000	0.000	15.700	25.074	0.071	5.747	0.803	29.566	4.177
0-1790976604-tronhang672-2513164	457.5	35.066	28.518	28.518	0.000	0.000	0.000	0.000	0.000	0.000	14.500	23.009	0.049	5.460	0.814	29.566	4.177
0-1790976604-tronhang672-2513164	459.5	36.134	27.675	27.675	0.000	0.000	0.000	0.000	0.000	0.000	11.600	22.488	0.052	5.136	0.814	29.566	4.177
0-1790976604-tronhang672-2513164	461.5	35.849	27.895	27.895	0.000	0.000	0.000	0.000	0.000	0.000	13.300	22.688	0.067	5.140	0.815	29.566	4.177
0-1790976604-tronhang672-2513164	463.5	35.721	27.994	27.994	0.000	0.000	0.000	0.000	0.000	0.000	13.500	22.809	0.059	5.126	0.803	30.724	4.228
0-1790976604-tronhang672-2513164	465.5	33.879	29.517	29.517	0.000	0.000	0.000	0.000	0.000	0.000	14.600	23.803	0.057	5.657	0.806	30.724	4.228
0-1790976604-tronhang672-2513164	467.5	33.057	30.251	30.251	0.000	0.000	0.000	0.000	0.000	0.000	15.100	24.367	0.074	5.809	0.809	30.724	4.228
0-1790976604-tronhang672-2513164	469.5	33.472	29.876	29.876	0.000	0.000	0.000	0.000	0.000	0.000	14.500	24.039	0.071	5.765	0.809	30.724	4.228
0-1790976604-tronhang672-2513164	471.5	37.703	26.523	26.523	0.000	0.000	0.000	0.000	0.000	0.000	14.900	21.556	0.062	4.905	0.821	30.724	4.228
0-1790976604-tronhang672-2513164	473.5	43.713	22.876	22.876	0.000	0.000	0.000	0.000	0.000	0.000	11.600	18.691	0.061	4.125	0.815	29.940	3.743
0-1790976604-tronhang672-2513164	475.5	41.904	23.864	23.864	0.000	0.000	0.000	0.000	0.000	0.000	14.000	19.426	0.060	4.379	0.817	29.940	3.743
0-1790976604-tronhang672-2513164	477.5	37.336	26.784	26.784	0.000	0.000	0.000	0.000	0.000	0.000	10.000	21.979	0.044	4.761	0.803	29.940	3.743
0-1790976604-tronhang672-2513164	479.5	36.123	27.683	27.683	0.000	0.000	0.000	0.000	0.000	0.000	13.100	22.234	0.063	5.387	0.808	29.940	3.743
0-1790976604-tronhang672-2513164	481.5	34.876	28.673	28.673	0.000	0.000	0.000	0.000	0.000	0.000	13.700	23.163	0.045	5.465	0.817	29.940	3.743
0-1790976604-tronhang672-2513164	483.5	36.420	27.457	27.457	0.000	0.000	0.000	0.000	0.000	0.000	14.500	22.417	0.057	4.983	0.821	29.723	4.298
0-1790976604-tronhang672-2513164	485.5	41.109	24.326	24.326	-0.000	0.000	0.000	0.000	0.000	0.000	12.300	19.929	0.053	4.343	0.815	29.723	4.298
0-1790976604-tronhang672-2513164	487.5	48.544	20.600	20.600	0.000	0.000	0.000	0.000	0.000	0.000	11.200	16.741	0.042	3.817	0.835	29.723	4.298
0-1790976604-tronhang672-2513164	489.5	37.359	26.768	26.768	0.000	0.000	0.000	0.000	0.000	0.000	13.500	22.258	0.053	4.456	0.806	29.723	4.298
0-1790976604-tronhang672-2513164	491.6	38.588	25.915	25.915	0.000	0.000	0.000	0.000	0.000	0.000	13.400	21.113	0.062	4.740	0.811	29.723	4.298
0-1790976604-tronhang672-2513164	493.6	36.826	27.155	27.155	0.000	0.000	0.000	0.000	0.000	0.000	14.900	21.904	0.048	5.203	0.817	28.345	3.871
0-1790976604-tronhang672-2513164	495.6	37.786	26.465	26.465	0.000	0.000	0.000	0.000	0.000	0.000	12.600	21.641	0.054	4.770	0.821	28.345	3.871
0-1790976604-tronhang672-2513164	497.6	36.791	27.181	27.181	0.000	0.000	0.000	0.000	0.000	0.000	13.800	22.359	0.052	4.770	0.814	28.345	3.871
0-1790976604-tronhang672-2513164	499.6	36.741	27.217	27.217	0.000	0.000	0.000	0.000	0.000	0.000	14.100	22.197	0.061	4.959	0.817	28.345	3.871
0-1790976604-tronhang672-2513164	501.6	36.895	27.104	27.104	0.000	0.000	0.000	0.000	0.000	0.000	14.000	22.111	0.070	4.923	0.816	28.345	3.871
0-1790976604-tronhang672-2513164	503.6	37.259	26.839	26.839	0.000	0.000	0.000	0.000	0.000	0.000	13.100	21.910	0.047	4.882	0.817	31.722	3.564
0-1790976604-tronhang672-2513164	505.6	38.536	25.950	25.950	0.000	0.000	0.000	0.000	0.000	0.000	13.300	21.224	0.054	4.672	0.821	31.722	3.564
0-1790976604-tronhang672-2513164	507.6	42.749	23.393	23.393	0.000	0.000	0.000	0.000	0.000	0.000	9.300	19.163	0.053	4.177	0.797	31.722	3.564
0-1790976604-tronhang672-2513164	509.6	44.595	22.424	22.424	0.000	0.000	0.000	0.000	0.000	0.000	10.500	18.033	0.049	4.342	0.796	31.722	3.564
0-1790976604-tronhang672-2513164	511.6	44.745	22.349	22.349	0.000	0.000	0.000	0.000	0.000	0.000	9.800	17.789	0.050	4.510	0.803	31.722	3.564
0-1790977357-tronhang672-2727294	0.6	28.212	35.446	35.438	0.009	0.000	0.000	0.007	0.002	0.000	16.400	25.068	0.078	10.300	0.763	26.119	3.747
0-1790977357-tronhang672-2727294	2.7	34.560	28.935	28.935	0.000	0.000	0.000	0.000	0.000	0.000	15.300	22.890	0.052	5.993	0.788	26.119	3.747
0-1790977357-tronhang672-2727294	4.7	44.118	22.666	22.666	0.000	0.000	0.000	0.000	0.000	0.000	11.100	17.953	0.047	4.666	0.801	27.888	3.011
0-1790977357-tronhang672-2727294	6.7	45.586	21.936	21.909	0.027	0.000	0.000	0.017	0.010	0.000	10.300	17.742	0.039	4.155	0.817	27.888	3.011
0-1790977357-tronhang672-2727294	8.7	41.858	23.890	23.890	0.000	0.000	0.000	0.000	0.000	0.000	11.300	19.452	0.048	4.390	0.821	27.888	3.011
0-1790977357-tronhang672-2727294	10.7	23.055	43.375	43.193	0.182	0.000	0.013	0.157	0.002	0.011	14.100	35.096	0.082	8.198	0.742	27.888	3.011
0-1790977357-tronhang672-2727294	12.7	22.877	43.712	43.643	0.069	0.020	0.013	0.037	0.000	0.000	19.400	31.824	0.074	11.814	0.755	27.888	3.011
0-1790977357-tronhang672-2727294	14.7	19.429	51.470	51.470	0.000	0.000	0.000	0.000	0.000	0.000	16.500	38.228	0.108	13.134	0.730	42.825	3.682
0-1790977357-tronhang672-2727294	16.7	13.477	74.200	19.314	54.886	1.435	0.010	50.856	0.000	2.585	16.500	48.884	0.094	25.223	0.801	42.825	3.682
0-1790977357-tronhang672-2727294	18.7	15.080	66.313	66.304	0.009	0.000	0.000	0.006	0.002	0.000	17.300	58.243	0.110	7.959	0.734	42.825	3.682
0-1790977357-tronhang672-2727294	20.7	23.819	41.983	41.973	0.010	0.000	0.000	0.010	0.000	0.000	17.300	30.997	0.096	10.891	0.747	42.825	3.682
0-1790977357-tronhang672-2727294	22.7	27.301	36.629	36.629	0.000	0.000	0.000	0.000	0.000	0.000	15.600	27.281	0.063	9.285	0.755	42.825	3.682
0-1790977357-tronhang672-2727294	24.8	24.269	41.205	41.201	0.004	0.000	0.000	0.003	0.001	0.000	15.900	31.276	0.099	9.830	0.766	29.412	3.878
0-1790977357-tronhang672-2727294	26.8	22.942	43.588	43.588	0.000	0.000	0.000	0.000	0.000	0.000	16.400	32.931	0.087	10.570	0.745	29.412	3.878
0-1790977357-tronhang672-2727294	28.8	23.038	43.406	43.406	0.000	0.000	0.000	0.000	0.000	0.000	17.600	32.481	0.087	10.838	0.738	29.412	3.878
0-1790977357-tronhang672-2727294	30.8	25.189	39.700	39.700	0.000	0.000	0.000	0.000	0.000	0.000	17.700	30.213	0.090	9.396	0.775	29.412	3.878
0-1790977357-tronhang672-2727294	32.8	26.098	38.317	38.317	0.000	0.000	0.000	0.000	0.000	0.000	17.700	29.493	0.084	8.740	0.778	29.412	3.878
0-1790977357-tronhang672-2727294	34.8	23.181	43.139	43.132	0.007	0.000	0.000	0.007	0.000	0.000	17.400	33.967	0.098	9.074	0.790	27.196	2.754
0-1790977357-tronhang672-2727294	36.8	20.857	47.944	47.944	0.000	0.000	0.000	0.000	0.000	0.000	21.800	37.606	0.076	10.263	0.742	27.196	2.754
0-1790977357-tronhang672-2727294	38.8	19.455	51.400	51.397	0.004	0.000	0.000	0.000	0.004	0.000	23.500	36.913	0.092	14.396	0.741	27.196	2.754
0-1790977357-tronhang672-2727294	40.8	22.067	45.317	45.299	0.018	0.000	0.000	0.018	0.000	0.000	23.500	34.597	0.098	10.621	0.774	27.196	2.754
0-1790977357-tronhang672-2727294	42.8	22.760	43.937	43.909	0.028	0.000	0.000	0.008	0.020	0.000	24.400	33.627	0.099	10.211	0.738	27.196	2.754
0-1790977357-tronhang672-2727294	44.8	23.382	42.769	42.769	0.000	0.000	0.000	0.000	0.000	0.000	17.100	31.545	0.069	11.155	0.766	26.578	2.889
0-1790977357-tronhang672-2727294	46.8	23.715	42.167	42.167	0.000	0.000	0.000	0.000	0.000	0.000	16.600	32.653	0.080	9.434	0.764	26.578	2.889
0-1790977357-tronhang672-2727294	48.8	22.710	44.033	44.033	0.000	0.000	0.000	0.000	0.000	0.000	16.600	33.217	0.098	10.719	0.757	26.578	2.889
0-1790977357-tronhang672-2727294	50.8	23.282	42.952	42.952	0.001	0.000	0.000	0.000	0.001	0.000	26.800	33.619	0.073	9.261	0.816	26.578	2.889
0-1790977357-tronhang672-2727294	52.8	23.724	42.152	42.152	0.000	0.000	0.000	0.000	0.000	0.000	24.500	34.000	0.073	8.078	0.797	26.578	2.889
0-1790977357-tronhang672-2727294	54.8	24.792	40.336	40.336	0.000	0.000	0.000	0.000	0.000	0.000	18.900	32.344	0.075	7.917	0.805	26.699	3.832
0-1790977357-tronhang672-2727294	56.8	27.552	36.295	35.943	0.351	0.026	0.026	0.276	0.000	0.022	18.500	29.312	0.052	6.931	0.815	26.699	3.832
0-1790977357-tronhang672-2727294	58.8	31.122	32.131	32.131	0.000	0.000	0.000	0.000	0.000	0.000	15.500	25.768	0.045	6.318	0.779	26.699	3.832
0-1790977357-tronhang672-2727294	60.9	30.541	32.743	32.734	0.009	0.000	0.000	0.007	0.002	0.000	15.100	25.683	0.062	6.999	0.796	26.699	3.832
0-1790977357-tronhang672-2727294	62.9	33.907	29.493	29.493	0.000	0.000	0.000	0.000	0.000	0.000	14.300	23.408	0.059	6.026	0.780	26.699	3.832
0-1790977357-tronhang672-2727294	64.9	51.920	19.261	19.249	0.012	0.001	0.003	0.004	0.003	0.001	13.000	15.441	0.034	3.786	0.929	30.185	3.975
0-1790977357-tronhang672-2727294	66.9	35.670	28.035	27.832	0.202	0.009	0.009	0.175	0.000	0.009	12.900	25.571	0.021	2.442	0.774	30.185	3.975
0-1790977357-tronhang672-2727294	68.9	31.119	32.135	32.135	0.000	0.000	0.000	0.000	0.000	0.000	15.900	24.548	0.071	7.516	0.765	30.185	3.975
0-1790977357-tronhang672-2727294	70.9	29.257	34.180	34.180	0.000	0.000	0.000	0.000	0.000	0.000	17.600	26.009	0.100	8.071	0.764	30.185	3.975
0-1790977357-tronhang672-2727294	72.9	28.122	35.559	35.444	0.116	0.000	0.007	0.100	0.000	0.009	14.100	27.005	0.099	8.455	0.760	30.185	3.975
0-1790977357-tronhang672-2727294	74.9	24.935	40.105	40.101	0.004	0.000	0.000	0.004	0.000	0.000	26.400	31.198	0.077	8.830	0.810	29.237	3.416
0-1790977357-tronhang672-2727294	76.9	49.450	20.222	20.222	0.001	0.000	0.000	0.001	0.000	0.000	8.300	16.376	0.032	3.815	0.806	29.237	3.416
0-1790977357-tronhang672-2727294	78.9	50.384	19.847	19.847	0.000	0.000	0.000	0.000	0.000	0.000	8.300	16.080	0.040	3.727	0.813	29.237	3.416
0-1790977357-tronhang672-2727294	80.9	47.720	20.956	20.956	0.000	0.000	0.000	0.000	0.000	0.000	14.600	17.156	0.037	3.763	0.808	29.237	3.416
0-1790977357-tronhang672-2727294	82.9	24.732	40.433	40.411	0.022	0.000	0.005	0.017	0.000	0.000	14.600	32.047	0.089	8.298	0.777	29.237	3.416
0-1790977357-tronhang672-2727294	84.9	22.296	44.851	44.851	0.000	0.000	0.000	0.000	0.000	0.000	18.300	34.972	0.098	9.782	0.798	25.451	3.025
0-1790977357-tronhang672-2727294	86.9	19.770	50.583	50.501	0.081	0.000	0.021	0.055	0.000	0.006	24.100	40.377	0.094	10.112	0.792	25.451	3.025
0-1790977357-tronhang672-2727294	88.9	17.217	58.083	58.083	0.000	0.000	0.000	0.000	0.000	0.000	24.100	46.391	0.096	11.596	0.797	25.451	3.025
0-1790977357-tronhang672-2727294	90.9	17.017	58.764	58.764	0.000	0.000	0.000	0.000	0.000	0.000	32.200	46.391	0.101	12.272	0.789	25.451	3.025
0-1790977357-tronhang672-2727294	93.0	16.930	59.067	59.067	0.000	0.000	0.000	0.000	0.000	0.000		46.481	0.114	12.472	0.762	32.844	2.981
0-1790977357-tronhang672-2727294	95.0	18.106	55.232	55.232	0.000	0.000	0.000	0.000	0.000	0.000	32.500	41.846	0.101	13.285	0.789	32.844	2.981
0-1790977357-tronhang672-2727294	97.0	19.847	50.386	50.371	0.015	0.000	0.000	0.011	0.004	0.000	19.100	40.207	0.103	10.075	0.775	32.844	2.981
0-1790977357-tronhang672-2727294	99.0	23.998	41.670	41.670	0.000	0.000	0.000	0.000	0.000	0.000	16.100	31.951	0.087	9.633	0.769	32.844	2.981
0-1790977357-tronhang672-2727294	101.0	23.952	41.750	41.750	0.000	0.000	0.000	0.000	0.000	0.000	16.100	31.975	0.092	9.683	0.749	32.844	2.981
0-1790977357-tronhang672-2727294	103.0	23.975	41.710	41.623	0.087	0.000	0.002	0.074	0.000	0.011	15.000	31.495	0.119	10.096	0.763	28.169	3.080
0-1790977357-tronhang672-2727294	105.0	25.146	39.769	39.769	0.000	0.000	0.000	0.000	0.000	0.000	19.500	30.521	0.079	9.168	0.796	28.169	3.080
0-1790977357-tronhang672-2727294	107.0	25.611	39.045	39.045	-0.000	0.000	0.000	0.000	0.000	0.000	17.100	31.250	0.079	7.717	0.806	28.169	3.080
0-1790977357-tronhang672-2727294	109.0	25.001	39.998	39.998	0.000	0.000	0.000	0.000	0.000	0.000	19.000	32.285	0.066	7.647	0.781	28.169	3.080
0-1790977357-tronhang672-2727294	111.0	25.352	39.445	39.445	0.000	0.000	0.000	0.000	0.000	0.000	24.300	30.599	0.061	8.785	0.782	28.169	3.080
0-1790977357-tronhang672-2727294	113.0	25.063	39.900	39.900	0.000	0.000	0.000	0.000	0.000	0.000	24.300	31.210	0.077	8.612	0.782	30.581	3.193
0-1790977357-tronhang672-2727294	115.0	23.584	42.401	42.401	0.000	0.000	0.000	0.000	0.000	0.000	19.100	33.315	0.072	9.014	0.793	30.581	3.193
0-1790977357-tronhang672-2727294	117.0	21.550	46.404	46.404	0.000	0.000	0.000	0.000	0.000	0.000	25.900	36.922	0.075	9.407	0.800	30.581	3.193
0-1790977357-tronhang672-2727294	119.0	19.932	50.172	50.172	0.000	0.000	0.000	0.000	0.000	0.000	33.500	40.479	0.098	9.594	0.813	30.581	3.193
0-1790977357-tronhang672-2727294	121.0	17.296	57.817	48.057	9.760	0.227	0.003	8.806	0.062	0.662	33.500	47.249	0.080	10.487	0.717	30.581	3.193
0-1790977357-tronhang672-2727294	123.1	19.541	51.175	51.175	0.000	0.000	0.000	0.000	0.000	0.000	20.000	36.198	0.061	14.915	0.817	29.752	3.723
0-1790977357-tronhang672-2727294	125.1	23.413	42.711	42.711	0.000	0.000	0.000	0.000	0.000	0.000	23.600	35.169	0.063	7.479	0.825	29.752	3.723
0-1790977357-tronhang672-2727294	127.1	16.732	59.767	59.706	0.060	0.000	0.005	0.047	0.000	0.008	23.600	42.672	0.086	17.008	0.697	29.752	3.723
0-1790977357-tronhang672-2727294	129.1	20.295	49.273	49.273	0.000	0.000	0.000	0.000	0.000	0.000	27.100	40.563	0.092	8.618	0.828	29.752	3.723
0-1790977357-tronhang672-2727294	131.1	29.271	34.164	34.164	0.000	0.000	0.000	0.000	0.000	0.000	16.400	28.381	0.067	5.716	0.833	29.752	3.723
0-1790977357-tronhang672-2727294	133.1	30.830	32.436	32.436	0.000	0.000	0.000	0.000	0.000	0.000	14.800	27.004	0.058	5.373	0.830	14.549	2.061
0-1790977357-tronhang672-2727294	135.1	30.803	32.465	32.465	0.000	0.000	0.000	0.000	0.000	0.000	17.900	26.555	0.055	5.855	0.809	14.549	2.061
0-1790977357-tronhang672-2727294	137.1	26.320	37.994	37.994	0.000	0.000	0.000	0.000	0.000	0.000	13.100	30.640	0.092	7.261	0.795	14.549	2.061
0-1790977357-tronhang672-2727294	139.1	14.793	67.600	66.556	1.044	0.000	0.016	0.594	0.372	0.062	13.100	57.195	0.126	10.279	0.966	14.549	2.061
0-1790977357-tronhang672-2727294	141.1	13.278	75.313	74.828	0.485	0.000	0.000	0.263	0.200	0.021	105.900	73.906	0.046	1.362	0.982	14.549	2.061
0-1790977357-tronhang672-2727294	143.1	10.903	91.717	89.620	2.096	0.004	0.000	0.483	1.516	0.093	105.900	90.142	0.100	1.475	0.982	12.220	1.323
0-1790977357-tronhang672-2727294	145.1	10.903	91.717	83.339	8.377	0.223	0.044	6.482	1.061	0.567		89.858	0.123	1.736	0.978	12.220	1.323
0-1790977357-tronhang672-2727294	147.1	35.997	27.780	26.534	1.246	0.000	0.001	0.256	0.930	0.058	10.800	26.357	0.073	1.350	0.892	12.220	1.323
0-1790977357-tronhang672-2727294	149.1	58.413	17.119	17.119	0.000	0.000	0.000	0.000	0.000	0.000	15.200	15.344	0.023	1.753	0.950	12.220	1.323
0-1790977357-tronhang672-2727294	151.1	59.940	16.683	16.683	0.000	0.000	0.000	0.000	0.000	0.000	15.200	16.220	0.015	0.448	0.974	12.220	1.323
0-1790977357-tronhang672-2727294	153.1	59.940	16.683	16.683	0.000	0.000	0.000	0.000	0.000	0.000	14.900	16.201	0.006	0.477	0.971	29.824	1.999
0-1790977357-tronhang672-2727294	155.1	59.940	16.683	16.683	0.000	0.000	0.000	0.000	0.000	0.000	15.200	16.245	0.007	0.431	0.971	29.824	1.999
0-1790977357-tronhang672-2727294	157.1	59.749	16.737	16.737	0.000	0.000	0.000	0.000	0.000	0.000	15.000	16.287	0.010	0.440	0.976	29.824	1.999
0-1790977357-tronhang672-2727294	159.1	45.685	21.889	21.700	0.188	0.007	0.004	0.164	0.000	0.013	14.100	20.640	0.018	1.231	0.891	29.824	1.999
0-1790977357-tronhang672-2727294	161.1	31.509	31.737	19.590	12.147	0.322	0.000	10.870	0.000	0.954	13.400	28.451	0.044	3.242	0.883	29.824	1.999
0-1790977357-tronhang672-2727294	163.1	40.485	24.701	17.897	6.804	0.161	0.036	6.077	0.000	0.530	13.200	22.515	0.016	2.170	0.964	18.414	3.289
0-1790977357-tronhang672-2727294	165.1	49.847	20.061	20.061	0.000	0.000	0.000	0.000	0.000	0.000	10.200	18.342	0.018	1.701	0.841	18.414	3.289
0-1790977357-tronhang672-2727294	167.1	59.755	16.735	16.735	0.000	0.000	0.000	0.000	0.000	0.000	15.000	14.591	0.014	2.130	0.960	18.414	3.289
0-1790977357-tronhang672-2727294	169.2	52.187	19.162	19.162	0.000	0.000	0.000	0.000	0.000	0.000	11.800	18.668	0.011	0.482	0.924	18.414	3.289
0-1790977357-tronhang672-2727294	171.2	52.074	19.203	19.203	0.000	0.000	0.000	0.000	0.000	0.000	12.200	17.115	0.028	2.060	0.854	18.414	3.289
0-1790977357-tronhang672-2727294	173.2	54.547	18.333	18.333	0.000	0.000	0.000	0.000	0.000	0.000	13.500	15.429	0.030	2.874	0.846	15.601	1.712
0-1790977357-tronhang672-2727294	175.2	59.225	16.885	16.885	0.000	0.000	0.000	0.000	0.000	0.000	10.000	14.310	0.022	2.553	0.860	15.601	1.712
0-1790977357-tronhang672-2727294	177.2	60.210	16.609	16.609	0.000	0.000	0.000	0.000	0.000	0.000	14.300	14.757	0.020	1.832	0.959	15.601	1.712
0-1790977357-tronhang672-2727294	179.2	59.940	16.683	16.683	0.000	0.000	0.000	0.000	0.000	0.000	14.200	16.208	0.010	0.465	0.974	15.601	1.712
0-1790977357-tronhang672-2727294	181.2	59.940	16.683	16.683	0.000	0.000	0.000	0.000	0.000	0.000	14.100	16.213	0.007	0.464	0.972	15.601	1.712
0-1790977357-tronhang672-2727294	183.2	59.940	16.683	16.683	0.000	0.000	0.000	0.000	0.000	0.000	14.900	16.238	0.010	0.436	0.973	18.595	2.477
0-1790977357-tronhang672-2727294	185.2	59.913	16.691	16.691	0.000	0.000	0.000	0.000	0.000	0.000	14.600	16.272	0.006	0.413	0.977	18.595	2.477
0-1790977357-tronhang672-2727294	187.2	59.967	16.676	16.676	0.000	0.000	0.000	0.000	0.000	0.000	12.700	16.328	0.012	0.336	0.979	18.595	2.477
0-1790977357-tronhang672-2727294	189.2	57.401	17.421	17.272	0.149	0.006	0.004	0.127	0.000	0.012	14.400	16.981	0.007	0.433	0.957	18.595	2.477
0-1790977357-tronhang672-2727294	191.2	50.560	19.779	19.779	0.000	0.000	0.000	0.000	0.000	0.000	10.500	18.187	0.018	1.574	0.873	18.595	2.477
0-1790977357-tronhang672-2727294	193.2	57.293	17.454	17.454	0.000	0.000	0.000	0.000	0.000	0.000	11.600	15.115	0.026	2.313	0.843	20.070	1.482
0-1790977357-tronhang672-2727294	195.2	59.993	16.669	16.669	0.000	0.000	0.000	0.000	0.000	0.000	14.200	14.042	0.020	2.607	0.927	20.070	1.482
0-1790977357-tronhang672-2727294	197.2	59.970	16.675	16.675	0.000	0.000	0.000	0.000	0.000	0.000	14.600	16.210	0.010	0.454	0.974	20.070	1.482
0-1790977357-tronhang672-2727294	199.2	59.875	16.702	16.510	0.192	0.008	0.005	0.161	0.000	0.018	14.500	16.260	0.006	0.435	0.973	20.070	1.482
0-1790977357-tronhang672-2727294	201.2	59.916	16.690	14.300	2.390	0.144	0.241	1.817	0.000	0.187	12.600	16.209	0.014	0.468	0.978	20.070	1.482
0-1790977357-tronhang672-2727294	203.2	59.953	16.680	14.255	2.424	0.092	0.171	1.960	0.000	0.200	12.400	16.379	0.008	0.293	0.976	20.431	2.450
0-1790977357-tronhang672-2727294	205.2	59.957	16.679	14.534	2.145	0.117	0.204	1.640	0.000	0.184	12.700	16.208	0.012	0.459	0.971	20.431	2.450
0-1790977357-tronhang672-2727294	207.2	54.490	18.352	16.201	2.151	0.156	0.259	1.573	0.000	0.163	13.700	17.809	0.018	0.525	0.912	20.431	2.450
0-1790977357-tronhang672-2727294	209.2	49.832	20.068	20.068	0.000	0.000	0.000	0.000	0.000	0.000	11.200	17.292	0.023	2.753	0.810	20.431	2.450
0-1790977357-tronhang672-2727294	211.2	49.091	20.370	20.370	0.000	0.000	0.000	0.000	0.000	0.000	12.600	16.451	0.033	3.887	0.814	20.431	2.450
0-1790977357-tronhang672-2727294	213.2	55.227	18.107	18.107	0.000	0.000	0.000	0.000	0.000	0.000	9.400	14.785	0.034	3.288	0.826	21.627	3.181
0-1790977357-tronhang672-2727294	215.2	58.928	16.970	16.970	0.000	0.000	0.000	0.000	0.000	0.000	10.800	14.142	0.021	2.806	0.838	21.627	3.181
0-1790977357-tronhang672-2727294	217.2	56.059	17.838	17.838	0.000	0.000	0.000	0.000	0.000	0.000	11.600	14.971	0.033	2.835	0.840	21.627	3.181
0-1790977357-tronhang672-2727294	219.3	58.085	17.216	17.216	0.000	0.000	0.000	0.000	0.000	0.000	13.900	14.497	0.029	2.690	0.869	21.627	3.181
0-1790977357-tronhang672-2727294	221.3	58.745	17.023	14.342	2.681	0.187	0.296	1.990	0.000	0.207	12.200	15.459	0.013	1.551	0.973	21.627	3.181
0-1790977357-tronhang672-2727294	223.3	44.406	22.519	21.631	0.889	0.079	0.125	0.613	0.000	0.071	15.100	21.570	0.015	0.934	0.842	29.164	5.257
0-1790977357-tronhang672-2727294	225.3	42.930	23.294	23.294	0.000	0.000	0.000	0.000	0.000	0.000	13.000	18.880	0.037	4.377	0.829	29.164	5.257
0-1790977357-tronhang672-2727294	227.3	38.721	25.825	25.825	0.000	0.000	0.000	0.000	0.000	0.000	14.300	21.552	0.059	4.215	0.848	29.164	5.257
0-1790977357-tronhang672-2727294	229.3	40.306	24.810	24.810	0.000	0.000	0.000	0.000	0.000	0.000	12.600	21.086	0.047	3.677	0.848	29.164	5.257
0-1790977357-tronhang672-2727294	231.3	38.466	25.997	25.982	0.015	0.000	0.005	0.007	0.000	0.003	10.900	22.013	0.055	3.929	0.796	29.164	5.257
0-1790977357-tronhang672-2727294	233.3	43.936	22.760	22.760	0.000	0.000	0.000	0.000	0.000	0.000	10.700	18.104	0.045	4.612	0.842		
0-1790977357-tronhang672-2727294	235.3	48.718	20.526	20.526	0.000	0.000	0.000	0.000	0.000	0.000	8.000	17.373	0.034	3.119	0.853	19.090	3.162
0-1790977357-tronhang672-2727294	237.4	47.925	20.866	20.866	0.000	0.000	0.000	0.000	0.000	0.000	9.200	18.061	0.046	2.760	0.862	19.090	3.162
0-1790977357-tronhang672-2727294	239.4	24.889	40.179	39.786	0.392	0.015	0.000	0.225	0.138	0.014	9.200	34.222	0.077	5.879	0.842	19.090	3.162
0-1790977357-tronhang672-2727294	241.4	18.465	54.156	53.767	0.389	0.000	0.000	0.133	0.248	0.009	110.800	47.395	0.084	6.678	0.984	19.090	3.162
0-1790977357-tronhang672-2727294	243.4	15.129	66.100	64.429	1.671	0.026	0.000	0.783	0.762	0.100	110.800	64.920	0.088	1.092	0.982	19.090	3.162
0-1790977357-tronhang672-2727294	245.4	23.769	42.072	33.361	8.711	0.239	0.049	7.323	0.257	0.843	14.500	41.294	0.032	0.746	0.968	27.806	2.777
0-1790977357-tronhang672-2727294	247.4	33.350	29.985	27.333	2.653	0.000	0.000	0.578	1.889	0.185	22.400	27.163	0.076	2.747	0.772	27.806	2.777
0-1790977357-tronhang672-2727294	249.4	26.988	37.054	36.967	0.087	0.000	0.000	0.047	0.039	0.001	15.400	29.100	0.124	7.830	0.777	27.806	2.777
0-1790977357-tronhang672-2727294	251.4	24.923	40.124	40.118	0.005	0.000	0.000	0.005	0.000	0.000	14.100	30.579	0.116	9.428	0.739	27.806	2.777
0-1790977357-tronhang672-2727294	253.4	25.620	39.033	39.033	0.000	0.000	0.000	0.000	0.000	0.000	14.000	28.704	0.157	10.172	0.731	27.806	2.777
0-1790977357-tronhang672-2727294	255.4	25.795	38.767	38.695	0.072	0.000	0.009	0.051	0.003	0.008	13.600	28.398	0.148	10.222	0.728	34.371	3.654
0-1790977357-tronhang672-2727294	257.4	24.958	40.067	40.067	0.000	0.000	0.000	0.000	0.000	0.000	13.600	29.112	0.151	10.803	0.728	34.371	3.654
0-1790977357-tronhang672-2727294	259.4	24.339	41.086	41.085	0.000	0.000	0.000	0.000	0.000	0.000	13.800	29.996	0.129	10.961	0.726	34.371	3.654
0-1790977357-tronhang672-2727294	261.4	24.149	41.409	41.361	0.048	0.000	0.000	0.028	0.020	0.000	18.500	30.922	0.118	10.369	0.815	34.371	3.654
0-1790977357-tronhang672-2727294	263.4	25.944	38.544	38.537	0.007	0.000	0.000	0.007	0.000	0.000	17.300	31.068	0.151	7.325	0.773	32.714	3.867
0-1790977357-tronhang672-2727294	265.4	28.177	35.490	35.477	0.014	0.000	0.000	0.014	0.000	0.000	16.000	27.363	0.091	8.036	0.784	32.714	3.867
0-1790977357-tronhang672-2727294	267.4	27.192	36.775	36.775	0.000	0.000	0.000	0.000	0.000	0.000	16.100	28.800	0.082	7.893	0.785	32.714	3.867
0-1790977357-tronhang672-2727294	269.4	27.269	36.671	36.671	0.000	0.000	0.000	0.000	0.000	0.000	16.100	28.743	0.138	7.790	0.782	32.714	3.867
0-1790977357-tronhang672-2727294	271.5	27.513	36.347	36.347	0.000	0.000	0.000	0.000	0.000	0.000	18.100	28.650	0.101	7.596	0.791	32.714	3.867
0-1790977357-tronhang672-2727294	273.5	26.420	37.850	37.830	0.020	0.000	0.000	0.013	0.007	0.000	18.100	29.856	0.112	7.882	0.770	32.018	3.394
0-1790977357-tronhang672-2727294	275.5	26.597	37.598	37.598	0.000	0.000	0.000	0.000	0.000	0.000	16.800	29.033	0.114	8.451	0.777	32.018	3.394
0-1790977357-tronhang672-2727294	277.5	27.663	36.149	36.149	0.000	0.000	0.000	0.000	0.000	0.000	17.500	27.967	0.126	8.057	0.773	32.018	3.394
0-1790977357-tronhang672-2727294	279.5	26.994	37.046	37.046	0.000	0.000	0.000	0.000	0.000	0.000	16.200	28.586	0.103	8.356	0.773	32.018	3.394
0-1790977357-tronhang672-2727294	281.5	26.725	37.418	37.418	0.000	0.000	0.000	0.000	0.000	0.000	15.500	29.060	0.087	8.271	0.780	32.018	3.394
0-1790977357-tronhang672-2727294	283.5	26.537	37.684	37.665	0.019	0.000	0.000	0.009	0.009	0.000	17.900	29.437	0.112	8.134	0.790	31.474	4.025
0-1790977357-tronhang672-2727294	285.5	26.341	37.963	37.963	0.000	0.000	0.000	0.000	0.000	0.000	16.900	30.146	0.111	7.706	0.786	31.474	4.025
0-1790977357-tronhang672-2727294	287.5	26.324	37.988	37.943	0.044	0.000	0.013	0.024	0.000	0.007	18.800	29.583	0.090	8.315	0.787	31.474	4.025
0-1790977357-tronhang672-2727294	289.5	26.798	37.316	37.252	0.063	0.000	0.000	0.028	0.035	0.000	16.200	29.380	0.094	7.842	0.785	31.474	4.025
0-1790977357-tronhang672-2727294	291.6	30.397	32.898	32.898	0.000	0.000	0.000	0.000	0.000	0.000	12.600	25.935	0.081	6.882	0.791	31.474	4.025
0-1790977357-tronhang672-2727294	293.6	28.909	34.591	34.591	0.000	0.000	0.000	0.000	0.000	0.000	16.000	27.331	0.079	7.181	0.791	31.169	4.799
0-1790977357-tronhang672-2727294	295.6	29.316	34.110	34.076	0.035	0.000	0.000	0.026	0.009	0.000	15.800	27.127	0.089	6.895	0.797	31.169	4.799
0-1790977357-tronhang672-2727294	297.6	28.959	34.531	34.531	0.000	0.000	0.000	0.000	0.000	0.000	16.500	27.335	0.088	7.108	0.793	31.169	4.799
0-1790977357-tronhang672-2727294	299.6	27.039	36.983	36.983	0.000	0.000	0.000	0.000	0.000	0.000	16.500	29.355	0.060	7.568	0.794	31.169	4.799
0-1790977357-tronhang672-2727294	301.6	26.289	38.039	38.039	0.000	0.000	0.000	0.000	0.000	0.000	15.200	30.058	0.078	7.903	0.780	31.169	4.799
0-1790977357-tronhang672-2727294	303.6	28.811	34.709	34.709	0.000	0.000	0.000	0.000	0.000	0.000	17.100	27.090	0.080	7.540	0.781	30.990	3.784
0-1790977357-tronhang672-2727294	305.6	30.085	33.239	33.215	0.025	0.000	0.000	0.011	0.013	0.000	15.500	26.014	0.092	7.133	0.785	30.990	3.784
0-1790977357-tronhang672-2727294	307.6	29.270	34.165	34.165	0.000	0.000	0.000	0.000	0.000	0.000	16.600	26.960	0.100	7.106	0.804	30.990	3.784
0-1790977357-tronhang672-2727294	309.6	29.747	33.617	33.615	0.001	0.000	0.000	0.000	0.001	0.000	15.800	27.002	0.071	6.544	0.794	30.990	3.784
0-1790977357-tronhang672-2727294	311.6	29.221	34.222	34.222	0.000	0.000	0.000	0.000	0.000	0.000	15.600	27.106	0.074	7.042	0.794	30.990	3.784
0-1790977357-tronhang672-2727294	313.7	27.677	36.132	36.132	0.000	0.000	0.000	0.000	0.000	0.000	17.000	28.555	0.083	7.493	0.779	29.995	4.259
0-1790977357-tronhang672-2727294	315.7	28.950	34.542	34.501	0.041	0.000	0.000	0.024	0.015	0.002	16.200	26.975	0.103	7.464	0.795	29.995	4.259
0-1790977357-tronhang672-2727294	317.7	33.792	29.593	29.593	0.000	0.000	0.000	0.000	0.000	0.000	15.500	23.690	0.064	5.839	0.811	29.995	4.259
0-1790977357-tronhang672-2727294	319.7	36.729	27.227	27.222	0.004	0.000	0.000	0.000	0.004	0.000	15.900	22.017	0.056	5.153	0.806	29.995	4.259
0-1790977357-tronhang672-2727294	321.7	35.006	28.567	28.567	0.000	0.000	0.000	0.000	0.000	0.000	14.600	23.135	0.067	5.365	0.822	29.995	4.259
0-1790977357-tronhang672-2727294	323.7	35.095	28.494	28.494	0.000	0.000	0.000	0.000	0.000	0.000	15.500	23.426	0.047	5.021	0.816	29.931	4.441
0-1790977357-tronhang672-2727294	325.7	36.354	27.507	27.507	0.000	0.000	0.000	0.000	0.000	0.000	14.300	22.426	0.057	5.025	0.821	29.931	4.441
0-1790977357-tronhang672-2727294	327.7	46.739	21.395	21.395	0.000	0.000	0.000	0.000	0.000	0.000	8.900	17.616	0.034	3.746	0.834	29.931	4.441
0-1790977357-tronhang672-2727294	329.7	48.280	20.713	20.713	0.000	0.000	0.000	0.000	0.000	0.000	9.700	17.327	0.034	3.351	0.835	29.931	4.441
0-1790977357-tronhang672-2727294	331.7	39.419	25.368	25.368	0.000	0.000	0.000	0.000	0.000	0.000	9.400	21.058	0.049	4.261	0.805	29.931	4.441
0-1790977357-tronhang672-2727294	333.7	39.112	25.567	25.567	0.000	0.000	0.000	0.000	0.000	0.000	13.400	20.507	0.059	5.000	0.815	29.011	4.768
0-1790977357-tronhang672-2727294	335.7	37.537	26.641	26.641	0.000	0.000	0.000	0.000	0.000	0.000	14.900	21.832	0.063	4.746	0.820	29.011	4.768
0-1790977357-tronhang672-2727294	337.7	37.451	26.702	26.702	0.000	0.000	0.000	0.000	0.000	0.000	13.200	21.917	0.051	4.733	0.818	29.011	4.768
0-1790977357-tronhang672-2727294	339.7	39.042	25.614	25.614	0.000	0.000	0.000	0.000	0.000	0.000	11.400	20.949	0.060	4.604	0.818	29.011	4.768
0-1790977357-tronhang672-2727294	341.7	50.416	19.835	19.835	0.000	0.000	0.000	0.000	0.000	0.000	8.100	16.277	0.046	3.512	0.834	29.011	4.768
0-1790977357-tronhang672-2727294	343.7	45.493	21.982	21.982	0.000	0.000	0.000	0.000	0.000	0.000	13.100	18.319	0.039	3.624	0.826	28.845	3.811
0-1790977357-tronhang672-2727294	345.7	39.244	25.482	25.482	-0.000	0.000	0.000	0.000	0.000	0.000	10.400	20.965	0.053	4.464	0.808	28.845	3.811
0-1790977357-tronhang672-2727294	347.7	38.880	25.720	25.720	0.000	0.000	0.000	0.000	0.000	0.000	13.600	20.824	0.071	4.826	0.825	28.845	3.811
0-1790977357-tronhang672-2727294	349.8	38.476	25.990	25.990	0.000	0.000	0.000	0.000	0.000	0.000	13.500	21.419	0.047	4.525	0.817	28.845	3.811
0-1790977357-tronhang672-2727294	351.8	37.329	26.789	26.789	0.000	0.000	0.000	0.000	0.000	0.000	13.600	21.952	0.055	4.782	0.819	28.845	3.811
0-1790977357-tronhang672-2727294	353.8	44.320	22.563	22.563	0.000	0.000	0.000	0.000	0.000	0.000	6.900	18.400	0.042	4.121	0.827	30.177	4.976
0-1790977357-tronhang672-2727294	355.8	52.297	19.122	19.122	0.000	0.000	0.000	0.000	0.000	0.000	8.700	15.831	0.043	3.248	0.836	30.177	4.976
0-1790977357-tronhang672-2727294	357.8	38.709	25.834	25.834	0.000	0.000	0.000	0.000	0.000	0.000	14.500	21.653	0.060	4.121	0.820	30.177	4.976
0-1790977357-tronhang672-2727294	359.8	37.311	26.802	26.802	0.000	0.000	0.000	0.000	0.000	0.000	14.400	21.913	0.062	4.826	0.809	30.177	4.976
0-1790977357-tronhang672-2727294	361.8	35.906	27.850	27.850	0.000	0.000	0.000	0.000	0.000	0.000	14.300	22.514	0.063	5.273	0.818	30.177	4.976
0-1790977357-tronhang672-2727294	363.8	35.867	27.881	27.881	0.000	0.000	0.000	0.000	0.000	0.000	13.200	22.833	0.065	4.983	0.816	29.988	4.483
0-1790977357-tronhang672-2727294	365.8	36.174	27.644	27.644	0.000	0.000	0.000	0.000	0.000	0.000	13.500	22.610	0.056	4.978	0.820	29.988	4.483
0-1790977357-tronhang672-2727294	367.8	42.150	23.725	23.725	0.000	0.000	0.000	0.000	0.000	0.000	9.800	19.405	0.053	4.267	0.817	29.988	4.483
0-1790977357-tronhang672-2727294	369.8	48.513	20.613	20.613	0.000	0.000	0.000	0.000	0.000	0.000	10.600	16.912	0.038	3.663	0.840	29.988	4.483
0-1790977357-tronhang672-2727294	371.8	36.593	27.328	27.328	0.000	0.000	0.000	0.000	0.000	0.000	11.700	22.882	0.058	4.388	0.815	29.988	4.483
0-1790977357-tronhang672-2727294	373.8	36.963	27.054	27.054	0.000	0.000	0.000	0.000	0.000	0.000	14.200	22.031	0.059	4.963	0.816	29.613	3.518
0-1790977357-tronhang672-2727294	375.8	35.673	28.032	28.032	0.000	0.000	0.000	0.000	0.000	0.000	14.800	22.892	0.063	5.077	0.821	29.613	3.518
0-1790977357-tronhang672-2727294	377.8	35.865	27.882	27.882	0.000	0.000	0.000	0.000	0.000	0.000	14.700	22.954	0.061	4.867	0.815	29.613	3.518
0-1790977357-tronhang672-2727294	379.8	36.623	27.305	27.305	0.000	0.000	0.000	0.000	0.000	0.000	12.800	22.205	0.059	5.042	0.814	29.613	3.518
0-1790977357-tronhang672-2727294	381.8	41.490	24.102	24.102	0.000	0.000	0.000	0.000	0.000	0.000	13.100	19.619	0.042	4.441	0.812	29.613	3.518
0-1790977357-tronhang672-2727294	383.8	40.210	24.870	24.870	0.000	0.000	0.000	0.000	0.000	0.000	9.600	20.220	0.047	4.603	0.823	30.233	4.122
0-1790977357-tronhang672-2727294	385.8	34.521	28.968	28.968	0.000	0.000	0.000	0.000	0.000	0.000	16.300	23.833	0.056	5.078	0.810	30.233	4.122
0-1790977357-tronhang672-2727294	387.8	33.124	30.189	30.189	0.000	0.000	0.000	0.000	0.000	0.000	15.200	24.390	0.076	5.724	0.810	30.233	4.122
0-1790977357-tronhang672-2727294	389.8	32.923	30.374	30.374	0.000	0.000	0.000	0.000	0.000	0.000	14.600	24.573	0.069	5.732	0.810	30.233	4.122
0-1790977357-tronhang672-2727294	391.8	33.903	29.496	29.496	0.000	0.000	0.000	0.000	0.000	0.000	14.800	23.957	0.063	5.476	0.819	30.233	4.122
0-1790977357-tronhang672-2727294	393.8	36.708	27.242	27.242	0.000	0.000	0.000	0.000	0.000	0.000	14.800	22.333	0.051	4.858	0.818	30.690	4.495
0-1790977357-tronhang672-2727294	395.8	39.643	25.225	25.225	0.000	0.000	0.000	0.000	0.000	0.000	12.700	20.645	0.044	4.536	0.813	30.690	4.495
0-1790977357-tronhang672-2727294	397.9	34.518	28.971	28.971	0.000	0.000	0.000	0.000	0.000	0.000	9.700	23.524	0.046	5.401	0.808	30.690	4.495
0-1790977357-tronhang672-2727294	399.9	34.118	29.310	29.310	0.000	0.000	0.000	0.000	0.000	0.000	15.200	23.718	0.058	5.534	0.793	30.690	4.495
0-1790977357-tronhang672-2727294	401.9	32.347	30.914	30.914	0.000	0.000	0.000	0.000	0.000	0.000	14.100	24.510	0.056	6.348	0.819	30.690	4.495
0-1790977357-tronhang672-2727294	403.9	32.696	30.585	30.585	0.000	0.000	0.000	0.000	0.000	0.000	15.500	25.038	0.060	5.486	0.815	29.977	3.981
0-1790977357-tronhang672-2727294	405.9	35.063	28.520	28.520	0.000	0.000	0.000	0.000	0.000	0.000	14.400	23.291	0.059	5.170	0.822	29.977	3.981
0-1790977357-tronhang672-2727294	407.9	37.494	26.671	26.671	0.000	0.000	0.000	0.000	0.000	0.000	13.100	21.924	0.053	4.694	0.818	29.977	3.981
0-1790977357-tronhang672-2727294	409.9	36.128	27.679	27.679	0.000	0.000	0.000	0.000	0.000	0.000	13.600	22.607	0.055	5.017	0.809	29.977	3.981
0-1790977357-tronhang672-2727294	411.9	35.682	28.025	28.025	0.000	0.000	0.000	0.000	0.000	0.000	12.800	22.724	0.066	5.235	0.798	29.977	3.981
0-1790977357-tronhang672-2727294	413.9	33.447	29.898	29.898	0.000	0.000	0.000	0.000	0.000	0.000	15.000	23.788	0.088	6.021	0.812	30.157	3.987
0-1790977357-tronhang672-2727294	415.9	33.313	30.018	30.018	0.000	0.000	0.000	0.000	0.000	0.000	14.400	24.381	0.062	5.575	0.808	30.157	3.987
0-1790977357-tronhang672-2727294	417.9	33.764	29.617	29.617	0.000	0.000	0.000	0.000	0.000	0.000	14.600	23.921	0.070	5.626	0.818	30.157	3.987
0-1790977357-tronhang672-2727294	419.9	37.178	26.897	26.897	0.000	0.000	0.000	0.000	0.000	0.000	14.900	22.011	0.051	4.836	0.813	30.157	3.987
0-1790977357-tronhang672-2727294	421.9	43.026	23.242	23.242	0.000	0.000	0.000	0.000	0.000	0.000	11.100	18.883	0.045	4.313	0.826	30.157	3.987
0-1790977357-tronhang672-2727294	423.9	39.503	25.315	25.315	0.000	0.000	0.000	0.000	0.000	0.000	14.000	20.927	0.048	4.340	0.812	29.750	3.996
0-1790977357-tronhang672-2727294	425.9	36.990	27.035	27.035	0.000	0.000	0.000	0.000	0.000	0.000	9.800	21.932	0.054	5.049	0.812	29.750	3.996
0-1790977357-tronhang672-2727294	427.9	35.618	28.076	28.076	0.000	0.000	0.000	0.000	0.000	0.000	11.400	22.774	0.056	5.246	0.819	29.750	3.996
0-1790977357-tronhang672-2727294	429.9	34.668	28.845	28.845	0.000	0.000	0.000	0.000	0.000	0.000	15.300	23.678	0.057	5.111	0.821	29.750	3.996
0-1790977357-tronhang672-2727294	431.9	36.549	27.361	27.361	0.000	0.000	0.000	0.000	0.000	0.000	14.400	22.492	0.067	4.802	0.825	29.750	3.996
0-1790977357-tronhang672-2727294	433.9	39.801	25.125	25.125	0.000	0.000	0.000	0.000	0.000	0.000	12.300	20.639	0.043	4.443	0.816	29.983	4.687
0-1790977357-tronhang672-2727294	435.9	47.380	21.106	21.106	0.000	0.000	0.000	0.000	0.000	0.000	10.000	17.214	0.046	3.846	0.838	29.983	4.687
0-1790977357-tronhang672-2727294	437.9	37.023	27.010	27.010	0.000	0.000	0.000	0.000	0.000	0.000	14.000	22.636	0.052	4.322	0.806	29.983	4.687
0-1790977357-tronhang672-2727294	439.9	36.761	27.203	27.203	0.000	0.000	0.000	0.000	0.000	0.000	14.600	21.981	0.051	5.172	0.813	29.983	4.687
0-1790977357-tronhang672-2727294	441.9	35.775	27.953	27.953	0.000	0.000	0.000	0.000	0.000	0.000	14.300	22.733	0.055	5.165	0.813	29.983	4.687
0-1790977357-tronhang672-2727294	443.9	35.475	28.189	28.189	0.000	0.000	0.000	0.000	0.000	0.000	13.000	22.917	0.063	5.208	0.820	30.498	3.709
0-1790977357-tronhang672-2727294	445.9	37.708	26.520	26.520	0.000	0.000	0.000	0.000	0.000	0.000	14.500	21.747	0.045	4.727	0.817	30.498	3.709
0-1790977357-tronhang672-2727294	447.9	45.201	22.123	22.123	0.000	0.000	0.000	0.000	0.000	0.000	12.800	18.075	0.046	4.002	0.828	30.498	3.709
0-1790977357-tronhang672-2727294	449.9	40.606	24.627	24.627	0.000	0.000	0.000	0.000	0.000	0.000	14.700	20.394	0.041	4.191	0.810	30.498	3.709
0-1790977357-tronhang672-2727294	452.0	34.551	28.943	28.943	0.000	0.000	0.000	0.000	0.000	0.000	14.900	23.481	0.064	5.398	0.809	30.498	3.709
0-1790977357-tronhang672-2727294	454.0	33.053	30.255	30.255	0.000	0.000	0.000	0.000	0.000	0.000	14.200	24.425	0.087	5.742	0.810	30.098	4.348
0-1790977357-tronhang672-2727294	456.0	32.509	30.761	30.761	0.000	0.000	0.000	0.000	0.000	0.000	15.300	24.949	0.071	5.740	0.813	30.098	4.348
0-1790977357-tronhang672-2727294	458.0	33.985	29.425	29.425	0.000	0.000	0.000	0.000	0.000	0.000	15.600	23.925	0.048	5.451	0.822	30.098	4.348
0-1790977357-tronhang672-2727294	460.0	38.750	25.806	25.806	0.000	0.000	0.000	0.000	0.000	0.000	14.000	21.160	0.059	4.588	0.815	30.098	4.348
0-1790977357-tronhang672-2727294	462.0	48.031	20.820	20.820	0.000	0.000	0.000	0.000	0.000	0.000	10.100	16.972	0.040	3.807	0.830	30.098	4.348
0-1790977357-tronhang672-2727294	464.0	39.332	25.425	25.425	0.000	0.000	0.000	0.000	0.000	0.000	13.700	21.106	0.064	4.255	0.809	29.308	4.511
0-1790977357-tronhang672-2727294	466.0	35.873	27.876	27.876	0.000	0.000	0.000	0.000	0.000	0.000	15.000	22.597	0.054	5.225	0.817	29.308	4.511
0-1790977357-tronhang672-2727294	468.0	34.826	28.714	28.714	0.000	0.000	0.000	0.000	0.000	0.000	14.700	23.432	0.057	5.225	0.818	29.308	4.511
0-1790977357-tronhang672-2727294	470.0	34.595	28.906	28.906	0.000	0.000	0.000	0.000	0.000	0.000	15.100	23.672	0.051	5.183	0.820	29.308	4.511
0-1790977357-tronhang672-2727294	472.0	35.944	27.821	27.821	0.000	0.000	0.000	0.000	0.000	0.000	15.700	22.747	0.060	5.015	0.819	29.308	4.511
0-1790977357-tronhang672-2727294	474.0	42.008	23.805	23.805	0.000	0.000	0.000	0.000	0.000	0.000	12.500	19.536	0.053	4.216	0.822	28.975	3.948
0-1790977357-tronhang672-2727294	476.0	43.315	23.086	23.086	0.000	0.000	0.000	0.000	0.000	0.000	12.500	18.939	0.040	4.107	0.823	28.975	3.948
0-1790977357-tronhang672-2727294	478.1	36.212	27.615	27.615	0.000	0.000	0.000	0.000	0.000	0.000	10.900	22.834	0.055	4.725	0.809	28.975	3.948
0-1790977357-tronhang672-2727294	480.1	35.662	28.041	28.041	0.000	0.000	0.000	0.000	0.000	0.000	14.800	22.663	0.058	5.320	0.813	28.975	3.948
0-1790977357-tronhang672-2727294	482.1	34.978	28.590	28.590	0.000	0.000	0.000	0.000	0.000	0.000	14.700	23.206	0.051	5.333	0.812	28.975	3.948
0-1790977357-tronhang672-2727294	484.1	36.306	27.543	27.543	0.000	0.000	0.000	0.000	0.000	0.000	15.000	22.364	0.058	5.122	0.815	30.780	3.900
0-1790977357-tronhang672-2727294	486.1	39.695	25.192	25.192	0.000	0.000	0.000	0.000	0.000	0.000	12.600	20.550	0.041	4.601	0.813	30.780	3.900
0-1790977357-tronhang672-2727294	488.1	47.851	20.898	20.898	0.000	0.000	0.000	0.000	0.000	0.000	9.600	16.960	0.046	3.893	0.848	30.780	3.900
0-1790977357-tronhang672-2727294	490.1	35.234	28.382	28.382	-0.000	0.000	0.000	0.000	0.000	0.000	15.800	24.029	0.061	4.291	0.810	30.780	3.900
0-1790977357-tronhang672-2727294	492.1	34.896	28.657	28.657	0.000	0.000	0.000	0.000	0.000	0.000	15.200	23.293	0.063	5.301	0.817	30.780	3.900
0-1790977357-tronhang672-2727294	494.1	33.436	29.908	29.908	0.000	0.000	0.000	0.000	0.000	0.000	14.200	24.345	0.080	5.482	0.816	29.879	3.894
0-1790977357-tronhang672-2727294	496.1	33.355	29.980	29.980	0.000	0.000	0.000	0.000	0.000	0.000	14.700	24.548	0.058	5.374	0.810	29.879	3.894
0-1790977357-tronhang672-2727294	498.1	33.517	29.836	29.836	0.000	0.000	0.000	0.000	0.000	0.000	15.300	24.164	0.067	5.605	0.816	29.879	3.894
0-1790977357-tronhang672-2727294	500.1	33.290	30.039	30.039	0.000	0.000	0.000	0.000	0.000	0.000	15.000	24.412	0.060	5.568	0.812	29.879	3.894
0-1790977357-tronhang672-2727294	502.1	32.944	30.354	30.354	0.000	0.000	0.000	0.000	0.000	0.000	15.000	24.684	0.058	5.612	0.813	29.879	3.894
0-1790977357-tronhang672-2727294	504.1	33.856	29.537	29.537	0.000	0.000	0.000	0.000	0.000	0.000	14.200	23.974	0.049	5.513	0.812		
0-1790977357-tronhang672-2727294	506.1	34.729	28.795	28.795	0.000	0.000	0.000	0.000	0.000	0.000	11.200	23.401	0.069	5.325	0.804		
0-1790977357-tronhang672-2727294	508.2	39.628	25.235	25.235	0.000	0.000	0.000	0.000	0.000	0.000	10.000	20.386	0.065	4.784	0.797		
0-1790977357-tronhang672-2727294	510.2	39.364	25.404	25.404	0.000	0.000	0.000	0.000	0.000	0.000	11.000	20.239	0.065	5.100	0.792		
0-1790978946-tronhang672-3184149	1.0	24.776	40.362	40.359	0.003	0.000	0.000	0.001	0.002	0.000	19.200	29.260	0.081	11.022	0.722	52.495	2.307
0-1790978946-tronhang672-3184149	3.0	17.755	56.321	56.321	0.000	0.000	0.000	0.000	0.000	0.000	20.800	41.375	0.081	14.865	0.735	52.495	2.307
0-1790978946-tronhang672-3184149	5.0	9.537	104.850	55.108	49.742	1.237	0.000	40.600	0.002	7.903	20.800	83.864	0.121	20.866	0.818	52.495	2.307
0-1790978946-tronhang672-3184149	7.0	9.537	104.850	3.405	101.445	2.525	0.014	82.740	0.000	16.166		103.402	0.130	1.318	0.986	52.495	2.307
0-1790978946-tronhang672-3184149	9.1	12.414	80.554	59.764	20.789	0.578	0.042	16.863	0.019	3.288	20.100	60.615	0.103	19.836	0.726	26.370	3.505
0-1790978946-tronhang672-3184149	11.1	17.900	55.867	55.785	0.082	0.000	0.005	0.069	0.008	0.000	20.100	38.908	0.075	16.883	0.699	26.370	3.505
0-1790978946-tronhang672-3184149	13.1	20.222	49.452	49.452	0.000	0.000	0.000	0.000	0.000	0.000	21.500	33.628	0.067	15.757	0.676	26.370	3.505
0-1790978946-tronhang672-3184149	15.1	21.526	46.454	46.440	0.015	0.000	0.000	0.000	0.015	0.000	19.800	31.470	0.080	14.905	0.682	26.370	3.505
0-1790978946-tronhang672-3184149	17.1	22.002	45.450	45.402	0.048	0.000	0.011	0.029	0.000	0.008	19.800	30.533	0.063	14.853	0.671	26.370	3.505
0-1790978946-tronhang672-3184149	19.1	26.911	37.159	37.046	0.113	0.000	0.002	0.079	0.012	0.021	18.100	25.975	0.056	11.128	0.709	30.942	3.362
0-1790978946-tronhang672-3184149	21.1	33.639	29.727	29.727	0.000	0.000	0.000	0.000	0.000	0.000	14.600	23.177	0.049	6.501	0.780	30.942	3.362
0-1790978946-tronhang672-3184149	23.1	36.461	27.426	27.306	0.120	0.002	0.016	0.083	0.001	0.018	12.000	21.764	0.048	5.614	0.795	30.942	3.362
0-1790978946-tronhang672-3184149	25.1	42.494	23.532	22.637	0.895	0.024	0.051	0.679	0.000	0.141	9.500	14.978	0.034	8.520	0.651	30.942	3.362
0-1790978946-tronhang672-3184149	27.1	51.309	19.490	13.611	5.879	0.345	0.297	4.335	0.005	0.897	10.000	18.760	0.012	0.717	0.964	30.942	3.362
0-1790978946-tronhang672-3184149	29.1	35.607	28.085	26.445	1.639	0.109	0.119	1.159	0.003	0.251	26.200	24.097	0.031	3.956	0.837	43.107	2.922
0-1790978946-tronhang672-3184149	31.1	24.351	41.066	41.066	0.000	0.000	0.000	0.000	0.000	0.000	18.000	30.198	0.075	10.793	0.738	43.107	2.922
0-1790978946-tronhang672-3184149	33.1	21.280	46.993	46.993	0.000	0.000	0.000	0.000	0.000	0.000	19.100	33.810	0.091	13.092	0.722	43.107	2.922
0-1790978946-tronhang672-3184149	35.1	13.562	73.733	64.413	9.320	0.241	0.000	7.561	0.000	1.518	19.100	46.514	0.111	27.108	0.649	43.107	2.922
0-1790978946-tronhang672-3184149	37.1	13.562	73.733	28.716	45.017	1.008	0.006	36.591	0.007	7.404		67.942	0.083	5.708	0.896	43.107	2.922
0-1790978946-tronhang672-3184149	39.1	22.561	44.325	44.325	0.000	0.000	0.000	0.000	0.000	0.000	16.700	31.999	0.080	12.246	0.720	30.260	3.619
0-1790978946-tronhang672-3184149	41.1	26.084	38.338	38.325	0.013	0.000	0.000	0.013	0.000	0.000	18.100	28.421	0.089	9.827	0.747	30.260	3.619
0-1790978946-tronhang672-3184149	43.1	27.496	36.368	36.368	0.000	0.000	0.000	0.000	0.000	0.000	13.700	27.171	0.087	9.110	0.743	30.260	3.619
0-1790978946-tronhang672-3184149	45.1	25.636	39.008	38.992	0.017	0.000	0.000	0.000	0.014	0.003	21.000	29.180	0.061	9.768	0.749	30.260	3.619
0-1790978946-tronhang672-3184149	47.1	22.855	43.754	43.754	0.000	0.000	0.000	0.000	0.000	0.000	18.400	31.922	0.095	11.738	0.730	30.260	3.619
0-1790978946-tronhang672-3184149	49.1	24.272	41.200	41.200	0.000	0.000	0.000	0.000	0.000	0.000	18.400	30.426	0.069	10.704	0.740	27.735	3.593
0-1790978946-tronhang672-3184149	51.1	24.341	41.083	41.083	0.000	0.000	0.000	0.000	0.000	0.000	17.500	32.084	0.062	8.938	0.783	27.735	3.593
0-1790978946-tronhang672-3184149	53.2	25.351	39.446	39.446	0.000	0.000	0.000	0.000	0.000	0.000	19.500	30.108	0.058	9.280	0.763	27.735	3.593
0-1790978946-tronhang672-3184149	55.2	22.754	43.948	43.946	0.002	0.000	0.000	0.002	0.000	0.000	22.600	33.743	0.073	10.132	0.764	27.735	3.593
0-1790978946-tronhang672-3184149	57.2	19.538	51.183	51.183	0.000	0.000	0.000	0.000	0.000	0.000	22.600	39.332	0.076	11.775	0.776	27.735	3.593
0-1790978946-tronhang672-3184149	59.2	21.441	46.639	46.622	0.016	0.000	0.000	0.016	0.000	0.000	26.300	35.156	0.068	11.415	0.753	29.759	3.644
0-1790978946-tronhang672-3184149	61.2	21.998	45.458	45.439	0.019	0.000	0.000	0.008	0.011	0.000	20.300	34.367	0.069	11.022	0.757	29.759	3.644
0-1790978946-tronhang672-3184149	63.2	22.249	44.945	44.876	0.070	0.000	0.019	0.032	0.000	0.019	17.200	34.024	0.104	10.816	0.742	29.759	3.644
0-1790978946-tronhang672-3184149	65.2	21.930	45.600	45.600	0.000	0.000	0.000	0.000	0.000	0.000	17.200	33.472	0.074	12.054	0.746	29.759	3.644
0-1790978946-tronhang672-3184149	67.2	22.391	44.661	44.661	0.000	0.000	0.000	0.000	0.000	0.000	18.300	34.149	0.065	10.447	0.763	29.759	3.644
0-1790978946-tronhang672-3184149	69.3	22.800	43.860	43.860	0.000	0.000	0.000	0.000	0.000	0.000	19.100	34.050	0.069	9.741	0.785	24.854	2.861
0-1790978946-tronhang672-3184149	71.3	25.547	39.144	38.883	0.261	0.003	0.051	0.163	0.000	0.045	24.900	31.272	0.056	7.817	0.805	24.854	2.861
0-1790978946-tronhang672-3184149	73.3	30.356	32.943	32.529	0.414	0.035	0.036	0.283	0.000	0.061	19.500	26.875	0.048	6.020	0.805	24.854	2.861
0-1790978946-tronhang672-3184149	75.3	26.977	37.069	37.069	0.000	0.000	0.000	0.000	0.000	0.000	22.400	29.421	0.056	7.591	0.793	24.854	2.861
0-1790978946-tronhang672-3184149	77.3	28.306	35.328	35.328	0.000	0.000	0.000	0.000	0.000	0.000	12.000	27.494	0.052	7.782	0.772	24.854	2.861
0-1790978946-tronhang672-3184149	79.3	29.413	33.998	33.987	0.012	0.000	0.000	0.009	0.002	0.001	15.100	26.674	0.057	7.267	0.789	29.954	3.924
0-1790978946-tronhang672-3184149	81.3	30.454	32.837	32.837	0.000	0.000	0.000	0.000	0.000	0.000	16.700	26.099	0.056	6.683	0.795	29.954	3.924
0-1790978946-tronhang672-3184149	83.3	36.063	27.729	27.721	0.008	0.000	0.000	0.006	0.002	0.000	9.400	22.044	0.042	5.643	0.797	29.954	3.924
0-1790978946-tronhang672-3184149	85.3	54.355	18.398	18.011	0.387	0.022	0.019	0.293	0.000	0.053	9.000	16.325	0.028	2.045	0.874	29.954	3.924
0-1790978946-tronhang672-3184149	87.3	32.490	30.778	30.605	0.174	0.000	0.022	0.119	0.000	0.033	12.500	23.674	0.051	7.054	0.771	29.954	3.924
0-1790978946-tronhang672-3184149	89.3	33.315	30.016	30.015	0.001	0.000	0.000	0.001	0.000	0.000	11.400	22.242	0.048	7.727	0.748	29.463	4.496
0-1790978946-tronhang672-3184149	91.3	29.420	33.991	33.991	0.000	0.000	0.000	0.000	0.000	0.000	11.200	25.422	0.089	8.480	0.749	29.463	4.496
0-1790978946-tronhang672-3184149	93.3	27.313	36.613	36.592	0.021	0.000	0.000	0.021	0.000	0.000	21.800	27.893	0.090	8.630	0.773	29.463	4.496
0-1790978946-tronhang672-3184149	95.3	27.858	35.897	35.786	0.111	0.000	0.032	0.056	0.000	0.023	9.000	29.805	0.056	6.035	0.828	29.463	4.496
0-1790978946-tronhang672-3184149	97.3	50.166	19.934	19.934	0.000	0.000	0.000	0.000	0.000	0.000	9.300	16.087	0.033	3.814	0.805	29.463	4.496
0-1790978946-tronhang672-3184149	99.3	51.067	19.582	19.582	0.000	0.000	0.000	0.000	0.000	0.000	8.500	15.673	0.046	3.863	0.799	29.067	3.186
0-1790978946-tronhang672-3184149	101.3	42.306	23.637	23.635	0.003	0.000	0.003	0.000	0.000	0.000	16.100	18.738	0.047	4.853	0.790	29.067	3.186
0-1790978946-tronhang672-3184149	103.4	24.876	40.200	40.199	0.001	0.000	0.000	0.000	0.001	0.000	16.100	31.440	0.087	8.673	0.779	29.067	3.186
0-1790978946-tronhang672-3184149	105.4	21.760	45.955	45.955	0.000	0.000	0.000	0.000	0.000	0.000	16.500	36.031	0.086	9.838	0.791	29.067	3.186
0-1790978946-tronhang672-3184149	107.4	19.787	50.539	50.539	0.000	0.000	0.000	0.000	0.000	0.000	26.700	40.741	0.084	9.713	0.805	29.067	3.186
0-1790978946-tronhang672-3184149	109.4	17.762	56.300	56.300	0.000	0.000	0.000	0.000	0.000	0.000	26.700	43.277	0.074	12.949	0.762	26.434	2.601
0-1790978946-tronhang672-3184149	111.4	17.106	58.458	58.457	0.001	0.000	0.000	0.001	0.000	0.000	31.100	45.737	0.119	12.602	0.787	26.434	2.601
0-1790978946-tronhang672-3184149	113.4	16.802	59.517	59.517	0.000	0.000	0.000	0.000	0.000	0.000		45.082	0.099	14.335	0.736	26.434	2.601
0-1790978946-tronhang672-3184149	115.4	17.790	56.211	56.211	0.000	0.000	0.000	0.000	0.000	0.000	31.300	40.263	0.088	15.860	0.735	26.434	2.601
0-1790978946-tronhang672-3184149	117.4	19.117	52.308	52.264	0.044	0.000	0.004	0.023	0.000	0.016	14.400	39.907	0.089	12.312	0.749	26.434	2.601
0-1790978946-tronhang672-3184149	119.4	23.247	43.017	43.016	0.001	0.000	0.000	0.000	0.001	0.000	14.400	32.496	0.112	10.408	0.764	33.247	3.569
0-1790978946-tronhang672-3184149	121.4	23.850	41.929	41.929	0.000	0.000	0.000	0.000	0.000	0.000	15.300	31.364	0.086	10.480	0.753	33.247	3.569
0-1790978946-tronhang672-3184149	123.4	24.356	41.057	41.040	0.017	0.000	0.000	0.017	0.000	0.000	14.300	30.618	0.093	10.346	0.743	33.247	3.569
0-1790978946-tronhang672-3184149	125.4	25.492	39.229	39.229	0.000	0.000	0.000	0.000	0.000	0.000	16.100	30.532	0.067	8.630	0.782	33.247	3.569
0-1790978946-tronhang672-3184149	127.4	26.185	38.190	38.190	0.000	0.000	0.000	0.000	0.000	0.000	18.400	30.135	0.060	7.994	0.789	33.247	3.569
0-1790978946-tronhang672-3184149	129.4	25.487	39.235	39.235	0.000	0.000	0.000	0.000	0.000	0.000	17.300	30.855	0.075	8.305	0.787	26.078	3.337
0-1790978946-tronhang672-3184149	131.4	25.284	39.550	39.550	0.000	0.000	0.000	0.000	0.000	0.000	17.300	30.897	0.075	8.577	0.783	26.078	3.337
0-1790978946-tronhang672-3184149	133.4	24.723	40.448	40.448	0.000	0.000	0.000	0.000	0.000	0.000	23.200	31.851	0.081	8.517	0.782	26.078	3.337
0-1790978946-tronhang672-3184149	135.4	23.023	43.435	43.435	0.000	0.000	0.000	0.000	0.000	0.000	17.100	33.722	0.088	9.625	0.780	26.078	3.337
0-1790978946-tronhang672-3184149	137.4	21.218	47.130	47.065	0.065	0.000	0.006	0.059	0.000	0.000	18.900	37.826	0.077	9.227	0.798	26.078	3.337
0-1790978946-tronhang672-3184149	139.5	19.646	50.900	50.900	0.000	0.000	0.000	0.000	0.000	0.000	18.900	41.008	0.065	9.827	0.815	38.117	2.453
0-1790978946-tronhang672-3184149	141.5	15.947	62.708	31.252	31.456	0.780	0.029	24.624	0.080	5.943	33.400	53.785	0.188	8.735	0.858	38.117	2.453
0-1790978946-tronhang672-3184149	143.5	15.905	62.872	62.872	0.000	0.000	0.000	0.000	0.000	0.000	19.600	51.381	0.106	11.385	0.817	38.117	2.453
0-1790978946-tronhang672-3184149	145.8	20.394	49.033	49.033	0.000	0.000	0.000	0.000	0.000	0.000	19.600	40.004	0.091	8.938	0.700	38.117	2.453
0-1790978946-tronhang672-3184149	147.8	19.360	51.654	51.596	0.058	0.000	0.023	0.029	0.000	0.006	30.000	35.043	0.072	16.538	0.812	38.117	2.453
0-1790978946-tronhang672-3184149	149.8	20.232	49.428	49.428	0.000	0.000	0.000	0.000	0.000	0.000	22.700	40.741	0.071	8.616	0.828	28.181	3.553
0-1790978946-tronhang672-3184149	151.8	28.872	34.635	34.635	0.000	0.000	0.000	0.000	0.000	0.000	15.800	28.889	0.051	5.696	0.838	28.181	3.553
0-1790978946-tronhang672-3184149	153.8	32.095	31.157	31.157	0.000	0.000	0.000	0.000	0.000	0.000	13.400	25.925	0.053	5.179	0.824	28.181	3.553
0-1790978946-tronhang672-3184149	155.8	32.145	31.109	31.109	0.000	0.000	0.000	0.000	0.000	0.000	13.400	25.147	0.086	5.876	0.798	28.181	3.553
0-1790978946-tronhang672-3184149	157.8	27.143	36.842	36.842	0.000	0.000	0.000	0.000	0.000	0.000	14.300	28.980	0.079	7.783	0.785	28.181	3.553
0-1790978946-tronhang672-3184149	159.8	13.686	73.067	72.121	0.945	0.010	0.006	0.444	0.376	0.109	14.300	61.902	0.109	11.056	0.930	9.148	1.109
0-1790978946-tronhang672-3184149	161.8	13.646	73.281	72.672	0.609	0.007	0.004	0.299	0.209	0.090	107.500	71.910	0.048	1.323	0.981	9.148	1.109
0-1790978946-tronhang672-3184149	163.8	13.453	74.333	73.621	0.712	0.000	0.000	0.225	0.446	0.041	107.500	72.901	0.054	1.378	0.981	9.148	1.109
0-1790978946-tronhang672-3184149	165.8	13.453	74.333	66.127	8.207	0.210	0.117	5.706	0.772	1.402		72.914	0.044	1.376	0.976	9.148	1.109
0-1790978946-tronhang672-3184149	167.9	31.808	31.439	22.338	9.101	0.213	0.059	5.640	1.834	1.355	11.900	28.816	0.044	2.579	0.826	9.148	1.109
0-1790978946-tronhang672-3184149	169.9	54.113	18.480	18.480	0.000	0.000	0.000	0.000	0.000	0.000	10.500	15.248	0.027	3.204	0.895	12.000	1.102
0-1790978946-tronhang672-3184149	171.9	59.898	16.695	16.695	0.000	0.000	0.000	0.000	0.000	0.000	15.200	15.842	0.020	0.833	0.974	12.000	1.102
0-1790978946-tronhang672-3184149	173.9	59.940	16.683	16.683	0.000	0.000	0.000	0.000	0.000	0.000	15.000	16.236	0.005	0.442	0.973	12.000	1.102
0-1790978946-tronhang672-3184149	175.9	59.940	16.683	16.683	0.000	0.000	0.000	0.000	0.000	0.000	14.900	16.238	0.015	0.430	0.974	12.000	1.102
0-1790978946-tronhang672-3184149	177.9	59.940	16.683	16.683	0.000	0.000	0.000	0.000	0.000	0.000	15.100	16.250	0.007	0.426	0.973	12.000	1.102
0-1790978946-tronhang672-3184149	179.9	52.545	19.031	19.005	0.027	0.005	0.006	0.015	0.000	0.001	13.100	18.527	0.012	0.492	0.938	34.871	3.082
0-1790978946-tronhang672-3184149	181.9	45.143	22.152	22.152	0.000	0.000	0.000	0.000	0.000	0.000	14.000	19.463	0.030	2.659	0.888	34.871	3.082
0-1790978946-tronhang672-3184149	183.9	19.090	52.383	9.836	42.547	1.052	0.024	33.105	0.000	8.367	14.000	46.119	0.035	6.230	0.901	34.871	3.082
0-1790978946-tronhang672-3184149	185.9	34.341	29.120	29.120	0.000	0.000	0.000	0.000	0.000	0.000	15.400	25.807	0.038	3.275	0.829	34.871	3.082
0-1790978946-tronhang672-3184149	187.9	52.526	19.038	19.038	0.000	0.000	0.000	0.000	0.000	0.000	11.000	15.909	0.027	3.102	0.867	34.871	3.082
0-1790978946-tronhang672-3184149	189.9	60.231	16.603	16.603	0.000	0.000	0.000	0.000	0.000	0.000	14.900	15.576	0.021	1.007	0.968	17.879	3.397
0-1790978946-tronhang672-3184149	191.9	49.150	20.346	20.171	0.175	0.010	0.014	0.119	0.000	0.032	11.200	19.015	0.020	1.311	0.895	17.879	3.397
0-1790978946-tronhang672-3184149	193.9	52.202	19.156	19.156	0.000	0.000	0.000	0.000	0.000	0.000	14.000	16.615	0.023	2.519	0.846	17.879	3.397
0-1790978946-tronhang672-3184149	195.9	55.213	18.112	18.112	0.000	0.000	0.000	0.000	0.000	0.000	11.400	15.065	0.029	3.017	0.838	17.879	3.397
0-1790978946-tronhang672-3184149	197.9	60.205	16.610	16.610	0.000	0.000	0.000	0.000	0.000	0.000	14.400	14.396	0.023	2.191	0.921	17.879	3.397
0-1790978946-tronhang672-3184149	199.9	59.888	16.698	16.698	0.000	0.000	0.000	0.000	0.000	0.000	14.500	16.196	0.013	0.489	0.967	14.912	1.181
0-1790978946-tronhang672-3184149	201.9	59.993	16.669	16.669	0.000	0.000	0.000	0.000	0.000	0.000	14.700	16.085	0.010	0.574	0.971	14.912	1.181
0-1790978946-tronhang672-3184149	203.9	59.940	16.683	16.683	0.000	0.000	0.000	0.000	0.000	0.000	14.800	16.239	0.009	0.435	0.971	14.912	1.181
0-1790978946-tronhang672-3184149	205.9	59.914	16.691	16.691	0.000	0.000	0.000	0.000	0.000	0.000	14.800	16.194	0.007	0.489	0.971	14.912	1.181
0-1790978946-tronhang672-3184149	207.9	59.936	16.684	16.684	0.000	0.000	0.000	0.000	0.000	0.000	14.600	16.316	0.018	0.350	0.982	14.912	1.181
0-1790978946-tronhang672-3184149	209.9	59.970	16.675	16.675	0.000	0.000	0.000	0.000	0.000	0.000	14.500	16.246	0.006	0.423	0.970	18.182	1.230
0-1790978946-tronhang672-3184149	211.9	59.884	16.699	16.647	0.052	0.000	0.005	0.046	0.000	0.000	14.200	16.177	0.015	0.508	0.968	18.182	1.230
0-1790978946-tronhang672-3184149	213.9	59.990	16.670	16.479	0.191	0.004	0.025	0.111	0.000	0.051	12.600	16.212	0.011	0.447	0.973	18.182	1.230
0-1790978946-tronhang672-3184149	215.9	59.920	16.689	16.689	0.000	0.000	0.000	0.000	0.000	0.000	14.700	16.208	0.011	0.471	0.972	18.182	1.230
0-1790978946-tronhang672-3184149	217.9	59.940	16.683	16.683	0.000	0.000	0.000	0.000	0.000	0.000	14.600	16.190	0.015	0.478	0.968	18.182	1.230
0-1790978946-tronhang672-3184149	219.9	59.940	16.683	16.683	0.000	0.000	0.000	0.000	0.000	0.000	14.100	16.166	0.007	0.510	0.971	22.624	2.518
0-1790978946-tronhang672-3184149	221.9	59.884	16.699	15.259	1.440	0.102	0.113	0.991	0.000	0.234	15.000	16.179	0.017	0.503	0.972	22.624	2.518
0-1790978946-tronhang672-3184149	223.9	59.934	16.685	13.843	2.842	0.120	0.253	1.913	0.000	0.556	12.500	16.269	0.009	0.407	0.974	22.624	2.518
0-1790978946-tronhang672-3184149	225.9	48.268	20.718	19.946	0.772	0.035	0.021	0.572	0.000	0.143	13.800	19.081	0.021	1.616	0.854	22.624	2.518
0-1790978946-tronhang672-3184149	227.9	47.493	21.056	21.056	0.000	0.000	0.000	0.000	0.000	0.000	11.900	17.558	0.046	3.452	0.837	22.624	2.518
0-1790978946-tronhang672-3184149	229.9	44.575	22.434	22.434	0.000	0.000	0.000	0.000	0.000	0.000	14.000	18.346	0.040	4.048	0.813	16.204	3.047
0-1790978946-tronhang672-3184149	231.9	49.406	20.240	20.240	0.000	0.000	0.000	0.000	0.000	0.000	14.100	16.503	0.030	3.707	0.810	16.204	3.047
0-1790978946-tronhang672-3184149	233.9	49.765	20.094	20.094	0.000	0.000	0.000	0.000	0.000	0.000	12.600	16.382	0.027	3.685	0.813	16.204	3.047
0-1790978946-tronhang672-3184149	235.9	57.573	17.369	17.369	0.000	0.000	0.000	0.000	0.000	0.000	10.800	14.300	0.024	3.045	0.835	16.204	3.047
0-1790978946-tronhang672-3184149	238.0	60.632	16.493	16.493	0.000	0.000	0.000	0.000	0.000	0.000	14.900	14.392	0.020	2.081	0.936	16.204	3.047
0-1790978946-tronhang672-3184149	240.0	59.940	16.683	16.655	0.028	0.001	0.000	0.025	0.000	0.002	14.300	16.194	0.022	0.467	0.978	23.977	3.526
0-1790978946-tronhang672-3184149	242.0	59.890	16.697	15.987	0.710	0.046	0.075	0.448	0.000	0.140	14.200	16.344	0.005	0.348	0.975	23.977	3.526
0-1790978946-tronhang672-3184149	244.0	47.248	21.165	20.217	0.948	0.087	0.116	0.569	0.000	0.176	13.300	20.285	0.017	0.863	0.876	23.977	3.526
0-1790978946-tronhang672-3184149	246.0	40.002	24.999	24.999	0.000	0.000	0.000	0.000	0.000	0.000	12.600	20.197	0.046	4.756	0.813	23.977	3.526
0-1790978946-tronhang672-3184149	248.0	42.675	23.433	23.433	0.000	0.000	0.000	0.000	0.000	0.000	12.300	19.264	0.042	4.127	0.829	23.977	3.526
0-1790978946-tronhang672-3184149	250.0	38.782	25.785	25.785	0.000	0.000	0.000	0.000	0.000	0.000	12.300	21.387	0.044	4.354	0.836	32.267	5.425
0-1790978946-tronhang672-3184149	252.0	39.758	25.152	25.152	0.000	0.000	0.000	0.000	0.000	0.000	13.500	21.210	0.049	3.894	0.850	32.267	5.425
0-1790978946-tronhang672-3184149	254.0	37.992	26.322	26.315	0.006	0.000	0.004	0.001	0.000	0.002	11.600	21.101	0.048	5.172	0.790	32.267	5.425
0-1790978946-tronhang672-3184149	256.0	44.371	22.537	22.537	0.000	0.000	0.000	0.000	0.000	0.000	11.000	18.959	0.046	3.532	0.845	32.267	5.425
0-1790978946-tronhang672-3184149	258.0	49.031	20.395	20.395	0.000	0.000	0.000	0.000	0.000	0.000	9.000	17.440	0.036	2.919	0.857	32.267	5.425
0-1790978946-tronhang672-3184149	260.0	48.809	20.488	20.488	0.000	0.000	0.000	0.000	0.000	0.000	9.100	17.437	0.034	3.017	0.850		
1790981973-lanelocal-3657361	0.1	26.134	38.264	37.909	0.356	0.000	0.048	0.286	0.000	0.022	7.500	25.458	0.053	12.753	0.667	30.421	2.725
1790981973-lanelocal-3657361	2.1	27.139	36.847	36.177	0.670	0.016	0.016	0.596	0.003	0.039	11.000	24.378	0.059	12.410	0.685	29.594	3.798
1790981973-lanelocal-3657361	4.1	35.576	28.109	28.109	0.000	0.000	0.000	0.000	0.000	0.000	11.500	19.999	0.048	8.062	0.779	29.594	3.798
1790981973-lanelocal-3657361	6.1	38.923	25.692	25.685	0.006	0.000	0.000	0.006	0.001	0.000	11.900	20.135	0.049	5.507	0.795	29.594	3.798
1790981973-lanelocal-3657361	8.1	51.832	19.293	15.907	3.386	0.159	0.117	2.903	0.000	0.206	10.400	15.420	0.034	3.838	0.894	29.594	3.798
1790981973-lanelocal-3657361	10.1	47.948	20.856	20.625	0.231	0.012	0.019	0.185	0.000	0.014	6.900	18.574	0.041	2.241	0.828	29.594	3.798
1790981973-lanelocal-3657361	12.2	33.977	29.432	29.358	0.073	0.012	0.013	0.039	0.005	0.004	14.800	24.694	0.043	4.695	0.814	31.898	3.434
1790981973-lanelocal-3657361	14.2	22.805	43.850	43.850	0.000	0.000	0.000	0.000	0.000	0.000	14.800	34.874	0.067	8.910	0.727	31.898	3.434
1790981973-lanelocal-3657361	16.2	21.119	47.350	47.350	0.000	0.000	0.000	0.000	0.000	0.000	17.700	34.350	0.075	12.925	0.691	31.898	3.434
1790981973-lanelocal-3657361	18.2	21.739	46.001	46.001	0.000	0.000	0.000	0.000	0.000	0.000	17.200	31.582	0.078	14.341	0.677	31.898	3.434
1790981973-lanelocal-3657361	20.2	22.723	44.009	43.938	0.071	0.000	0.009	0.056	0.000	0.006	16.000	28.549	0.119	15.341	0.676	31.898	3.434
1790981973-lanelocal-3657361	22.2	24.164	41.383	41.373	0.010	0.000	0.000	0.007	0.003	0.000	16.000	29.258	0.074	12.052	0.720	32.869	4.030
1790981973-lanelocal-3657361	24.2	25.665	38.964	38.920	0.044	0.000	0.008	0.032	0.000	0.004	15.500	28.020	0.069	10.875	0.737	32.869	4.030
1790981973-lanelocal-3657361	26.2	29.440	33.967	33.967	0.000	0.000	0.000	0.000	0.000	0.000	18.400	25.373	0.082	8.512	0.742	32.869	4.030
1790981973-lanelocal-3657361	28.2	24.961	40.063	40.051	0.012	0.000	0.000	0.009	0.002	0.000	11.800	29.386	0.074	10.602	0.763	32.869	4.030
1790981973-lanelocal-3657361	30.2	22.994	43.490	43.490	0.000	0.000	0.000	0.000	0.000	0.000	23.300	33.271	0.073	10.146	0.726	32.869	4.030
1790981973-lanelocal-3657361	32.2	23.241	43.028	42.950	0.078	0.000	0.014	0.055	0.000	0.009	13.400	31.299	0.073	11.656	0.728	30.524	3.361
1790981973-lanelocal-3657361	34.2	26.520	37.707	37.707	0.000	0.000	0.000	0.000	0.000	0.000	17.500	27.377	0.072	10.258	0.753	30.524	3.361
1790981973-lanelocal-3657361	36.2	28.585	34.983	34.887	0.096	0.013	0.003	0.070	0.000	0.009	13.000	26.487	0.058	8.438	0.752	30.524	3.361
1790981973-lanelocal-3657361	38.2	23.483	42.583	42.567	0.017	0.000	0.000	0.017	0.000	0.000	13.000	30.915	0.068	11.600	0.717	30.524	3.361
1790981973-lanelocal-3657361	40.3	21.924	45.613	45.613	0.000	0.000	0.000	0.000	0.000	0.000	20.400	33.464	0.073	12.076	0.729	30.524	3.361
1790981973-lanelocal-3657361	42.3	21.554	46.394	46.391	0.003	0.000	0.000	0.003	0.000	0.000	18.900	34.116	0.098	12.180	0.714	31.467	2.813
1790981973-lanelocal-3657361	44.3	21.706	46.071	46.071	0.000	0.000	0.000	0.000	0.000	0.000	18.200	32.561	0.068	13.442	0.708	31.467	2.813
1790981973-lanelocal-3657361	46.3	23.952	41.750	41.745	0.005	0.000	0.000	0.004	0.001	0.000	18.200	29.503	0.059	12.189	0.731	31.467	2.813
1790981973-lanelocal-3657361	48.3	23.738	42.126	41.799	0.327	0.017	0.018	0.270	0.000	0.023	16.200	31.088	0.070	10.968	0.738	31.467	2.813
1790981973-lanelocal-3657361	50.3	22.769	43.919	43.919	0.000	0.000	0.000	0.000	0.000	0.000	17.600	32.268	0.073	11.579	0.753	31.467	2.813
1790981973-lanelocal-3657361	52.3	22.216	45.013	45.013	0.000	0.000	0.000	0.000	0.000	0.000	17.900	34.112	0.072	10.829	0.715	26.578	3.086
1790981973-lanelocal-3657361	54.3	24.420	40.950	40.950	0.000	0.000	0.000	0.000	0.000	0.000	17.900	28.976	0.061	11.913	0.778	26.578	3.086
1790981973-lanelocal-3657361	56.3	24.187	41.344	41.343	0.001	0.000	0.000	0.000	0.001	0.000	18.800	32.526	0.080	8.738	0.799	26.578	3.086
1790981973-lanelocal-3657361	58.4	26.005	38.454	38.454	0.000	0.000	0.000	0.000	0.000	0.000	18.700	30.895	0.064	7.494	0.802	26.578	3.086
1790981973-lanelocal-3657361	60.4	28.834	34.681	34.681	0.000	0.000	0.000	0.000	0.000	0.000	17.700	27.578	0.050	7.053	0.783	26.578	3.086
1790981973-lanelocal-3657361	62.4	33.469	29.878	29.723	0.156	0.010	0.027	0.106	0.000	0.013	11.000	23.341	0.043	6.494	0.775	32.393	3.536
1790981973-lanelocal-3657361	64.4	43.614	22.928	20.593	2.336	0.171	0.212	1.794	0.007	0.152	11.000	17.795	0.038	5.095	0.856	32.393	3.536
1790981973-lanelocal-3657361	66.4	30.963	32.297	32.235	0.062	0.002	0.003	0.055	0.000	0.002	13.200	27.727	0.039	4.530	0.778	32.393	3.536
1790981973-lanelocal-3657361	68.4	44.904	22.270	22.267	0.003	0.000	0.000	0.000	0.003	0.000	12.200	17.309	0.042	4.918	0.857	32.393	3.536
1790981973-lanelocal-3657361	70.4	46.972	21.289	21.038	0.251	0.014	0.006	0.213	0.000	0.018	16.500	18.485	0.025	2.780	0.872	32.393	3.536
1790981973-lanelocal-3657361	72.4	31.575	31.671	31.625	0.046	0.000	0.010	0.032	0.000	0.005	10.000	27.165	0.050	4.456	0.760	31.890	3.589
1790981973-lanelocal-3657361	74.4	31.042	32.215	32.214	0.001	0.000	0.000	0.000	0.001	0.000	14.300	24.555	0.049	7.611	0.753	31.890	3.589
1790981973-lanelocal-3657361	76.4	31.120	32.134	32.134	0.000	0.000	0.000	0.000	0.000	0.000	13.100	24.145	0.076	7.913	0.729	31.890	3.589
1790981973-lanelocal-3657361	78.4	29.269	34.166	34.166	0.000	0.000	0.000	0.000	0.000	0.000	20.200	24.952	0.099	9.115	0.785	31.890	3.589
1790981973-lanelocal-3657361	80.4	35.176	28.428	28.428	0.001	0.000	0.000	0.000	0.000	0.000	9.600	22.427	0.054	5.947	0.818	31.890	3.589
1790981973-lanelocal-3657361	82.4	51.710	19.339	19.339	0.000	0.000	0.000	0.000	0.000	0.000	9.300	15.773	0.028	3.538	0.806	33.418	4.127
1790981973-lanelocal-3657361	84.4	50.765	19.699	19.699	0.000	0.000	0.000	0.000	0.000	0.000	11.800	15.887	0.040	3.772	0.819	33.418	4.127
1790981973-lanelocal-3657361	86.4	40.029	24.982	24.970	0.012	0.000	0.003	0.009	0.000	0.000	16.400	20.497	0.034	4.451	0.784	33.418	4.127
1790981973-lanelocal-3657361	88.4	24.946	40.086	40.086	0.000	0.000	0.000	0.000	0.000	0.000	13.500	31.373	0.096	8.618	0.768	33.418	4.127
1790981973-lanelocal-3657361	90.5	22.463	44.517	44.517	0.000	0.000	0.000	0.000	0.000	0.000	13.500	34.151	0.085	10.280	0.785	33.418	4.127
1790981973-lanelocal-3657361	92.5	18.230	54.856	54.856	0.000	0.000	0.000	0.000	0.000	0.000	26.600	43.288	0.103	11.465	0.744	24.671	2.119
1790981973-lanelocal-3657361	94.5	17.340	57.671	57.671	0.000	0.000	0.000	0.000	0.000	0.000	30.700	42.554	0.093	15.023	0.733	24.671	2.119
1790981973-lanelocal-3657361	96.5	16.234	61.600	61.600	0.000	0.000	0.000	0.000	0.000	0.000	30.700	45.426	0.095	16.079	0.750	24.671	2.119
1790981973-lanelocal-3657361	98.5	16.671	59.984	59.966	0.018	0.000	0.000	0.018	0.000	0.000	31.300	45.022	0.096	14.865	0.721	24.671	2.119
1790981973-lanelocal-3657361	100.5	17.580	56.883	56.883	0.000	0.000	0.000	0.000	0.000	0.000	31.300	40.999	0.083	15.801	0.731	24.671	2.119
1790981973-lanelocal-3657361	102.5	21.102	47.389	47.369	0.020	0.000	0.000	0.020	0.000	0.000	23.300	34.508	0.085	12.796	0.765	37.790	3.159
1790981973-lanelocal-3657361	104.5	23.599	42.374	42.294	0.081	0.003	0.004	0.066	0.000	0.007	12.300	32.387	0.079	9.908	0.740	37.790	3.159
1790981973-lanelocal-3657361	106.5	24.243	41.248	41.248	0.000	0.000	0.000	0.000	0.000	0.000	14.300	30.597	0.084	10.567	0.755	37.790	3.159
1790981973-lanelocal-3657361	108.5	23.613	42.350	42.350	0.000	0.000	0.000	0.000	0.000	0.000	14.300	31.937	0.109	10.304	0.740	37.790	3.159
1790981973-lanelocal-3657361	110.5	26.452	37.805	37.786	0.019	0.000	0.000	0.019	0.000	0.000	19.500	28.035	0.074	9.695	0.769	37.790	3.159
1790981973-lanelocal-3657361	112.5	26.437	37.826	37.826	0.000	0.000	0.000	0.000	0.000	0.000	12.900	29.084	0.048	8.694	0.776	30.801	3.392
1790981973-lanelocal-3657361	114.5	26.374	37.917	37.862	0.055	0.000	0.013	0.036	0.000	0.006	15.600	29.403	0.063	8.450	0.760	30.801	3.392
1790981973-lanelocal-3657361	116.5	26.624	37.560	37.560	0.000	0.000	0.000	0.000	0.000	0.000	13.700	28.503	0.078	8.979	0.760	30.801	3.392
1790981973-lanelocal-3657361	118.6	26.622	37.563	37.562	0.001	0.000	0.000	0.000	0.001	0.000	17.900	28.558	0.060	8.945	0.764	30.801	3.392
1790981973-lanelocal-3657361	120.6	25.498	39.218	39.218	0.000	0.000	0.000	0.000	0.000	0.000	19.100	30.073	0.061	9.085	0.789	30.801	3.392
1790981973-lanelocal-3657361	122.6	22.346	44.750	44.750	0.000	0.000	0.000	0.000	0.000	0.000	19.100	35.216	0.081	9.453	0.803	28.754	3.092
1790981973-lanelocal-3657361	124.6	19.209	52.060	52.060	0.000	0.000	0.000	0.000	0.000	0.000	19.600	41.900	0.087	10.073	0.756	28.754	3.092
1790981973-lanelocal-3657361	126.6	19.785	50.544	49.988	0.556	0.014	0.004	0.456	0.051	0.030	37.900	38.325	0.080	12.139	0.821	28.754	3.092
1790981973-lanelocal-3657361	128.6	22.962	43.550	43.550	0.000	0.000	0.000	0.000	0.000	0.000	37.900	35.596	0.112	7.843	0.814	28.754	3.092
1790981973-lanelocal-3657361	130.6	22.107	45.234	45.234	0.000	0.000	0.000	0.000	0.000	0.000	18.700	36.874	0.103	8.258	0.817	28.754	3.092
1790981973-lanelocal-3657361	132.6	20.948	47.737	47.737	0.000	0.000	0.000	0.000	0.000	0.000	30.000	39.005	0.091	8.640	0.819	30.580	3.942
1790981973-lanelocal-3657361	134.6	21.135	47.315	47.315	0.000	0.000	0.000	0.000	0.000	0.000	19.300	38.803	0.066	8.447	0.812	30.580	3.942
1790981973-lanelocal-3657361	136.6	29.001	34.481	34.481	0.000	0.000	0.000	0.000	0.000	0.000	16.700	27.941	0.051	6.490	0.831	30.580	3.942
1790981973-lanelocal-3657361	138.6	31.179	32.073	32.035	0.038	0.000	0.007	0.025	0.000	0.006	15.800	26.619	0.047	5.406	0.819	30.580	3.942
1790981973-lanelocal-3657361	140.6	31.031	32.226	32.226	0.000	0.000	0.000	0.000	0.000	0.000	13.400	26.498	0.052	5.677	0.809	30.580	3.942
1790981973-lanelocal-3657361	142.6	28.246	35.403	35.403	0.000	0.000	0.000	0.000	0.000	0.000	10.000	28.545	0.049	6.810	0.764	6.490	0.777
1790981973-lanelocal-3657361	144.6	11.705	85.433	84.231	1.202	0.000	0.000	0.716	0.435	0.051	10.000	65.521	0.134	19.778	0.948	6.490	0.777
1790981973-lanelocal-3657361	146.6	11.705	85.433	84.704	0.730	0.038	0.000	0.413	0.256	0.023		80.444	1.044	3.946	0.983	6.490	0.777
1790981973-lanelocal-3657361	148.6	12.688	78.816	78.089	0.726	0.000	0.000	0.273	0.432	0.022	106.900	77.480	0.093	1.243	0.982	6.490	0.777
1790981973-lanelocal-3657361	150.6	13.109	76.283	66.572	9.712	0.235	0.056	7.757	0.854	0.810		74.864	0.046	1.373	0.976	6.490	0.777
1790981973-lanelocal-3657361	152.6	28.977	34.510	32.958	1.551	0.001	0.000	0.393	1.033	0.124	14.600	33.713	0.041	0.756	0.853	14.960	1.834
1790981973-lanelocal-3657361	154.6	58.235	17.172	17.172	0.000	0.000	0.000	0.000	0.000	0.000	15.300	14.684	0.050	2.438	0.939	14.960	1.834
1790981973-lanelocal-3657361	156.6	59.940	16.683	16.683	0.000	0.000	0.000	0.000	0.000	0.000	15.100	15.620	0.016	1.047	0.971	14.960	1.834
1790981973-lanelocal-3657361	158.6	59.849	16.709	16.709	0.000	0.000	0.000	0.000	0.000	0.000	14.800	16.193	0.010	0.506	0.975	14.960	1.834
1790981973-lanelocal-3657361	160.6	60.031	16.658	16.658	0.000	0.000	0.000	0.000	0.000	0.000	14.900	16.249	0.011	0.399	0.972	14.960	1.834
1790981973-lanelocal-3657361	162.6	59.211	16.889	16.889	0.000	0.000	0.000	0.000	0.000	0.000	14.700	16.419	0.012	0.457	0.979	20.814	2.760
1790981973-lanelocal-3657361	164.6	47.731	20.951	20.782	0.168	0.004	0.007	0.142	0.000	0.015	12.000	20.488	0.010	0.452	0.902	20.814	2.760
1790981973-lanelocal-3657361	166.6	45.568	21.945	21.789	0.156	0.008	0.006	0.129	0.000	0.013	14.500	19.919	0.027	1.999	0.880	20.814	2.760
1790981973-lanelocal-3657361	168.7	43.650	22.910	22.910	0.000	0.000	0.000	0.000	0.000	0.000	13.500	20.141	0.042	2.726	0.838	20.814	2.760
1790981973-lanelocal-3657361	170.7	54.597	18.316	18.316	0.000	0.000	0.000	0.000	0.000	0.000	14.800	15.384	0.024	2.908	0.896	20.814	2.760
1790981973-lanelocal-3657361	172.7	59.673	16.758	16.758	0.000	0.000	0.000	0.000	0.000	0.000	14.400	14.899	0.019	1.840	0.971	18.859	2.543
1790981973-lanelocal-3657361	174.7	47.740	20.947	20.947	0.000	0.000	0.000	0.000	0.000	0.000	10.800	20.339	0.010	0.598	0.880	18.859	2.543
1790981973-lanelocal-3657361	176.7	53.649	18.640	18.640	0.000	0.000	0.000	0.000	0.000	0.000	13.700	16.459	0.025	2.156	0.849	18.859	2.543
1790981973-lanelocal-3657361	178.7	56.765	17.617	17.617	0.000	0.000	0.000	0.000	0.000	0.000	13.700	15.046	0.027	2.543	0.882	18.859	2.543
1790981973-lanelocal-3657361	180.7	59.940	16.683	16.683	0.000	0.000	0.000	0.000	0.000	0.000	14.200	14.569	0.017	2.097	0.973	18.859	2.543
1790981973-lanelocal-3657361	182.7	59.930	16.686	16.686	0.000	0.000	0.000	0.000	0.000	0.000	13.000	16.216	0.008	0.462	0.971	16.118	1.261
1790981973-lanelocal-3657361	184.7	59.970	16.675	16.675	0.000	0.000	0.000	0.000	0.000	0.000	14.700	16.198	0.014	0.463	0.969	16.118	1.261
1790981973-lanelocal-3657361	186.7	59.920	16.689	16.689	0.000	0.000	0.000	0.000	0.000	0.000	14.600	16.176	0.006	0.507	0.969	16.118	1.261
1790981973-lanelocal-3657361	188.7	59.930	16.686	16.686	0.000	0.000	0.000	0.000	0.000	0.000	14.600	16.152	0.012	0.522	0.972	16.118	1.261
1790981973-lanelocal-3657361	190.7	59.920	16.689	16.689	0.000	0.000	0.000	0.000	0.000	0.000	14.100	16.229	0.010	0.450	0.976	16.118	1.261
1790981973-lanelocal-3657361	192.7	59.960	16.678	16.678	0.000	0.000	0.000	0.000	0.000	0.000	14.200	16.246	0.008	0.424	0.979	19.265	1.954
1790981973-lanelocal-3657361	194.7	59.001	16.949	16.797	0.152	0.008	0.012	0.115	0.000	0.017	12.200	16.611	0.015	0.322	0.968	19.265	1.954
1790981973-lanelocal-3657361	196.7	55.597	17.987	17.917	0.070	0.002	0.016	0.039	0.000	0.012	9.600	17.417	0.012	0.558	0.886	19.265	1.954
1790981973-lanelocal-3657361	198.7	60.217	16.607	16.607	0.000	0.000	0.000	0.000	0.000	0.000	14.400	14.824	0.021	1.761	0.972	19.265	1.954
1790981973-lanelocal-3657361	200.7	59.945	16.682	16.682	0.000	0.000	0.000	0.000	0.000	0.000	14.000	16.089	0.008	0.586	0.966	19.265	1.954
1790981973-lanelocal-3657361	202.7	59.920	16.689	16.689	0.000	0.000	0.000	0.000	0.000	0.000	14.400	16.133	0.014	0.542	0.972	22.066	2.737
1790981973-lanelocal-3657361	204.7	51.098	19.570	18.607	0.963	0.045	0.037	0.787	0.000	0.094	13.700	19.013	0.009	0.549	0.898	22.066	2.737
1790981973-lanelocal-3657361	206.7	40.130	24.919	24.919	0.000	0.000	0.000	0.000	0.000	0.000	15.400	22.738	0.017	2.164	0.812	22.066	2.737
1790981973-lanelocal-3657361	208.8	42.410	23.579	23.579	0.000	0.000	0.000	0.000	0.000	0.000	12.600	19.093	0.034	4.453	0.821	22.066	2.737
1790981973-lanelocal-3657361	210.8	44.281	22.583	22.583	0.000	0.000	0.000	0.000	0.000	0.000	14.200	18.574	0.034	3.974	0.817	22.066	2.737
1790981973-lanelocal-3657361	212.8	43.430	23.025	23.025	0.000	0.000	0.000	0.000	0.000	0.000	13.600	18.885	0.036	4.105	0.803	17.492	3.616
1790981973-lanelocal-3657361	214.8	49.188	20.330	20.330	-0.000	0.000	0.000	0.000	0.000	0.000	12.500	16.263	0.033	4.034	0.802	17.492	3.616
1790981973-lanelocal-3657361	216.8	50.438	19.826	19.826	0.000	0.000	0.000	0.000	0.000	0.000	11.800	15.927	0.027	3.872	0.815	17.492	3.616
1790981973-lanelocal-3657361	218.8	56.949	17.560	17.560	0.000	0.000	0.000	0.000	0.000	0.000	10.800	14.283	0.028	3.248	0.837	17.492	3.616
1790981973-lanelocal-3657361	220.8	58.071	17.220	17.220	0.000	0.000	0.000	0.000	0.000	0.000	10.300	14.355	0.024	2.841	0.835	17.492	3.616
1790981973-lanelocal-3657361	222.8	57.351	17.436	17.436	0.000	0.000	0.000	0.000	0.000	0.000	10.100	14.534	0.020	2.882	0.833	23.963	3.822
1790981973-lanelocal-3657361	224.8	56.975	17.551	16.993	0.558	0.028	0.036	0.440	0.000	0.055	14.000	14.678	0.031	2.843	0.934	23.963	3.822
1790981973-lanelocal-3657361	226.8	41.351	24.183	24.183	0.000	0.000	0.000	0.000	0.000	0.000	13.000	22.341	0.025	1.817	0.802	23.963	3.822
1790981973-lanelocal-3657361	228.8	36.588	27.331	27.331	0.000	0.000	0.000	0.000	0.000	0.000	13.500	22.286	0.041	5.005	0.794	23.963	3.822
1790981973-lanelocal-3657361	230.8	41.552	24.066	24.066	0.000	0.000	0.000	0.000	0.000	0.000	12.500	19.113	0.044	4.909	0.825	23.963	3.822
1790981973-lanelocal-3657361	232.8	38.561	25.933	25.933	0.000	0.000	0.000	0.000	0.000	0.000	12.700	21.291	0.047	4.595	0.841	32.649	4.759
1790981973-lanelocal-3657361	234.8	39.408	25.375	25.375	0.000	0.000	0.000	0.000	0.000	0.000	10.800	21.285	0.045	4.045	0.847	32.649	4.759
1790981973-lanelocal-3657361	236.8	40.585	24.640	24.640	0.000	0.000	0.000	0.000	0.000	0.000	13.800	20.915	0.052	3.673	0.867	32.649	4.759
1790981973-lanelocal-3657361	238.8	40.816	24.500	24.500	0.000	0.000	0.000	0.000	0.000	0.000	11.500	21.202	0.047	3.252	0.854	32.649	4.759
1790981973-lanelocal-3657361	240.9	49.320	20.276	20.276	0.000	0.000	0.000	0.000	0.000	0.000	10.100	17.191	0.037	3.048	0.867	32.649	4.759
1790981973-lanelocal-3657361	242.9	47.329	21.129	21.129	0.000	0.000	0.000	0.000	0.000	0.000	8.300	18.267	0.045	2.816	0.858	13.845	1.191
1790981973-lanelocal-3657361	244.9	28.804	34.717	34.413	0.304	0.014	0.000	0.113	0.152	0.025	65.000	30.195	0.066	4.456	0.902	13.845	1.191
1790981973-lanelocal-3657361	246.9	10.502	95.217	94.393	0.824	0.000	0.000	0.243	0.564	0.017	65.000	83.621	0.099	11.497	0.981	13.845	1.191
1790981973-lanelocal-3657361	248.9	10.502	95.217	88.702	6.515	0.151	0.040	4.467	1.261	0.596		93.469	0.144	1.604	0.980	13.845	1.191
1790981973-lanelocal-3657361	250.9	35.597	28.092	25.435	2.657	0.042	0.024	2.199	0.109	0.283	14.000	27.551	0.018	0.523	0.911	13.845	1.191
1790981973-lanelocal-3657361	252.9	24.341	41.083	39.389	1.695	0.000	0.002	0.448	1.116	0.128	14.000	37.472	0.315	3.296	0.808	37.895	3.920
1790981973-lanelocal-3657361	254.9	22.970	43.534	43.415	0.119	0.000	0.000	0.056	0.054	0.010	13.500	36.688	0.302	6.544	0.764	37.895	3.920
1790981973-lanelocal-3657361	257.0	23.832	41.961	41.945	0.016	0.000	0.000	0.016	0.000	0.000	15.700	32.974	0.472	8.515	0.793	37.895	3.920
1790981973-lanelocal-3657361	259.0	25.617	39.037	39.037	0.000	0.000	0.000	0.000	0.000	0.000	12.100	29.956	0.332	8.749	0.740	37.895	3.920
1790981973-lanelocal-3657361	261.0	26.344	37.959	37.951	0.008	0.000	0.000	0.000	0.008	0.000	13.900	28.629	0.166	9.164	0.733	37.895	3.920
1790981973-lanelocal-3657361	263.0	24.712	40.467	40.467	0.000	0.000	0.000	0.000	0.000	0.000	13.900	29.639	0.114	10.714	0.735	35.588	3.893
1790981973-lanelocal-3657361	265.0	24.420	40.949	40.949	0.000	0.000	0.000	0.000	0.000	0.000	14.100	29.826	0.111	11.013	0.731	35.588	3.893
1790981973-lanelocal-3657361	267.0	25.110	39.825	39.782	0.043	0.000	0.022	0.010	0.010	0.001	23.000	29.226	0.130	10.469	0.803	35.588	3.893
1790981973-lanelocal-3657361	269.0	28.577	34.993	34.983	0.010	0.000	0.000	0.000	0.002	0.008	15.500	27.698	0.096	7.199	0.799	35.588	3.893
1790981973-lanelocal-3657361	271.0	30.692	32.582	32.572	0.009	0.000	0.000	0.007	0.002	0.000	15.400	26.040	0.094	6.448	0.804	35.588	3.893
1790981973-lanelocal-3657361	273.0	29.439	33.968	33.960	0.008	0.000	0.000	0.000	0.007	0.001	17.100	27.246	0.090	6.631	0.789	32.041	3.210
1790981973-lanelocal-3657361	275.0	29.395	34.019	34.019	0.000	0.000	0.000	0.000	0.000	0.000	15.400	26.993	0.087	6.939	0.784	32.041	3.210
1790981973-lanelocal-3657361	277.0	30.946	32.315	32.267	0.048	0.000	0.005	0.039	0.000	0.004	14.900	25.266	0.122	6.927	0.802	32.041	3.210
1790981973-lanelocal-3657361	279.1	32.087	31.165	31.164	0.001	0.000	0.001	0.000	0.000	0.000	15.200	24.870	0.081	6.214	0.805	32.041	3.210
1790981973-lanelocal-3657361	281.1	30.581	32.700	32.700	0.000	0.000	0.000	0.000	0.000	0.000	17.000	26.404	0.095	6.202	0.802	32.041	3.210
1790981973-lanelocal-3657361	283.1	29.744	33.620	33.594	0.026	0.000	0.000	0.014	0.007	0.004	15.500	26.990	0.079	6.551	0.806	32.045	4.044
1790981973-lanelocal-3657361	285.1	30.218	33.093	33.085	0.009	0.000	0.006	0.000	0.000	0.003	16.400	26.667	0.092	6.334	0.795	32.045	4.044
1790981973-lanelocal-3657361	287.1	30.600	32.680	32.680	0.000	0.000	0.000	0.000	0.000	0.000	13.700	26.061	0.112	6.507	0.793	32.045	4.044
1790981973-lanelocal-3657361	289.1	30.825	32.441	32.395	0.046	0.000	0.000	0.023	0.016	0.006	15.600	25.846	0.093	6.502	0.800	32.045	4.044
1790981973-lanelocal-3657361	291.1	30.165	33.151	33.151	0.000	0.000	0.000	0.000	0.000	0.000	14.200	26.264	0.078	6.810	0.798	32.045	4.044
1790981973-lanelocal-3657361	293.1	30.710	32.562	32.562	0.000	0.000	0.000	0.000	0.000	0.000	13.100	26.117	0.062	6.383	0.801	32.800	5.640
1790981973-lanelocal-3657361	295.1	30.563	32.719	32.712	0.007	0.000	0.000	0.004	0.003	0.000	15.200	26.127	0.069	6.523	0.805	32.800	5.640
1790981973-lanelocal-3657361	297.1	31.144	32.109	32.109	0.000	0.000	0.000	0.000	0.000	0.000	14.300	25.845	0.066	6.198	0.789	32.800	5.640
1790981973-lanelocal-3657361	299.1	30.041	33.288	33.288	0.000	0.000	0.000	0.000	0.000	0.000	9.100	26.301	0.059	6.929	0.814	32.800	5.640
1790981973-lanelocal-3657361	301.1	31.169	32.083	32.083	0.000	0.000	0.000	0.000	0.000	0.000	16.300	25.819	0.071	6.193	0.801	32.800	5.640
1790981973-lanelocal-3657361	303.1	32.244	31.013	31.013	0.000	0.000	0.000	0.000	0.000	0.000	14.700	25.134	0.056	5.823	0.806	31.151	4.767
1790981973-lanelocal-3657361	305.2	32.957	30.342	30.310	0.032	0.000	0.001	0.020	0.010	0.002	14.000	24.447	0.084	5.810	0.815	31.151	4.767
1790981973-lanelocal-3657361	307.2	32.922	30.374	30.374	0.000	0.000	0.000	0.000	0.000	0.000	15.400	24.676	0.056	5.642	0.811	31.151	4.767
1790981973-lanelocal-3657361	309.2	32.390	30.873	30.873	0.000	0.000	0.000	0.000	0.000	0.000	14.800	24.956	0.056	5.862	0.821	31.151	4.767
1790981973-lanelocal-3657361	311.2	32.522	30.749	30.745	0.004	0.000	0.000	0.000	0.004	0.000	15.400	25.212	0.053	5.483	0.817	31.151	4.767
1790981973-lanelocal-3657361	313.2	32.166	31.089	31.089	0.000	0.000	0.000	0.000	0.000	0.000	14.200	25.481	0.058	5.550	0.809	31.566	4.942
1790981973-lanelocal-3657361	315.2	30.915	32.346	32.346	0.000	0.000	0.000	0.000	0.000	0.000	14.400	26.157	0.067	6.122	0.799	31.566	4.942
1790981973-lanelocal-3657361	317.2	31.552	31.694	31.694	0.000	0.000	0.000	0.000	0.000	0.000	15.500	25.508	0.062	6.124	0.806	31.566	4.942
1790981973-lanelocal-3657361	319.2	33.079	30.231	30.221	0.010	0.000	0.006	0.004	0.000	0.000	14.300	24.254	0.060	5.918	0.814	31.566	4.942
1790981973-lanelocal-3657361	321.2	32.924	30.373	30.290	0.082	0.000	0.000	0.059	0.023	0.000	15.500	24.720	0.071	5.582	0.816	31.566	4.942
1790981973-lanelocal-3657361	323.2	32.418	30.848	30.842	0.006	0.000	0.006	0.000	0.000	0.000	16.000	25.000	0.058	5.789	0.819	32.108	5.041
1790981973-lanelocal-3657361	325.2	32.777	30.509	30.485	0.024	0.000	0.000	0.013	0.003	0.008	16.200	25.051	0.057	5.402	0.818	32.108	5.041
1790981973-lanelocal-3657361	327.2	30.205	33.107	33.107	0.000	0.000	0.000	0.000	0.000	0.000	15.200	27.130	0.071	5.906	0.810	32.108	5.041
1790981973-lanelocal-3657361	329.2	28.505	35.082	35.082	0.000	0.000	0.000	0.000	0.000	0.000	14.400	28.528	0.095	6.459	0.797	32.108	5.041
1790981973-lanelocal-3657361	331.2	31.407	31.840	31.840	0.000	0.000	0.000	0.000	0.000	0.000	14.600	25.300	0.073	6.467	0.808	32.108	5.041
1790981973-lanelocal-3657361	333.2	34.544	28.948	28.948	0.000	0.000	0.000	0.000	0.000	0.000	12.900	23.334	0.060	5.555	0.806	32.294	5.054
1790981973-lanelocal-3657361	335.2	33.274	30.054	30.035	0.018	0.000	0.008	0.006	0.000	0.004	12.600	24.316	0.061	5.677	0.811	32.294	5.054
1790981973-lanelocal-3657361	337.2	33.494	29.857	29.857	0.000	0.000	0.000	0.000	0.000	0.000	13.300	24.326	0.058	5.472	0.812	32.294	5.054
1790981973-lanelocal-3657361	339.2	32.468	30.800	30.800	0.000	0.000	0.000	0.000	0.000	0.000	15.200	24.948	0.060	5.792	0.814	32.294	5.054
1790981973-lanelocal-3657361	341.2	30.445	32.847	32.847	0.000	0.000	0.000	0.000	0.000	0.000	15.100	26.641	0.076	6.129	0.797	32.294	5.054
1790981973-lanelocal-3657361	343.3	29.556	33.834	33.834	0.000	0.000	0.000	0.000	0.000	0.000	15.400	27.123	0.055	6.656	0.796	32.281	3.975
1790981973-lanelocal-3657361	345.3	31.951	31.298	31.298	0.000	0.000	0.000	0.000	0.000	0.000	14.300	25.025	0.057	6.216	0.807	32.281	3.975
1790981973-lanelocal-3657361	347.3	33.787	29.598	29.598	0.000	0.000	0.000	0.000	0.000	0.000	12.800	23.580	0.065	5.952	0.806	32.281	3.975
1790981973-lanelocal-3657361	349.3	33.269	30.058	30.058	0.000	0.000	0.000	0.000	0.000	0.000	14.400	24.269	0.065	5.724	0.798	32.281	3.975
1790981973-lanelocal-3657361	351.3	33.866	29.528	29.467	0.061	0.000	0.028	0.033	0.000	0.000	14.200	23.601	0.056	5.871	0.810	32.281	3.975
1790981973-lanelocal-3657361	353.3	32.980	30.322	30.322	0.000	0.000	0.000	0.000	0.000	0.000	14.500	24.468	0.055	5.799	0.820	32.817	4.713
1790981973-lanelocal-3657361	355.3	29.252	34.185	34.185	0.000	0.000	0.000	0.000	0.000	0.000	15.700	28.025	0.092	6.068	0.798	32.817	4.713
1790981973-lanelocal-3657361	357.3	29.272	34.162	34.162	0.000	0.000	0.000	0.000	0.000	0.000	14.500	27.523	0.066	6.574	0.808	32.817	4.713
1790981973-lanelocal-3657361	359.3	33.385	29.954	29.954	0.000	0.000	0.000	0.000	0.000	0.000	13.300	24.094	0.057	5.803	0.813	32.817	4.713
1790981973-lanelocal-3657361	361.3	34.450	29.028	29.028	0.000	0.000	0.000	0.000	0.000	0.000	14.400	23.479	0.062	5.487	0.814	32.817	4.713
1790981973-lanelocal-3657361	363.3	33.481	29.867	29.867	0.000	0.000	0.000	0.000	0.000	0.000	14.100	24.325	0.066	5.476	0.814	32.720	4.848
1790981973-lanelocal-3657361	365.3	33.939	29.464	29.436	0.028	0.000	0.012	0.009	0.000	0.008	14.200	24.030	0.062	5.373	0.809	32.720	4.848
1790981973-lanelocal-3657361	367.3	31.817	31.430	31.430	0.000	0.000	0.000	0.000	0.000	0.000	14.000	25.465	0.060	5.905	0.806	32.720	4.848
1790981973-lanelocal-3657361	369.4	29.445	33.962	33.962	0.000	0.000	0.000	0.000	0.000	0.000	13.900	27.615	0.066	6.281	0.796	32.720	4.848
1790981973-lanelocal-3657361	371.4	30.456	32.834	32.834	0.000	0.000	0.000	0.000	0.000	0.000	14.800	26.069	0.065	6.700	0.792	32.720	4.848
1790981973-lanelocal-3657361	373.4	33.828	29.562	29.562	0.000	0.000	0.000	0.000	0.000	0.000	13.300	23.322	0.083	6.156	0.809	32.005	4.315
1790981973-lanelocal-3657361	375.4	33.839	29.552	29.552	0.000	0.000	0.000	0.000	0.000	0.000	13.200	23.860	0.063	5.629	0.809	32.005	4.315
1790981973-lanelocal-3657361	377.4	33.988	29.422	29.422	0.000	0.000	0.000	0.000	0.000	0.000	14.500	23.787	0.049	5.586	0.809	32.005	4.315
1790981973-lanelocal-3657361	379.4	33.423	29.920	29.920	0.000	0.000	0.000	0.000	0.000	0.000	13.800	24.185	0.062	5.672	0.811	32.005	4.315
1790981973-lanelocal-3657361	381.4	31.469	31.777	31.777	0.000	0.000	0.000	0.000	0.000	0.000	14.300	25.748	0.063	5.966	0.806	32.005	4.315
1790981973-lanelocal-3657361	383.4	28.924	34.573	34.573	0.000	0.000	0.000	0.000	0.000	0.000	16.000	28.017	0.076	6.481	0.788	33.749	4.874
1790981973-lanelocal-3657361	385.4	29.850	33.500	33.500	0.000	0.000	0.000	0.000	0.000	0.000	14.000	26.574	0.081	6.845	0.799	33.749	4.874
1790981973-lanelocal-3657361	387.4	30.964	32.296	32.296	0.000	0.000	0.000	0.000	0.000	0.000	12.500	25.556	0.082	6.658	0.810	33.749	4.874
1790981973-lanelocal-3657361	389.4	31.002	32.256	32.256	0.000	0.000	0.000	0.000	0.000	0.000	14.400	26.222	0.065	5.969	0.808	33.749	4.874
1790981973-lanelocal-3657361	391.4	30.987	32.272	32.272	0.000	0.000	0.000	0.000	0.000	0.000	12.800	25.924	0.076	6.272	0.801	33.749	4.874
1790981973-lanelocal-3657361	393.4	31.216	32.035	32.035	0.000	0.000	0.000	0.000	0.000	0.000	15.100	25.714	0.057	6.264	0.801	33.201	5.115
1790981973-lanelocal-3657361	395.5	31.574	31.671	31.671	0.000	0.000	0.000	0.000	0.000	0.000	13.300	25.530	0.054	6.087	0.805	33.201	5.115
1790981973-lanelocal-3657361	397.5	31.698	31.548	31.548	0.000	0.000	0.000	0.000	0.000	0.000	14.500	25.305	0.067	6.177	0.800	33.201	5.115
1790981973-lanelocal-3657361	399.5	31.421	31.826	31.826	0.000	0.000	0.000	0.000	0.000	0.000	15.200	25.479	0.061	6.286	0.803	33.201	5.115
1790981973-lanelocal-3657361	401.5	30.816	32.451	32.451	0.000	0.000	0.000	0.000	0.000	0.000	14.800	26.112	0.060	6.279	0.797	33.201	5.115
1790981973-lanelocal-3657361	403.5	31.031	32.226	32.226	0.000	0.000	0.000	0.000	0.000	0.000	14.500	25.680	0.060	6.486	0.797	33.697	4.435
1790981973-lanelocal-3657361	405.5	31.694	31.552	31.552	0.000	0.000	0.000	0.000	0.000	0.000	13.600	25.283	0.082	6.187	0.793	33.697	4.435
1790981973-lanelocal-3657361	407.5	31.625	31.620	31.620	0.000	0.000	0.000	0.000	0.000	0.000	13.700	25.136	0.057	6.427	0.795	33.697	4.435
1790981973-lanelocal-3657361	409.5	31.545	31.700	31.697	0.004	0.000	0.004	0.000	0.000	0.000	14.800	25.220	0.059	6.421	0.797	33.697	4.435
1790981973-lanelocal-3657361	411.5	32.362	30.900	30.900	0.000	0.000	0.000	0.000	0.000	0.000	13.700	24.570	0.075	6.256	0.802	33.697	4.435
1790981973-lanelocal-3657361	413.5	33.313	30.018	30.018	0.000	0.000	0.000	0.000	0.000	0.000	13.800	24.045	0.049	5.924	0.810	31.897	4.604
1790981973-lanelocal-3657361	415.5	33.842	29.549	29.545	0.004	0.000	0.004	0.000	0.000	0.000	14.400	23.631	0.069	5.849	0.811	31.897	4.604
1790981973-lanelocal-3657361	417.5	32.849	30.443	30.443	-0.000	0.000	0.000	0.000	0.000	0.000	13.700	24.754	0.087	5.602	0.810	31.897	4.604
1790981973-lanelocal-3657361	419.5	33.925	29.476	29.476	0.000	0.000	0.000	0.000	0.000	0.000	14.300	23.949	0.058	5.469	0.814	31.897	4.604
1790981973-lanelocal-3657361	421.5	33.464	29.883	29.883	0.000	0.000	0.000	0.000	0.000	0.000	13.000	24.229	0.053	5.601	0.813	31.897	4.604
1790981973-lanelocal-3657361	423.5	31.979	31.270	31.270	0.000	0.000	0.000	0.000	0.000	0.000	14.100	25.527	0.059	5.684	0.802	33.124	5.101
1790981973-lanelocal-3657361	425.5	31.375	31.873	31.873	0.000	0.000	0.000	0.000	0.000	0.000	14.500	25.741	0.061	6.070	0.804	33.124	5.101
1790981973-lanelocal-3657361	427.5	31.303	31.946	31.946	0.000	0.000	0.000	0.000	0.000	0.000	16.900	25.698	0.059	6.189	0.817	33.124	5.101
1790981973-lanelocal-3657361	429.5	30.996	32.262	32.262	0.000	0.000	0.000	0.000	0.000	0.000	12.700	26.015	0.062	6.186	0.804	33.124	5.101
1790981973-lanelocal-3657361	431.5	31.284	31.965	31.965	0.000	0.000	0.000	0.000	0.000	0.000	14.100	25.935	0.060	5.970	0.808	33.124	5.101
1790981973-lanelocal-3657361	433.5	30.874	32.390	32.373	0.017	0.000	0.009	0.000	0.000	0.009	12.200	26.188	0.068	6.134	0.801	33.206	4.530
1790981973-lanelocal-3657361	435.6	30.886	32.377	32.377	0.000	0.000	0.000	0.000	0.000	0.000	14.700	26.076	0.056	6.245	0.804	33.206	4.530
1790981973-lanelocal-3657361	437.6	31.572	31.674	31.674	0.000	0.000	0.000	0.000	0.000	0.000	15.000	25.277	0.061	6.335	0.803	33.206	4.530
1790981973-lanelocal-3657361	439.6	31.254	31.996	31.996	0.000	0.000	0.000	0.000	0.000	0.000	14.100	25.888	0.068	6.039	0.804	33.206	4.530
1790981973-lanelocal-3657361	441.6	30.873	32.390	32.390	0.000	0.000	0.000	0.000	0.000	0.000	15.900	25.967	0.075	6.349	0.818	33.206	4.530
1790981973-lanelocal-3657361	443.6	30.921	32.340	32.340	0.000	0.000	0.000	0.000	0.000	0.000	13.000	26.230	0.072	6.038	0.811	33.484	4.187
1790981973-lanelocal-3657361	445.6	31.432	31.815	31.815	0.000	0.000	0.000	0.000	0.000	0.000	14.600	25.925	0.059	5.831	0.805	33.484	4.187
1790981973-lanelocal-3657361	447.6	31.036	32.220	32.220	0.000	0.000	0.000	0.000	0.000	0.000	13.300	26.006	0.057	6.157	0.802	33.484	4.187
1790981973-lanelocal-3657361	449.6	31.516	31.730	31.710	0.020	0.000	0.000	0.020	0.000	0.000	14.500	25.512	0.056	6.162	0.794	33.484	4.187
1790981973-lanelocal-3657361	451.6	31.825	31.422	31.356	0.066	0.000	0.008	0.056	0.000	0.003	13.400	24.985	0.068	6.369	0.794	33.484	4.187
1790981973-lanelocal-3657361	453.6	31.493	31.753	31.753	0.000	0.000	0.000	0.000	0.000	0.000	15.700	25.195	0.053	6.505	0.805	33.572	4.800
1790981973-lanelocal-3657361	455.6	30.319	32.982	32.982	0.000	0.000	0.000	0.000	0.000	0.000	15.100	26.584	0.077	6.321	0.818	33.572	4.800
1790981973-lanelocal-3657361	457.6	31.295	31.954	31.943	0.011	0.000	0.010	0.001	0.000	0.000	14.900	25.898	0.064	5.991	0.814	33.572	4.800
1790981973-lanelocal-3657361	459.6	31.011	32.246	32.246	0.000	0.000	0.000	0.000	0.000	0.000	14.200	26.370	0.069	5.808	0.803	33.572	4.800
1790981973-lanelocal-3657361	461.6	31.223	32.028	32.028	0.000	0.000	0.000	0.000	0.000	0.000	13.700	25.780	0.062	6.185	0.801	33.572	4.800
1790981973-lanelocal-3657361	463.6	31.504	31.742	31.742	0.000	0.000	0.000	0.000	0.000	0.000	15.200	25.487	0.062	6.193	0.806	33.518	4.423
1790981973-lanelocal-3657361	465.6	32.030	31.221	31.221	0.000	0.000	0.000	0.000	0.000	0.000	13.900	25.037	0.063	6.120	0.796	33.518	4.423
1790981973-lanelocal-3657361	467.6	31.327	31.921	31.921	0.000	0.000	0.000	0.000	0.000	0.000	14.900	25.660	0.067	6.194	0.810	33.518	4.423
1790981973-lanelocal-3657361	469.6	30.701	32.573	32.573	0.000	0.000	0.000	0.000	0.000	0.000	15.000	26.195	0.072	6.306	0.803	33.518	4.423
1790981973-lanelocal-3657361	471.6	31.177	32.075	32.075	0.000	0.000	0.000	0.000	0.000	0.000	15.000	25.846	0.072	6.157	0.802	33.518	4.423
1790981973-lanelocal-3657361	473.6	31.025	32.232	32.232	0.000	0.000	0.000	0.000	0.000	0.000	14.200	25.904	0.066	6.262	0.798	32.801	4.364
1790981973-lanelocal-3657361	475.6	30.679	32.595	32.594	0.002	0.000	0.000	0.002	0.000	0.000	14.700	26.089	0.064	6.442	0.795	32.801	4.364
1790981973-lanelocal-3657361	477.6	31.095	32.160	32.160	0.000	0.000	0.000	0.000	0.000	0.000	15.600	25.522	0.056	6.581	0.799	32.801	4.364
1790981973-lanelocal-3657361	479.7	32.374	30.889	30.889	-0.000	0.000	0.000	0.000	0.000	0.000	14.200	24.599	0.051	6.238	0.801	32.801	4.364
1790981973-lanelocal-3657361	481.7	31.851	31.396	31.396	0.000	0.000	0.000	0.000	0.000	0.000	13.100	25.262	0.062	6.071	0.801	32.801	4.364
1790981973-lanelocal-3657361	483.7	31.649	31.596	31.596	0.000	0.000	0.000	0.000	0.000	0.000	15.500	25.238	0.052	6.306	0.792	33.967	4.781
1790981973-lanelocal-3657361	485.7	30.527	32.758	32.758	0.000	0.000	0.000	0.000	0.000	0.000	14.900	26.176	0.059	6.524	0.801	33.967	4.781
1790981973-lanelocal-3657361	487.7	31.564	31.682	31.682	0.000	0.000	0.000	0.000	0.000	0.000	14.900	25.243	0.064	6.374	0.792	33.967	4.781
1790981973-lanelocal-3657361	489.7	31.554	31.692	31.692	0.000	0.000	0.000	0.000	0.000	0.000	13.600	25.156	0.062	6.474	0.795	33.967	4.781
1790981973-lanelocal-3657361	491.7	34.480	29.002	29.002	0.000	0.000	0.000	0.000	0.000	0.000	14.200	23.162	0.065	5.776	0.804	33.967	4.781
1790981973-lanelocal-3657361	493.7	34.006	29.406	29.406	0.000	0.000	0.000	0.000	0.000	0.000	12.800	23.400	0.059	5.947	0.808	34.113	4.491
1790981973-lanelocal-3657361	495.7	30.313	32.989	32.989	0.000	0.000	0.000	0.000	0.000	0.000	14.500	26.561	0.057	6.371	0.784	34.113	4.491
1790981973-lanelocal-3657361	497.7	26.750	37.384	37.364	0.019	0.000	0.005	0.014	0.000	0.000	16.000	30.222	0.072	7.090	0.779	34.113	4.491
1790981973-lanelocal-3657361	499.7	26.008	38.450	38.450	0.000	0.000	0.000	0.000	0.000	0.000	16.000	29.625	0.070	8.755	0.784	34.113	4.491
1790981973-lanelocal-3657361	501.7	26.320	37.994	37.987	0.006	0.000	0.000	0.000	0.000	0.006	13.900	29.718	0.087	8.189	0.771	34.113	4.491
1790981973-lanelocal-3657361	503.7	26.440	37.821	37.821	0.000	0.000	0.000	0.000	0.000	0.000	15.400	29.427	0.113	8.282	0.775	36.409	3.816
1790981973-lanelocal-3657361	505.8	27.187	36.783	36.774	0.009	0.009	0.000	0.000	0.000	0.000	14.900	28.368	0.088	8.326	0.763	36.409	3.816
1790981973-lanelocal-3657361	507.8	27.924	35.812	35.812	0.000	0.000	0.000	0.000	0.000	0.000	13.000	27.761	0.076	7.974	0.767	36.409	3.816
1790981973-lanelocal-3657361	509.8	28.347	35.277	35.265	0.012	0.000	0.004	0.000	0.000	0.008	13.100	26.844	0.109	8.323	0.764	36.409	3.816
1790970734-lanelocal-1022425	0.3	31.973	31.276	30.218	1.058	0.000	0.011	0.701	0.345	0.001	0.700	22.512	0.098	8.667	0.694	37.297	0.376
1790970734-lanelocal-1022425	2.3	31.270	31.979	31.010	0.970	0.000	0.055	0.540	0.375	0.000	0.500	22.054	0.111	9.815	0.715	37.297	0.376
1790970734-lanelocal-1022425	4.3	29.315	34.112	31.711	2.401	0.000	0.113	1.702	0.584	0.002	0.400	24.182	0.085	9.845	0.709	37.297	0.376
1790970734-lanelocal-1022425	6.4	15.928	62.783	54.992	7.791	0.002	0.084	5.490	2.215	0.001	0.400	40.450	0.155	22.178	0.635	37.297	0.376
1790970734-lanelocal-1022425	8.4	22.449	44.545	43.613	0.932	0.001	0.105	0.429	0.398	0.000	0.800	31.109	0.116	13.321	0.715	34.618	1.274
1790970734-lanelocal-1022425	10.4	36.844	27.141	27.063	0.078	0.000	0.000	0.055	0.023	0.000	8.600	20.025	0.071	7.045	0.727	34.618	1.274
1790970734-lanelocal-1022425	12.4	43.218	23.139	23.139	0.000	0.000	0.000	0.000	0.000	0.000	8.500	15.796	0.069	7.274	0.684	34.618	1.274
1790970734-lanelocal-1022425	14.4	47.619	21.000	21.000	0.000	0.000	0.000	0.000	0.000	0.000	7.600	15.123	0.053	5.824	0.719	34.618	1.274
1790970734-lanelocal-1022425	16.4	48.654	20.553	20.109	0.444	0.000	0.000	0.313	0.131	0.000	2.900	14.847	0.051	5.655	0.703	34.618	1.274
1790970734-lanelocal-1022425	18.4	35.195	28.413	27.867	0.546	0.000	0.038	0.331	0.177	0.000	0.300	19.785	0.137	8.491	0.724	32.672	0.998
1790970734-lanelocal-1022425	20.4	36.876	27.118	26.263	0.855	0.000	0.020	0.590	0.244	0.000	4.900	19.488	0.079	7.551	0.713	32.672	0.998
1790970734-lanelocal-1022425	22.4	41.439	24.132	24.093	0.038	0.000	0.000	0.031	0.007	0.000	10.400	17.576	0.060	6.495	0.715	32.672	0.998
1790970734-lanelocal-1022425	24.4	43.014	23.248	23.237	0.011	0.000	0.001	0.001	0.009	0.000	7.000	16.295	0.057	6.896	0.716	32.672	0.998
1790970734-lanelocal-1022425	26.5	46.093	21.695	20.658	1.037	0.000	0.136	0.901	0.000	0.000	8.100	16.778	0.052	4.865	0.769	32.672	0.998
1790970734-lanelocal-1022425	28.5	38.172	26.197	25.343	0.854	0.001	0.041	0.576	0.237	0.000	0.600	18.785	0.090	7.323	0.704	32.016	0.837
1790970734-lanelocal-1022425	30.5	32.924	30.373	30.351	0.022	0.000	0.000	0.022	0.000	0.000	0.400	21.817	0.081	8.476	0.734	32.016	0.837
1790970734-lanelocal-1022425	32.5	41.874	23.881	23.812	0.069	0.000	0.016	0.027	0.027	0.000	7.100	17.093	0.065	6.723	0.719	32.016	0.837
1790970734-lanelocal-1022425	34.5	46.047	21.717	18.293	3.424	0.064	0.243	3.062	0.053	0.002	0.200	15.751	0.055	5.912	0.759	32.016	0.837
1790970734-lanelocal-1022425	36.5	48.773	20.503	20.285	0.218	0.000	0.020	0.142	0.056	0.000	0.300	15.474	0.050	4.979	0.722	32.016	0.837
1790970734-lanelocal-1022425	38.5	32.083	31.170	29.504	1.665	0.000	0.027	0.706	0.932	0.000	0.700	23.815	0.093	7.263	0.817	34.128	0.241
1790970734-lanelocal-1022425	40.5	35.687	28.021	19.665	8.356	0.152	0.308	7.553	0.306	0.037	0.200	23.981	0.098	3.943	0.898	34.128	0.241
1790970734-lanelocal-1022425	42.5	38.732	25.819	11.324	14.495	0.333	0.786	13.330	0.008	0.037	0.200	25.185	0.057	0.577	0.979	34.128	0.241
1790970734-lanelocal-1022425	44.5	37.420	26.724	10.911	15.812	0.363	0.643	14.719	0.004	0.084	0.200	26.203	0.025	0.496	0.979	34.128	0.241
1790970734-lanelocal-1022425	46.5	40.327	24.797	10.550	14.248	0.277	0.770	13.100	0.009	0.092	0.200	24.292	0.030	0.475	0.981	34.128	0.241
1790970734-lanelocal-1022425	48.5	45.667	21.898	10.526	11.371	0.212	0.757	10.339	0.002	0.062	0.200	21.461	0.043	0.394	0.979	29.152	0.222
1790970734-lanelocal-1022425	50.5	54.496	18.350	6.839	11.511	0.158	0.730	10.562	0.003	0.057	0.200	17.865	0.034	0.451	0.973	29.152	0.222
1790970734-lanelocal-1022425	52.5	46.819	21.359	10.576	10.783	0.198	0.634	9.879	0.004	0.068	0.200	20.838	0.022	0.499	0.976	29.152	0.222
1790970734-lanelocal-1022425	54.5	35.027	28.549	12.275	16.274	0.379	0.855	14.869	0.002	0.167	0.200	27.816	0.066	0.668	0.972	29.152	0.222
1790970734-lanelocal-1022425	56.5	35.815	27.921	12.208	15.713	0.416	0.816	14.376	0.006	0.099	0.200	27.202	0.057	0.662	0.973	29.152	0.222
1790970734-lanelocal-1022425	58.5	38.201	26.178	12.400	13.777	0.343	0.774	12.549	0.003	0.108	0.200	25.436	0.057	0.685	0.973	31.080	0.258
1790970734-lanelocal-1022425	60.5	52.634	18.999	11.142	7.857	0.168	0.594	7.036	0.003	0.058	0.200	18.471	0.019	0.509	0.967	31.080	0.258
1790970734-lanelocal-1022425	62.5	49.437	20.228	9.090	11.138	0.167	0.779	10.085	0.007	0.099	0.200	19.596	0.035	0.596	0.973	31.080	0.258
1790970734-lanelocal-1022425	64.5	37.099	26.955	11.780	15.175	0.379	0.841	13.762	0.003	0.190	0.200	26.224	0.033	0.699	0.973	31.080	0.258
1790970734-lanelocal-1022425	66.5	43.874	22.793	10.605	12.187	0.242	0.751	11.051	0.002	0.141	0.200	22.097	0.049	0.647	0.970	31.080	0.258
1790970734-lanelocal-1022425	68.5	52.085	19.200	15.669	3.530	0.098	0.192	3.199	0.001	0.040	2.600	18.693	0.021	0.486	0.974	28.369	0.258
1790970734-lanelocal-1022425	70.5	35.863	27.884	11.461	16.424	0.415	0.704	15.112	0.005	0.187	0.200	27.120	0.074	0.690	0.973	28.369	0.258
1790970734-lanelocal-1022425	72.5	36.742	27.217	12.316	14.901	0.383	0.830	13.485	0.002	0.200	0.200	26.646	0.024	0.547	0.977	28.369	0.258
1790970734-lanelocal-1022425	74.5	37.952	26.349	10.970	15.380	0.317	0.755	14.114	0.003	0.191	0.200	25.612	0.047	0.691	0.975	28.369	0.258
1790970734-lanelocal-1022425	76.5	43.448	23.016	9.445	13.571	0.327	0.799	12.245	0.003	0.197	0.200	22.501	0.024	0.491	0.976	28.369	0.258
1790970734-lanelocal-1022425	78.5	42.241	23.674	11.118	12.555	0.243	0.738	11.384	0.005	0.185	0.200	23.168	0.044	0.461	0.982	31.093	0.254
1790970734-lanelocal-1022425	80.5	41.709	23.976	11.065	12.911	0.289	0.747	11.675	0.003	0.196	0.200	23.590	0.014	0.371	0.984	31.093	0.254
1790970734-lanelocal-1022425	82.5	52.148	19.176	8.604	10.572	0.174	0.780	9.448	0.002	0.167	0.200	18.804	0.034	0.338	0.978	31.093	0.254
1790970734-lanelocal-1022425	84.5	52.783	18.946	7.379	11.567	0.158	0.817	10.434	0.003	0.155	0.200	18.516	0.019	0.411	0.975	31.093	0.254
1790970734-lanelocal-1022425	86.5	44.975	22.235	10.741	11.494	0.219	0.716	10.397	0.001	0.161	0.200	21.679	0.039	0.516	0.974	31.093	0.254
1790970734-lanelocal-1022425	88.5	33.799	29.587	12.642	16.945	0.433	0.752	15.492	0.003	0.265	0.200	28.742	0.062	0.783	0.976	30.609	0.175
1790970734-lanelocal-1022425	90.5	33.451	29.895	15.108	14.787	0.430	0.848	13.261	0.003	0.245	0.200	29.146	0.031	0.718	0.967	30.609	0.175
1790970734-lanelocal-1022425	92.5	35.655	28.047	11.738	16.308	0.402	0.792	14.835	0.005	0.274	0.200	26.989	0.050	1.007	0.967	30.609	0.175
1790970734-lanelocal-1022425	94.5	35.515	28.157	12.937	15.220	0.375	0.744	13.830	0.004	0.267	0.300	27.381	0.036	0.740	0.976	30.609	0.175
1790970734-lanelocal-1022425	96.5	39.339	25.420	11.482	13.938	0.320	0.777	12.537	0.004	0.300	0.200	24.725	0.051	0.644	0.976	30.609	0.175
1790970734-lanelocal-1022425	98.5	48.778	20.501	9.424	11.077	0.170	0.823	9.868	0.001	0.214	0.300	20.100	0.015	0.385	0.977	30.247	0.261
1790970734-lanelocal-1022425	100.5	54.079	18.492	7.145	11.346	0.156	0.802	10.181	0.003	0.204	0.200	18.085	0.033	0.373	0.977	30.247	0.261
1790970734-lanelocal-1022425	102.5	52.154	19.174	8.338	10.836	0.188	0.786	9.658	0.001	0.203	0.200	18.808	0.013	0.353	0.982	30.247	0.261
1790970734-lanelocal-1022425	104.5	33.640	29.726	12.918	16.808	0.394	0.661	15.424	0.004	0.326	1.300	29.118	0.053	0.555	0.977	30.247	0.261
1790970734-lanelocal-1022425	106.5	33.135	30.179	15.125	15.054	0.412	0.880	13.449	0.004	0.308	0.200	29.242	0.028	0.910	0.967	30.247	0.261
1790970734-lanelocal-1022425	108.5	37.705	26.522	12.999	13.522	0.238	0.818	12.181	0.000	0.285	0.200	25.534	0.046	0.942	0.969	31.154	0.183
1790970734-lanelocal-1022425	110.5	39.197	25.512	10.992	14.520	0.300	0.731	13.202	0.003	0.284	0.200	24.980	0.023	0.509	0.980	31.154	0.183
1790970734-lanelocal-1022425	112.5	40.217	24.865	12.635	12.230	0.268	0.745	10.942	0.002	0.273	0.200	24.408	0.039	0.418	0.983	31.154	0.183
1790970734-lanelocal-1022425	114.5	34.348	29.114	12.414	16.699	0.438	0.698	15.138	0.008	0.417	0.200	28.541	0.029	0.544	0.980	31.154	0.183
1790970734-lanelocal-1022425	116.5	36.172	27.646	14.029	13.617	0.339	0.734	12.187	0.001	0.356	0.200	27.126	0.047	0.473	0.977	31.154	0.183
1790970734-lanelocal-1022425	118.5	33.985	29.424	12.096	17.329	0.420	0.778	15.741	0.000	0.390	0.200	28.793	0.023	0.609	0.979	29.350	0.171
1790970734-lanelocal-1022425	120.5	37.899	26.386	12.835	13.551	0.333	0.769	12.135	0.001	0.313	0.300	25.794	0.066	0.526	0.976	29.350	0.171
1790970734-lanelocal-1022425	122.5	38.039	26.289	11.036	15.253	0.362	0.789	13.696	0.003	0.402	0.200	25.626	0.044	0.619	0.979	29.350	0.171
1790970734-lanelocal-1022425	124.5	38.090	26.253	11.929	14.325	0.385	0.823	12.731	0.003	0.383	0.200	25.679	0.042	0.532	0.979	29.350	0.171
1790970734-lanelocal-1022425	126.5	49.104	20.365	7.967	12.398	0.181	0.759	11.122	0.003	0.333	0.200	19.980	0.022	0.362	0.981	29.350	0.171
1790970734-lanelocal-1022425	128.6	58.241	17.170	10.332	6.838	0.183	0.491	5.978	0.002	0.185	0.300	16.778	0.021	0.371	0.976	29.576	0.562
1790970734-lanelocal-1022425	130.6	58.292	17.155	9.039	8.116	0.160	0.561	7.174	0.001	0.220	0.200	16.804	0.019	0.332	0.981	29.576	0.562
1790970734-lanelocal-1022425	132.6	56.560	17.680	6.858	10.822	0.136	0.756	9.638	0.001	0.292	0.200	17.361	0.020	0.300	0.982	29.576	0.562
1790970734-lanelocal-1022425	134.6	60.122	16.633	9.326	7.307	0.188	0.505	6.414	0.001	0.199	0.400	16.301	0.023	0.309	0.981	29.576	0.562
1790970734-lanelocal-1022425	136.6	55.784	17.926	14.435	3.491	0.250	0.347	2.802	0.005	0.087	2.800	17.540	0.026	0.361	0.976	29.576	0.562
1790970734-lanelocal-1022425	138.6	40.454	24.720	10.072	14.647	0.282	0.773	13.159	0.003	0.431	0.200	24.223	0.027	0.470	0.983	30.340	0.289
1790970734-lanelocal-1022425	140.6	43.572	22.950	10.958	11.993	0.179	0.837	10.643	0.004	0.330	0.300	22.519	0.016	0.415	0.979	30.340	0.289
1790970734-lanelocal-1022425	142.6	52.409	19.081	7.195	11.886	0.152	0.758	10.635	0.002	0.339	0.200	18.707	0.036	0.338	0.982	30.340	0.289
1790970734-lanelocal-1022425	144.6	51.450	19.436	11.269	8.167	0.199	0.504	7.204	0.002	0.259	5.100	19.106	0.013	0.317	0.983	30.340	0.289
1790970734-lanelocal-1022425	146.6	47.224	21.176	8.677	12.499	0.287	0.752	11.080	0.003	0.376	0.200	20.811	0.034	0.330	0.984	30.340	0.289
1790970734-lanelocal-1022425	148.6	60.291	16.586	15.957	0.629	0.029	0.055	0.522	0.000	0.022	1.300	16.335	0.010	0.241	0.984	25.879	0.722
1790970734-lanelocal-1022425	150.6	60.000	16.667	16.427	0.240	0.053	0.037	0.137	0.000	0.012	2.200	16.385	0.022	0.259	0.984	25.879	0.722
1790970734-lanelocal-1022425	152.6	59.994	16.668	15.810	0.858	0.101	0.089	0.643	0.000	0.025	5.100	16.373	0.014	0.281	0.982	25.879	0.722
1790970734-lanelocal-1022425	154.6	59.862	16.705	11.650	5.055	0.314	0.324	4.262	0.001	0.155	1.900	16.430	0.022	0.253	0.982	25.879	0.722
1790970734-lanelocal-1022425	156.6	60.005	16.665	9.874	6.791	0.409	0.419	5.741	0.002	0.220	2.700	16.345	0.013	0.307	0.980	25.879	0.722
1790970734-lanelocal-1022425	158.6	60.196	16.612	14.209	2.404	0.147	0.148	2.031	0.000	0.077	14.000	16.132	0.029	0.451	0.965	21.491	0.841
1790970734-lanelocal-1022425	160.6	59.901	16.694	16.626	0.069	0.004	0.003	0.054	0.000	0.007	13.700	16.161	0.013	0.520	0.972	21.491	0.841
1790970734-lanelocal-1022425	162.6	59.672	16.758	10.203	6.555	0.265	0.284	5.768	0.002	0.236	3.800	16.205	0.018	0.536	0.971	21.491	0.841
1790970734-lanelocal-1022425	164.6	59.940	16.683	6.391	10.292	0.420	0.467	9.066	0.004	0.335	3.400	16.321	0.016	0.346	0.980	21.491	0.841
1790970734-lanelocal-1022425	166.6	59.910	16.692	6.601	10.091	0.420	0.453	8.862	0.002	0.353	3.100	16.382	0.025	0.284	0.981	21.491	0.841
1790970734-lanelocal-1022425	168.6	59.880	16.700	6.465	10.235	0.416	0.421	9.037	0.002	0.359	1.400	16.385	0.009	0.306	0.981	21.739	0.898
1790970734-lanelocal-1022425	170.6	60.000	16.667	6.672	9.995	0.399	0.420	8.803	0.004	0.368	2.600	16.363	0.028	0.276	0.981	21.739	0.898
1790970734-lanelocal-1022425	172.7	60.270	16.592	8.885	7.707	0.311	0.353	6.772	0.001	0.271	13.300	16.261	0.013	0.318	0.975	21.739	0.898
1790970734-lanelocal-1022425	174.7	59.970	16.675	16.587	0.088	0.003	0.003	0.079	0.000	0.004	14.000	16.123	0.027	0.525	0.969	21.739	0.898
1790970734-lanelocal-1022425	176.7	59.940	16.683	16.683	0.000	0.000	0.000	0.000	0.000	0.000	14.000	16.188	0.008	0.488	0.967	21.739	0.898
1790970734-lanelocal-1022425	178.7	59.588	16.782	12.792	3.990	0.165	0.187	3.486	0.002	0.150	2.800	16.220	0.023	0.538	0.973	24.787	0.742
1790970734-lanelocal-1022425	180.7	59.954	16.679	6.526	10.154	0.431	0.440	8.894	0.001	0.387	3.500	16.377	0.013	0.289	0.984	24.787	0.742
1790970734-lanelocal-1022425	182.7	59.918	16.689	7.190	9.500	0.421	0.419	8.301	0.005	0.353	2.900	16.411	0.024	0.254	0.983	24.787	0.742
1790970734-lanelocal-1022425	184.7	59.968	16.675	7.065	9.610	0.406	0.444	8.380	0.002	0.378	4.900	16.418	0.011	0.247	0.981	24.787	0.742
1790970734-lanelocal-1022425	186.7	59.846	16.710	11.987	4.723	0.387	0.436	3.715	0.002	0.183	0.400	16.365	0.035	0.310	0.983	24.787	0.742
1790970734-lanelocal-1022425	188.7	60.006	16.665	10.434	6.231	0.439	0.479	5.068	0.002	0.243	2.800	16.389	0.012	0.264	0.981	22.817	0.874
1790970734-lanelocal-1022425	190.7	60.270	16.592	10.966	5.626	0.329	0.351	4.723	0.001	0.222	12.900	16.208	0.018	0.366	0.973	22.817	0.874
1790970734-lanelocal-1022425	192.7	59.833	16.713	16.713	0.000	0.000	0.000	0.000	0.000	0.000	14.000	16.193	0.016	0.504	0.968	22.817	0.874
1790970734-lanelocal-1022425	194.7	59.719	16.745	8.929	7.816	0.354	0.373	6.748	0.005	0.336	3.400	16.281	0.024	0.441	0.977	22.817	0.874
1790970734-lanelocal-1022425	196.7	59.940	16.683	6.376	10.307	0.432	0.467	8.973	0.003	0.433	3.500	16.378	0.017	0.288	0.984	22.817	0.874
1790970734-lanelocal-1022425	198.7	59.931	16.686	6.934	9.752	0.431	0.519	8.399	0.001	0.402	3.200	16.393	0.021	0.272	0.983	27.362	0.785
1790970734-lanelocal-1022425	200.8	59.923	16.688	6.194	10.494	0.421	0.457	9.157	0.003	0.456	2.900	16.413	0.016	0.259	0.984	27.362	0.785
1790970734-lanelocal-1022425	202.8	59.877	16.701	7.377	9.324	0.409	0.447	8.069	0.002	0.398	0.500	16.410	0.024	0.266	0.983	27.362	0.785
1790970734-lanelocal-1022425	204.8	59.739	16.739	6.820	9.919	0.348	0.442	8.686	0.002	0.441	0.200	16.460	0.016	0.263	0.981	27.362	0.785
1790970734-lanelocal-1022425	206.8	60.250	16.597	12.224	4.373	0.153	0.280	3.746	0.001	0.194	2.200	16.285	0.012	0.300	0.979	27.362	0.785
1790970734-lanelocal-1022425	208.8	59.949	16.681	16.681	0.000	0.000	0.000	0.000	0.000	0.000	2.500	16.281	0.026	0.374	0.978	21.700	1.019
1790970734-lanelocal-1022425	210.8	60.241	16.600	16.600	0.000	0.000	0.000	0.000	0.000	0.000	13.800	16.250	0.008	0.342	0.975	21.700	1.019
1790970734-lanelocal-1022425	212.8	59.940	16.683	16.683	0.000	0.000	0.000	0.000	0.000	0.000	13.700	16.177	0.023	0.483	0.974	21.700	1.019
1790970734-lanelocal-1022425	214.8	59.826	16.715	16.715	0.000	0.000	0.000	0.000	0.000	0.000	13.700	16.315	0.009	0.391	0.972	21.700	1.019
1790970734-lanelocal-1022425	216.8	58.811	17.004	15.648	1.356	0.164	0.171	0.954	0.000	0.067	0.500	16.595	0.022	0.386	0.981	21.700	1.019
1790970734-lanelocal-1022425	218.8	49.727	20.110	9.551	10.559	0.184	0.712	9.178	0.001	0.483	0.200	19.738	0.036	0.336	0.983	28.442	0.513
1790970734-lanelocal-1022425	220.8	53.307	18.759	8.268	10.491	0.149	0.747	9.076	0.002	0.516	0.200	18.455	0.022	0.282	0.985	28.442	0.513
1790970734-lanelocal-1022425	222.8	55.518	18.012	13.744	4.268	0.059	0.339	3.660	0.003	0.208	0.200	17.724	0.013	0.275	0.982	28.442	0.513
1790970734-lanelocal-1022425	224.8	57.065	17.524	10.009	7.515	0.167	0.471	6.497	0.001	0.379	0.800	17.207	0.026	0.290	0.984	28.442	0.513
1790970734-lanelocal-1022425	226.8	60.328	16.576	16.576	0.000	0.000	0.000	0.000	0.000	0.000	9.700	16.319	0.010	0.248	0.977	28.442	0.513
1790970734-lanelocal-1022425	228.8	59.926	16.687	16.595	0.092	0.003	0.002	0.077	0.000	0.011	13.800	16.169	0.021	0.496	0.970	23.168	0.960
1790970734-lanelocal-1022425	230.8	59.940	16.683	16.517	0.166	0.013	0.005	0.141	0.000	0.008	13.500	16.201	0.010	0.473	0.967	23.168	0.960
1790970734-lanelocal-1022425	232.8	59.644	16.766	15.287	1.479	0.055	0.057	1.297	0.000	0.070	13.500	16.230	0.023	0.514	0.973	23.168	0.960
1790970734-lanelocal-1022425	234.8	59.469	16.815	8.925	7.890	0.307	0.444	6.741	0.003	0.395	1.900	16.454	0.010	0.352	0.982	23.168	0.960
1790970734-lanelocal-1022425	236.8	56.878	17.581	7.332	10.249	0.178	0.747	8.795	0.004	0.526	0.200	17.259	0.027	0.295	0.983	23.168	0.960
1790970734-lanelocal-1022425	238.9	57.261	17.464	11.896	5.568	0.122	0.427	4.741	0.001	0.276	1.500	17.173	0.012	0.280	0.982	29.851	0.447
1790970734-lanelocal-1022425	240.9	56.109	17.823	7.803	10.019	0.110	0.705	8.685	0.001	0.518	0.200	17.448	0.026	0.349	0.982	29.851	0.447
1790970734-lanelocal-1022425	242.9	59.947	16.682	11.312	5.370	0.142	0.390	4.563	0.001	0.274	1.500	16.417	0.011	0.253	0.985	29.851	0.447
1790970734-lanelocal-1022425	244.9	53.588	18.661	14.685	3.976	0.073	0.200	3.488	0.001	0.214	1.800	18.368	0.022	0.271	0.983	29.851	0.447
1790970734-lanelocal-1022425	246.9	42.662	23.440	10.067	13.373	0.339	0.741	11.577	0.003	0.712	0.200	23.059	0.016	0.365	0.985	29.851	0.447
1790970734-lanelocal-1022425	248.9	54.726	18.273	7.811	10.462	0.145	0.763	8.978	0.000	0.576	0.200	17.964	0.026	0.283	0.983	29.019	0.262
1790970734-lanelocal-1022425	250.9	55.283	18.089	7.355	10.734	0.156	0.712	9.285	0.001	0.579	0.300	17.794	0.023	0.271	0.983	29.019	0.262
1790970734-lanelocal-1022425	252.9	42.123	23.740	9.283	14.457	0.313	0.648	12.718	0.003	0.774	0.500	23.307	0.045	0.388	0.982	29.019	0.262
1790970734-lanelocal-1022425	254.9	33.261	30.066	13.594	16.472	0.433	0.791	14.332	0.002	0.913	0.300	29.558	0.014	0.494	0.982	29.019	0.262
1790970734-lanelocal-1022425	256.9	35.553	28.127	13.119	15.008	0.346	0.776	13.071	0.003	0.812	0.300	27.615	0.039	0.473	0.979	29.019	0.262
1790970734-lanelocal-1022425	258.9	37.707	26.521	10.652	15.868	0.326	0.799	13.836	0.001	0.905	0.200	25.894	0.029	0.598	0.980	29.180	0.205
1790970734-lanelocal-1022425	260.9	38.767	25.795	12.303	13.492	0.263	0.770	11.716	0.001	0.742	0.200	25.289	0.039	0.467	0.980	29.180	0.205
1790970734-lanelocal-1022425	262.9	38.893	25.711	9.527	16.184	0.359	0.750	14.174	0.001	0.900	0.200	25.242	0.034	0.435	0.985	29.180	0.205
1790970734-lanelocal-1022425	264.9	37.400	26.738	13.031	13.707	0.312	0.855	11.746	0.002	0.793	0.200	26.318	0.022	0.398	0.983	29.180	0.205
1790970734-lanelocal-1022425	266.9	35.925	27.835	11.344	16.491	0.351	0.745	14.426	0.001	0.968	0.200	27.384	0.032	0.420	0.984	29.180	0.205
1790970734-lanelocal-1022425	268.9	38.107	26.242	11.639	14.603	0.313	0.732	12.719	0.003	0.836	0.300	25.793	0.024	0.425	0.983	29.669	0.254
1790970734-lanelocal-1022425	270.9	39.646	25.223	10.176	15.047	0.304	0.737	13.147	0.003	0.857	0.200	24.836	0.027	0.359	0.984	29.669	0.254
1790970734-lanelocal-1022425	272.9	38.024	26.299	10.911	15.388	0.362	0.775	13.371	0.001	0.879	0.200	25.864	0.017	0.419	0.983	29.669	0.254
1790970734-lanelocal-1022425	274.9	45.648	21.907	9.388	12.519	0.236	0.723	10.833	0.003	0.724	0.200	21.536	0.035	0.335	0.984	29.669	0.254
1790970734-lanelocal-1022425	276.9	53.864	18.565	12.339	6.226	0.056	0.445	5.385	0.000	0.340	1.400	18.277	0.009	0.279	0.984	29.669	0.254
1790970734-lanelocal-1022425	278.9	47.126	21.220	8.652	12.568	0.249	0.721	10.858	0.002	0.739	0.200	20.860	0.032	0.328	0.985	27.224	0.675
1790970734-lanelocal-1022425	280.9	59.760	16.734	14.423	2.311	0.176	0.218	1.780	0.001	0.136	1.100	16.490	0.008	0.236	0.985	27.224	0.675
1790970734-lanelocal-1022425	282.9	59.970	16.675	13.814	2.861	0.352	0.410	1.928	0.001	0.170	0.900	16.381	0.033	0.261	0.983	27.224	0.675
1790970734-lanelocal-1022425	284.9	60.071	16.647	11.352	5.296	0.390	0.393	4.193	0.001	0.319	1.500	16.385	0.014	0.248	0.983	27.224	0.675
1790970734-lanelocal-1022425	286.9	59.850	16.709	10.040	6.668	0.407	0.440	5.411	0.002	0.408	4.100	16.383	0.024	0.302	0.980	27.224	0.675
1790970734-lanelocal-1022425	288.9	60.239	16.601	8.524	8.076	0.368	0.386	6.818	0.001	0.503	2.800	16.294	0.009	0.297	0.981	20.923	0.924
1790970734-lanelocal-1022425	290.9	59.990	16.669	16.669	0.000	0.000	0.000	0.000	0.000	0.000	13.700	16.236	0.024	0.409	0.968	20.923	0.924
1790970734-lanelocal-1022425	292.9	59.940	16.683	16.205	0.479	0.025	0.024	0.401	0.000	0.028	12.400	16.202	0.013	0.469	0.974	20.923	0.924
1790970734-lanelocal-1022425	294.9	59.659	16.762	13.281	3.481	0.128	0.191	2.952	0.003	0.207	13.900	16.295	0.018	0.449	0.976	20.923	0.924
1790970734-lanelocal-1022425	296.9	59.892	16.697	6.137	10.559	0.397	0.448	9.024	0.002	0.689	3.600	16.402	0.012	0.282	0.985	20.923	0.924
1790970734-lanelocal-1022425	298.9	59.915	16.690	6.792	9.899	0.401	0.424	8.419	0.001	0.653	3.300	16.408	0.025	0.258	0.983	24.663	0.932
1790970734-lanelocal-1022425	300.9	60.012	16.663	5.913	10.751	0.416	0.467	9.178	0.001	0.688	2.500	16.404	0.015	0.244	0.984	24.663	0.932
1790970734-lanelocal-1022425	302.9	59.758	16.734	7.106	9.628	0.342	0.450	8.210	0.003	0.623	1.100	16.431	0.019	0.284	0.977	24.663	0.932
1790970734-lanelocal-1022425	304.9	60.076	16.646	6.298	10.347	0.394	0.512	8.762	0.002	0.678	3.000	16.281	0.013	0.352	0.982	24.663	0.932
1790970734-lanelocal-1022425	307.0	60.270	16.592	11.997	4.595	0.191	0.206	3.896	0.001	0.301	13.500	16.279	0.011	0.302	0.973	24.663	0.932
1790970734-lanelocal-1022425	309.0	59.940	16.683	16.585	0.098	0.001	0.007	0.084	0.000	0.006	13.900	16.208	0.023	0.452	0.973	22.264	0.754
1790970734-lanelocal-1022425	311.0	59.606	16.777	11.769	5.008	0.217	0.263	4.209	0.002	0.317	2.800	16.261	0.012	0.504	0.976	22.264	0.754
1790970734-lanelocal-1022425	313.0	59.944	16.682	6.454	10.228	0.415	0.456	8.679	0.002	0.675	3.700	16.387	0.028	0.267	0.985	22.264	0.754
1790970734-lanelocal-1022425	315.0	59.914	16.691	7.440	9.250	0.414	0.484	7.708	0.002	0.643	3.600	16.428	0.018	0.245	0.983	22.264	0.754
1790970734-lanelocal-1022425	317.0	59.958	16.678	6.294	10.384	0.410	0.428	8.826	0.003	0.717	1.700	16.409	0.020	0.249	0.985	22.264	0.754
1790970734-lanelocal-1022425	319.0	59.833	16.713	8.067	8.647	0.330	0.416	7.299	0.006	0.596	1.000	16.438	0.012	0.263	0.977	23.058	1.160
1790970734-lanelocal-1022425	321.0	59.996	16.668	6.526	10.142	0.334	0.550	8.572	0.002	0.684	0.600	16.259	0.021	0.388	0.978	23.058	1.160
1790970734-lanelocal-1022425	323.0	59.970	16.675	6.928	9.747	0.412	0.404	8.245	0.002	0.683	2.800	16.328	0.011	0.336	0.979	23.058	1.160
1790970734-lanelocal-1022425	325.0	60.270	16.592	12.103	4.489	0.186	0.182	3.807	0.001	0.313	13.300	16.265	0.024	0.304	0.976	23.058	1.160
1790970734-lanelocal-1022425	327.0	59.940	16.683	16.683	0.000	0.000	0.000	0.000	0.000	0.000	14.000	16.222	0.009	0.452	0.973	23.058	1.160
1790970734-lanelocal-1022425	329.0	59.637	16.768	9.022	7.746	0.303	0.354	6.545	0.001	0.543	2.700	16.347	0.021	0.400	0.982	25.120	0.778
1790970734-lanelocal-1022425	331.0	59.940	16.683	6.785	9.898	0.397	0.453	8.353	0.003	0.693	3.600	16.429	0.010	0.244	0.984	25.120	0.778
1790970734-lanelocal-1022425	333.0	59.917	16.690	6.345	10.344	0.418	0.411	8.800	0.001	0.714	3.400	16.430	0.016	0.244	0.985	25.120	0.778
1790970734-lanelocal-1022425	335.0	59.884	16.699	7.434	9.265	0.398	0.385	7.818	0.002	0.662	2.700	16.443	0.009	0.247	0.978	25.120	0.778
1790970734-lanelocal-1022425	337.0	59.944	16.682	8.701	7.981	0.405	0.441	6.559	0.001	0.575	3.200	16.274	0.028	0.380	0.979	25.120	0.778
1790970734-lanelocal-1022425	339.0	59.885	16.699	8.503	8.196	0.236	0.507	6.861	0.001	0.591	0.200	16.365	0.009	0.325	0.984	23.455	0.896
1790970734-lanelocal-1022425	341.0	59.916	16.690	16.690	0.000	0.000	0.000	0.000	0.000	0.000	4.000	16.410	0.027	0.253	0.982	23.455	0.896
1790970734-lanelocal-1022425	343.0	60.333	16.575	16.575	0.000	0.000	0.000	0.000	0.000	0.000	3.300	16.313	0.008	0.253	0.983	23.455	0.896
1790970734-lanelocal-1022425	345.0	59.968	16.676	16.676	0.000	0.000	0.000	0.000	0.000	0.000	13.200	16.302	0.022	0.352	0.972	23.455	0.896
1790970734-lanelocal-1022425	347.1	59.940	16.683	16.683	0.000	0.000	0.000	0.000	0.000	0.000	13.600	16.247	0.011	0.425	0.973	23.455	0.896
1790970734-lanelocal-1022425	349.1	59.578	16.785	15.742	1.042	0.100	0.122	0.742	0.000	0.077	14.000	16.286	0.033	0.465	0.978	28.008	0.378
1790970734-lanelocal-1022425	351.1	46.911	21.317	10.257	11.060	0.291	0.649	9.275	0.008	0.836	0.200	20.930	0.015	0.372	0.984	28.008	0.378
1790970734-lanelocal-1022425	353.1	37.188	26.891	12.146	14.744	0.310	0.683	12.624	0.002	1.125	0.200	26.436	0.056	0.399	0.983	28.008	0.378
1790970734-lanelocal-1022425	355.1	36.606	27.318	9.759	17.559	0.356	0.657	15.207	0.001	1.337	0.200	26.902	0.017	0.400	0.985	28.008	0.378
1790970734-lanelocal-1022425	357.1	48.699	20.534	8.209	12.325	0.158	0.768	10.413	0.001	0.986	0.200	20.211	0.017	0.306	0.982	28.008	0.378
1790970734-lanelocal-1022425	359.1	59.969	16.675	13.219	3.457	0.046	0.248	2.885	0.001	0.278	1.400	16.385	0.024	0.267	0.985	27.871	0.541
1790970734-lanelocal-1022425	361.1	44.005	22.725	12.088	10.636	0.204	0.568	9.023	0.001	0.840	0.200	22.333	0.017	0.374	0.980	27.871	0.541
1790970734-lanelocal-1022425	363.1	51.573	19.390	8.008	11.382	0.246	0.710	9.530	0.003	0.894	0.200	19.051	0.029	0.310	0.984	27.871	0.541
1790970734-lanelocal-1022425	365.1	60.085	16.643	12.399	4.244	0.391	0.417	3.101	0.001	0.334	1.100	16.356	0.016	0.271	0.983	27.871	0.541
1790970734-lanelocal-1022425	367.1	59.994	16.668	10.433	6.236	0.404	0.457	4.887	0.002	0.485	3.100	16.404	0.017	0.247	0.985	27.871	0.541
1790970734-lanelocal-1022425	369.1	41.976	23.823	10.915	12.908	0.350	0.632	10.856	0.003	1.067	0.700	23.410	0.016	0.397	0.979	29.221	0.419
1790970734-lanelocal-1022425	371.1	42.536	23.510	9.204	14.306	0.261	0.653	12.240	0.002	1.148	0.200	23.037	0.025	0.447	0.985	29.221	0.419
1790970734-lanelocal-1022425	373.1	55.267	18.094	6.929	11.165	0.146	0.717	9.406	0.002	0.894	0.300	17.831	0.011	0.252	0.983	29.221	0.419
1790970734-lanelocal-1022425	375.1	58.442	17.111	6.188	10.923	0.050	0.700	9.280	0.002	0.891	0.200	16.818	0.024	0.269	0.981	29.221	0.419
1790970734-lanelocal-1022425	377.1	55.313	18.079	8.517	9.562	0.083	0.604	8.095	0.001	0.779	0.300	17.735	0.013	0.331	0.983	29.221	0.419
1790970734-lanelocal-1022425	379.1	43.997	22.729	9.635	13.093	0.242	0.676	11.099	0.004	1.073	0.300	22.331	0.029	0.369	0.982	25.379	0.672
1790970734-lanelocal-1022425	381.1	55.830	17.911	7.888	10.024	0.068	0.724	8.393	0.001	0.838	0.300	17.603	0.040	0.268	0.983	25.379	0.672
1790970734-lanelocal-1022425	383.1	60.462	16.539	9.525	7.014	0.013	0.537	5.893	0.001	0.569	0.200	16.246	0.020	0.273	0.982	25.379	0.672
1790970734-lanelocal-1022425	385.1	60.483	16.534	16.534	0.000	0.000	0.000	0.000	0.000	0.000	13.500	16.205	0.009	0.319	0.977	25.379	0.672
1790970734-lanelocal-1022425	387.1	59.748	16.737	16.737	0.000	0.000	0.000	0.000	0.000	0.000	13.900	16.390	0.021	0.327	0.984	25.379	0.672
1790970734-lanelocal-1022425	389.1	59.723	16.744	16.744	0.000	0.000	0.000	0.000	0.000	0.000	0.800	16.425	0.009	0.310	0.981	22.431	1.172
1790970734-lanelocal-1022425	391.1	60.360	16.567	16.567	0.000	0.000	0.000	0.000	0.000	0.000	13.800	16.289	0.025	0.253	0.979	22.431	1.172
1790970734-lanelocal-1022425	393.2	59.737	16.740	16.740	0.000	0.000	0.000	0.000	0.000	0.000	13.700	16.338	0.007	0.395	0.970	22.431	1.172
1790970734-lanelocal-1022425	395.2	59.814	16.718	16.718	0.000	0.000	0.000	0.000	0.000	0.000	3.300	16.260	0.015	0.444	0.986	22.431	1.172
1790970734-lanelocal-1022425	397.2	59.929	16.686	16.600	0.086	0.015	0.004	0.063	0.000	0.004	2.900	16.446	0.007	0.233	0.985	20.862	0.917
1790970734-lanelocal-1022425	399.2	59.951	16.680	16.119	0.562	0.031	0.038	0.443	0.000	0.049	3.500	16.427	0.021	0.233	0.986	20.862	0.917
1790970734-lanelocal-1022425	401.2	60.118	16.634	11.628	5.006	0.297	0.305	3.976	0.004	0.425	3.700	16.377	0.012	0.245	0.975	20.862	0.917
1790970734-lanelocal-1022425	403.2	59.732	16.741	11.821	4.920	0.196	0.240	4.064	0.001	0.420	3.000	16.292	0.025	0.425	0.978	20.862	0.917
1790970734-lanelocal-1022425	405.2	60.270	16.592	14.827	1.765	0.082	0.076	1.464	0.000	0.143	13.800	16.246	0.008	0.338	0.975	20.862	0.917
1790970734-lanelocal-1022425	407.2	59.940	16.683	16.527	0.156	0.003	0.006	0.135	0.000	0.012	14.000	16.216	0.023	0.444	0.970	22.046	0.913
1790970734-lanelocal-1022425	409.2	59.940	16.683	16.388	0.295	0.012	0.021	0.237	0.000	0.026	13.900	16.206	0.010	0.468	0.972	22.046	0.913
1790970734-lanelocal-1022425	411.2	59.600	16.778	10.080	6.699	0.283	0.269	5.555	0.003	0.590	1.900	16.316	0.019	0.443	0.981	22.046	0.913
1790970734-lanelocal-1022425	413.2	59.980	16.672	6.713	9.960	0.411	0.458	8.214	0.003	0.873	3.300	16.396	0.019	0.257	0.985	22.046	0.913
1790970734-lanelocal-1022425	415.2	59.910	16.692	6.713	9.979	0.394	0.444	8.259	0.001	0.881	3.500	16.418	0.026	0.247	0.984	22.046	0.913
1790970734-lanelocal-1022425	417.2	60.260	16.595	9.655	6.940	0.265	0.286	5.754	0.001	0.633	5.800	16.343	0.013	0.239	0.977	18.190	1.105
1790970734-lanelocal-1022425	419.2	59.950	16.681	16.681	0.000	0.000	0.000	0.000	0.000	0.000	14.000	16.221	0.024	0.436	0.970	18.190	1.105
1790970734-lanelocal-1022425	421.2	59.940	16.683	16.588	0.095	0.001	0.000	0.085	0.000	0.009	13.900	16.181	0.008	0.494	0.973	18.190	1.105
1790970734-lanelocal-1022425	423.2	59.940	16.683	16.591	0.092	0.000	0.007	0.077	0.000	0.009	14.000	16.243	0.013	0.427	0.972	18.190	1.105
1790970734-lanelocal-1022425	425.2	59.735	16.741	16.336	0.405	0.009	0.035	0.329	0.000	0.033	12.800	16.267	0.020	0.454	0.974	18.190	1.105
1790970734-lanelocal-1022425	427.2	59.786	16.726	7.861	8.865	0.350	0.415	7.291	0.002	0.807	2.400	16.318	0.012	0.396	0.984	22.254	0.939
1790970734-lanelocal-1022425	429.2	59.940	16.683	6.497	10.186	0.402	0.455	8.378	0.002	0.950	2.700	16.430	0.011	0.242	0.984	22.254	0.939
1790970734-lanelocal-1022425	431.2	59.950	16.681	6.727	9.954	0.400	0.411	8.231	0.002	0.909	2.900	16.385	0.025	0.271	0.984	22.254	0.939
1790970734-lanelocal-1022425	433.2	59.930	16.686	6.244	10.442	0.399	0.437	8.640	0.003	0.963	3.500	16.420	0.008	0.258	0.980	22.254	0.939
1790970734-lanelocal-1022425	435.3	60.291	16.586	13.526	3.061	0.137	0.155	2.488	0.000	0.281	13.800	16.207	0.023	0.357	0.971	22.254	0.939
1790970734-lanelocal-1022425	437.3	59.919	16.689	16.689	0.000	0.000	0.000	0.000	0.000	0.000	14.000	16.190	0.011	0.488	0.971	21.095	0.786
1790970734-lanelocal-1022425	439.3	59.961	16.677	16.500	0.178	0.004	0.009	0.149	0.000	0.016	14.000	16.198	0.012	0.467	0.971	21.095	0.786
1790970734-lanelocal-1022425	441.3	59.728	16.743	16.743	0.000	0.000	0.000	0.000	0.000	0.000	14.100	16.244	0.023	0.475	0.971	21.095	0.786
1790970734-lanelocal-1022425	443.3	59.801	16.722	8.862	7.861	0.352	0.369	6.396	0.004	0.739	3.000	16.273	0.010	0.439	0.980	21.095	0.786
1790970734-lanelocal-1022425	445.3	59.940	16.683	6.638	10.045	0.401	0.414	8.267	0.002	0.962	2.500	16.384	0.033	0.266	0.986	21.095	0.786
1790970734-lanelocal-1022425	447.3	59.919	16.689	7.300	9.389	0.392	0.402	7.701	0.002	0.891	3.000	16.431	0.017	0.241	0.983	18.240	1.040
1790970734-lanelocal-1022425	449.3	60.193	16.613	6.656	9.957	0.390	0.423	8.190	0.003	0.950	3.400	16.348	0.021	0.244	0.982	18.240	1.040
1790970734-lanelocal-1022425	451.3	60.030	16.658	16.593	0.066	0.001	0.002	0.057	0.000	0.006	13.900	16.305	0.021	0.332	0.972	18.240	1.040
1790970734-lanelocal-1022425	453.3	59.940	16.683	16.683	0.000	0.000	0.000	0.000	0.000	0.000	14.000	16.209	0.014	0.460	0.973	18.240	1.040
1790970734-lanelocal-1022425	455.3	59.940	16.683	16.611	0.072	0.005	0.007	0.055	0.000	0.007	14.000	16.252	0.009	0.422	0.971	18.240	1.040
1790970734-lanelocal-1022425	457.3	59.940	16.683	16.683	0.000	0.000	0.000	0.000	0.000	0.000	14.000	16.185	0.025	0.473	0.973	23.416	0.762
1790970734-lanelocal-1022425	459.3	59.602	16.778	10.328	6.450	0.290	0.291	5.222	0.004	0.644	2.200	16.330	0.007	0.441	0.980	23.416	0.762
1790970734-lanelocal-1022425	461.3	59.918	16.689	6.716	9.974	0.411	0.479	8.085	0.002	0.996	2.900	16.390	0.019	0.280	0.986	23.416	0.762
1790970734-lanelocal-1022425	463.3	59.940	16.683	7.372	9.312	0.415	0.415	7.533	0.002	0.947	2.400	16.454	0.008	0.222	0.983	23.416	0.762
1790970734-lanelocal-1022425	465.3	59.970	16.675	6.472	10.203	0.390	0.440	8.379	0.003	0.990	3.500	16.392	0.022	0.261	0.984	23.416	0.762
1790970734-lanelocal-1022425	467.3	60.202	16.611	11.565	5.046	0.243	0.217	4.068	0.001	0.517	8.100	16.310	0.011	0.289	0.975	19.020	1.055
1790970734-lanelocal-1022425	469.4	59.993	16.669	16.669	0.000	0.000	0.000	0.000	0.000	0.000	13.800	16.223	0.021	0.425	0.972	19.020	1.055
1790970734-lanelocal-1022425	471.4	59.940	16.683	16.523	0.160	0.005	0.009	0.135	0.000	0.011	14.000	16.205	0.006	0.473	0.971	19.020	1.055
1790970734-lanelocal-1022425	473.4	59.946	16.682	16.587	0.095	0.002	0.001	0.083	0.000	0.009	14.100	16.211	0.026	0.445	0.975	19.020	1.055
1790970734-lanelocal-1022425	475.4	59.594	16.780	12.176	4.605	0.219	0.251	3.680	0.000	0.454	4.900	16.375	0.007	0.398	0.976	19.020	1.055
1790970734-lanelocal-1022425	477.4	59.904	16.694	6.670	10.023	0.418	0.407	8.191	0.002	1.006	2.900	16.317	0.032	0.344	0.985	20.754	1.057
1790970734-lanelocal-1022425	479.4	59.957	16.679	7.254	9.424	0.409	0.460	7.591	0.002	0.962	2.300	16.438	0.007	0.234	0.983	20.754	1.057
1790970734-lanelocal-1022425	481.4	59.970	16.675	6.671	10.004	0.396	0.432	8.146	0.002	1.029	3.200	16.374	0.029	0.272	0.983	20.754	1.057
1790970734-lanelocal-1022425	483.4	60.240	16.600	11.766	4.834	0.174	0.196	3.955	0.001	0.508	13.300	16.316	0.010	0.275	0.977	20.754	1.057
1790970734-lanelocal-1022425	485.4	59.946	16.682	16.608	0.074	0.000	0.002	0.068	0.000	0.004	13.700	16.296	0.012	0.374	0.968	20.754	1.057
1790970734-lanelocal-1022425	487.4	59.940	16.683	16.600	0.083	0.001	0.004	0.072	0.000	0.006	14.000	16.123	0.010	0.551	0.968	22.144	0.840
1790970734-lanelocal-1022425	489.4	59.940	16.683	16.586	0.097	0.004	0.009	0.074	0.000	0.010	14.100	16.160	0.020	0.503	0.976	22.144	0.840
1790970734-lanelocal-1022425	491.4	59.621	16.773	11.310	5.462	0.230	0.242	4.425	0.001	0.563	5.300	16.372	0.009	0.392	0.979	22.144	0.840
1790970734-lanelocal-1022425	493.4	59.905	16.693	6.399	10.294	0.389	0.413	8.419	0.002	1.071	2.700	16.378	0.025	0.290	0.984	22.144	0.840
1790970734-lanelocal-1022425	495.4	59.959	16.678	6.900	9.778	0.392	0.430	7.916	0.001	1.038	2.500	16.413	0.010	0.254	0.983	22.144	0.840
1790970734-lanelocal-1022425	497.4	59.946	16.682	6.404	10.278	0.403	0.420	8.362	0.002	1.092	3.200	16.404	0.023	0.255	0.984	21.453	0.958
1790970734-lanelocal-1022425	499.5	60.265	16.593	11.257	5.337	0.196	0.219	4.347	0.002	0.573	13.000	16.319	0.013	0.262	0.977	21.453	0.958
1790970734-lanelocal-1022425	501.5	59.650	16.764	13.265	3.499	0.137	0.168	2.816	0.002	0.376	13.900	16.352	0.023	0.390	0.976	21.453	0.958
1790970734-lanelocal-1022425	503.5	59.816	16.718	6.724	9.994	0.388	0.386	8.135	0.002	1.083	1.000	16.347	0.007	0.364	0.984	21.453	0.958
1790970734-lanelocal-1022425	505.5	60.304	16.583	10.426	6.156	0.246	0.238	5.019	0.001	0.652	2.000	16.295	0.023	0.264	0.979	21.453	0.958
1790970734-lanelocal-1022425	507.5	59.995	16.668	16.512	0.156	0.000	0.010	0.128	0.000	0.017	13.800	16.311	0.012	0.345	0.974	24.633	0.703
1790970734-lanelocal-1022425	509.5	59.605	16.777	8.433	8.344	0.326	0.339	6.786	0.003	0.889	2.500	16.347	0.017	0.413	0.984	24.633	0.703
1790970734-lanelocal-1022425	511.5	59.915	16.690	6.808	9.882	0.405	0.434	7.979	0.004	1.060	3.400	16.448	0.007	0.235	0.984	24.633	0.703
1790970734-lanelocal-1022425	513.5	59.970	16.675	6.938	9.737	0.393	0.435	7.851	0.002	1.057	3.600	16.392	0.028	0.255	0.984	24.633	0.703
1790970734-lanelocal-1022425	515.5	59.920	16.689	6.852	9.837	0.396	0.450	7.917	0.002	1.072	3.200	16.438	0.011	0.239	0.980	24.633	0.703
1790970734-lanelocal-1022425	517.5	59.930	16.686	7.311	9.375	0.398	0.430	7.514	0.003	1.030	3.100	16.322	0.029	0.336	0.981	20.321	0.967
1790970734-lanelocal-1022425	519.5	60.215	16.607	10.057	6.550	0.249	0.267	5.316	0.001	0.717	2.800	16.301	0.007	0.299	0.980	20.321	0.967
1790970734-lanelocal-1022425	521.5	59.988	16.670	16.506	0.164	0.010	0.009	0.130	0.000	0.015	12.100	16.316	0.009	0.345	0.973	20.321	0.967
1790970734-lanelocal-1022425	523.5	59.940	16.683	16.498	0.185	0.010	0.008	0.147	0.000	0.020	13.800	16.204	0.022	0.458	0.973	20.321	0.967
1790970734-lanelocal-1022425	525.5	59.659	16.762	12.599	4.163	0.162	0.163	3.372	0.004	0.461	7.200	16.308	0.014	0.440	0.975	20.321	0.967
1790970734-lanelocal-1022425	527.5	59.892	16.697	6.424	10.273	0.408	0.379	8.337	0.004	1.146	3.300	16.325	0.019	0.354	0.985	24.177	1.021
1790970734-lanelocal-1022425	529.5	59.945	16.682	6.896	9.786	0.405	0.390	7.895	0.001	1.095	3.400	16.416	0.021	0.244	0.984	24.177	1.021
1790970734-lanelocal-1022425	531.5	59.936	16.685	6.481	10.203	0.386	0.417	8.249	0.001	1.150	3.300	16.415	0.018	0.252	0.981	24.177	1.021
1790970734-lanelocal-1022425	533.5	59.936	16.685	7.868	8.817	0.389	0.406	7.032	0.003	0.986	2.500	16.338	0.017	0.329	0.980	24.177	1.021
1790970734-lanelocal-1022425	535.5	60.234	16.602	7.060	9.542	0.364	0.382	7.722	0.003	1.072	3.100	16.297	0.010	0.295	0.981	24.177	1.021
1790970734-lanelocal-1022425	537.6	59.973	16.674	16.362	0.312	0.016	0.006	0.257	0.000	0.034	12.200	16.358	0.008	0.307	0.972	21.797	0.857
1790970734-lanelocal-1022425	539.6	59.940	16.683	16.603	0.080	0.001	0.003	0.065	0.000	0.011	13.900	16.183	0.024	0.477	0.971	21.797	0.857
1790970734-lanelocal-1022425	541.6	59.646	16.766	13.518	3.248	0.125	0.127	2.626	0.001	0.369	13.700	16.283	0.018	0.465	0.976	21.797	0.857
1790970734-lanelocal-1022425	543.6	59.906	16.693	6.463	10.230	0.390	0.388	8.241	0.002	1.209	3.800	16.323	0.018	0.352	0.986	21.797	0.857
1790970734-lanelocal-1022425	545.6	59.940	16.683	7.239	9.444	0.399	0.391	7.570	0.002	1.083	3.500	16.442	0.008	0.233	0.984	21.797	0.857
1790970734-lanelocal-1022425	547.6	59.937	16.684	6.327	10.357	0.409	0.454	8.305	0.002	1.188	2.900	16.410	0.026	0.248	0.981	20.645	1.010
1790970734-lanelocal-1022425	549.6	59.940	16.683	8.016	8.667	0.386	0.462	6.797	0.003	1.019	2.300	16.344	0.011	0.328	0.977	20.645	1.010
1790970734-lanelocal-1022425	551.6	60.213	16.608	8.105	8.502	0.335	0.337	6.827	0.002	1.000	3.000	16.243	0.020	0.344	0.980	20.645	1.010
1790970734-lanelocal-1022425	553.6	59.965	16.676	16.509	0.167	0.007	0.007	0.136	0.000	0.018	13.700	16.319	0.008	0.349	0.974	20.645	1.010
1790970734-lanelocal-1022425	555.6	59.968	16.676	16.580	0.096	0.005	0.001	0.078	0.000	0.012	14.100	16.225	0.025	0.425	0.971	20.645	1.010
1790970734-lanelocal-1022425	557.6	59.664	16.761	15.448	1.312	0.042	0.056	1.052	0.000	0.163	14.000	16.293	0.008	0.460	0.974	25.363	0.842
1790970734-lanelocal-1022425	559.6	59.859	16.706	6.351	10.355	0.391	0.396	8.329	0.005	1.235	3.400	16.292	0.018	0.396	0.986	25.363	0.842
1790970734-lanelocal-1022425	561.6	59.913	16.691	6.917	9.774	0.405	0.390	7.773	0.002	1.205	3.200	16.450	0.008	0.233	0.982	25.363	0.842
1790970734-lanelocal-1022425	563.6	59.992	16.669	6.197	10.471	0.417	0.378	8.425	0.002	1.249	2.300	16.381	0.029	0.259	0.983	25.363	0.842
1790970734-lanelocal-1022425	565.6	59.861	16.705	7.506	9.200	0.383	0.431	7.261	0.007	1.117	3.000	16.411	0.011	0.284	0.978	25.363	0.842
1790970734-lanelocal-1022425	567.6	60.297	16.585	6.378	10.207	0.398	0.449	8.135	0.002	1.223	3.000	16.232	0.019	0.333	0.982	20.539	0.877
1790970734-lanelocal-1022425	569.6	59.958	16.678	12.648	4.030	0.159	0.164	3.226	0.001	0.479	13.200	16.355	0.009	0.315	0.974	20.539	0.877
1790970734-lanelocal-1022425	571.6	59.940	16.683	16.586	0.097	0.000	0.001	0.084	0.000	0.011	13.500	16.271	0.028	0.384	0.972	20.539	0.877
1790970734-lanelocal-1022425	573.7	59.940	16.683	16.482	0.202	0.001	0.005	0.168	0.000	0.028	13.600	16.212	0.011	0.461	0.972	20.539	0.877
1790970734-lanelocal-1022425	575.7	59.610	16.776	7.499	9.277	0.348	0.369	7.422	0.002	1.136	3.500	16.305	0.028	0.442	0.985	20.539	0.877
1790970734-lanelocal-1022425	577.7	59.912	16.691	7.081	9.610	0.405	0.406	7.621	0.001	1.176	3.300	16.443	0.013	0.235	0.983	24.965	0.869
1790970734-lanelocal-1022425	579.7	59.969	16.675	6.384	10.291	0.380	0.395	8.217	0.003	1.297	3.200	16.393	0.027	0.255	0.983	24.965	0.869
1790970734-lanelocal-1022425	581.7	59.850	16.708	7.698	9.011	0.386	0.427	7.094	0.002	1.102	2.000	16.408	0.013	0.288	0.978	24.965	0.869
1790970734-lanelocal-1022425	583.7	60.000	16.667	6.478	10.189	0.391	0.411	8.146	0.002	1.239	1.500	16.312	0.021	0.334	0.985	24.965	0.869
1790970734-lanelocal-1022425	585.7	59.940	16.683	6.540	10.144	0.409	0.413	8.058	0.002	1.263	2.800	16.421	0.009	0.253	0.985	24.965	0.869
1790970734-lanelocal-1022425	587.7	60.300	16.584	14.878	1.706	0.076	0.097	1.330	0.001	0.202	13.300	16.318	0.021	0.245	0.973	23.338	0.854
1790970734-lanelocal-1022425	589.7	59.598	16.779	14.026	2.753	0.112	0.138	2.162	0.001	0.340	14.000	16.330	0.014	0.436	0.974	23.338	0.854
1790970734-lanelocal-1022425	591.7	59.925	16.688	6.580	10.107	0.404	0.412	8.043	0.003	1.245	3.400	16.257	0.020	0.410	0.983	23.338	0.854
1790970734-lanelocal-1022425	593.7	59.940	16.683	6.697	9.986	0.399	0.378	7.980	0.001	1.229	3.100	16.418	0.015	0.250	0.985	23.338	0.854
1790970734-lanelocal-1022425	595.7	59.884	16.699	6.494	10.205	0.390	0.437	8.110	0.001	1.266	3.300	16.436	0.020	0.243	0.984	23.338	0.854
1790970734-lanelocal-1022425	597.7	59.942	16.683	6.905	9.778	0.389	0.438	7.728	0.003	1.220	4.000	16.420	0.009	0.254	0.977	23.906	0.803
1790970734-lanelocal-1022425	599.7	59.961	16.677	6.635	10.042	0.387	0.370	7.978	0.002	1.305	1.000	16.278	0.021	0.379	0.984	23.906	0.803
1790970734-lanelocal-1022425	601.7	59.972	16.675	6.177	10.497	0.399	0.385	8.378	0.002	1.334	2.700	16.426	0.006	0.242	0.985	23.906	0.803
1790970734-lanelocal-1022425	603.7	60.263	16.594	7.614	8.980	0.354	0.390	7.098	0.002	1.136	2.800	16.353	0.006	0.235	0.982	23.906	0.803
1790970734-lanelocal-1022425	605.7	59.714	16.746	16.250	0.497	0.008	0.018	0.399	0.000	0.071	14.000	16.440	0.024	0.283	0.971	23.906	0.803
1790970734-lanelocal-1022425	607.7	59.873	16.702	6.945	9.757	0.401	0.372	7.729	0.003	1.252	3.700	16.221	0.021	0.460	0.984	25.305	0.740
1790970734-lanelocal-1022425	609.7	59.852	16.708	6.515	10.192	0.395	0.407	8.026	0.002	1.362	3.300	16.439	0.021	0.247	0.986	25.305	0.740
1790970734-lanelocal-1022425	611.7	60.298	16.584	9.664	6.920	0.315	0.264	5.447	0.001	0.894	3.700	16.352	0.007	0.225	0.984	25.305	0.740
1790970734-lanelocal-1022425	613.7	59.582	16.784	8.257	8.527	0.332	0.312	6.740	0.002	1.140	3.200	16.506	0.029	0.248	0.983	25.305	0.740
1790970734-lanelocal-1022425	615.7	59.939	16.684	7.285	9.398	0.401	0.477	7.295	0.002	1.223	1.200	16.390	0.013	0.281	0.980	25.305	0.740
1790970734-lanelocal-1022425	617.7	59.733	16.741	6.974	9.767	0.328	0.436	7.740	0.002	1.260	0.400	16.419	0.021	0.301	0.986	22.360	0.957
1790970734-lanelocal-1022425	619.7	60.118	16.634	16.559	0.075	0.009	0.014	0.042	0.000	0.010	1.900	16.391	0.008	0.235	0.985	22.360	0.957
1790970734-lanelocal-1022425	621.7	60.000	16.667	16.643	0.024	0.001	0.005	0.015	0.000	0.004	3.400	16.404	0.027	0.236	0.986	22.360	0.957
1790970734-lanelocal-1022425	623.8	60.298	16.584	16.572	0.012	0.007	0.001	0.003	0.000	0.001	13.800	16.347	0.010	0.227	0.974	22.360	0.957
1790970734-lanelocal-1022425	625.8	59.940	16.683	16.683	0.000	0.000	0.000	0.000	0.000	0.000	13.900	16.232	0.021	0.430	0.970	22.360	0.957
1790970734-lanelocal-1022425	627.8	59.580	16.784	16.176	0.608	0.041	0.033	0.447	0.000	0.088	3.200	16.279	0.010	0.495	0.975	30.321	0.353
1790970734-lanelocal-1022425	629.8	54.240	18.437	9.094	9.343	0.354	0.528	7.221	0.001	1.238	0.500	17.978	0.025	0.433	0.983	30.321	0.353
1790970734-lanelocal-1022425	631.8	45.094	22.176	10.254	11.922	0.206	0.689	9.412	0.005	1.609	0.200	21.797	0.015	0.364	0.983	30.321	0.353
1790970734-lanelocal-1022425	633.8	47.887	20.882	8.463	12.419	0.196	0.716	9.828	0.002	1.678	0.200	20.527	0.036	0.320	0.986	30.321	0.353
1790970734-lanelocal-1022425	635.8	43.460	23.010	9.912	13.098	0.240	0.733	10.363	0.001	1.761	0.200	22.680	0.016	0.315	0.984	30.321	0.353
1790970734-lanelocal-1022425	637.8	48.234	20.732	8.391	12.341	0.195	0.736	9.748	0.001	1.662	0.300	20.383	0.034	0.314	0.984	30.214	0.331
1790970734-lanelocal-1022425	639.8	60.323	16.577	7.358	9.220	0.276	0.482	7.222	0.002	1.237	0.300	16.319	0.026	0.232	0.984	30.214	0.331
1790970734-lanelocal-1022425	641.8	42.085	23.762	11.761	12.001	0.244	0.541	9.619	0.003	1.593	0.200	23.369	0.026	0.366	0.986	30.214	0.331
1790970734-lanelocal-1022425	643.8	45.149	22.149	9.736	12.413	0.243	0.749	9.754	0.001	1.666	0.200	21.829	0.016	0.304	0.985	30.214	0.331
1790970734-lanelocal-1022425	645.8	56.764	17.617	6.739	10.878	0.102	0.676	8.629	0.001	1.469	0.200	17.348	0.033	0.235	0.988	30.214	0.331
1790970734-lanelocal-1022425	647.8	43.970	22.743	10.582	12.161	0.239	0.581	9.672	0.002	1.668	0.400	22.438	0.018	0.288	0.982	31.462	0.193
1790970734-lanelocal-1022425	649.8	31.799	31.447	14.584	16.864	0.410	0.740	13.397	0.004	2.312	0.200	30.889	0.056	0.502	0.965	31.462	0.193
1790970734-lanelocal-1022425	651.8	34.192	29.246	14.105	15.142	0.355	0.816	11.888	0.001	2.082	0.200	28.211	0.022	1.013	0.978	31.462	0.193
1790970734-lanelocal-1022425	653.8	37.197	26.884	13.051	13.833	0.265	0.771	10.939	0.003	1.856	0.200	26.291	0.039	0.554	0.974	31.462	0.193
1790970734-lanelocal-1022425	655.8	38.322	26.094	11.678	14.416	0.286	0.745	11.407	0.004	1.974	0.200	25.400	0.053	0.641	0.982	31.462	0.193
1790970734-lanelocal-1022425	657.8	41.656	24.006	11.955	12.051	0.292	0.865	9.244	0.002	1.648	0.200	23.585	0.025	0.397	0.984	30.119	0.213
1790970734-lanelocal-1022425	659.8	40.117	24.927	10.192	14.735	0.301	0.650	11.748	0.002	2.034	0.200	24.516	0.039	0.372	0.986	30.119	0.213
1790970734-lanelocal-1022425	661.8	38.855	25.737	11.875	13.862	0.280	0.745	10.911	0.003	1.922	0.300	25.383	0.020	0.333	0.983	30.119	0.213
1790970734-lanelocal-1022425	663.8	39.676	25.204	10.263	14.940	0.194	0.788	11.937	0.003	2.018	0.200	24.781	0.040	0.382	0.986	30.119	0.213
1790970734-lanelocal-1022425	665.8	39.761	25.150	10.958	14.192	0.326	0.759	11.076	0.002	2.029	0.200	24.798	0.017	0.334	0.984	30.119	0.213
1790970734-lanelocal-1022425	667.8	45.222	22.113	8.740	13.373	0.250	0.709	10.553	0.002	1.858	0.200	21.752	0.037	0.324	0.986	30.004	0.573
1790970734-lanelocal-1022425	669.8	53.989	18.522	7.705	10.818	0.153	0.678	8.457	0.003	1.526	0.300	18.269	0.011	0.243	0.983	30.004	0.573
1790970734-lanelocal-1022425	671.8	55.096	18.150	6.479	11.671	0.148	0.714	9.179	0.001	1.629	0.200	17.836	0.032	0.283	0.986	30.004	0.573
1790970734-lanelocal-1022425	673.8	59.513	16.803	12.748	4.055	0.362	0.374	2.777	0.002	0.540	1.300	16.559	0.011	0.233	0.984	30.004	0.573
1790970734-lanelocal-1022425	675.8	60.101	16.639	9.073	7.566	0.326	0.448	5.717	0.002	1.074	0.500	16.374	0.025	0.240	0.985	30.004	0.573
1790970734-lanelocal-1022425	677.8	59.940	16.683	9.449	7.234	0.293	0.393	5.507	0.001	1.041	0.800	16.435	0.010	0.238	0.979	30.377	0.456
1790970734-lanelocal-1022425	679.8	59.901	16.694	8.410	8.284	0.267	0.442	6.391	0.001	1.182	0.400	16.342	0.020	0.333	0.984	30.377	0.456
1790970734-lanelocal-1022425	681.8	59.987	16.670	13.004	3.667	0.089	0.254	2.780	0.001	0.542	0.300	16.411	0.011	0.248	0.984	30.377	0.456
1790970734-lanelocal-1022425	683.8	45.615	21.922	11.655	10.268	0.245	0.522	7.974	0.005	1.522	0.200	21.583	0.032	0.308	0.984	30.377	0.456
1790970734-lanelocal-1022425	685.8	42.539	23.508	11.294	12.214	0.269	0.715	9.433	0.002	1.794	0.200	23.120	0.016	0.372	0.983	30.377	0.456
1790970734-lanelocal-1022425	687.8	52.691	18.979	7.135	11.844	0.142	0.696	9.323	0.002	1.681	0.200	18.647	0.035	0.296	0.986	28.651	0.578
1790970734-lanelocal-1022425	689.9	58.829	16.998	14.143	2.855	0.024	0.209	2.228	0.000	0.393	0.800	16.744	0.008	0.246	0.985	28.651	0.578
1790970734-lanelocal-1022425	691.9	44.621	22.411	10.697	11.714	0.259	0.534	9.201	0.004	1.715	0.900	22.073	0.025	0.313	0.986	28.651	0.578
1790970734-lanelocal-1022425	693.9	57.358	17.434	7.888	9.547	0.238	0.568	7.347	0.001	1.392	0.300	17.188	0.012	0.234	0.982	28.651	0.578
1790970734-lanelocal-1022425	695.9	60.065	16.649	7.311	9.338	0.410	0.515	7.114	0.001	1.298	1.800	16.345	0.020	0.284	0.981	28.651	0.578
1790970734-lanelocal-1022425	697.9	47.009	21.272	8.731	12.542	0.369	0.601	9.761	0.004	1.808	0.300	20.883	0.013	0.376	0.982	29.004	0.377
1790970734-lanelocal-1022425	699.9	40.208	24.871	9.323	15.547	0.315	0.691	12.230	0.001	2.310	0.200	24.423	0.042	0.405	0.986	29.004	0.377
1790970734-lanelocal-1022425	701.9	53.383	18.733	7.583	11.150	0.152	0.713	8.656	0.001	1.627	0.300	18.471	0.011	0.251	0.983	29.004	0.377
1790970734-lanelocal-1022425	703.9	57.382	17.427	7.098	10.329	0.086	0.722	7.988	0.001	1.531	0.200	17.117	0.026	0.284	0.985	29.004	0.377
1790970734-lanelocal-1022425	705.9	58.558	17.077	6.942	10.135	0.093	0.676	7.838	0.002	1.526	0.200	16.825	0.020	0.232	0.984	29.004	0.377
1790970734-lanelocal-1022425	707.9	43.910	22.774	10.053	12.721	0.363	0.618	9.870	0.003	1.867	2.000	22.398	0.019	0.356	0.982	25.551	0.824
1790970734-lanelocal-1022425	709.9	50.864	19.660	8.413	11.247	0.178	0.674	8.698	0.001	1.696	0.200	19.323	0.020	0.317	0.984	25.551	0.824
1790970734-lanelocal-1022425	711.9	59.737	16.740	7.548	9.192	0.158	0.681	6.967	0.001	1.385	0.200	16.484	0.017	0.239	0.984	25.551	0.824
1790970734-lanelocal-1022425	713.9	60.735	16.465	14.900	1.565	0.092	0.111	1.141	0.000	0.220	5.600	16.187	0.015	0.263	0.982	25.551	0.824
1790970734-lanelocal-1022425	715.9	59.960	16.678	16.678	0.000	0.000	0.000	0.000	0.000	0.000	13.700	16.387	0.014	0.276	0.965	25.551	0.824
1790970734-lanelocal-1022425	717.9	59.591	16.781	16.781	0.000	0.000	0.000	0.000	0.000	0.000	2.700	16.174	0.012	0.595	0.982	18.456	0.979
1790970734-lanelocal-1022425	719.9	60.162	16.622	16.622	0.000	0.000	0.000	0.000	0.000	0.000	0.900	16.309	0.008	0.305	0.982	18.456	0.979
1790970734-lanelocal-1022425	721.9	60.058	16.650	16.650	0.000	0.000	0.000	0.000	0.000	0.000	14.100	16.368	0.024	0.259	0.974	18.456	0.979
1790970734-lanelocal-1022425	723.9	59.940	16.683	16.683	0.000	0.000	0.000	0.000	0.000	0.000	13.900	16.235	0.010	0.438	0.978	18.456	0.979
1790970734-lanelocal-1022425	726.0	59.931	16.686	16.686	0.000	0.000	0.000	0.000	0.000	0.000	14.000	16.318	0.007	0.361	0.984	18.456	0.979
