10-04 20:38:18.013 I/hakuX-lane(16668): [occl804] f=5390 wait=1 procs=2 q=11 qnz=2 pend=0 rep=11 repnz=2 repmax=125747 v=0,0,0,0,0,0,0,0,0,1,125747
10-04 20:38:18.020 I/hakuX-lane(16668): [occl804] f=5391 wait=1 procs=1 q=5 qnz=1 pend=0 rep=5 repnz=1 repmax=307200 v=0,0,0,0,307200
10-04 20:38:18.055 I/hakuX-lane(16668): [occl804] f=5392 wait=1 procs=2 q=11 qnz=1 pend=0 rep=11 repnz=1 repmax=307200 v=0,0,0,0,0,0,0,0,0,0,307200
10-04 20:38:18.064 I/hakuX-lane(16668): [occl804] f=5393 wait=1 procs=4 q=5 qnz=1 pend=0 rep=5 repnz=1 repmax=307200 v=0,0,0,0,307200
10-04 20:38:18.094 I/hakuX-lane(16668): [occl804] f=5394 wait=1 procs=2 q=11 qnz=1 pend=0 rep=11 repnz=1 repmax=307200 v=0,0,0,0,0,0,0,0,0,0,307200
10-04 20:38:18.102 I/hakuX-lane(16668): [occl804] f=5395 wait=1 procs=1 q=5 qnz=1 pend=0 rep=5 repnz=1 repmax=307200 v=0,0,0,0,307200
10-04 20:38:18.131 I/hakuX-lane(16668): [occl804] f=5396 wait=1 procs=2 q=11 qnz=1 pend=0 rep=11 repnz=1 repmax=307200 v=0,0,0,0,0,0,0,0,0,0,307200
10-04 20:38:18.138 I/hakuX-lane(16668): [occl804] f=5397 wait=1 procs=1 q=5 qnz=1 pend=0 rep=5 repnz=1 repmax=307200 v=0,0,0,0,307200
10-04 20:38:18.172 I/hakuX-lane(16668): [occl804] f=5398 wait=1 procs=2 q=11 qnz=1 pend=0 rep=11 repnz=1 repmax=307200 v=0,0,0,0,0,0,0,0,0,0,307200
10-04 20:38:18.202 I/hakuX-lane(16668): [occl804] f=5400 wait=1 procs=2 q=16 qnz=2 pend=0 rep=16 repnz=2 repmax=307200 v=0,0,0,0,307200,0,0,0,0,0,0,0,0,0,0,307200
10-04 20:38:18.209 I/hakuX-lane(16668): [occl804] f=5401 wait=1 procs=1 q=5 qnz=1 pend=0 rep=5 repnz=1 repmax=307200 v=0,0,0,0,307200
10-04 20:38:18.235 I/hakuX-lane(16668): [occl804] f=5402 wait=1 procs=2 q=11 qnz=1 pend=0 rep=11 repnz=1 repmax=307200 v=0,0,0,0,0,0,0,0,0,0,307200
10-04 20:38:18.244 I/hakuX-lane(16668): [occl804] f=5403 wait=1 procs=1 q=5 qnz=1 pend=0 rep=5 repnz=1 repmax=307200 v=0,0,0,0,307200
10-04 20:38:18.268 I/hakuX-lane(16668): [occl804] f=5404 wait=1 procs=2 q=11 qnz=1 pend=0 rep=11 repnz=1 repmax=307200 v=0,0,0,0,0,0,0,0,0,0,307200
10-04 20:38:18.275 I/hakuX-lane(16668): [occl804] f=5405 wait=1 procs=1 q=5 qnz=1 pend=0 rep=5 repnz=1 repmax=307200 v=0,0,0,0,307200
10-04 20:38:18.303 I/hakuX-lane(16668): [occl804] f=5406 wait=1 procs=2 q=11 qnz=1 pend=0 rep=11 repnz=1 repmax=307200 v=0,0,0,0,0,0,0,0,0,0,307200
10-04 20:38:18.309 I/hakuX-lane(16668): [occl804] f=5407 wait=1 procs=1 q=5 qnz=1 pend=0 rep=5 repnz=1 repmax=307200 v=0,0,0,0,307200
10-04 20:38:18.339 I/hakuX-lane(16668): [occl804] f=5408 wait=1 procs=2 q=11 qnz=1 pend=0 rep=11 repnz=1 repmax=307200 v=0,0,0,0,0,0,0,0,0,0,307200
10-04 20:38:18.346 I/hakuX-lane(16668): [occl804] f=5409 wait=1 procs=1 q=5 qnz=1 pend=0 rep=5 repnz=1 repmax=307200 v=0,0,0,0,307200
10-04 20:38:18.375 I/hakuX-lane(16668): [occl804] f=5410 wait=1 procs=2 q=11 qnz=1 pend=0 rep=11 repnz=1 repmax=307200 v=0,0,0,0,0,0,0,0,0,0,307200
10-04 20:38:18.382 I/hakuX-lane(16668): [occl804] f=5411 wait=1 procs=1 q=5 qnz=1 pend=0 rep=5 repnz=1 repmax=307200 v=0,0,0,0,307200
10-04 20:38:18.406 I/hakuX-lane(16668): [occl804] f=5412 wait=1 procs=2 q=11 qnz=1 pend=0 rep=11 repnz=1 repmax=307200 v=0,0,0,0,0,0,0,0,0,0,307200
10-04 20:38:18.413 I/hakuX-lane(16668): [occl804] f=5413 wait=1 procs=1 q=5 qnz=1 pend=0 rep=5 repnz=1 repmax=307200 v=0,0,0,0,307200
10-04 20:38:18.441 I/hakuX-lane(16668): [occl804] f=5414 wait=1 procs=2 q=11 qnz=1 pend=0 rep=11 repnz=1 repmax=307200 v=0,0,0,0,0,0,0,0,0,0,307200
10-04 20:38:18.449 I/hakuX-lane(16668): [occl804] f=5415 wait=1 procs=1 q=5 qnz=1 pend=0 rep=5 repnz=1 repmax=307200 v=0,0,0,0,307200
10-04 20:38:18.474 I/hakuX-lane(16668): [occl804] f=5416 wait=1 procs=2 q=11 qnz=1 pend=0 rep=11 repnz=1 repmax=307200 v=0,0,0,0,0,0,0,0,0,0,307200
10-04 20:38:18.480 I/hakuX-lane(16668): [occl804] f=5417 wait=1 procs=1 q=5 qnz=1 pend=0 rep=5 repnz=1 repmax=307200 v=0,0,0,0,307200
10-04 20:38:18.509 I/hakuX-lane(16668): [occl804] f=5418 wait=1 procs=2 q=11 qnz=1 pend=0 rep=11 repnz=1 repmax=307200 v=0,0,0,0,0,0,0,0,0,0,307200
10-04 20:38:18.516 I/hakuX-lane(16668): [occl804] f=5419 wait=1 procs=1 q=5 qnz=1 pend=0 rep=5 repnz=1 repmax=307200 v=0,0,0,0,307200
10-04 20:38:18.541 I/hakuX-lane(16668): [occl804] f=5420 wait=1 procs=2 q=11 qnz=1 pend=0 rep=11 repnz=1 repmax=307200 v=0,0,0,0,0,0,0,0,0,0,307200
10-04 20:38:18.547 I/hakuX-lane(16668): [occl804] f=5421 wait=1 procs=1 q=5 qnz=1 pend=0 rep=5 repnz=1 repmax=307200 v=0,0,0,0,307200
10-04 20:38:18.573 I/hakuX-lane(16668): [occl804] f=5422 wait=1 procs=2 q=11 qnz=1 pend=0 rep=11 repnz=1 repmax=307200 v=0,0,0,0,0,0,0,0,0,0,307200
10-04 20:38:18.580 I/hakuX-lane(16668): [occl804] f=5423 wait=1 procs=1 q=5 qnz=1 pend=0 rep=5 repnz=1 repmax=307200 v=0,0,0,0,307200
10-04 20:38:18.613 I/hakuX-lane(16668): [occl804] f=5424 wait=1 procs=2 q=11 qnz=1 pend=0 rep=11 repnz=1 repmax=307200 v=0,0,0,0,0,0,0,0,0,0,307200
10-04 20:38:18.620 I/hakuX-lane(16668): [occl804] f=5425 wait=1 procs=1 q=5 qnz=1 pend=0 rep=5 repnz=1 repmax=307200 v=0,0,0,0,307200
10-04 20:38:18.649 I/hakuX-lane(16668): [occl804] f=5426 wait=1 procs=2 q=11 qnz=1 pend=0 rep=11 repnz=1 repmax=307200 v=0,0,0,0,0,0,0,0,0,0,307200
10-04 20:38:18.656 I/hakuX-lane(16668): [occl804] f=5427 wait=1 procs=1 q=5 qnz=1 pend=0 rep=5 repnz=1 repmax=307200 v=0,0,0,0,307200
10-04 20:38:18.683 I/hakuX-lane(16668): [occl804] f=5428 wait=1 procs=2 q=11 qnz=1 pend=0 rep=11 repnz=1 repmax=307200 v=0,0,0,0,0,0,0,0,0,0,307200
10-04 20:38:18.690 I/hakuX-lane(16668): [occl804] f=5429 wait=1 procs=1 q=5 qnz=1 pend=0 rep=5 repnz=1 repmax=307200 v=0,0,0,0,307200
10-04 20:38:18.715 I/hakuX-lane(16668): [occl804] f=5430 wait=1 procs=2 q=11 qnz=1 pend=0 rep=11 repnz=1 repmax=307200 v=0,0,0,0,0,0,0,0,0,0,307200
10-04 20:38:18.721 I/hakuX-lane(16668): [occl804] f=5431 wait=1 procs=1 q=5 qnz=1 pend=0 rep=5 repnz=1 repmax=307200 v=0,0,0,0,307200
10-04 20:38:18.748 I/hakuX-lane(16668): [occl804] f=5432 wait=1 procs=2 q=11 qnz=1 pend=0 rep=11 repnz=1 repmax=307200 v=0,0,0,0,0,0,0,0,0,0,307200
10-04 20:38:18.755 I/hakuX-lane(16668): [occl804] f=5433 wait=1 procs=1 q=5 qnz=1 pend=0 rep=5 repnz=1 repmax=307200 v=0,0,0,0,307200
10-04 20:38:18.785 I/hakuX-lane(16668): [occl804] f=5434 wait=1 procs=2 q=11 qnz=1 pend=0 rep=11 repnz=1 repmax=307200 v=0,0,0,0,0,0,0,0,0,0,307200
10-04 20:38:18.791 I/hakuX-lane(16668): [occl804] f=5435 wait=1 procs=1 q=5 qnz=1 pend=0 rep=5 repnz=1 repmax=307200 v=0,0,0,0,307200
10-04 20:38:18.817 I/hakuX-lane(16668): [occl804] f=5436 wait=1 procs=2 q=11 qnz=1 pend=0 rep=11 repnz=1 repmax=307200 v=0,0,0,0,0,0,0,0,0,0,307200
10-04 20:38:18.824 I/hakuX-lane(16668): [occl804] f=5437 wait=1 procs=1 q=5 qnz=1 pend=0 rep=5 repnz=1 repmax=307200 v=0,0,0,0,307200
10-04 20:38:18.853 I/hakuX-lane(16668): [occl804] f=5438 wait=1 procs=2 q=11 qnz=1 pend=0 rep=11 repnz=1 repmax=307200 v=0,0,0,0,0,0,0,0,0,0,307200
10-04 20:38:18.860 I/hakuX-lane(16668): [occl804] f=5439 wait=1 procs=1 q=5 qnz=1 pend=0 rep=5 repnz=1 repmax=307200 v=0,0,0,0,307200
10-04 20:38:18.889 I/hakuX-lane(16668): [occl804] f=5440 wait=1 procs=2 q=11 qnz=1 pend=0 rep=11 repnz=1 repmax=307200 v=0,0,0,0,0,0,0,0,0,0,307200
10-04 20:38:18.896 I/hakuX-lane(16668): [occl804] f=5441 wait=1 procs=1 q=5 qnz=1 pend=0 rep=5 repnz=1 repmax=307200 v=0,0,0,0,307200
10-04 20:38:18.925 I/hakuX-lane(16668): [occl804] f=5442 wait=1 procs=2 q=11 qnz=1 pend=0 rep=11 repnz=1 repmax=307200 v=0,0,0,0,0,0,0,0,0,0,307200
10-04 20:38:18.939 I/hakuX-lane(16668): [occl804] f=5444 wait=1 procs=1 q=11 qnz=1 pend=0 rep=11 repnz=1 repmax=307200 v=0,0,0,0,307200,0,0,0,0,0,0
10-04 20:38:18.954 I/hakuX-lane(16668): [occl804] f=5445 wait=1 procs=1 q=5 qnz=1 pend=0 rep=5 repnz=1 repmax=307200 v=0,0,0,0,307200
10-04 20:38:18.988 I/hakuX-lane(16668): [occl804] f=5446 wait=1 procs=2 q=16 qnz=2 pend=0 rep=16 repnz=2 repmax=307200 v=0,0,0,0,307200,0,0,0,0,0,0,0,0,0,0,307200
10-04 20:38:19.019 I/hakuX-lane(16668): [occl804] f=5448 wait=1 procs=2 q=16 qnz=2 pend=0 rep=16 repnz=2 repmax=307200 v=0,0,0,0,307200,0,0,0,0,0,0,0,0,0,0,307200
10-04 20:38:19.027 I/hakuX-lane(16668): [occl804] f=5449 wait=1 procs=1 q=5 qnz=1 pend=0 rep=5 repnz=1 repmax=307200 v=0,0,0,0,307200
10-04 20:38:19.040 I/hakuX-lane(16668): [occl804] f=5450 wait=1 procs=1 q=6 qnz=0 pend=0 rep=6 repnz=0 repmax=0 v=0,0,0,0,0,0
10-04 20:38:19.055 I/hakuX-lane(16668): [occl804] f=5451 wait=1 procs=1 q=5 qnz=1 pend=0 rep=5 repnz=1 repmax=307200 v=0,0,0,0,307200
10-04 20:38:19.089 I/hakuX-lane(16668): [occl804] f=5452 wait=1 procs=2 q=16 qnz=2 pend=0 rep=16 repnz=2 repmax=307200 v=0,0,0,0,307200,0,0,0,0,0,0,0,0,0,0,307200
10-04 20:38:19.119 I/hakuX-lane(16668): [occl804] f=5454 wait=1 procs=2 q=16 qnz=2 pend=0 rep=16 repnz=2 repmax=307200 v=0,0,0,0,307200,0,0,0,0,0,0,0,0,0,0,307200
10-04 20:38:19.126 I/hakuX-lane(16668): [occl804] f=5455 wait=1 procs=1 q=5 qnz=1 pend=0 rep=5 repnz=1 repmax=307200 v=0,0,0,0,307200
10-04 20:38:19.139 I/hakuX-lane(16668): [occl804] f=5456 wait=1 procs=1 q=6 qnz=0 pend=0 rep=6 repnz=0 repmax=0 v=0,0,0,0,0,0
10-04 20:38:19.158 I/hakuX-lane(16668): [occl804] f=5457 wait=1 procs=1 q=5 qnz=1 pend=0 rep=5 repnz=1 repmax=307200 v=0,0,0,0,307200
10-04 20:38:19.173 I/hakuX-lane(16668): [occl804] f=5458 wait=1 procs=1 q=11 qnz=1 pend=0 rep=11 repnz=1 repmax=307200 v=0,0,0,0,307200,0,0,0,0,0,0
10-04 20:38:19.190 I/hakuX-lane(16668): [occl804] f=5459 wait=1 procs=1 q=5 qnz=1 pend=0 rep=5 repnz=1 repmax=307200 v=0,0,0,0,307200
10-04 20:38:19.225 I/hakuX-lane(16668): [occl804] f=5460 wait=1 procs=2 q=16 qnz=2 pend=0 rep=16 repnz=2 repmax=307200 v=0,0,0,0,307200,0,0,0,0,0,0,0,0,0,0,307200
10-04 20:38:19.239 I/hakuX-lane(16668): [occl804] f=5462 wait=1 procs=1 q=11 qnz=1 pend=0 rep=11 repnz=1 repmax=307200 v=0,0,0,0,307200,0,0,0,0,0,0
10-04 20:38:19.254 I/hakuX-lane(16668): [occl804] f=5463 wait=1 procs=1 q=5 qnz=1 pend=0 rep=5 repnz=1 repmax=307200 v=0,0,0,0,307200
10-04 20:38:19.270 I/hakuX-lane(16668): [occl804] f=5464 wait=1 procs=1 q=11 qnz=1 pend=0 rep=11 repnz=1 repmax=307200 v=0,0,0,0,307200,0,0,0,0,0,0
10-04 20:38:19.288 I/hakuX-lane(16668): [occl804] f=5465 wait=1 procs=1 q=5 qnz=1 pend=0 rep=5 repnz=1 repmax=307200 v=0,0,0,0,307200
10-04 20:38:19.320 I/hakuX-lane(16668): [occl804] f=5466 wait=1 procs=1 q=11 qnz=1 pend=0 rep=11 repnz=1 repmax=307200 v=0,0,0,0,307200,0,0,0,0,0,0
10-04 20:38:19.353 I/hakuX-lane(16668): [occl804] f=5468 wait=1 procs=1 q=11 qnz=1 pend=0 rep=11 repnz=1 repmax=307200 v=0,0,0,0,307200,0,0,0,0,0,0
10-04 20:38:19.396 I/hakuX-lane(16668): [occl804] f=5470 wait=1 procs=2 q=16 qnz=2 pend=0 rep=16 repnz=2 repmax=307200 v=0,0,0,0,307200,0,0,0,0,0,0,0,0,0,0,307200
10-04 20:38:19.404 I/hakuX-lane(16668): [occl804] f=5471 wait=1 procs=1 q=5 qnz=1 pend=0 rep=5 repnz=1 repmax=307200 v=0,0,0,0,307200
10-04 20:38:19.437 I/hakuX-lane(16668): [occl804] f=5472 wait=1 procs=2 q=11 qnz=1 pend=0 rep=11 repnz=1 repmax=307200 v=0,0,0,0,0,0,0,0,0,0,307200
10-04 20:38:19.455 I/hakuX-lane(16668): [occl804] f=5474 wait=1 procs=1 q=11 qnz=1 pend=0 rep=11 repnz=1 repmax=307200 v=0,0,0,0,307200,0,0,0,0,0,0
10-04 20:38:19.471 I/hakuX-lane(16668): [occl804] f=5475 wait=1 procs=2 q=10 qnz=2 pend=0 rep=10 repnz=2 repmax=307200 v=0,0,0,0,307200,0,0,0,0,307200
10-04 20:38:19.483 I/hakuX-lane(16668): [occl804] f=5476 wait=1 procs=1 q=6 qnz=0 pend=0 rep=6 repnz=0 repmax=0 v=0,0,0,0,0,0
10-04 20:38:19.497 I/hakuX-lane(16668): [occl804] f=5477 wait=1 procs=1 q=5 qnz=1 pend=0 rep=5 repnz=1 repmax=307200 v=0,0,0,0,307200
10-04 20:38:19.513 I/hakuX-lane(16668): [occl804] f=5478 wait=1 procs=1 q=11 qnz=1 pend=0 rep=11 repnz=1 repmax=307200 v=0,0,0,0,307200,0,0,0,0,0,0
10-04 20:38:19.528 I/hakuX-lane(16668): [occl804] f=5479 wait=1 procs=1 q=5 qnz=1 pend=0 rep=5 repnz=1 repmax=307200 v=0,0,0,0,307200
10-04 20:38:19.559 I/hakuX-lane(16668): [occl804] f=5480 wait=1 procs=2 q=16 qnz=2 pend=0 rep=16 repnz=2 repmax=307200 v=0,0,0,0,307200,0,0,0,0,0,0,0,0,0,0,307200
10-04 20:38:19.566 I/hakuX-lane(16668): [occl804] f=5481 wait=1 procs=1 q=5 qnz=1 pend=0 rep=5 repnz=1 repmax=307200 v=0,0,0,0,307200
10-04 20:38:19.590 I/hakuX-lane(16668): [occl804] f=5482 wait=1 procs=2 q=11 qnz=1 pend=0 rep=11 repnz=1 repmax=307200 v=0,0,0,0,0,0,0,0,0,0,307200
10-04 20:38:19.597 I/hakuX-lane(16668): [occl804] f=5483 wait=1 procs=1 q=5 qnz=1 pend=0 rep=5 repnz=1 repmax=307200 v=0,0,0,0,307200
10-04 20:38:19.625 I/hakuX-lane(16668): [occl804] f=5484 wait=1 procs=2 q=11 qnz=1 pend=0 rep=11 repnz=1 repmax=307200 v=0,0,0,0,0,0,0,0,0,0,307200
10-04 20:38:19.633 I/hakuX-lane(16668): [occl804] f=5485 wait=1 procs=1 q=5 qnz=1 pend=0 rep=5 repnz=1 repmax=307200 v=0,0,0,0,307200
10-04 20:38:19.646 I/hakuX-lane(16668): [occl804] f=5486 wait=1 procs=1 q=6 qnz=0 pend=0 rep=6 repnz=0 repmax=0 v=0,0,0,0,0,0
10-04 20:38:19.662 I/hakuX-lane(16668): [occl804] f=5487 wait=1 procs=2 q=10 qnz=2 pend=0 rep=10 repnz=2 repmax=307200 v=0,0,0,0,307200,0,0,0,0,307200
10-04 20:38:19.686 I/hakuX-lane(16668): [occl804] f=5488 wait=1 procs=2 q=11 qnz=1 pend=0 rep=11 repnz=1 repmax=307200 v=0,0,0,0,0,0,0,0,0,0,307200
10-04 20:38:19.692 I/hakuX-lane(16668): [occl804] f=5489 wait=1 procs=1 q=5 qnz=1 pend=0 rep=5 repnz=1 repmax=307200 v=0,0,0,0,307200
10-04 20:38:19.706 I/hakuX-lane(16668): [occl804] f=5490 wait=1 procs=1 q=6 qnz=0 pend=0 rep=6 repnz=0 repmax=0 v=0,0,0,0,0,0
10-04 20:38:19.724 I/hakuX-lane(16668): [occl804] f=5491 wait=1 procs=1 q=5 qnz=1 pend=0 rep=5 repnz=1 repmax=307200 v=0,0,0,0,307200
10-04 20:38:19.755 I/hakuX-lane(16668): [occl804] f=5492 wait=1 procs=2 q=16 qnz=2 pend=0 rep=16 repnz=2 repmax=307200 v=0,0,0,0,307200,0,0,0,0,0,0,0,0,0,0,307200
10-04 20:38:19.772 I/hakuX-lane(16668): [occl804] f=5494 wait=1 procs=1 q=11 qnz=1 pend=0 rep=11 repnz=1 repmax=307200 v=0,0,0,0,307200,0,0,0,0,0,0
10-04 20:38:19.793 I/hakuX-lane(16668): [occl804] f=5495 wait=1 procs=1 q=5 qnz=1 pend=0 rep=5 repnz=1 repmax=307200 v=0,0,0,0,307200
10-04 20:38:19.823 I/hakuX-lane(16668): [occl804] f=5496 wait=1 procs=2 q=16 qnz=2 pend=0 rep=16 repnz=2 repmax=307200 v=0,0,0,0,307200,0,0,0,0,0,0,0,0,0,0,307200
10-04 20:38:19.829 I/hakuX-lane(16668): [occl804] f=5497 wait=1 procs=1 q=5 qnz=1 pend=0 rep=5 repnz=1 repmax=307200 v=0,0,0,0,307200
10-04 20:38:19.858 I/hakuX-lane(16668): [occl804] f=5498 wait=1 procs=2 q=11 qnz=1 pend=0 rep=11 repnz=1 repmax=307200 v=0,0,0,0,0,0,0,0,0,0,307200
10-04 20:38:19.865 I/hakuX-lane(16668): [occl804] f=5499 wait=1 procs=1 q=5 qnz=1 pend=0 rep=5 repnz=1 repmax=307200 v=0,0,0,0,307200
10-04 20:38:19.892 I/hakuX-lane(16668): [occl804] f=5500 wait=1 procs=2 q=11 qnz=1 pend=0 rep=11 repnz=1 repmax=307200 v=0,0,0,0,0,0,0,0,0,0,307200
10-04 20:38:19.899 I/hakuX-lane(16668): [occl804] f=5501 wait=1 procs=1 q=5 qnz=1 pend=0 rep=5 repnz=1 repmax=307200 v=0,0,0,0,307200
10-04 20:38:19.924 I/hakuX-lane(16668): [occl804] f=5502 wait=1 procs=2 q=11 qnz=1 pend=0 rep=11 repnz=1 repmax=307200 v=0,0,0,0,0,0,0,0,0,0,307200
10-04 20:38:19.932 I/hakuX-lane(16668): [occl804] f=5503 wait=1 procs=1 q=5 qnz=1 pend=0 rep=5 repnz=1 repmax=307200 v=0,0,0,0,307200
10-04 20:38:19.957 I/hakuX-lane(16668): [occl804] f=5504 wait=1 procs=2 q=11 qnz=1 pend=0 rep=11 repnz=1 repmax=307200 v=0,0,0,0,0,0,0,0,0,0,307200
10-04 20:38:19.964 I/hakuX-lane(16668): [occl804] f=5505 wait=1 procs=1 q=5 qnz=1 pend=0 rep=5 repnz=1 repmax=307200 v=0,0,0,0,307200
10-04 20:38:19.991 I/hakuX-lane(16668): [occl804] f=5506 wait=1 procs=2 q=11 qnz=1 pend=0 rep=11 repnz=1 repmax=307200 v=0,0,0,0,0,0,0,0,0,0,307200
10-04 20:38:19.998 I/hakuX-lane(16668): [occl804] f=5507 wait=1 procs=1 q=5 qnz=1 pend=0 rep=5 repnz=1 repmax=307200 v=0,0,0,0,307200
10-04 20:38:20.026 I/hakuX-lane(16668): [occl804] f=5508 wait=1 procs=2 q=11 qnz=1 pend=0 rep=11 repnz=1 repmax=307200 v=0,0,0,0,0,0,0,0,0,0,307200
10-04 20:38:20.034 I/hakuX-lane(16668): [occl804] f=5509 wait=1 procs=1 q=5 qnz=1 pend=0 rep=5 repnz=1 repmax=307200 v=0,0,0,0,307200
10-04 20:38:20.057 I/hakuX-lane(16668): [occl804] f=5510 wait=1 procs=2 q=11 qnz=1 pend=0 rep=11 repnz=1 repmax=307200 v=0,0,0,0,0,0,0,0,0,0,307200
10-04 20:38:20.064 I/hakuX-lane(16668): [occl804] f=5511 wait=1 procs=1 q=5 qnz=1 pend=0 rep=5 repnz=1 repmax=307200 v=0,0,0,0,307200
10-04 20:38:20.089 I/hakuX-lane(16668): [occl804] f=5512 wait=1 procs=2 q=11 qnz=1 pend=0 rep=11 repnz=1 repmax=307200 v=0,0,0,0,0,0,0,0,0,0,307200
10-04 20:38:20.096 I/hakuX-lane(16668): [occl804] f=5513 wait=1 procs=1 q=5 qnz=1 pend=0 rep=5 repnz=1 repmax=307200 v=0,0,0,0,307200
10-04 20:38:20.127 I/hakuX-lane(16668): [occl804] f=5514 wait=1 procs=2 q=11 qnz=1 pend=0 rep=11 repnz=1 repmax=307200 v=0,0,0,0,0,0,0,0,0,0,307200
10-04 20:38:20.141 I/hakuX-lane(16668): [occl804] f=5515 wait=1 procs=1 q=5 qnz=1 pend=0 rep=5 repnz=1 repmax=307200 v=0,0,0,0,307200
10-04 20:38:20.167 I/hakuX-lane(16668): [occl804] f=5516 wait=1 procs=2 q=11 qnz=1 pend=0 rep=11 repnz=1 repmax=307200 v=0,0,0,0,0,0,0,0,0,0,307200
10-04 20:38:20.173 I/hakuX-lane(16668): [occl804] f=5517 wait=1 procs=1 q=5 qnz=1 pend=0 rep=5 repnz=1 repmax=307200 v=0,0,0,0,307200
10-04 20:38:20.201 I/hakuX-lane(16668): [occl804] f=5518 wait=1 procs=2 q=11 qnz=1 pend=0 rep=11 repnz=1 repmax=307200 v=0,0,0,0,0,0,0,0,0,0,307200
10-04 20:38:20.209 I/hakuX-lane(16668): [occl804] f=5519 wait=1 procs=1 q=5 qnz=1 pend=0 rep=5 repnz=1 repmax=307200 v=0,0,0,0,307200
10-04 20:38:20.236 I/hakuX-lane(16668): [occl804] f=5520 wait=1 procs=2 q=11 qnz=1 pend=0 rep=11 repnz=1 repmax=307200 v=0,0,0,0,0,0,0,0,0,0,307200
10-04 20:38:20.243 I/hakuX-lane(16668): [occl804] f=5521 wait=1 procs=1 q=5 qnz=1 pend=0 rep=5 repnz=1 repmax=307200 v=0,0,0,0,307200
10-04 20:38:20.271 I/hakuX-lane(16668): [occl804] f=5522 wait=1 procs=2 q=11 qnz=1 pend=0 rep=11 repnz=1 repmax=307200 v=0,0,0,0,0,0,0,0,0,0,307200
10-04 20:38:20.277 I/hakuX-lane(16668): [occl804] f=5523 wait=1 procs=1 q=5 qnz=1 pend=0 rep=5 repnz=1 repmax=307200 v=0,0,0,0,307200
10-04 20:38:20.307 I/hakuX-lane(16668): [occl804] f=5524 wait=1 procs=2 q=11 qnz=1 pend=0 rep=11 repnz=1 repmax=307200 v=0,0,0,0,0,0,0,0,0,0,307200
10-04 20:38:20.314 I/hakuX-lane(16668): [occl804] f=5525 wait=1 procs=1 q=5 qnz=1 pend=0 rep=5 repnz=1 repmax=307200 v=0,0,0,0,307200
10-04 20:38:20.342 I/hakuX-lane(16668): [occl804] f=5526 wait=1 procs=2 q=11 qnz=1 pend=0 rep=11 repnz=1 repmax=307200 v=0,0,0,0,0,0,0,0,0,0,307200
10-04 20:38:20.352 I/hakuX-lane(16668): [occl804] f=5527 wait=1 procs=1 q=5 qnz=1 pend=0 rep=5 repnz=1 repmax=307200 v=0,0,0,0,307200
10-04 20:38:20.376 I/hakuX-lane(16668): [occl804] f=5528 wait=1 procs=2 q=11 qnz=1 pend=0 rep=11 repnz=1 repmax=307200 v=0,0,0,0,0,0,0,0,0,0,307200
10-04 20:38:20.383 I/hakuX-lane(16668): [occl804] f=5529 wait=1 procs=1 q=5 qnz=1 pend=0 rep=5 repnz=1 repmax=307200 v=0,0,0,0,307200
10-04 20:38:20.408 I/hakuX-lane(16668): [occl804] f=5530 wait=1 procs=2 q=11 qnz=1 pend=0 rep=11 repnz=1 repmax=307200 v=0,0,0,0,0,0,0,0,0,0,307200
10-04 20:38:20.414 I/hakuX-lane(16668): [occl804] f=5531 wait=1 procs=1 q=5 qnz=1 pend=0 rep=5 repnz=1 repmax=307200 v=0,0,0,0,307200
10-04 20:38:20.439 I/hakuX-lane(16668): [occl804] f=5532 wait=1 procs=2 q=11 qnz=1 pend=0 rep=11 repnz=1 repmax=307200 v=0,0,0,0,0,0,0,0,0,0,307200
10-04 20:38:20.446 I/hakuX-lane(16668): [occl804] f=5533 wait=1 procs=1 q=5 qnz=1 pend=0 rep=5 repnz=1 repmax=307200 v=0,0,0,0,307200
10-04 20:38:20.479 I/hakuX-lane(16668): [occl804] f=5534 wait=1 procs=2 q=11 qnz=1 pend=0 rep=11 repnz=1 repmax=307200 v=0,0,0,0,0,0,0,0,0,0,307200
10-04 20:38:20.505 I/hakuX-lane(16668): [occl804] f=5536 wait=1 procs=2 q=16 qnz=2 pend=0 rep=16 repnz=2 repmax=307200 v=0,0,0,0,307200,0,0,0,0,0,0,0,0,0,0,307200
10-04 20:38:20.512 I/hakuX-lane(16668): [occl804] f=5537 wait=1 procs=1 q=5 qnz=1 pend=0 rep=5 repnz=1 repmax=307200 v=0,0,0,0,307200
10-04 20:38:20.545 I/hakuX-lane(16668): [occl804] f=5538 wait=1 procs=2 q=11 qnz=1 pend=0 rep=11 repnz=1 repmax=307200 v=0,0,0,0,0,0,0,0,0,0,307200
10-04 20:38:20.573 I/hakuX-lane(16668): [occl804] f=5540 wait=1 procs=2 q=16 qnz=2 pend=0 rep=16 repnz=2 repmax=307200 v=0,0,0,0,307200,0,0,0,0,0,0,0,0,0,0,307200
10-04 20:38:20.581 I/hakuX-lane(16668): [occl804] f=5541 wait=1 procs=1 q=5 qnz=1 pend=0 rep=5 repnz=1 repmax=307200 v=0,0,0,0,307200
10-04 20:38:20.604 I/hakuX-lane(16668): [occl804] f=5542 wait=1 procs=2 q=11 qnz=1 pend=0 rep=11 repnz=1 repmax=307200 v=0,0,0,0,0,0,0,0,0,0,307200
10-04 20:38:20.611 I/hakuX-lane(16668): [occl804] f=5543 wait=1 procs=1 q=5 qnz=1 pend=0 rep=5 repnz=1 repmax=307200 v=0,0,0,0,307200
10-04 20:38:20.640 I/hakuX-lane(16668): [occl804] f=5544 wait=1 procs=2 q=11 qnz=1 pend=0 rep=11 repnz=1 repmax=307200 v=0,0,0,0,0,0,0,0,0,0,307200
10-04 20:38:20.646 I/hakuX-lane(16668): [occl804] f=5545 wait=1 procs=1 q=5 qnz=1 pend=0 rep=5 repnz=1 repmax=307200 v=0,0,0,0,307200
10-04 20:38:20.671 I/hakuX-lane(16668): [occl804] f=5546 wait=1 procs=2 q=11 qnz=1 pend=0 rep=11 repnz=1 repmax=307200 v=0,0,0,0,0,0,0,0,0,0,307200
10-04 20:38:20.679 I/hakuX-lane(16668): [occl804] f=5547 wait=1 procs=1 q=5 qnz=1 pend=0 rep=5 repnz=1 repmax=307200 v=0,0,0,0,307200
10-04 20:38:20.705 I/hakuX-lane(16668): [occl804] f=5548 wait=1 procs=2 q=11 qnz=1 pend=0 rep=11 repnz=1 repmax=307200 v=0,0,0,0,0,0,0,0,0,0,307200
10-04 20:38:20.712 I/hakuX-lane(16668): [occl804] f=5549 wait=1 procs=1 q=5 qnz=1 pend=0 rep=5 repnz=1 repmax=307200 v=0,0,0,0,307200
10-04 20:38:20.741 I/hakuX-lane(16668): [occl804] f=5550 wait=1 procs=2 q=11 qnz=1 pend=0 rep=11 repnz=1 repmax=307200 v=0,0,0,0,0,0,0,0,0,0,307200
10-04 20:38:20.747 I/hakuX-lane(16668): [occl804] f=5551 wait=1 procs=1 q=5 qnz=1 pend=0 rep=5 repnz=1 repmax=307200 v=0,0,0,0,307200
10-04 20:38:20.773 I/hakuX-lane(16668): [occl804] f=5552 wait=1 procs=2 q=11 qnz=1 pend=0 rep=11 repnz=1 repmax=307200 v=0,0,0,0,0,0,0,0,0,0,307200
10-04 20:38:20.780 I/hakuX-lane(16668): [occl804] f=5553 wait=1 procs=1 q=5 qnz=1 pend=0 rep=5 repnz=1 repmax=307200 v=0,0,0,0,307200
10-04 20:38:20.807 I/hakuX-lane(16668): [occl804] f=5554 wait=1 procs=2 q=11 qnz=1 pend=0 rep=11 repnz=1 repmax=307200 v=0,0,0,0,0,0,0,0,0,0,307200
10-04 20:38:20.814 I/hakuX-lane(16668): [occl804] f=5555 wait=1 procs=1 q=5 qnz=1 pend=0 rep=5 repnz=1 repmax=307200 v=0,0,0,0,307200
10-04 20:38:20.844 I/hakuX-lane(16668): [occl804] f=5556 wait=1 procs=2 q=11 qnz=1 pend=0 rep=11 repnz=1 repmax=307200 v=0,0,0,0,0,0,0,0,0,0,307200
10-04 20:38:20.851 I/hakuX-lane(16668): [occl804] f=5557 wait=1 procs=1 q=5 qnz=1 pend=0 rep=5 repnz=1 repmax=307200 v=0,0,0,0,307200
10-04 20:38:20.875 I/hakuX-lane(16668): [occl804] f=5558 wait=1 procs=2 q=11 qnz=1 pend=0 rep=11 repnz=1 repmax=307200 v=0,0,0,0,0,0,0,0,0,0,307200
10-04 20:38:20.882 I/hakuX-lane(16668): [occl804] f=5559 wait=1 procs=1 q=5 qnz=1 pend=0 rep=5 repnz=1 repmax=307200 v=0,0,0,0,307200
10-04 20:38:20.911 I/hakuX-lane(16668): [occl804] f=5560 wait=1 procs=2 q=11 qnz=1 pend=0 rep=11 repnz=1 repmax=307200 v=0,0,0,0,0,0,0,0,0,0,307200
10-04 20:38:20.917 I/hakuX-lane(16668): [occl804] f=5561 wait=1 procs=1 q=5 qnz=1 pend=0 rep=5 repnz=1 repmax=307200 v=0,0,0,0,307200
10-04 20:38:20.943 I/hakuX-lane(16668): [occl804] f=5562 wait=1 procs=2 q=11 qnz=1 pend=0 rep=11 repnz=1 repmax=307200 v=0,0,0,0,0,0,0,0,0,0,307200
10-04 20:38:20.949 I/hakuX-lane(16668): [occl804] f=5563 wait=1 procs=1 q=5 qnz=1 pend=0 rep=5 repnz=1 repmax=307200 v=0,0,0,0,307200
10-04 20:38:20.975 I/hakuX-lane(16668): [occl804] f=5564 wait=1 procs=2 q=11 qnz=1 pend=0 rep=11 repnz=1 repmax=307200 v=0,0,0,0,0,0,0,0,0,0,307200
10-04 20:38:20.982 I/hakuX-lane(16668): [occl804] f=5565 wait=1 procs=1 q=5 qnz=1 pend=0 rep=5 repnz=1 repmax=307200 v=0,0,0,0,307200
10-04 20:38:21.006 I/hakuX-lane(16668): [occl804] f=5566 wait=1 procs=2 q=11 qnz=1 pend=0 rep=11 repnz=1 repmax=307200 v=0,0,0,0,0,0,0,0,0,0,307200
10-04 20:38:21.012 I/hakuX-lane(16668): [occl804] f=5567 wait=1 procs=1 q=5 qnz=1 pend=0 rep=5 repnz=1 repmax=307200 v=0,0,0,0,307200
10-04 20:38:21.043 I/hakuX-lane(16668): [occl804] f=5568 wait=1 procs=2 q=11 qnz=1 pend=0 rep=11 repnz=1 repmax=307200 v=0,0,0,0,0,0,0,0,0,0,307200
10-04 20:38:21.049 I/hakuX-lane(16668): [occl804] f=5569 wait=1 procs=1 q=5 qnz=1 pend=0 rep=5 repnz=1 repmax=307200 v=0,0,0,0,307200
10-04 20:38:21.076 I/hakuX-lane(16668): [occl804] f=5570 wait=1 procs=2 q=11 qnz=1 pend=0 rep=11 repnz=1 repmax=307200 v=0,0,0,0,0,0,0,0,0,0,307200
10-04 20:38:21.083 I/hakuX-lane(16668): [occl804] f=5571 wait=1 procs=1 q=5 qnz=1 pend=0 rep=5 repnz=1 repmax=307200 v=0,0,0,0,307200
10-04 20:38:21.111 I/hakuX-lane(16668): [occl804] f=5572 wait=1 procs=2 q=11 qnz=1 pend=0 rep=11 repnz=1 repmax=307200 v=0,0,0,0,0,0,0,0,0,0,307200
10-04 20:38:21.133 I/hakuX-lane(16668): [occl804] f=5574 wait=1 procs=1 q=11 qnz=1 pend=0 rep=11 repnz=1 repmax=307200 v=0,0,0,0,307200,0,0,0,0,0,0
10-04 20:38:21.151 I/hakuX-lane(16668): [occl804] f=5575 wait=1 procs=2 q=10 qnz=2 pend=0 rep=10 repnz=2 repmax=307200 v=0,0,0,0,307200,0,0,0,0,307200
10-04 20:38:21.164 I/hakuX-lane(16668): [occl804] f=5576 wait=1 procs=1 q=6 qnz=0 pend=0 rep=6 repnz=0 repmax=0 v=0,0,0,0,0,0
10-04 20:38:21.180 I/hakuX-lane(16668): [occl804] f=5577 wait=1 procs=1 q=5 qnz=1 pend=0 rep=5 repnz=1 repmax=307200 v=0,0,0,0,307200
10-04 20:38:21.211 I/hakuX-lane(16668): [occl804] f=5578 wait=1 procs=2 q=16 qnz=2 pend=0 rep=16 repnz=2 repmax=307200 v=0,0,0,0,307200,0,0,0,0,0,0,0,0,0,0,307200
10-04 20:38:21.226 I/hakuX-lane(16668): [occl804] f=5580 wait=1 procs=1 q=11 qnz=1 pend=0 rep=11 repnz=1 repmax=307200 v=0,0,0,0,307200,0,0,0,0,0,0
10-04 20:38:21.248 I/hakuX-lane(16668): [occl804] f=5581 wait=1 procs=1 q=5 qnz=1 pend=0 rep=5 repnz=1 repmax=307200 v=0,0,0,0,307200
10-04 20:38:21.261 I/hakuX-lane(16668): [occl804] f=5582 wait=1 procs=1 q=11 qnz=1 pend=0 rep=11 repnz=1 repmax=307200 v=0,0,0,0,307200,0,0,0,0,0,0
10-04 20:38:21.274 I/hakuX-lane(16668): [occl804] f=5583 wait=1 procs=1 q=5 qnz=1 pend=0 rep=5 repnz=1 repmax=307200 v=0,0,0,0,307200
10-04 20:38:21.306 I/hakuX-lane(16668): [occl804] f=5584 wait=1 procs=2 q=16 qnz=2 pend=0 rep=16 repnz=2 repmax=307200 v=0,0,0,0,307200,0,0,0,0,0,0,0,0,0,0,307200
10-04 20:38:21.324 I/hakuX-lane(16668): [occl804] f=5586 wait=1 procs=1 q=11 qnz=1 pend=0 rep=11 repnz=1 repmax=307200 v=0,0,0,0,307200,0,0,0,0,0,0
10-04 20:38:21.339 I/hakuX-lane(16668): [occl804] f=5587 wait=1 procs=1 q=5 qnz=1 pend=0 rep=5 repnz=1 repmax=307200 v=0,0,0,0,307200
10-04 20:38:21.355 I/hakuX-lane(16668): [occl804] f=5588 wait=1 procs=1 q=11 qnz=1 pend=0 rep=11 repnz=1 repmax=307200 v=0,0,0,0,307200,0,0,0,0,0,0
10-04 20:38:21.372 I/hakuX-lane(16668): [occl804] f=5589 wait=1 procs=1 q=5 qnz=1 pend=0 rep=5 repnz=1 repmax=307200 v=0,0,0,0,307200
10-04 20:38:21.405 I/hakuX-lane(16668): [occl804] f=5590 wait=1 procs=1 q=11 qnz=1 pend=0 rep=11 repnz=1 repmax=307200 v=0,0,0,0,307200,0,0,0,0,0,0
10-04 20:38:21.439 I/hakuX-lane(16668): [occl804] f=5592 wait=1 procs=1 q=11 qnz=1 pend=0 rep=11 repnz=1 repmax=307200 v=0,0,0,0,307200,0,0,0,0,0,0
10-04 20:38:21.472 I/hakuX-lane(16668): [occl804] f=5594 wait=1 procs=1 q=11 qnz=1 pend=0 rep=11 repnz=1 repmax=307200 v=0,0,0,0,307200,0,0,0,0,0,0
10-04 20:38:21.510 I/hakuX-lane(16668): [occl804] f=5596 wait=1 procs=2 q=16 qnz=2 pend=0 rep=16 repnz=2 repmax=307200 v=0,0,0,0,307200,0,0,0,0,0,0,0,0,0,0,307200
10-04 20:38:21.518 I/hakuX-lane(16668): [occl804] f=5597 wait=1 procs=1 q=5 qnz=1 pend=0 rep=5 repnz=1 repmax=307200 v=0,0,0,0,307200
10-04 20:38:21.535 I/hakuX-lane(16668): [occl804] f=5598 wait=1 procs=1 q=6 qnz=0 pend=0 rep=6 repnz=0 repmax=0 v=0,0,0,0,0,0
10-04 20:38:21.549 I/hakuX-lane(16668): [occl804] f=5599 wait=1 procs=1 q=5 qnz=1 pend=0 rep=5 repnz=1 repmax=307200 v=0,0,0,0,307200
10-04 20:38:21.563 I/hakuX-lane(16668): [occl804] f=5600 wait=1 procs=1 q=6 qnz=0 pend=0 rep=6 repnz=0 repmax=0 v=0,0,0,0,0,0
10-04 20:38:21.581 I/hakuX-lane(16668): [occl804] f=5601 wait=1 procs=1 q=5 qnz=1 pend=0 rep=5 repnz=1 repmax=307200 v=0,0,0,0,307200
10-04 20:38:21.596 I/hakuX-lane(16668): [occl804] f=5602 wait=1 procs=1 q=11 qnz=1 pend=0 rep=11 repnz=1 repmax=307200 v=0,0,0,0,307200,0,0,0,0,0,0
10-04 20:38:21.620 I/hakuX-lane(16668): [occl804] f=5603 wait=1 procs=1 q=5 qnz=1 pend=0 rep=5 repnz=1 repmax=307200 v=0,0,0,0,307200
10-04 20:38:21.654 I/hakuX-lane(16668): [occl804] f=5604 wait=1 procs=2 q=16 qnz=2 pend=0 rep=16 repnz=2 repmax=307200 v=0,0,0,0,307200,0,0,0,0,0,0,0,0,0,0,307200
10-04 20:38:21.680 I/hakuX-lane(16668): [occl804] f=5606 wait=1 procs=2 q=16 qnz=2 pend=0 rep=16 repnz=2 repmax=307200 v=0,0,0,0,307200,0,0,0,0,0,0,0,0,0,0,307200
10-04 20:38:21.688 I/hakuX-lane(16668): [occl804] f=5607 wait=1 procs=1 q=5 qnz=1 pend=0 rep=5 repnz=1 repmax=307200 v=0,0,0,0,307200
10-04 20:38:21.716 I/hakuX-lane(16668): [occl804] f=5608 wait=1 procs=2 q=11 qnz=1 pend=0 rep=11 repnz=1 repmax=307200 v=0,0,0,0,0,0,0,0,0,0,307200
10-04 20:38:21.724 I/hakuX-lane(16668): [occl804] f=5609 wait=1 procs=1 q=5 qnz=1 pend=0 rep=5 repnz=1 repmax=307200 v=0,0,0,0,307200
10-04 20:38:21.752 I/hakuX-lane(16668): [occl804] f=5610 wait=1 procs=2 q=11 qnz=1 pend=0 rep=11 repnz=1 repmax=307200 v=0,0,0,0,0,0,0,0,0,0,307200
10-04 20:38:21.759 I/hakuX-lane(16668): [occl804] f=5611 wait=1 procs=1 q=5 qnz=1 pend=0 rep=5 repnz=1 repmax=307200 v=0,0,0,0,307200
10-04 20:38:21.786 I/hakuX-lane(16668): [occl804] f=5612 wait=1 procs=2 q=11 qnz=1 pend=0 rep=11 repnz=1 repmax=307200 v=0,0,0,0,0,0,0,0,0,0,307200
10-04 20:38:21.793 I/hakuX-lane(16668): [occl804] f=5613 wait=1 procs=1 q=5 qnz=1 pend=0 rep=5 repnz=1 repmax=307200 v=0,0,0,0,307200
10-04 20:38:21.822 I/hakuX-lane(16668): [occl804] f=5614 wait=1 procs=2 q=11 qnz=1 pend=0 rep=11 repnz=1 repmax=307200 v=0,0,0,0,0,0,0,0,0,0,307200
10-04 20:38:21.829 I/hakuX-lane(16668): [occl804] f=5615 wait=1 procs=1 q=5 qnz=1 pend=0 rep=5 repnz=1 repmax=307200 v=0,0,0,0,307200
10-04 20:38:21.865 I/hakuX-lane(16668): [occl804] f=5616 wait=1 procs=2 q=11 qnz=1 pend=0 rep=11 repnz=1 repmax=307200 v=0,0,0,0,0,0,0,0,0,0,307200
10-04 20:38:21.873 I/hakuX-lane(16668): [occl804] f=5617 wait=1 procs=1 q=5 qnz=1 pend=0 rep=5 repnz=1 repmax=307200 v=0,0,0,0,307200
10-04 20:38:21.902 I/hakuX-lane(16668): [occl804] f=5618 wait=1 procs=2 q=11 qnz=1 pend=0 rep=11 repnz=1 repmax=307200 v=0,0,0,0,0,0,0,0,0,0,307200
10-04 20:38:21.908 I/hakuX-lane(16668): [occl804] f=5619 wait=1 procs=1 q=5 qnz=1 pend=0 rep=5 repnz=1 repmax=307200 v=0,0,0,0,307200
10-04 20:38:21.935 I/hakuX-lane(16668): [occl804] f=5620 wait=1 procs=2 q=11 qnz=1 pend=0 rep=11 repnz=1 repmax=307200 v=0,0,0,0,0,0,0,0,0,0,307200
10-04 20:38:21.942 I/hakuX-lane(16668): [occl804] f=5621 wait=1 procs=1 q=5 qnz=1 pend=0 rep=5 repnz=1 repmax=307200 v=0,0,0,0,307200
10-04 20:38:21.969 I/hakuX-lane(16668): [occl804] f=5622 wait=1 procs=2 q=11 qnz=1 pend=0 rep=11 repnz=1 repmax=307200 v=0,0,0,0,0,0,0,0,0,0,307200
10-04 20:38:21.976 I/hakuX-lane(16668): [occl804] f=5623 wait=1 procs=1 q=5 qnz=1 pend=0 rep=5 repnz=1 repmax=307200 v=0,0,0,0,307200
10-04 20:38:22.005 I/hakuX-lane(16668): [occl804] f=5624 wait=1 procs=2 q=11 qnz=1 pend=0 rep=11 repnz=1 repmax=307200 v=0,0,0,0,0,0,0,0,0,0,307200
10-04 20:38:22.012 I/hakuX-lane(16668): [occl804] f=5625 wait=1 procs=1 q=5 qnz=1 pend=0 rep=5 repnz=1 repmax=307200 v=0,0,0,0,307200
10-04 20:38:22.048 I/hakuX-lane(16668): [occl804] f=5626 wait=1 procs=2 q=11 qnz=1 pend=0 rep=11 repnz=1 repmax=307200 v=0,0,0,0,0,0,0,0,0,0,307200
10-04 20:38:22.055 I/hakuX-lane(16668): [occl804] f=5627 wait=1 procs=1 q=5 qnz=1 pend=0 rep=5 repnz=1 repmax=307200 v=0,0,0,0,307200
10-04 20:38:22.082 I/hakuX-lane(16668): [occl804] f=5628 wait=1 procs=2 q=11 qnz=1 pend=0 rep=11 repnz=1 repmax=307200 v=0,0,0,0,0,0,0,0,0,0,307200
10-04 20:38:22.089 I/hakuX-lane(16668): [occl804] f=5629 wait=1 procs=1 q=5 qnz=1 pend=0 rep=5 repnz=1 repmax=307200 v=0,0,0,0,307200
10-04 20:38:22.119 I/hakuX-lane(16668): [occl804] f=5630 wait=1 procs=2 q=11 qnz=1 pend=0 rep=11 repnz=1 repmax=307200 v=0,0,0,0,0,0,0,0,0,0,307200
10-04 20:38:22.127 I/hakuX-lane(16668): [occl804] f=5631 wait=1 procs=1 q=5 qnz=1 pend=0 rep=5 repnz=1 repmax=307200 v=0,0,0,0,307200
10-04 20:38:22.155 I/hakuX-lane(16668): [occl804] f=5632 wait=1 procs=2 q=11 qnz=1 pend=0 rep=11 repnz=1 repmax=307200 v=0,0,0,0,0,0,0,0,0,0,307200
10-04 20:38:22.162 I/hakuX-lane(16668): [occl804] f=5633 wait=1 procs=1 q=5 qnz=1 pend=0 rep=5 repnz=1 repmax=307200 v=0,0,0,0,307200
10-04 20:38:22.188 I/hakuX-lane(16668): [occl804] f=5634 wait=1 procs=2 q=11 qnz=1 pend=0 rep=11 repnz=1 repmax=307200 v=0,0,0,0,0,0,0,0,0,0,307200
10-04 20:38:22.195 I/hakuX-lane(16668): [occl804] f=5635 wait=1 procs=1 q=5 qnz=1 pend=0 rep=5 repnz=1 repmax=307200 v=0,0,0,0,307200
10-04 20:38:22.227 I/hakuX-lane(16668): [occl804] f=5636 wait=1 procs=2 q=11 qnz=1 pend=0 rep=11 repnz=1 repmax=307200 v=0,0,0,0,0,0,0,0,0,0,307200
10-04 20:38:22.234 I/hakuX-lane(16668): [occl804] f=5637 wait=1 procs=1 q=5 qnz=1 pend=0 rep=5 repnz=1 repmax=307200 v=0,0,0,0,307200
10-04 20:38:22.258 I/hakuX-lane(16668): [occl804] f=5638 wait=1 procs=2 q=11 qnz=1 pend=0 rep=11 repnz=1 repmax=307200 v=0,0,0,0,0,0,0,0,0,0,307200
10-04 20:38:22.265 I/hakuX-lane(16668): [occl804] f=5639 wait=1 procs=1 q=5 qnz=1 pend=0 rep=5 repnz=1 repmax=307200 v=0,0,0,0,307200
10-04 20:38:22.287 I/hakuX-lane(16668): [occl804] f=5640 wait=1 procs=2 q=11 qnz=1 pend=0 rep=11 repnz=1 repmax=307200 v=0,0,0,0,0,0,0,0,0,0,307200
10-04 20:38:22.294 I/hakuX-lane(16668): [occl804] f=5641 wait=1 procs=1 q=5 qnz=1 pend=0 rep=5 repnz=1 repmax=307200 v=0,0,0,0,307200
10-04 20:38:22.328 I/hakuX-lane(16668): [occl804] f=5642 wait=1 procs=2 q=11 qnz=1 pend=0 rep=11 repnz=1 repmax=307200 v=0,0,0,0,0,0,0,0,0,0,307200
10-04 20:38:22.335 I/hakuX-lane(16668): [occl804] f=5643 wait=1 procs=1 q=5 qnz=1 pend=0 rep=5 repnz=1 repmax=307200 v=0,0,0,0,307200
10-04 20:38:22.347 I/hakuX-lane(16668): [occl804] f=5644 wait=1 procs=1 q=6 qnz=0 pend=0 rep=6 repnz=0 repmax=0 v=0,0,0,0,0,0
10-04 20:38:22.371 I/hakuX-lane(16668): [occl804] f=5645 wait=1 procs=2 q=10 qnz=2 pend=0 rep=10 repnz=2 repmax=307200 v=0,0,0,0,307200,0,0,0,0,307200
10-04 20:38:22.399 I/hakuX-lane(16668): [occl804] f=5646 wait=1 procs=2 q=11 qnz=1 pend=0 rep=11 repnz=1 repmax=307200 v=0,0,0,0,0,0,0,0,0,0,307200
10-04 20:38:22.405 I/hakuX-lane(16668): [occl804] f=5647 wait=1 procs=1 q=5 qnz=1 pend=0 rep=5 repnz=1 repmax=307200 v=0,0,0,0,307200
10-04 20:38:22.444 I/hakuX-lane(16668): [occl804] f=5648 wait=1 procs=2 q=11 qnz=1 pend=0 rep=11 repnz=1 repmax=307200 v=0,0,0,0,0,0,0,0,0,0,307200
10-04 20:38:22.460 I/hakuX-lane(16668): [occl804] f=5650 wait=1 procs=1 q=11 qnz=1 pend=0 rep=11 repnz=1 repmax=307200 v=0,0,0,0,307200,0,0,0,0,0,0
10-04 20:38:22.484 I/hakuX-lane(16668): [occl804] f=5651 wait=1 procs=2 q=10 qnz=2 pend=0 rep=10 repnz=2 repmax=307200 v=0,0,0,0,307200,0,0,0,0,307200
10-04 20:38:22.509 I/hakuX-lane(16668): [occl804] f=5652 wait=1 procs=2 q=11 qnz=1 pend=0 rep=11 repnz=1 repmax=307200 v=0,0,0,0,0,0,0,0,0,0,307200
10-04 20:38:22.515 I/hakuX-lane(16668): [occl804] f=5653 wait=1 procs=1 q=5 qnz=1 pend=0 rep=5 repnz=1 repmax=307200 v=0,0,0,0,307200
10-04 20:38:22.541 I/hakuX-lane(16668): [occl804] f=5654 wait=1 procs=2 q=11 qnz=1 pend=0 rep=11 repnz=1 repmax=307200 v=0,0,0,0,0,0,0,0,0,0,307200
10-04 20:38:22.548 I/hakuX-lane(16668): [occl804] f=5655 wait=1 procs=1 q=5 qnz=1 pend=0 rep=5 repnz=1 repmax=307200 v=0,0,0,0,307200
10-04 20:38:22.573 I/hakuX-lane(16668): [occl804] f=5656 wait=1 procs=2 q=11 qnz=1 pend=0 rep=11 repnz=1 repmax=307200 v=0,0,0,0,0,0,0,0,0,0,307200
10-04 20:38:22.579 I/hakuX-lane(16668): [occl804] f=5657 wait=1 procs=1 q=5 qnz=1 pend=0 rep=5 repnz=1 repmax=307200 v=0,0,0,0,307200
10-04 20:38:22.608 I/hakuX-lane(16668): [occl804] f=5658 wait=1 procs=2 q=11 qnz=1 pend=0 rep=11 repnz=1 repmax=307200 v=0,0,0,0,0,0,0,0,0,0,307200
10-04 20:38:22.616 I/hakuX-lane(16668): [occl804] f=5659 wait=1 procs=1 q=5 qnz=1 pend=0 rep=5 repnz=1 repmax=307200 v=0,0,0,0,307200
10-04 20:38:22.643 I/hakuX-lane(16668): [occl804] f=5660 wait=1 procs=2 q=11 qnz=1 pend=0 rep=11 repnz=1 repmax=307200 v=0,0,0,0,0,0,0,0,0,0,307200
10-04 20:38:22.649 I/hakuX-lane(16668): [occl804] f=5661 wait=1 procs=1 q=5 qnz=1 pend=0 rep=5 repnz=1 repmax=307200 v=0,0,0,0,307200
10-04 20:38:22.674 I/hakuX-lane(16668): [occl804] f=5662 wait=1 procs=2 q=11 qnz=1 pend=0 rep=11 repnz=1 repmax=307200 v=0,0,0,0,0,0,0,0,0,0,307200
10-04 20:38:22.681 I/hakuX-lane(16668): [occl804] f=5663 wait=1 procs=1 q=5 qnz=1 pend=0 rep=5 repnz=1 repmax=307200 v=0,0,0,0,307200
10-04 20:38:22.705 I/hakuX-lane(16668): [occl804] f=5664 wait=1 procs=2 q=11 qnz=1 pend=0 rep=11 repnz=1 repmax=307200 v=0,0,0,0,0,0,0,0,0,0,307200
10-04 20:38:22.712 I/hakuX-lane(16668): [occl804] f=5665 wait=1 procs=1 q=5 qnz=1 pend=0 rep=5 repnz=1 repmax=307200 v=0,0,0,0,307200
10-04 20:38:22.741 I/hakuX-lane(16668): [occl804] f=5666 wait=1 procs=2 q=11 qnz=1 pend=0 rep=11 repnz=1 repmax=307200 v=0,0,0,0,0,0,0,0,0,0,307200
10-04 20:38:22.748 I/hakuX-lane(16668): [occl804] f=5667 wait=1 procs=1 q=5 qnz=1 pend=0 rep=5 repnz=1 repmax=307200 v=0,0,0,0,307200
10-04 20:38:22.772 I/hakuX-lane(16668): [occl804] f=5668 wait=1 procs=2 q=11 qnz=1 pend=0 rep=11 repnz=1 repmax=307200 v=0,0,0,0,0,0,0,0,0,0,307200
10-04 20:38:22.778 I/hakuX-lane(16668): [occl804] f=5669 wait=1 procs=1 q=5 qnz=1 pend=0 rep=5 repnz=1 repmax=307200 v=0,0,0,0,307200
10-04 20:38:22.812 I/hakuX-lane(16668): [occl804] f=5670 wait=1 procs=2 q=11 qnz=1 pend=0 rep=11 repnz=1 repmax=307200 v=0,0,0,0,0,0,0,0,0,0,307200
10-04 20:38:22.819 I/hakuX-lane(16668): [occl804] f=5671 wait=1 procs=1 q=5 qnz=1 pend=0 rep=5 repnz=1 repmax=307200 v=0,0,0,0,307200
10-04 20:38:22.832 I/hakuX-lane(16668): [occl804] f=5672 wait=1 procs=1 q=6 qnz=0 pend=0 rep=6 repnz=0 repmax=0 v=0,0,0,0,0,0
10-04 20:38:22.849 I/hakuX-lane(16668): [occl804] f=5673 wait=1 procs=2 q=10 qnz=2 pend=0 rep=10 repnz=2 repmax=307200 v=0,0,0,0,307200,0,0,0,0,307200
10-04 20:38:22.875 I/hakuX-lane(16668): [occl804] f=5674 wait=1 procs=2 q=11 qnz=1 pend=0 rep=11 repnz=1 repmax=307200 v=0,0,0,0,0,0,0,0,0,0,307200
10-04 20:38:22.882 I/hakuX-lane(16668): [occl804] f=5675 wait=1 procs=1 q=5 qnz=1 pend=0 rep=5 repnz=1 repmax=307200 v=0,0,0,0,307200
10-04 20:38:22.907 I/hakuX-lane(16668): [occl804] f=5676 wait=1 procs=2 q=11 qnz=1 pend=0 rep=11 repnz=1 repmax=307200 v=0,0,0,0,0,0,0,0,0,0,307200
10-04 20:38:22.914 I/hakuX-lane(16668): [occl804] f=5677 wait=1 procs=1 q=5 qnz=1 pend=0 rep=5 repnz=1 repmax=307200 v=0,0,0,0,307200
10-04 20:38:22.942 I/hakuX-lane(16668): [occl804] f=5678 wait=1 procs=2 q=11 qnz=1 pend=0 rep=11 repnz=1 repmax=307200 v=0,0,0,0,0,0,0,0,0,0,307200
10-04 20:38:22.949 I/hakuX-lane(16668): [occl804] f=5679 wait=1 procs=1 q=5 qnz=1 pend=0 rep=5 repnz=1 repmax=307200 v=0,0,0,0,307200
10-04 20:38:22.972 I/hakuX-lane(16668): [occl804] f=5680 wait=1 procs=2 q=11 qnz=1 pend=0 rep=11 repnz=1 repmax=307200 v=0,0,0,0,0,0,0,0,0,0,307200
10-04 20:38:22.979 I/hakuX-lane(16668): [occl804] f=5681 wait=1 procs=1 q=5 qnz=1 pend=0 rep=5 repnz=1 repmax=307200 v=0,0,0,0,307200
10-04 20:38:23.008 I/hakuX-lane(16668): [occl804] f=5682 wait=1 procs=2 q=11 qnz=1 pend=0 rep=11 repnz=1 repmax=307200 v=0,0,0,0,0,0,0,0,0,0,307200
10-04 20:38:23.015 I/hakuX-lane(16668): [occl804] f=5683 wait=1 procs=1 q=5 qnz=1 pend=0 rep=5 repnz=1 repmax=307200 v=0,0,0,0,307200
10-04 20:38:23.041 I/hakuX-lane(16668): [occl804] f=5684 wait=1 procs=2 q=11 qnz=1 pend=0 rep=11 repnz=1 repmax=307200 v=0,0,0,0,0,0,0,0,0,0,307200
10-04 20:38:23.048 I/hakuX-lane(16668): [occl804] f=5685 wait=1 procs=1 q=5 qnz=1 pend=0 rep=5 repnz=1 repmax=307200 v=0,0,0,0,307200
10-04 20:38:23.061 I/hakuX-lane(16668): [occl804] f=5686 wait=1 procs=1 q=6 qnz=0 pend=0 rep=6 repnz=0 repmax=0 v=0,0,0,0,0,0
10-04 20:38:23.079 I/hakuX-lane(16668): [occl804] f=5687 wait=1 procs=2 q=10 qnz=2 pend=0 rep=10 repnz=2 repmax=307200 v=0,0,0,0,307200,0,0,0,0,307200
10-04 20:38:23.109 I/hakuX-lane(16668): [occl804] f=5688 wait=1 procs=2 q=11 qnz=1 pend=0 rep=11 repnz=1 repmax=307200 v=0,0,0,0,0,0,0,0,0,0,307200
10-04 20:38:23.126 I/hakuX-lane(16668): [occl804] f=5690 wait=1 procs=1 q=11 qnz=1 pend=0 rep=11 repnz=1 repmax=307200 v=0,0,0,0,307200,0,0,0,0,0,0
10-04 20:38:23.149 I/hakuX-lane(16668): [occl804] f=5691 wait=1 procs=2 q=10 qnz=2 pend=0 rep=10 repnz=2 repmax=307200 v=0,0,0,0,307200,0,0,0,0,307200
10-04 20:38:23.173 I/hakuX-lane(16668): [occl804] f=5692 wait=1 procs=2 q=11 qnz=1 pend=0 rep=11 repnz=1 repmax=307200 v=0,0,0,0,0,0,0,0,0,0,307200
10-04 20:38:23.180 I/hakuX-lane(16668): [occl804] f=5693 wait=1 procs=1 q=5 qnz=1 pend=0 rep=5 repnz=1 repmax=307200 v=0,0,0,0,307200
10-04 20:38:23.206 I/hakuX-lane(16668): [occl804] f=5694 wait=1 procs=2 q=11 qnz=1 pend=0 rep=11 repnz=1 repmax=307200 v=0,0,0,0,0,0,0,0,0,0,307200
10-04 20:38:23.212 I/hakuX-lane(16668): [occl804] f=5695 wait=1 procs=1 q=5 qnz=1 pend=0 rep=5 repnz=1 repmax=307200 v=0,0,0,0,307200
10-04 20:38:23.241 I/hakuX-lane(16668): [occl804] f=5696 wait=1 procs=2 q=11 qnz=1 pend=0 rep=11 repnz=1 repmax=307200 v=0,0,0,0,0,0,0,0,0,0,307200
10-04 20:38:23.247 I/hakuX-lane(16668): [occl804] f=5697 wait=1 procs=1 q=5 qnz=1 pend=0 rep=5 repnz=1 repmax=307200 v=0,0,0,0,307200
10-04 20:38:23.276 I/hakuX-lane(16668): [occl804] f=5698 wait=1 procs=2 q=11 qnz=1 pend=0 rep=11 repnz=1 repmax=307200 v=0,0,0,0,0,0,0,0,0,0,307200
10-04 20:38:23.282 I/hakuX-lane(16668): [occl804] f=5699 wait=1 procs=1 q=5 qnz=1 pend=0 rep=5 repnz=1 repmax=307200 v=0,0,0,0,307200
10-04 20:38:23.307 I/hakuX-lane(16668): [occl804] f=5700 wait=1 procs=2 q=11 qnz=1 pend=0 rep=11 repnz=1 repmax=307200 v=0,0,0,0,0,0,0,0,0,0,307200
10-04 20:38:23.314 I/hakuX-lane(16668): [occl804] f=5701 wait=1 procs=1 q=5 qnz=1 pend=0 rep=5 repnz=1 repmax=307200 v=0,0,0,0,307200
10-04 20:38:23.341 I/hakuX-lane(16668): [occl804] f=5702 wait=1 procs=2 q=11 qnz=1 pend=0 rep=11 repnz=1 repmax=307200 v=0,0,0,0,0,0,0,0,0,0,307200
10-04 20:38:23.347 I/hakuX-lane(16668): [occl804] f=5703 wait=1 procs=1 q=5 qnz=1 pend=0 rep=5 repnz=1 repmax=307200 v=0,0,0,0,307200
10-04 20:38:23.372 I/hakuX-lane(16668): [occl804] f=5704 wait=1 procs=2 q=11 qnz=1 pend=0 rep=11 repnz=1 repmax=307200 v=0,0,0,0,0,0,0,0,0,0,307200
10-04 20:38:23.379 I/hakuX-lane(16668): [occl804] f=5705 wait=1 procs=1 q=5 qnz=1 pend=0 rep=5 repnz=1 repmax=307200 v=0,0,0,0,307200
10-04 20:38:23.407 I/hakuX-lane(16668): [occl804] f=5706 wait=1 procs=2 q=11 qnz=1 pend=0 rep=11 repnz=1 repmax=307200 v=0,0,0,0,0,0,0,0,0,0,307200
10-04 20:38:23.414 I/hakuX-lane(16668): [occl804] f=5707 wait=1 procs=1 q=5 qnz=1 pend=0 rep=5 repnz=1 repmax=307200 v=0,0,0,0,307200
10-04 20:38:23.442 I/hakuX-lane(16668): [occl804] f=5708 wait=1 procs=2 q=11 qnz=1 pend=0 rep=11 repnz=1 repmax=307200 v=0,0,0,0,0,0,0,0,0,0,307200
10-04 20:38:23.449 I/hakuX-lane(16668): [occl804] f=5709 wait=1 procs=1 q=5 qnz=1 pend=0 rep=5 repnz=1 repmax=307200 v=0,0,0,0,307200
10-04 20:38:23.462 I/hakuX-lane(16668): [occl804] f=5710 wait=1 procs=1 q=6 qnz=0 pend=0 rep=6 repnz=0 repmax=0 v=0,0,0,0,0,0
10-04 20:38:23.477 I/hakuX-lane(16668): [occl804] f=5711 wait=1 procs=1 q=5 qnz=1 pend=0 rep=5 repnz=1 repmax=307200 v=0,0,0,0,307200
10-04 20:38:23.494 I/hakuX-lane(16668): [occl804] f=5712 wait=1 procs=1 q=11 qnz=1 pend=0 rep=11 repnz=1 repmax=307200 v=0,0,0,0,307200,0,0,0,0,0,0
10-04 20:38:23.509 I/hakuX-lane(16668): [occl804] f=5713 wait=1 procs=1 q=5 qnz=1 pend=0 rep=5 repnz=1 repmax=307200 v=0,0,0,0,307200
10-04 20:38:23.526 I/hakuX-lane(16668): [occl804] f=5714 wait=1 procs=1 q=11 qnz=1 pend=0 rep=11 repnz=1 repmax=307200 v=0,0,0,0,307200,0,0,0,0,0,0
10-04 20:38:23.548 I/hakuX-lane(16668): [occl804] f=5715 wait=1 procs=2 q=10 qnz=2 pend=0 rep=10 repnz=2 repmax=307200 v=0,0,0,0,307200,0,0,0,0,307200
10-04 20:38:23.575 I/hakuX-lane(16668): [occl804] f=5716 wait=1 procs=2 q=11 qnz=1 pend=0 rep=11 repnz=1 repmax=307200 v=0,0,0,0,0,0,0,0,0,0,307200
10-04 20:38:23.581 I/hakuX-lane(16668): [occl804] f=5717 wait=1 procs=1 q=5 qnz=1 pend=0 rep=5 repnz=1 repmax=307200 v=0,0,0,0,307200
10-04 20:38:23.605 I/hakuX-lane(16668): [occl804] f=5718 wait=1 procs=2 q=11 qnz=1 pend=0 rep=11 repnz=1 repmax=307200 v=0,0,0,0,0,0,0,0,0,0,307200
10-04 20:38:23.612 I/hakuX-lane(16668): [occl804] f=5719 wait=1 procs=1 q=5 qnz=1 pend=0 rep=5 repnz=1 repmax=307200 v=0,0,0,0,307200
10-04 20:38:23.643 I/hakuX-lane(16668): [occl804] f=5720 wait=1 procs=2 q=11 qnz=1 pend=0 rep=11 repnz=1 repmax=307200 v=0,0,0,0,0,0,0,0,0,0,307200
10-04 20:38:23.665 I/hakuX-lane(16668): [occl804] f=5722 wait=1 procs=1 q=11 qnz=1 pend=0 rep=11 repnz=1 repmax=307200 v=0,0,0,0,307200,0,0,0,0,0,0
10-04 20:38:23.683 I/hakuX-lane(16668): [occl804] f=5723 wait=1 procs=2 q=10 qnz=2 pend=0 rep=10 repnz=2 repmax=307200 v=0,0,0,0,307200,0,0,0,0,307200
10-04 20:38:23.695 I/hakuX-lane(16668): [occl804] f=5724 wait=1 procs=1 q=6 qnz=0 pend=0 rep=6 repnz=0 repmax=0 v=0,0,0,0,0,0
10-04 20:38:23.718 I/hakuX-lane(16668): [occl804] f=5725 wait=1 procs=2 q=10 qnz=2 pend=0 rep=10 repnz=2 repmax=307200 v=0,0,0,0,307200,0,0,0,0,307200
10-04 20:38:23.733 I/hakuX-lane(16668): [occl804] f=5726 wait=1 procs=1 q=6 qnz=0 pend=0 rep=6 repnz=0 repmax=0 v=0,0,0,0,0,0
10-04 20:38:23.746 I/hakuX-lane(16668): [occl804] f=5727 wait=1 procs=1 q=5 qnz=1 pend=0 rep=5 repnz=1 repmax=307200 v=0,0,0,0,307200
10-04 20:38:23.761 I/hakuX-lane(16668): [occl804] f=5728 wait=1 procs=1 q=11 qnz=1 pend=0 rep=11 repnz=1 repmax=307200 v=0,0,0,0,307200,0,0,0,0,0,0
10-04 20:38:23.783 I/hakuX-lane(16668): [occl804] f=5729 wait=1 procs=1 q=5 qnz=1 pend=0 rep=5 repnz=1 repmax=307200 v=0,0,0,0,307200
10-04 20:38:23.798 I/hakuX-lane(16668): [occl804] f=5730 wait=1 procs=1 q=11 qnz=1 pend=0 rep=11 repnz=1 repmax=307200 v=0,0,0,0,307200,0,0,0,0,0,0
10-04 20:38:23.813 I/hakuX-lane(16668): [occl804] f=5731 wait=1 procs=1 q=5 qnz=1 pend=0 rep=5 repnz=1 repmax=307200 v=0,0,0,0,307200
10-04 20:38:23.829 I/hakuX-lane(16668): [occl804] f=5732 wait=1 procs=1 q=11 qnz=1 pend=0 rep=11 repnz=1 repmax=307200 v=0,0,0,0,307200,0,0,0,0,0,0
10-04 20:38:23.847 I/hakuX-lane(16668): [occl804] f=5733 wait=1 procs=2 q=10 qnz=2 pend=0 rep=10 repnz=2 repmax=307200 v=0,0,0,0,307200,0,0,0,0,307200
10-04 20:38:23.873 I/hakuX-lane(16668): [occl804] f=5734 wait=1 procs=2 q=11 qnz=1 pend=0 rep=11 repnz=1 repmax=307200 v=0,0,0,0,0,0,0,0,0,0,307200
10-04 20:38:23.880 I/hakuX-lane(16668): [occl804] f=5735 wait=1 procs=1 q=5 qnz=1 pend=0 rep=5 repnz=1 repmax=307200 v=0,0,0,0,307200
10-04 20:38:23.892 I/hakuX-lane(16668): [occl804] f=5736 wait=1 procs=1 q=6 qnz=0 pend=0 rep=6 repnz=0 repmax=0 v=0,0,0,0,0,0
10-04 20:38:23.909 I/hakuX-lane(16668): [occl804] f=5737 wait=1 procs=1 q=5 qnz=1 pend=0 rep=5 repnz=1 repmax=307200 v=0,0,0,0,307200
10-04 20:38:23.926 I/hakuX-lane(16668): [occl804] f=5738 wait=1 procs=1 q=11 qnz=1 pend=0 rep=11 repnz=1 repmax=307200 v=0,0,0,0,307200,0,0,0,0,0,0
10-04 20:38:23.942 I/hakuX-lane(16668): [occl804] f=5739 wait=1 procs=1 q=5 qnz=1 pend=0 rep=5 repnz=1 repmax=307200 v=0,0,0,0,307200
10-04 20:38:23.961 I/hakuX-lane(16668): [occl804] f=5740 wait=1 procs=1 q=6 qnz=0 pend=0 rep=6 repnz=0 repmax=0 v=0,0,0,0,0,0
10-04 20:38:23.988 I/hakuX-lane(16668): [occl804] f=5741 wait=1 procs=2 q=10 qnz=2 pend=0 rep=10 repnz=2 repmax=307200 v=0,0,0,0,307200,0,0,0,0,307200
10-04 20:38:24.021 I/hakuX-lane(16668): [occl804] f=5742 wait=1 procs=2 q=11 qnz=1 pend=0 rep=11 repnz=1 repmax=307200 v=0,0,0,0,0,0,0,0,0,0,307200
10-04 20:38:24.050 I/hakuX-lane(16668): [occl804] f=5744 wait=1 procs=2 q=16 qnz=2 pend=0 rep=16 repnz=2 repmax=307200 v=0,0,0,0,307200,0,0,0,0,0,0,0,0,0,0,307200
10-04 20:38:24.080 I/hakuX-lane(16668): [occl804] f=5746 wait=1 procs=2 q=16 qnz=2 pend=0 rep=16 repnz=2 repmax=307200 v=0,0,0,0,307200,0,0,0,0,0,0,0,0,0,0,307200
10-04 20:38:24.101 I/hakuX-lane(16668): [occl804] f=5748 wait=1 procs=1 q=11 qnz=1 pend=0 rep=11 repnz=1 repmax=307200 v=0,0,0,0,307200,0,0,0,0,0,0
10-04 20:38:24.118 I/hakuX-lane(16668): [occl804] f=5749 wait=1 procs=2 q=10 qnz=2 pend=0 rep=10 repnz=2 repmax=307200 v=0,0,0,0,307200,0,0,0,0,307200
10-04 20:38:24.133 I/hakuX-lane(16668): [occl804] f=5750 wait=1 procs=1 q=6 qnz=0 pend=0 rep=6 repnz=0 repmax=0 v=0,0,0,0,0,0
10-04 20:38:24.150 I/hakuX-lane(16668): [occl804] f=5751 wait=1 procs=2 q=10 qnz=2 pend=0 rep=10 repnz=2 repmax=307200 v=0,0,0,0,307200,0,0,0,0,307200
10-04 20:38:24.164 I/hakuX-lane(16668): [occl804] f=5752 wait=1 procs=1 q=6 qnz=0 pend=0 rep=6 repnz=0 repmax=0 v=0,0,0,0,0,0
10-04 20:38:24.182 I/hakuX-lane(16668): [occl804] f=5753 wait=1 procs=1 q=5 qnz=1 pend=0 rep=5 repnz=1 repmax=307200 v=0,0,0,0,307200
10-04 20:38:24.197 I/hakuX-lane(16668): [occl804] f=5754 wait=1 procs=1 q=11 qnz=1 pend=0 rep=11 repnz=1 repmax=307200 v=0,0,0,0,307200,0,0,0,0,0,0
10-04 20:38:24.218 I/hakuX-lane(16668): [occl804] f=5755 wait=1 procs=2 q=10 qnz=2 pend=0 rep=10 repnz=2 repmax=307200 v=0,0,0,0,307200,0,0,0,0,307200
10-04 20:38:24.244 I/hakuX-lane(16668): [occl804] f=5756 wait=1 procs=2 q=11 qnz=1 pend=0 rep=11 repnz=1 repmax=307200 v=0,0,0,0,0,0,0,0,0,0,307200
10-04 20:38:24.252 I/hakuX-lane(16668): [occl804] f=5757 wait=1 procs=1 q=5 qnz=1 pend=0 rep=5 repnz=1 repmax=307200 v=0,0,0,0,307200
10-04 20:38:24.277 I/hakuX-lane(16668): [occl804] f=5758 wait=1 procs=2 q=11 qnz=1 pend=0 rep=11 repnz=1 repmax=307200 v=0,0,0,0,0,0,0,0,0,0,307200
10-04 20:38:24.284 I/hakuX-lane(16668): [occl804] f=5759 wait=1 procs=1 q=5 qnz=1 pend=0 rep=5 repnz=1 repmax=307200 v=0,0,0,0,307200
10-04 20:38:24.308 I/hakuX-lane(16668): [occl804] f=5760 wait=1 procs=2 q=11 qnz=1 pend=0 rep=11 repnz=1 repmax=307200 v=0,0,0,0,0,0,0,0,0,0,307200
10-04 20:38:24.315 I/hakuX-lane(16668): [occl804] f=5761 wait=1 procs=1 q=5 qnz=1 pend=0 rep=5 repnz=1 repmax=307200 v=0,0,0,0,307200
10-04 20:38:24.329 I/hakuX-lane(16668): [occl804] f=5762 wait=1 procs=1 q=6 qnz=0 pend=0 rep=6 repnz=0 repmax=0 v=0,0,0,0,0,0
10-04 20:38:24.344 I/hakuX-lane(16668): [occl804] f=5763 wait=1 procs=1 q=5 qnz=1 pend=0 rep=5 repnz=1 repmax=307200 v=0,0,0,0,307200
10-04 20:38:24.361 I/hakuX-lane(16668): [occl804] f=5764 wait=1 procs=1 q=11 qnz=1 pend=0 rep=11 repnz=1 repmax=307200 v=0,0,0,0,307200,0,0,0,0,0,0
10-04 20:38:24.379 I/hakuX-lane(16668): [occl804] f=5765 wait=1 procs=2 q=10 qnz=2 pend=0 rep=10 repnz=2 repmax=307200 v=0,0,0,0,307200,0,0,0,0,307200
10-04 20:38:24.393 I/hakuX-lane(16668): [occl804] f=5766 wait=1 procs=1 q=6 qnz=0 pend=0 rep=6 repnz=0 repmax=0 v=0,0,0,0,0,0
10-04 20:38:24.420 I/hakuX-lane(16668): [occl804] f=5767 wait=1 procs=2 q=10 qnz=2 pend=0 rep=10 repnz=2 repmax=307200 v=0,0,0,0,307200,0,0,0,0,307200
10-04 20:38:24.447 I/hakuX-lane(16668): [occl804] f=5768 wait=1 procs=2 q=11 qnz=1 pend=0 rep=11 repnz=1 repmax=307200 v=0,0,0,0,0,0,0,0,0,0,307200
10-04 20:38:24.464 I/hakuX-lane(16668): [occl804] f=5769 wait=1 procs=2 q=11 qnz=1 pend=0 rep=11 repnz=1 repmax=307200 v=0,0,0,0,307200,0,0,0,0,0,0
10-04 20:38:24.480 I/hakuX-lane(16668): [occl804] f=5770 wait=1 procs=1 q=5 qnz=1 pend=0 rep=5 repnz=1 repmax=307200 v=0,0,0,0,307200
10-04 20:38:24.487 I/hakuX-lane(16668): [occl804] f=5771 wait=1 procs=1 q=5 qnz=1 pend=0 rep=5 repnz=1 repmax=307200 v=0,0,0,0,307200
10-04 20:38:24.515 I/hakuX-lane(16668): [occl804] f=5772 wait=1 procs=2 q=11 qnz=1 pend=0 rep=11 repnz=1 repmax=307200 v=0,0,0,0,0,0,0,0,0,0,307200
10-04 20:38:24.522 I/hakuX-lane(16668): [occl804] f=5773 wait=1 procs=1 q=5 qnz=1 pend=0 rep=5 repnz=1 repmax=307200 v=0,0,0,0,307200
10-04 20:38:24.536 I/hakuX-lane(16668): [occl804] f=5774 wait=1 procs=1 q=6 qnz=0 pend=0 rep=6 repnz=0 repmax=0 v=0,0,0,0,0,0
10-04 20:38:24.552 I/hakuX-lane(16668): [occl804] f=5775 wait=1 procs=2 q=10 qnz=2 pend=0 rep=10 repnz=2 repmax=307200 v=0,0,0,0,307200,0,0,0,0,307200
10-04 20:38:24.565 I/hakuX-lane(16668): [occl804] f=5776 wait=1 procs=1 q=6 qnz=0 pend=0 rep=6 repnz=0 repmax=0 v=0,0,0,0,0,0
10-04 20:38:24.581 I/hakuX-lane(16668): [occl804] f=5777 wait=1 procs=1 q=5 qnz=1 pend=0 rep=5 repnz=1 repmax=307200 v=0,0,0,0,307200
10-04 20:38:24.602 I/hakuX-lane(16668): [occl804] f=5778 wait=1 procs=1 q=11 qnz=1 pend=0 rep=11 repnz=1 repmax=307200 v=0,0,0,0,307200,0,0,0,0,0,0
10-04 20:38:24.619 I/hakuX-lane(16668): [occl804] f=5779 wait=1 procs=1 q=5 qnz=1 pend=0 rep=5 repnz=1 repmax=307200 v=0,0,0,0,307200
10-04 20:38:24.634 I/hakuX-lane(16668): [occl804] f=5780 wait=1 procs=1 q=11 qnz=1 pend=0 rep=11 repnz=1 repmax=307200 v=0,0,0,0,307200,0,0,0,0,0,0
10-04 20:38:24.649 I/hakuX-lane(16668): [occl804] f=5781 wait=1 procs=1 q=5 qnz=1 pend=0 rep=5 repnz=1 repmax=307200 v=0,0,0,0,307200
10-04 20:38:24.680 I/hakuX-lane(16668): [occl804] f=5782 wait=1 procs=2 q=16 qnz=2 pend=0 rep=16 repnz=2 repmax=307200 v=0,0,0,0,307200,0,0,0,0,0,0,0,0,0,0,307200
10-04 20:38:24.696 I/hakuX-lane(16668): [occl804] f=5784 wait=1 procs=1 q=11 qnz=1 pend=0 rep=11 repnz=1 repmax=307200 v=0,0,0,0,307200,0,0,0,0,0,0
10-04 20:38:24.714 I/hakuX-lane(16668): [occl804] f=5785 wait=1 procs=2 q=10 qnz=2 pend=0 rep=10 repnz=2 repmax=307200 v=0,0,0,0,307200,0,0,0,0,307200
10-04 20:38:24.733 I/hakuX-lane(16668): [occl804] f=5786 wait=1 procs=1 q=6 qnz=0 pend=0 rep=6 repnz=0 repmax=0 v=0,0,0,0,0,0
10-04 20:38:24.749 I/hakuX-lane(16668): [occl804] f=5787 wait=1 procs=1 q=5 qnz=1 pend=0 rep=5 repnz=1 repmax=307200 v=0,0,0,0,307200
10-04 20:38:24.764 I/hakuX-lane(16668): [occl804] f=5788 wait=1 procs=1 q=11 qnz=1 pend=0 rep=11 repnz=1 repmax=307200 v=0,0,0,0,307200,0,0,0,0,0,0
10-04 20:38:24.780 I/hakuX-lane(16668): [occl804] f=5789 wait=1 procs=1 q=5 qnz=1 pend=0 rep=5 repnz=1 repmax=307200 v=0,0,0,0,307200
10-04 20:38:24.813 I/hakuX-lane(16668): [occl804] f=5790 wait=1 procs=2 q=16 qnz=2 pend=0 rep=16 repnz=2 repmax=307200 v=0,0,0,0,307200,0,0,0,0,0,0,0,0,0,0,307200
10-04 20:38:24.829 I/hakuX-lane(16668): [occl804] f=5792 wait=1 procs=1 q=11 qnz=1 pend=0 rep=11 repnz=1 repmax=307200 v=0,0,0,0,307200,0,0,0,0,0,0
10-04 20:38:24.850 I/hakuX-lane(16668): [occl804] f=5793 wait=1 procs=1 q=5 qnz=1 pend=0 rep=5 repnz=1 repmax=307200 v=0,0,0,0,307200
10-04 20:38:24.866 I/hakuX-lane(16668): [occl804] f=5794 wait=1 procs=1 q=11 qnz=1 pend=0 rep=11 repnz=1 repmax=307200 v=0,0,0,0,307200,0,0,0,0,0,0
10-04 20:38:24.884 I/hakuX-lane(16668): [occl804] f=5795 wait=1 procs=2 q=10 qnz=2 pend=0 rep=10 repnz=2 repmax=307200 v=0,0,0,0,307200,0,0,0,0,307200
10-04 20:38:24.897 I/hakuX-lane(16668): [occl804] f=5796 wait=1 procs=1 q=6 qnz=0 pend=0 rep=6 repnz=0 repmax=0 v=0,0,0,0,0,0
10-04 20:38:24.919 I/hakuX-lane(16668): [occl804] f=5797 wait=1 procs=1 q=5 qnz=1 pend=0 rep=5 repnz=1 repmax=307200 v=0,0,0,0,307200
10-04 20:38:24.936 I/hakuX-lane(16668): [occl804] f=5798 wait=1 procs=1 q=11 qnz=1 pend=0 rep=11 repnz=1 repmax=307200 v=0,0,0,0,307200,0,0,0,0,0,0
10-04 20:38:24.949 I/hakuX-lane(16668): [occl804] f=5799 wait=1 procs=1 q=5 qnz=1 pend=0 rep=5 repnz=1 repmax=307200 v=0,0,0,0,307200
10-04 20:38:24.980 I/hakuX-lane(16668): [occl804] f=5800 wait=1 procs=2 q=16 qnz=2 pend=0 rep=16 repnz=2 repmax=307200 v=0,0,0,0,307200,0,0,0,0,0,0,0,0,0,0,307200
10-04 20:38:24.996 I/hakuX-lane(16668): [occl804] f=5802 wait=1 procs=1 q=11 qnz=1 pend=0 rep=11 repnz=1 repmax=307200 v=0,0,0,0,307200,0,0,0,0,0,0
10-04 20:38:25.012 I/hakuX-lane(16668): [occl804] f=5803 wait=1 procs=1 q=5 qnz=1 pend=0 rep=5 repnz=1 repmax=307200 v=0,0,0,0,307200
10-04 20:38:25.044 I/hakuX-lane(16668): [occl804] f=5804 wait=1 procs=2 q=16 qnz=2 pend=0 rep=16 repnz=2 repmax=307200 v=0,0,0,0,307200,0,0,0,0,0,0,0,0,0,0,307200
10-04 20:38:25.060 I/hakuX-lane(16668): [occl804] f=5806 wait=1 procs=1 q=11 qnz=1 pend=0 rep=11 repnz=1 repmax=307200 v=0,0,0,0,307200,0,0,0,0,0,0
10-04 20:38:25.077 I/hakuX-lane(16668): [occl804] f=5807 wait=1 procs=1 q=5 qnz=1 pend=0 rep=5 repnz=1 repmax=307200 v=0,0,0,0,307200
10-04 20:38:25.111 I/hakuX-lane(16668): [occl804] f=5808 wait=1 procs=2 q=16 qnz=2 pend=0 rep=16 repnz=2 repmax=307200 v=0,0,0,0,307200,0,0,0,0,0,0,0,0,0,0,307200
10-04 20:38:25.118 I/hakuX-lane(16668): [occl804] f=5809 wait=1 procs=1 q=5 qnz=1 pend=0 rep=5 repnz=1 repmax=307200 v=0,0,0,0,307200
10-04 20:38:25.137 I/hakuX-lane(16668): [occl804] f=5810 wait=1 procs=1 q=6 qnz=0 pend=0 rep=6 repnz=0 repmax=0 v=0,0,0,0,0,0
10-04 20:38:25.158 I/hakuX-lane(16668): [occl804] f=5811 wait=1 procs=2 q=10 qnz=2 pend=0 rep=10 repnz=2 repmax=307200 v=0,0,0,0,307200,0,0,0,0,307200
10-04 20:38:25.170 I/hakuX-lane(16668): [occl804] f=5812 wait=1 procs=1 q=6 qnz=0 pend=0 rep=6 repnz=0 repmax=0 v=0,0,0,0,0,0
10-04 20:38:25.187 I/hakuX-lane(16668): [occl804] f=5813 wait=1 procs=2 q=10 qnz=2 pend=0 rep=10 repnz=2 repmax=307200 v=0,0,0,0,307200,0,0,0,0,307200
10-04 20:38:25.200 I/hakuX-lane(16668): [occl804] f=5814 wait=1 procs=1 q=6 qnz=0 pend=0 rep=6 repnz=0 repmax=0 v=0,0,0,0,0,0
10-04 20:38:25.216 I/hakuX-lane(16668): [occl804] f=5815 wait=1 procs=1 q=5 qnz=1 pend=0 rep=5 repnz=1 repmax=307200 v=0,0,0,0,307200
10-04 20:38:25.233 I/hakuX-lane(16668): [occl804] f=5816 wait=1 procs=1 q=11 qnz=1 pend=0 rep=11 repnz=1 repmax=307200 v=0,0,0,0,307200,0,0,0,0,0,0
10-04 20:38:25.249 I/hakuX-lane(16668): [occl804] f=5817 wait=1 procs=2 q=10 qnz=2 pend=0 rep=10 repnz=2 repmax=307200 v=0,0,0,0,307200,0,0,0,0,307200
10-04 20:38:25.262 I/hakuX-lane(16668): [occl804] f=5818 wait=1 procs=1 q=6 qnz=0 pend=0 rep=6 repnz=0 repmax=0 v=0,0,0,0,0,0
10-04 20:38:25.278 I/hakuX-lane(16668): [occl804] f=5819 wait=1 procs=1 q=5 qnz=1 pend=0 rep=5 repnz=1 repmax=307200 v=0,0,0,0,307200
10-04 20:38:25.294 I/hakuX-lane(16668): [occl804] f=5820 wait=1 procs=1 q=11 qnz=1 pend=0 rep=11 repnz=1 repmax=307200 v=0,0,0,0,307200,0,0,0,0,0,0
10-04 20:38:25.310 I/hakuX-lane(16668): [occl804] f=5821 wait=1 procs=1 q=5 qnz=1 pend=0 rep=5 repnz=1 repmax=307200 v=0,0,0,0,307200
10-04 20:38:25.327 I/hakuX-lane(16668): [occl804] f=5822 wait=1 procs=1 q=11 qnz=1 pend=0 rep=11 repnz=1 repmax=307200 v=0,0,0,0,307200,0,0,0,0,0,0
10-04 20:38:25.344 I/hakuX-lane(16668): [occl804] f=5823 wait=1 procs=1 q=5 qnz=1 pend=0 rep=5 repnz=1 repmax=307200 v=0,0,0,0,307200
10-04 20:38:25.382 I/hakuX-lane(16668): [occl804] f=5824 wait=1 procs=2 q=16 qnz=2 pend=0 rep=16 repnz=2 repmax=307200 v=0,0,0,0,307200,0,0,0,0,0,0,0,0,0,0,307200
10-04 20:38:25.396 I/hakuX-lane(16668): [occl804] f=5826 wait=1 procs=1 q=6 qnz=0 pend=0 rep=6 repnz=0 repmax=0 v=0,0,0,0,0,0
10-04 20:38:25.412 I/hakuX-lane(16668): [occl804] f=5827 wait=1 procs=1 q=5 qnz=1 pend=0 rep=5 repnz=1 repmax=307200 v=0,0,0,0,307200
10-04 20:38:25.434 I/hakuX-lane(16668): [occl804] f=5828 wait=1 procs=1 q=6 qnz=0 pend=0 rep=6 repnz=0 repmax=0 v=0,0,0,0,0,0
10-04 20:38:25.453 I/hakuX-lane(16668): [occl804] f=5829 wait=1 procs=2 q=10 qnz=2 pend=0 rep=10 repnz=2 repmax=307200 v=0,0,0,0,307200,0,0,0,0,307200
10-04 20:38:25.469 I/hakuX-lane(16668): [occl804] f=5830 wait=1 procs=1 q=6 qnz=0 pend=0 rep=6 repnz=0 repmax=0 v=0,0,0,0,0,0
10-04 20:38:25.486 I/hakuX-lane(16668): [occl804] f=5831 wait=1 procs=1 q=5 qnz=1 pend=0 rep=5 repnz=1 repmax=307200 v=0,0,0,0,307200
10-04 20:38:25.506 I/hakuX-lane(16668): [occl804] f=5832 wait=1 procs=1 q=6 qnz=0 pend=0 rep=6 repnz=0 repmax=0 v=0,0,0,0,0,0
10-04 20:38:25.529 I/hakuX-lane(16668): [occl804] f=5833 wait=1 procs=2 q=10 qnz=2 pend=0 rep=10 repnz=2 repmax=307200 v=0,0,0,0,307200,0,0,0,0,307200
10-04 20:38:25.568 I/hakuX-lane(16668): [occl804] f=5834 wait=1 procs=2 q=11 qnz=1 pend=0 rep=11 repnz=1 repmax=307200 v=0,0,0,0,0,0,0,0,0,0,307200
10-04 20:38:25.576 I/hakuX-lane(16668): [occl804] f=5835 wait=1 procs=1 q=5 qnz=1 pend=0 rep=5 repnz=1 repmax=307200 v=0,0,0,0,307200
10-04 20:38:25.611 I/hakuX-lane(16668): [occl804] f=5836 wait=1 procs=2 q=11 qnz=1 pend=0 rep=11 repnz=1 repmax=307200 v=0,0,0,0,0,0,0,0,0,0,307200
10-04 20:38:25.619 I/hakuX-lane(16668): [occl804] f=5837 wait=1 procs=1 q=5 qnz=1 pend=0 rep=5 repnz=1 repmax=307200 v=0,0,0,0,307200
10-04 20:38:25.643 I/hakuX-lane(16668): [occl804] f=5838 wait=1 procs=2 q=11 qnz=1 pend=0 rep=11 repnz=1 repmax=307200 v=0,0,0,0,0,0,0,0,0,0,307200
10-04 20:38:25.652 I/hakuX-lane(16668): [occl804] f=5839 wait=1 procs=1 q=5 qnz=1 pend=0 rep=5 repnz=1 repmax=307200 v=0,0,0,0,307200
10-04 20:38:25.679 I/hakuX-lane(16668): [occl804] f=5840 wait=1 procs=2 q=11 qnz=1 pend=0 rep=11 repnz=1 repmax=307200 v=0,0,0,0,0,0,0,0,0,0,307200
10-04 20:38:25.688 I/hakuX-lane(16668): [occl804] f=5841 wait=1 procs=1 q=5 qnz=1 pend=0 rep=5 repnz=1 repmax=307200 v=0,0,0,0,307200
10-04 20:38:25.714 I/hakuX-lane(16668): [occl804] f=5842 wait=1 procs=2 q=11 qnz=1 pend=0 rep=11 repnz=1 repmax=307200 v=0,0,0,0,0,0,0,0,0,0,307200
10-04 20:38:25.721 I/hakuX-lane(16668): [occl804] f=5843 wait=1 procs=1 q=5 qnz=1 pend=0 rep=5 repnz=1 repmax=307200 v=0,0,0,0,307200
10-04 20:38:25.749 I/hakuX-lane(16668): [occl804] f=5844 wait=1 procs=2 q=11 qnz=1 pend=0 rep=11 repnz=1 repmax=307200 v=0,0,0,0,0,0,0,0,0,0,307200
10-04 20:38:25.757 I/hakuX-lane(16668): [occl804] f=5845 wait=1 procs=1 q=5 qnz=1 pend=0 rep=5 repnz=1 repmax=307200 v=0,0,0,0,307200
10-04 20:38:25.783 I/hakuX-lane(16668): [occl804] f=5846 wait=1 procs=2 q=11 qnz=1 pend=0 rep=11 repnz=1 repmax=307200 v=0,0,0,0,0,0,0,0,0,0,307200
10-04 20:38:25.789 I/hakuX-lane(16668): [occl804] f=5847 wait=1 procs=1 q=5 qnz=1 pend=0 rep=5 repnz=1 repmax=307200 v=0,0,0,0,307200
10-04 20:38:25.817 I/hakuX-lane(16668): [occl804] f=5848 wait=1 procs=2 q=11 qnz=1 pend=0 rep=11 repnz=1 repmax=307200 v=0,0,0,0,0,0,0,0,0,0,307200
10-04 20:38:25.823 I/hakuX-lane(16668): [occl804] f=5849 wait=1 procs=1 q=5 qnz=1 pend=0 rep=5 repnz=1 repmax=307200 v=0,0,0,0,307200
10-04 20:38:25.853 I/hakuX-lane(16668): [occl804] f=5850 wait=1 procs=2 q=11 qnz=1 pend=0 rep=11 repnz=1 repmax=307200 v=0,0,0,0,0,0,0,0,0,0,307200
10-04 20:38:25.860 I/hakuX-lane(16668): [occl804] f=5851 wait=1 procs=1 q=5 qnz=1 pend=0 rep=5 repnz=1 repmax=307200 v=0,0,0,0,307200
10-04 20:38:25.895 I/hakuX-lane(16668): [occl804] f=5852 wait=1 procs=2 q=11 qnz=1 pend=0 rep=11 repnz=1 repmax=307200 v=0,0,0,0,0,0,0,0,0,0,307200
10-04 20:38:25.903 I/hakuX-lane(16668): [occl804] f=5853 wait=1 procs=1 q=5 qnz=1 pend=0 rep=5 repnz=1 repmax=307200 v=0,0,0,0,307200
10-04 20:38:25.915 I/hakuX-lane(16668): [occl804] f=5854 wait=1 procs=1 q=6 qnz=0 pend=0 rep=6 repnz=0 repmax=0 v=0,0,0,0,0,0
10-04 20:38:25.930 I/hakuX-lane(16668): [occl804] f=5855 wait=1 procs=1 q=5 qnz=1 pend=0 rep=5 repnz=1 repmax=307200 v=0,0,0,0,307200
10-04 20:38:25.945 I/hakuX-lane(16668): [occl804] f=5856 wait=1 procs=1 q=11 qnz=1 pend=0 rep=11 repnz=1 repmax=307200 v=0,0,0,0,307200,0,0,0,0,0,0
10-04 20:38:25.962 I/hakuX-lane(16668): [occl804] f=5857 wait=1 procs=2 q=10 qnz=2 pend=0 rep=10 repnz=2 repmax=307200 v=0,0,0,0,307200,0,0,0,0,307200
10-04 20:38:25.989 I/hakuX-lane(16668): [occl804] f=5858 wait=1 procs=2 q=11 qnz=1 pend=0 rep=11 repnz=1 repmax=307200 v=0,0,0,0,0,0,0,0,0,0,307200
10-04 20:38:26.005 I/hakuX-lane(16668): [occl804] f=5860 wait=1 procs=1 q=11 qnz=1 pend=0 rep=11 repnz=1 repmax=307200 v=0,0,0,0,307200,0,0,0,0,0,0
10-04 20:38:26.025 I/hakuX-lane(16668): [occl804] f=5861 wait=1 procs=2 q=10 qnz=2 pend=0 rep=10 repnz=2 repmax=307200 v=0,0,0,0,307200,0,0,0,0,307200
10-04 20:38:26.048 I/hakuX-lane(16668): [occl804] f=5862 wait=1 procs=2 q=11 qnz=1 pend=0 rep=11 repnz=1 repmax=307200 v=0,0,0,0,0,0,0,0,0,0,307200
10-04 20:38:26.055 I/hakuX-lane(16668): [occl804] f=5863 wait=1 procs=1 q=5 qnz=1 pend=0 rep=5 repnz=1 repmax=307200 v=0,0,0,0,307200
10-04 20:38:26.088 I/hakuX-lane(16668): [occl804] f=5864 wait=1 procs=2 q=11 qnz=1 pend=0 rep=11 repnz=1 repmax=307200 v=0,0,0,0,0,0,0,0,0,0,307200
10-04 20:38:26.101 I/hakuX-lane(16668): [occl804] f=5866 wait=1 procs=1 q=11 qnz=1 pend=0 rep=11 repnz=1 repmax=307200 v=0,0,0,0,307200,0,0,0,0,0,0
10-04 20:38:26.118 I/hakuX-lane(16668): [occl804] f=5867 wait=1 procs=2 q=10 qnz=2 pend=0 rep=10 repnz=2 repmax=307200 v=0,0,0,0,307200,0,0,0,0,307200
10-04 20:38:26.133 I/hakuX-lane(16668): [occl804] f=5868 wait=1 procs=1 q=6 qnz=0 pend=0 rep=6 repnz=0 repmax=0 v=0,0,0,0,0,0
10-04 20:38:26.148 I/hakuX-lane(16668): [occl804] f=5869 wait=1 procs=1 q=5 qnz=1 pend=0 rep=5 repnz=1 repmax=307200 v=0,0,0,0,307200
10-04 20:38:26.181 I/hakuX-lane(16668): [occl804] f=5870 wait=1 procs=2 q=16 qnz=2 pend=0 rep=16 repnz=2 repmax=307200 v=0,0,0,0,307200,0,0,0,0,0,0,0,0,0,0,307200
10-04 20:38:26.213 I/hakuX-lane(16668): [occl804] f=5872 wait=1 procs=2 q=16 qnz=2 pend=0 rep=16 repnz=2 repmax=307200 v=0,0,0,0,307200,0,0,0,0,0,0,0,0,0,0,307200
10-04 20:38:26.237 I/hakuX-lane(16668): [occl804] f=5874 wait=1 procs=1 q=11 qnz=1 pend=0 rep=11 repnz=1 repmax=307200 v=0,0,0,0,307200,0,0,0,0,0,0
10-04 20:38:26.251 I/hakuX-lane(16668): [occl804] f=5875 wait=1 procs=1 q=5 qnz=1 pend=0 rep=5 repnz=1 repmax=307200 v=0,0,0,0,307200
10-04 20:38:26.269 I/hakuX-lane(16668): [occl804] f=5876 wait=1 procs=1 q=11 qnz=1 pend=0 rep=11 repnz=1 repmax=307200 v=0,0,0,0,307200,0,0,0,0,0,0
10-04 20:38:26.282 I/hakuX-lane(16668): [occl804] f=5877 wait=1 procs=1 q=5 qnz=1 pend=0 rep=5 repnz=1 repmax=307200 v=0,0,0,0,307200
10-04 20:38:26.309 I/hakuX-lane(16668): [occl804] f=5878 wait=1 procs=2 q=16 qnz=2 pend=0 rep=16 repnz=2 repmax=307200 v=0,0,0,0,307200,0,0,0,0,0,0,0,0,0,0,307200
10-04 20:38:26.316 I/hakuX-lane(16668): [occl804] f=5879 wait=1 procs=1 q=5 qnz=1 pend=0 rep=5 repnz=1 repmax=307200 v=0,0,0,0,307200
10-04 20:38:26.331 I/hakuX-lane(16668): [occl804] f=5880 wait=1 procs=1 q=6 qnz=0 pend=0 rep=6 repnz=0 repmax=0 v=0,0,0,0,0,0
10-04 20:38:26.348 I/hakuX-lane(16668): [occl804] f=5881 wait=1 procs=2 q=10 qnz=2 pend=0 rep=10 repnz=2 repmax=307200 v=0,0,0,0,307200,0,0,0,0,307200
10-04 20:38:26.362 I/hakuX-lane(16668): [occl804] f=5882 wait=1 procs=1 q=6 qnz=0 pend=0 rep=6 repnz=0 repmax=0 v=0,0,0,0,0,0
10-04 20:38:26.380 I/hakuX-lane(16668): [occl804] f=5883 wait=1 procs=1 q=5 qnz=1 pend=0 rep=5 repnz=1 repmax=307200 v=0,0,0,0,307200
10-04 20:38:26.395 I/hakuX-lane(16668): [occl804] f=5884 wait=1 procs=1 q=11 qnz=1 pend=0 rep=11 repnz=1 repmax=307200 v=0,0,0,0,307200,0,0,0,0,0,0
10-04 20:38:26.412 I/hakuX-lane(16668): [occl804] f=5885 wait=1 procs=1 q=5 qnz=1 pend=0 rep=5 repnz=1 repmax=307200 v=0,0,0,0,307200
10-04 20:38:26.429 I/hakuX-lane(16668): [occl804] f=5886 wait=1 procs=1 q=11 qnz=1 pend=0 rep=11 repnz=1 repmax=307200 v=0,0,0,0,307200,0,0,0,0,0,0
10-04 20:38:26.446 I/hakuX-lane(16668): [occl804] f=5887 wait=1 procs=1 q=5 qnz=1 pend=0 rep=5 repnz=1 repmax=307200 v=0,0,0,0,307200
10-04 20:38:26.479 I/hakuX-lane(16668): [occl804] f=5888 wait=1 procs=1 q=11 qnz=1 pend=0 rep=11 repnz=1 repmax=307200 v=0,0,0,0,307200,0,0,0,0,0,0
10-04 20:38:26.518 I/hakuX-lane(16668): [occl804] f=5890 wait=1 procs=2 q=16 qnz=2 pend=0 rep=16 repnz=2 repmax=307200 v=0,0,0,0,307200,0,0,0,0,0,0,0,0,0,0,307200
10-04 20:38:26.526 I/hakuX-lane(16668): [occl804] f=5891 wait=1 procs=1 q=5 qnz=1 pend=0 rep=5 repnz=1 repmax=307200 v=0,0,0,0,307200
10-04 20:38:26.559 I/hakuX-lane(16668): [occl804] f=5892 wait=1 procs=2 q=11 qnz=0 pend=0 rep=11 repnz=0 repmax=0 v=0,0,0,0,0,0,0,0,0,0,0
10-04 20:38:26.566 I/hakuX-lane(16668): [occl804] f=5893 wait=1 procs=1 q=5 qnz=0 pend=0 rep=5 repnz=0 repmax=0 v=0,0,0,0,0
10-04 20:38:26.590 I/hakuX-lane(16668): [occl804] f=5894 wait=1 procs=2 q=11 qnz=0 pend=0 rep=11 repnz=0 repmax=0 v=0,0,0,0,0,0,0,0,0,0,0
10-04 20:38:26.597 I/hakuX-lane(16668): [occl804] f=5895 wait=1 procs=1 q=5 qnz=0 pend=0 rep=5 repnz=0 repmax=0 v=0,0,0,0,0
10-04 20:38:26.627 I/hakuX-lane(16668): [occl804] f=5896 wait=1 procs=2 q=11 qnz=0 pend=0 rep=11 repnz=0 repmax=0 v=0,0,0,0,0,0,0,0,0,0,0
10-04 20:38:26.634 I/hakuX-lane(16668): [occl804] f=5897 wait=1 procs=1 q=5 qnz=0 pend=0 rep=5 repnz=0 repmax=0 v=0,0,0,0,0
10-04 20:38:26.665 I/hakuX-lane(16668): [occl804] f=5898 wait=1 procs=2 q=11 qnz=0 pend=0 rep=11 repnz=0 repmax=0 v=0,0,0,0,0,0,0,0,0,0,0
10-04 20:38:26.672 I/hakuX-lane(16668): [occl804] f=5899 wait=1 procs=1 q=5 qnz=0 pend=0 rep=5 repnz=0 repmax=0 v=0,0,0,0,0
10-04 20:38:26.704 I/hakuX-lane(16668): [occl804] f=5900 wait=1 procs=2 q=11 qnz=0 pend=0 rep=11 repnz=0 repmax=0 v=0,0,0,0,0,0,0,0,0,0,0
10-04 20:38:26.711 I/hakuX-lane(16668): [occl804] f=5901 wait=1 procs=1 q=5 qnz=0 pend=0 rep=5 repnz=0 repmax=0 v=0,0,0,0,0
10-04 20:38:26.744 I/hakuX-lane(16668): [occl804] f=5902 wait=1 procs=2 q=11 qnz=0 pend=0 rep=11 repnz=0 repmax=0 v=0,0,0,0,0,0,0,0,0,0,0
10-04 20:38:26.751 I/hakuX-lane(16668): [occl804] f=5903 wait=1 procs=1 q=5 qnz=0 pend=0 rep=5 repnz=0 repmax=0 v=0,0,0,0,0
10-04 20:38:26.781 I/hakuX-lane(16668): [occl804] f=5904 wait=1 procs=2 q=11 qnz=0 pend=0 rep=11 repnz=0 repmax=0 v=0,0,0,0,0,0,0,0,0,0,0
10-04 20:38:26.790 I/hakuX-lane(16668): [occl804] f=5905 wait=1 procs=1 q=5 qnz=0 pend=0 rep=5 repnz=0 repmax=0 v=0,0,0,0,0
10-04 20:38:26.823 I/hakuX-lane(16668): [occl804] f=5906 wait=1 procs=2 q=11 qnz=0 pend=0 rep=11 repnz=0 repmax=0 v=0,0,0,0,0,0,0,0,0,0,0
10-04 20:38:26.830 I/hakuX-lane(16668): [occl804] f=5907 wait=1 procs=1 q=5 qnz=0 pend=0 rep=5 repnz=0 repmax=0 v=0,0,0,0,0
10-04 20:38:26.866 I/hakuX-lane(16668): [occl804] f=5908 wait=1 procs=2 q=11 qnz=0 pend=0 rep=11 repnz=0 repmax=0 v=0,0,0,0,0,0,0,0,0,0,0
10-04 20:38:26.872 I/hakuX-lane(16668): [occl804] f=5909 wait=1 procs=1 q=5 qnz=0 pend=0 rep=5 repnz=0 repmax=0 v=0,0,0,0,0
10-04 20:38:26.903 I/hakuX-lane(16668): [occl804] f=5910 wait=1 procs=2 q=11 qnz=0 pend=0 rep=11 repnz=0 repmax=0 v=0,0,0,0,0,0,0,0,0,0,0
10-04 20:38:26.913 I/hakuX-lane(16668): [occl804] f=5911 wait=1 procs=1 q=5 qnz=0 pend=0 rep=5 repnz=0 repmax=0 v=0,0,0,0,0
10-04 20:38:26.941 I/hakuX-lane(16668): [occl804] f=5912 wait=1 procs=2 q=11 qnz=0 pend=0 rep=11 repnz=0 repmax=0 v=0,0,0,0,0,0,0,0,0,0,0
10-04 20:38:26.947 I/hakuX-lane(16668): [occl804] f=5913 wait=1 procs=1 q=5 qnz=0 pend=0 rep=5 repnz=0 repmax=0 v=0,0,0,0,0
10-04 20:38:26.979 I/hakuX-lane(16668): [occl804] f=5914 wait=1 procs=2 q=11 qnz=0 pend=0 rep=11 repnz=0 repmax=0 v=0,0,0,0,0,0,0,0,0,0,0
10-04 20:38:26.989 I/hakuX-lane(16668): [occl804] f=5915 wait=1 procs=3 q=5 qnz=0 pend=0 rep=5 repnz=0 repmax=0 v=0,0,0,0,0
10-04 20:38:27.002 I/hakuX-lane(16668): [occl804] f=5916 wait=1 procs=1 q=6 qnz=0 pend=0 rep=6 repnz=0 repmax=0 v=0,0,0,0,0,0
10-04 20:38:27.017 I/hakuX-lane(16668): [occl804] f=5917 wait=1 procs=1 q=5 qnz=0 pend=0 rep=5 repnz=0 repmax=0 v=0,0,0,0,0
10-04 20:38:27.046 I/hakuX-lane(16668): [occl804] f=5918 wait=1 procs=1 q=11 qnz=0 pend=0 rep=11 repnz=0 repmax=0 v=0,0,0,0,0,0,0,0,0,0,0
10-04 20:38:27.060 I/hakuX-lane(16668): [occl804] f=5920 wait=1 procs=1 q=11 qnz=0 pend=0 rep=11 repnz=0 repmax=0 v=0,0,0,0,0,0,0,0,0,0,0
10-04 20:38:27.076 I/hakuX-lane(16668): [occl804] f=5921 wait=1 procs=1 q=5 qnz=0 pend=0 rep=5 repnz=0 repmax=0 v=0,0,0,0,0
10-04 20:38:27.097 I/hakuX-lane(16668): [occl804] f=5922 wait=1 procs=1 q=11 qnz=0 pend=0 rep=11 repnz=0 repmax=0 v=0,0,0,0,0,0,0,0,0,0,0
10-04 20:38:27.113 I/hakuX-lane(16668): [occl804] f=5923 wait=1 procs=1 q=5 qnz=0 pend=0 rep=5 repnz=0 repmax=0 v=0,0,0,0,0
10-04 20:38:27.144 I/hakuX-lane(16668): [occl804] f=5924 wait=1 procs=2 q=16 qnz=0 pend=0 rep=16 repnz=0 repmax=0 v=0,0,0,0,0,0,0,0,0,0,0,0,0,0,0,0
10-04 20:38:27.161 I/hakuX-lane(16668): [occl804] f=5926 wait=1 procs=1 q=11 qnz=0 pend=0 rep=11 repnz=0 repmax=0 v=0,0,0,0,0,0,0,0,0,0,0
10-04 20:38:27.177 I/hakuX-lane(16668): [occl804] f=5927 wait=1 procs=1 q=5 qnz=0 pend=0 rep=5 repnz=0 repmax=0 v=0,0,0,0,0
10-04 20:38:27.194 I/hakuX-lane(16668): [occl804] f=5928 wait=1 procs=1 q=11 qnz=0 pend=0 rep=11 repnz=0 repmax=0 v=0,0,0,0,0,0,0,0,0,0,0
10-04 20:38:27.208 I/hakuX-lane(16668): [occl804] f=5929 wait=1 procs=1 q=5 qnz=0 pend=0 rep=5 repnz=0 repmax=0 v=0,0,0,0,0
10-04 20:38:27.224 I/hakuX-lane(16668): [occl804] f=5930 wait=1 procs=1 q=11 qnz=0 pend=0 rep=11 repnz=0 repmax=0 v=0,0,0,0,0,0,0,0,0,0,0
10-04 20:38:27.240 I/hakuX-lane(16668): [occl804] f=5931 wait=1 procs=1 q=5 qnz=0 pend=0 rep=5 repnz=0 repmax=0 v=0,0,0,0,0
10-04 20:38:27.260 I/hakuX-lane(16668): [occl804] f=5932 wait=1 procs=1 q=11 qnz=0 pend=0 rep=11 repnz=0 repmax=0 v=0,0,0,0,0,0,0,0,0,0,0
10-04 20:38:27.284 I/hakuX-lane(16668): [occl804] f=5933 wait=1 procs=1 q=5 qnz=0 pend=0 rep=5 repnz=0 repmax=0 v=0,0,0,0,0
10-04 20:38:27.317 I/hakuX-lane(16668): [occl804] f=5934 wait=1 procs=2 q=16 qnz=0 pend=0 rep=16 repnz=0 repmax=0 v=0,0,0,0,0,0,0,0,0,0,0,0,0,0,0,0
10-04 20:38:27.334 I/hakuX-lane(16668): [occl804] f=5936 wait=1 procs=1 q=11 qnz=0 pend=0 rep=11 repnz=0 repmax=0 v=0,0,0,0,0,0,0,0,0,0,0
10-04 20:38:27.352 I/hakuX-lane(16668): [occl804] f=5937 wait=1 procs=1 q=5 qnz=0 pend=0 rep=5 repnz=0 repmax=0 v=0,0,0,0,0
10-04 20:38:27.386 I/hakuX-lane(16668): [occl804] f=5938 wait=1 procs=2 q=16 qnz=0 pend=0 rep=16 repnz=0 repmax=0 v=0,0,0,0,0,0,0,0,0,0,0,0,0,0,0,0
10-04 20:38:27.393 I/hakuX-lane(16668): [occl804] f=5939 wait=1 procs=1 q=5 qnz=0 pend=0 rep=5 repnz=0 repmax=0 v=0,0,0,0,0
10-04 20:38:27.420 I/hakuX-lane(16668): [occl804] f=5940 wait=1 procs=2 q=11 qnz=0 pend=0 rep=11 repnz=0 repmax=0 v=0,0,0,0,0,0,0,0,0,0,0
10-04 20:38:27.426 I/hakuX-lane(16668): [occl804] f=5941 wait=1 procs=1 q=5 qnz=0 pend=0 rep=5 repnz=0 repmax=0 v=0,0,0,0,0
10-04 20:38:27.454 I/hakuX-lane(16668): [occl804] f=5942 wait=1 procs=2 q=11 qnz=0 pend=0 rep=11 repnz=0 repmax=0 v=0,0,0,0,0,0,0,0,0,0,0
10-04 20:38:27.460 I/hakuX-lane(16668): [occl804] f=5943 wait=1 procs=1 q=5 qnz=0 pend=0 rep=5 repnz=0 repmax=0 v=0,0,0,0,0
10-04 20:38:27.488 I/hakuX-lane(16668): [occl804] f=5944 wait=1 procs=2 q=11 qnz=0 pend=0 rep=11 repnz=0 repmax=0 v=0,0,0,0,0,0,0,0,0,0,0
10-04 20:38:27.503 I/hakuX-lane(16668): [occl804] f=5946 wait=1 procs=1 q=11 qnz=0 pend=0 rep=11 repnz=0 repmax=0 v=0,0,0,0,0,0,0,0,0,0,0
10-04 20:38:27.519 I/hakuX-lane(16668): [occl804] f=5947 wait=1 procs=1 q=5 qnz=0 pend=0 rep=5 repnz=0 repmax=0 v=0,0,0,0,0
10-04 20:38:27.546 I/hakuX-lane(16668): [occl804] f=5948 wait=1 procs=2 q=16 qnz=0 pend=0 rep=16 repnz=0 repmax=0 v=0,0,0,0,0,0,0,0,0,0,0,0,0,0,0,0
10-04 20:38:27.552 I/hakuX-lane(16668): [occl804] f=5949 wait=1 procs=1 q=5 qnz=0 pend=0 rep=5 repnz=0 repmax=0 v=0,0,0,0,0
10-04 20:38:27.566 I/hakuX-lane(16668): [occl804] f=5950 wait=1 procs=1 q=6 qnz=0 pend=0 rep=6 repnz=0 repmax=0 v=0,0,0,0,0,0
10-04 20:38:27.582 I/hakuX-lane(16668): [occl804] f=5951 wait=1 procs=1 q=5 qnz=0 pend=0 rep=5 repnz=0 repmax=0 v=0,0,0,0,0
10-04 20:38:27.598 I/hakuX-lane(16668): [occl804] f=5952 wait=1 procs=1 q=11 qnz=0 pend=0 rep=11 repnz=0 repmax=0 v=0,0,0,0,0,0,0,0,0,0,0
10-04 20:38:27.614 I/hakuX-lane(16668): [occl804] f=5953 wait=1 procs=1 q=5 qnz=0 pend=0 rep=5 repnz=0 repmax=0 v=0,0,0,0,0
10-04 20:38:27.631 I/hakuX-lane(16668): [occl804] f=5954 wait=1 procs=1 q=11 qnz=0 pend=0 rep=11 repnz=0 repmax=0 v=0,0,0,0,0,0,0,0,0,0,0
10-04 20:38:27.647 I/hakuX-lane(16668): [occl804] f=5955 wait=1 procs=1 q=5 qnz=0 pend=0 rep=5 repnz=0 repmax=0 v=0,0,0,0,0
10-04 20:38:27.685 I/hakuX-lane(16668): [occl804] f=5956 wait=1 procs=2 q=16 qnz=0 pend=0 rep=16 repnz=0 repmax=0 v=0,0,0,0,0,0,0,0,0,0,0,0,0,0,0,0
10-04 20:38:27.699 I/hakuX-lane(16668): [occl804] f=5958 wait=1 procs=1 q=11 qnz=0 pend=0 rep=11 repnz=0 repmax=0 v=0,0,0,0,0,0,0,0,0,0,0
10-04 20:38:27.715 I/hakuX-lane(16668): [occl804] f=5959 wait=1 procs=1 q=5 qnz=0 pend=0 rep=5 repnz=0 repmax=0 v=0,0,0,0,0
10-04 20:38:27.731 I/hakuX-lane(16668): [occl804] f=5960 wait=1 procs=1 q=11 qnz=0 pend=0 rep=11 repnz=0 repmax=0 v=0,0,0,0,0,0,0,0,0,0,0
10-04 20:38:27.748 I/hakuX-lane(16668): [occl804] f=5961 wait=1 procs=1 q=5 qnz=0 pend=0 rep=5 repnz=0 repmax=0 v=0,0,0,0,0
10-04 20:38:27.781 I/hakuX-lane(16668): [occl804] f=5962 wait=1 procs=1 q=11 qnz=0 pend=0 rep=11 repnz=0 repmax=0 v=0,0,0,0,0,0,0,0,0,0,0
10-04 20:38:27.814 I/hakuX-lane(16668): [occl804] f=5964 wait=1 procs=1 q=11 qnz=0 pend=0 rep=11 repnz=0 repmax=0 v=0,0,0,0,0,0,0,0,0,0,0
10-04 20:38:27.833 I/hakuX-lane(16668): [occl804] f=5966 wait=1 procs=1 q=11 qnz=0 pend=0 rep=11 repnz=0 repmax=0 v=0,0,0,0,0,0,0,0,0,0,0
10-04 20:38:27.848 I/hakuX-lane(16668): [occl804] f=5967 wait=1 procs=1 q=5 qnz=0 pend=0 rep=5 repnz=0 repmax=0 v=0,0,0,0,0
10-04 20:38:27.881 I/hakuX-lane(16668): [occl804] f=5968 wait=1 procs=1 q=11 qnz=0 pend=0 rep=11 repnz=0 repmax=0 v=0,0,0,0,0,0,0,0,0,0,0
10-04 20:38:27.898 I/hakuX-lane(16668): [occl804] f=5970 wait=1 procs=1 q=5 qnz=0 pend=0 rep=5 repnz=0 repmax=0 v=0,0,0,0,0
10-04 20:38:27.932 I/hakuX-lane(16668): [occl804] f=5971 wait=1 procs=1 q=11 qnz=0 pend=0 rep=11 repnz=0 repmax=0 v=0,0,0,0,0,0,0,0,0,0,0
10-04 20:38:27.947 I/hakuX-lane(16668): [occl804] f=5973 wait=1 procs=1 q=5 qnz=0 pend=0 rep=5 repnz=0 repmax=0 v=0,0,0,0,0
10-04 20:38:27.965 I/hakuX-lane(16668): [occl804] f=5974 wait=1 procs=1 q=6 qnz=0 pend=0 rep=6 repnz=0 repmax=0 v=0,0,0,0,0,0
10-04 20:38:27.997 I/hakuX-lane(16668): [occl804] f=5975 wait=1 procs=1 q=5 qnz=0 pend=0 rep=5 repnz=0 repmax=0 v=0,0,0,0,0
10-04 20:38:28.031 I/hakuX-lane(16668): [occl804] f=5977 wait=1 procs=1 q=11 qnz=0 pend=0 rep=11 repnz=0 repmax=0 v=0,0,0,0,0,0,0,0,0,0,0
10-04 20:38:28.065 I/hakuX-lane(16668): [occl804] f=5979 wait=1 procs=1 q=11 qnz=0 pend=0 rep=11 repnz=0 repmax=0 v=0,0,0,0,0,0,0,0,0,0,0
10-04 20:38:28.097 I/hakuX-lane(16668): [occl804] f=5981 wait=1 procs=1 q=11 qnz=0 pend=0 rep=11 repnz=0 repmax=0 v=0,0,0,0,0,0,0,0,0,0,0
10-04 20:38:28.115 I/hakuX-lane(16668): [occl804] f=5983 wait=1 procs=1 q=5 qnz=0 pend=0 rep=5 repnz=0 repmax=0 v=0,0,0,0,0
10-04 20:38:28.134 I/hakuX-lane(16668): [occl804] f=5984 wait=1 procs=1 q=6 qnz=0 pend=0 rep=6 repnz=0 repmax=0 v=0,0,0,0,0,0
10-04 20:38:28.164 I/hakuX-lane(16668): [occl804] f=5985 wait=1 procs=1 q=5 qnz=0 pend=0 rep=5 repnz=0 repmax=0 v=0,0,0,0,0
10-04 20:38:28.198 I/hakuX-lane(16668): [occl804] f=5987 wait=1 procs=1 q=11 qnz=0 pend=0 rep=11 repnz=0 repmax=0 v=0,0,0,0,0,0,0,0,0,0,0
10-04 20:38:28.214 I/hakuX-lane(16668): [occl804] f=5989 wait=1 procs=1 q=5 qnz=0 pend=0 rep=5 repnz=0 repmax=0 v=0,0,0,0,0
10-04 20:38:28.234 I/hakuX-lane(16668): [occl804] f=5990 wait=1 procs=1 q=6 qnz=0 pend=0 rep=6 repnz=0 repmax=0 v=0,0,0,0,0,0
10-04 20:38:28.264 I/hakuX-lane(16668): [occl804] f=5991 wait=1 procs=1 q=5 qnz=0 pend=0 rep=5 repnz=0 repmax=0 v=0,0,0,0,0
10-04 20:38:28.298 I/hakuX-lane(16668): [occl804] f=5993 wait=1 procs=1 q=11 qnz=0 pend=0 rep=11 repnz=0 repmax=0 v=0,0,0,0,0,0,0,0,0,0,0
10-04 20:38:28.332 I/hakuX-lane(16668): [occl804] f=5995 wait=1 procs=1 q=11 qnz=0 pend=0 rep=11 repnz=0 repmax=0 v=0,0,0,0,0,0,0,0,0,0,0
10-04 20:38:28.348 I/hakuX-lane(16668): [occl804] f=5997 wait=1 procs=1 q=5 qnz=0 pend=0 rep=5 repnz=0 repmax=0 v=0,0,0,0,0
10-04 20:38:28.365 I/hakuX-lane(16668): [occl804] f=5998 wait=1 procs=1 q=6 qnz=0 pend=0 rep=6 repnz=0 repmax=0 v=0,0,0,0,0,0
10-04 20:38:28.397 I/hakuX-lane(16668): [occl804] f=5999 wait=1 procs=1 q=5 qnz=0 pend=0 rep=5 repnz=0 repmax=0 v=0,0,0,0,0
10-04 20:38:28.432 I/hakuX-lane(16668): [occl804] f=6001 wait=1 procs=1 q=11 qnz=0 pend=0 rep=11 repnz=0 repmax=0 v=0,0,0,0,0,0,0,0,0,0,0
10-04 20:38:28.464 I/hakuX-lane(16668): [occl804] f=6003 wait=1 procs=1 q=11 qnz=0 pend=0 rep=11 repnz=0 repmax=0 v=0,0,0,0,0,0,0,0,0,0,0
10-04 20:38:28.482 I/hakuX-lane(16668): [occl804] f=6005 wait=1 procs=1 q=5 qnz=0 pend=0 rep=5 repnz=0 repmax=0 v=0,0,0,0,0
10-04 20:38:28.522 I/hakuX-lane(16668): [occl804] f=6006 wait=1 procs=1 q=11 qnz=0 pend=0 rep=11 repnz=0 repmax=0 v=0,0,0,0,0,0,0,0,0,0,0
10-04 20:38:28.536 I/hakuX-lane(16668): [occl804] f=6008 wait=1 procs=1 q=5 qnz=0 pend=0 rep=5 repnz=0 repmax=0 v=0,0,0,0,0
10-04 20:38:28.555 I/hakuX-lane(16668): [occl804] f=6009 wait=1 procs=1 q=6 qnz=0 pend=0 rep=6 repnz=0 repmax=0 v=0,0,0,0,0,0
10-04 20:38:28.582 I/hakuX-lane(16668): [occl804] f=6010 wait=1 procs=1 q=5 qnz=0 pend=0 rep=5 repnz=0 repmax=0 v=0,0,0,0,0
10-04 20:38:28.615 I/hakuX-lane(16668): [occl804] f=6012 wait=1 procs=1 q=11 qnz=0 pend=0 rep=11 repnz=0 repmax=0 v=0,0,0,0,0,0,0,0,0,0,0
10-04 20:38:28.648 I/hakuX-lane(16668): [occl804] f=6014 wait=1 procs=1 q=11 qnz=0 pend=0 rep=11 repnz=0 repmax=0 v=0,0,0,0,0,0,0,0,0,0,0
10-04 20:38:28.682 I/hakuX-lane(16668): [occl804] f=6016 wait=1 procs=1 q=11 qnz=0 pend=0 rep=11 repnz=0 repmax=0 v=0,0,0,0,0,0,0,0,0,0,0
10-04 20:38:28.699 I/hakuX-lane(16668): [occl804] f=6018 wait=1 procs=1 q=5 qnz=0 pend=0 rep=5 repnz=0 repmax=0 v=0,0,0,0,0
10-04 20:38:28.716 I/hakuX-lane(16668): [occl804] f=6019 wait=1 procs=1 q=6 qnz=0 pend=0 rep=6 repnz=0 repmax=0 v=0,0,0,0,0,0
10-04 20:38:28.748 I/hakuX-lane(16668): [occl804] f=6020 wait=1 procs=1 q=5 qnz=0 pend=0 rep=5 repnz=0 repmax=0 v=0,0,0,0,0
10-04 20:38:28.782 I/hakuX-lane(16668): [occl804] f=6022 wait=1 procs=1 q=11 qnz=0 pend=0 rep=11 repnz=0 repmax=0 v=0,0,0,0,0,0,0,0,0,0,0
10-04 20:38:28.798 I/hakuX-lane(16668): [occl804] f=6024 wait=1 procs=1 q=5 qnz=0 pend=0 rep=5 repnz=0 repmax=0 v=0,0,0,0,0
10-04 20:38:28.816 I/hakuX-lane(16668): [occl804] f=6025 wait=1 procs=1 q=6 qnz=0 pend=0 rep=6 repnz=0 repmax=0 v=0,0,0,0,0,0
10-04 20:38:28.832 I/hakuX-lane(16668): [occl804] f=6026 wait=1 procs=1 q=5 qnz=0 pend=0 rep=5 repnz=0 repmax=0 v=0,0,0,0,0
10-04 20:38:28.850 I/hakuX-lane(16668): [occl804] f=6027 wait=1 procs=1 q=6 qnz=0 pend=0 rep=6 repnz=0 repmax=0 v=0,0,0,0,0,0
10-04 20:38:28.883 I/hakuX-lane(16668): [occl804] f=6028 wait=1 procs=1 q=5 qnz=0 pend=0 rep=5 repnz=0 repmax=0 v=0,0,0,0,0
10-04 20:38:28.915 I/hakuX-lane(16668): [occl804] f=6030 wait=1 procs=1 q=11 qnz=0 pend=0 rep=11 repnz=0 repmax=0 v=0,0,0,0,0,0,0,0,0,0,0
10-04 20:38:28.933 I/hakuX-lane(16668): [occl804] f=6032 wait=1 procs=1 q=5 qnz=0 pend=0 rep=5 repnz=0 repmax=0 v=0,0,0,0,0
10-04 20:38:28.950 I/hakuX-lane(16668): [occl804] f=6033 wait=1 procs=1 q=6 qnz=0 pend=0 rep=6 repnz=0 repmax=0 v=0,0,0,0,0,0
10-04 20:38:28.983 I/hakuX-lane(16668): [occl804] f=6034 wait=1 procs=1 q=5 qnz=0 pend=0 rep=5 repnz=0 repmax=0 v=0,0,0,0,0
10-04 20:38:29.015 I/hakuX-lane(16668): [occl804] f=6036 wait=1 procs=1 q=11 qnz=0 pend=0 rep=11 repnz=0 repmax=0 v=0,0,0,0,0,0,0,0,0,0,0
10-04 20:38:29.032 I/hakuX-lane(16668): [occl804] f=6038 wait=1 procs=1 q=5 qnz=0 pend=0 rep=5 repnz=0 repmax=0 v=0,0,0,0,0
10-04 20:38:29.050 I/hakuX-lane(16668): [occl804] f=6039 wait=1 procs=1 q=6 qnz=0 pend=0 rep=6 repnz=0 repmax=0 v=0,0,0,0,0,0
10-04 20:38:29.082 I/hakuX-lane(16668): [occl804] f=6040 wait=1 procs=1 q=5 qnz=0 pend=0 rep=5 repnz=0 repmax=0 v=0,0,0,0,0
10-04 20:38:29.115 I/hakuX-lane(16668): [occl804] f=6042 wait=1 procs=1 q=11 qnz=0 pend=0 rep=11 repnz=0 repmax=0 v=0,0,0,0,0,0,0,0,0,0,0
10-04 20:38:29.132 I/hakuX-lane(16668): [occl804] f=6044 wait=1 procs=1 q=5 qnz=0 pend=0 rep=5 repnz=0 repmax=0 v=0,0,0,0,0
10-04 20:38:29.150 I/hakuX-lane(16668): [occl804] f=6045 wait=1 procs=1 q=6 qnz=0 pend=0 rep=6 repnz=0 repmax=0 v=0,0,0,0,0,0
10-04 20:38:29.183 I/hakuX-lane(16668): [occl804] f=6046 wait=1 procs=1 q=5 qnz=0 pend=0 rep=5 repnz=0 repmax=0 v=0,0,0,0,0
10-04 20:38:29.215 I/hakuX-lane(16668): [occl804] f=6048 wait=1 procs=1 q=11 qnz=0 pend=0 rep=11 repnz=0 repmax=0 v=0,0,0,0,0,0,0,0,0,0,0
10-04 20:38:29.233 I/hakuX-lane(16668): [occl804] f=6050 wait=1 procs=1 q=5 qnz=0 pend=0 rep=5 repnz=0 repmax=0 v=0,0,0,0,0
10-04 20:38:29.251 I/hakuX-lane(16668): [occl804] f=6051 wait=1 procs=1 q=6 qnz=0 pend=0 rep=6 repnz=0 repmax=0 v=0,0,0,0,0,0
10-04 20:38:29.283 I/hakuX-lane(16668): [occl804] f=6052 wait=1 procs=1 q=5 qnz=0 pend=0 rep=5 repnz=0 repmax=0 v=0,0,0,0,0
10-04 20:38:29.316 I/hakuX-lane(16668): [occl804] f=6054 wait=1 procs=1 q=11 qnz=0 pend=0 rep=11 repnz=0 repmax=0 v=0,0,0,0,0,0,0,0,0,0,0
10-04 20:38:29.349 I/hakuX-lane(16668): [occl804] f=6056 wait=1 procs=1 q=11 qnz=0 pend=0 rep=11 repnz=0 repmax=0 v=0,0,0,0,0,0,0,0,0,0,0
10-04 20:38:29.365 I/hakuX-lane(16668): [occl804] f=6058 wait=1 procs=1 q=5 qnz=0 pend=0 rep=5 repnz=0 repmax=0 v=0,0,0,0,0
10-04 20:38:29.383 I/hakuX-lane(16668): [occl804] f=6059 wait=1 procs=1 q=6 qnz=0 pend=0 rep=6 repnz=0 repmax=0 v=0,0,0,0,0,0
10-04 20:38:29.416 I/hakuX-lane(16668): [occl804] f=6060 wait=1 procs=1 q=5 qnz=0 pend=0 rep=5 repnz=0 repmax=0 v=0,0,0,0,0
10-04 20:38:29.449 I/hakuX-lane(16668): [occl804] f=6062 wait=1 procs=1 q=11 qnz=0 pend=0 rep=11 repnz=0 repmax=0 v=0,0,0,0,0,0,0,0,0,0,0
10-04 20:38:29.466 I/hakuX-lane(16668): [occl804] f=6064 wait=1 procs=1 q=5 qnz=0 pend=0 rep=5 repnz=0 repmax=0 v=0,0,0,0,0
10-04 20:38:29.484 I/hakuX-lane(16668): [occl804] f=6065 wait=1 procs=1 q=6 qnz=0 pend=0 rep=6 repnz=0 repmax=0 v=0,0,0,0,0,0
10-04 20:38:29.516 I/hakuX-lane(16668): [occl804] f=6066 wait=1 procs=1 q=5 qnz=0 pend=0 rep=5 repnz=0 repmax=0 v=0,0,0,0,0
10-04 20:38:29.549 I/hakuX-lane(16668): [occl804] f=6068 wait=1 procs=1 q=11 qnz=0 pend=0 rep=11 repnz=0 repmax=0 v=0,0,0,0,0,0,0,0,0,0,0
10-04 20:38:29.566 I/hakuX-lane(16668): [occl804] f=6070 wait=1 procs=1 q=5 qnz=0 pend=0 rep=5 repnz=0 repmax=0 v=0,0,0,0,0
10-04 20:38:29.585 I/hakuX-lane(16668): [occl804] f=6071 wait=1 procs=1 q=6 qnz=0 pend=0 rep=6 repnz=0 repmax=0 v=0,0,0,0,0,0
10-04 20:38:29.616 I/hakuX-lane(16668): [occl804] f=6072 wait=1 procs=1 q=5 qnz=0 pend=0 rep=5 repnz=0 repmax=0 v=0,0,0,0,0
10-04 20:38:29.649 I/hakuX-lane(16668): [occl804] f=6074 wait=1 procs=1 q=11 qnz=0 pend=0 rep=11 repnz=0 repmax=0 v=0,0,0,0,0,0,0,0,0,0,0
10-04 20:38:29.666 I/hakuX-lane(16668): [occl804] f=6076 wait=1 procs=1 q=5 qnz=0 pend=0 rep=5 repnz=0 repmax=0 v=0,0,0,0,0
10-04 20:38:29.684 I/hakuX-lane(16668): [occl804] f=6077 wait=1 procs=1 q=6 qnz=0 pend=0 rep=6 repnz=0 repmax=0 v=0,0,0,0,0,0
10-04 20:38:29.716 I/hakuX-lane(16668): [occl804] f=6078 wait=1 procs=1 q=5 qnz=0 pend=0 rep=5 repnz=0 repmax=0 v=0,0,0,0,0
10-04 20:38:29.749 I/hakuX-lane(16668): [occl804] f=6080 wait=1 procs=1 q=11 qnz=0 pend=0 rep=11 repnz=0 repmax=0 v=0,0,0,0,0,0,0,0,0,0,0
10-04 20:38:29.766 I/hakuX-lane(16668): [occl804] f=6082 wait=1 procs=1 q=5 qnz=0 pend=0 rep=5 repnz=0 repmax=0 v=0,0,0,0,0
10-04 20:38:29.785 I/hakuX-lane(16668): [occl804] f=6083 wait=1 procs=1 q=6 qnz=0 pend=0 rep=6 repnz=0 repmax=0 v=0,0,0,0,0,0
10-04 20:38:29.816 I/hakuX-lane(16668): [occl804] f=6084 wait=1 procs=1 q=5 qnz=0 pend=0 rep=5 repnz=0 repmax=0 v=0,0,0,0,0
10-04 20:38:29.849 I/hakuX-lane(16668): [occl804] f=6086 wait=1 procs=1 q=11 qnz=0 pend=0 rep=11 repnz=0 repmax=0 v=0,0,0,0,0,0,0,0,0,0,0
10-04 20:38:29.866 I/hakuX-lane(16668): [occl804] f=6088 wait=1 procs=1 q=5 qnz=0 pend=0 rep=5 repnz=0 repmax=0 v=0,0,0,0,0
10-04 20:38:29.883 I/hakuX-lane(16668): [occl804] f=6089 wait=1 procs=1 q=6 qnz=0 pend=0 rep=6 repnz=0 repmax=0 v=0,0,0,0,0,0
10-04 20:38:29.916 I/hakuX-lane(16668): [occl804] f=6090 wait=1 procs=1 q=5 qnz=0 pend=0 rep=5 repnz=0 repmax=0 v=0,0,0,0,0
10-04 20:38:29.949 I/hakuX-lane(16668): [occl804] f=6092 wait=1 procs=1 q=11 qnz=0 pend=0 rep=11 repnz=0 repmax=0 v=0,0,0,0,0,0,0,0,0,0,0
10-04 20:38:29.967 I/hakuX-lane(16668): [occl804] f=6094 wait=1 procs=1 q=5 qnz=0 pend=0 rep=5 repnz=0 repmax=0 v=0,0,0,0,0
10-04 20:38:29.985 I/hakuX-lane(16668): [occl804] f=6095 wait=1 procs=1 q=6 qnz=0 pend=0 rep=6 repnz=0 repmax=0 v=0,0,0,0,0,0
10-04 20:38:30.016 I/hakuX-lane(16668): [occl804] f=6096 wait=1 procs=1 q=5 qnz=0 pend=0 rep=5 repnz=0 repmax=0 v=0,0,0,0,0
10-04 20:38:30.049 I/hakuX-lane(16668): [occl804] f=6098 wait=1 procs=1 q=11 qnz=0 pend=0 rep=11 repnz=0 repmax=0 v=0,0,0,0,0,0,0,0,0,0,0
10-04 20:38:30.066 I/hakuX-lane(16668): [occl804] f=6100 wait=1 procs=1 q=5 qnz=0 pend=0 rep=5 repnz=0 repmax=0 v=0,0,0,0,0
10-04 20:38:30.084 I/hakuX-lane(16668): [occl804] f=6101 wait=1 procs=1 q=6 qnz=0 pend=0 rep=6 repnz=0 repmax=0 v=0,0,0,0,0,0
10-04 20:38:30.116 I/hakuX-lane(16668): [occl804] f=6102 wait=1 procs=1 q=5 qnz=0 pend=0 rep=5 repnz=0 repmax=0 v=0,0,0,0,0
10-04 20:38:30.150 I/hakuX-lane(16668): [occl804] f=6104 wait=1 procs=1 q=11 qnz=0 pend=0 rep=11 repnz=0 repmax=0 v=0,0,0,0,0,0,0,0,0,0,0
10-04 20:38:30.166 I/hakuX-lane(16668): [occl804] f=6106 wait=1 procs=1 q=5 qnz=0 pend=0 rep=5 repnz=0 repmax=0 v=0,0,0,0,0
10-04 20:38:30.184 I/hakuX-lane(16668): [occl804] f=6107 wait=1 procs=1 q=6 qnz=0 pend=0 rep=6 repnz=0 repmax=0 v=0,0,0,0,0,0
10-04 20:38:30.216 I/hakuX-lane(16668): [occl804] f=6108 wait=1 procs=1 q=5 qnz=0 pend=0 rep=5 repnz=0 repmax=0 v=0,0,0,0,0
10-04 20:38:30.266 I/hakuX-lane(16668): [occl804] f=6110 wait=1 procs=1 q=11 qnz=0 pend=0 rep=11 repnz=0 repmax=0 v=0,0,0,0,0,0,0,0,0,0,0
10-04 20:38:30.299 I/hakuX-lane(16668): [occl804] f=6113 wait=1 procs=1 q=11 qnz=0 pend=0 rep=11 repnz=0 repmax=0 v=0,0,0,0,0,0,0,0,0,0,0
10-04 20:38:30.317 I/hakuX-lane(16668): [occl804] f=6115 wait=1 procs=1 q=5 qnz=0 pend=0 rep=5 repnz=0 repmax=0 v=0,0,0,0,0
10-04 20:38:30.350 I/hakuX-lane(16668): [occl804] f=6116 wait=1 procs=1 q=6 qnz=0 pend=0 rep=6 repnz=0 repmax=0 v=0,0,0,0,0,0
10-04 20:38:30.366 I/hakuX-lane(16668): [occl804] f=6118 wait=1 procs=1 q=5 qnz=0 pend=0 rep=5 repnz=0 repmax=0 v=0,0,0,0,0
10-04 20:38:30.400 I/hakuX-lane(16668): [occl804] f=6119 wait=1 procs=1 q=6 qnz=0 pend=0 rep=6 repnz=0 repmax=0 v=0,0,0,0,0,0
10-04 20:38:30.416 I/hakuX-lane(16668): [occl804] f=6121 wait=1 procs=1 q=5 qnz=0 pend=0 rep=5 repnz=0 repmax=0 v=0,0,0,0,0
10-04 20:38:30.450 I/hakuX-lane(16668): [occl804] f=6122 wait=1 procs=1 q=6 qnz=0 pend=0 rep=6 repnz=0 repmax=0 v=0,0,0,0,0,0
10-04 20:38:30.467 I/hakuX-lane(16668): [occl804] f=6124 wait=1 procs=1 q=5 qnz=0 pend=0 rep=5 repnz=0 repmax=0 v=0,0,0,0,0
10-04 20:38:30.485 I/hakuX-lane(16668): [occl804] f=6125 wait=1 procs=1 q=6 qnz=0 pend=0 rep=6 repnz=0 repmax=0 v=0,0,0,0,0,0
10-04 20:38:30.517 I/hakuX-lane(16668): [occl804] f=6126 wait=1 procs=1 q=5 qnz=0 pend=0 rep=5 repnz=0 repmax=0 v=0,0,0,0,0
10-04 20:38:30.550 I/hakuX-lane(16668): [occl804] f=6128 wait=1 procs=1 q=11 qnz=0 pend=0 rep=11 repnz=0 repmax=0 v=0,0,0,0,0,0,0,0,0,0,0
10-04 20:38:30.567 I/hakuX-lane(16668): [occl804] f=6130 wait=1 procs=1 q=5 qnz=0 pend=0 rep=5 repnz=0 repmax=0 v=0,0,0,0,0
10-04 20:38:30.600 I/hakuX-lane(16668): [occl804] f=6131 wait=1 procs=1 q=6 qnz=0 pend=0 rep=6 repnz=0 repmax=0 v=0,0,0,0,0,0
10-04 20:38:30.616 I/hakuX-lane(16668): [occl804] f=6133 wait=1 procs=1 q=5 qnz=0 pend=0 rep=5 repnz=0 repmax=0 v=0,0,0,0,0
10-04 20:38:30.650 I/hakuX-lane(16668): [occl804] f=6134 wait=1 procs=1 q=6 qnz=0 pend=0 rep=6 repnz=0 repmax=0 v=0,0,0,0,0,0
10-04 20:38:30.667 I/hakuX-lane(16668): [occl804] f=6136 wait=1 procs=1 q=5 qnz=0 pend=0 rep=5 repnz=0 repmax=0 v=0,0,0,0,0
10-04 20:38:30.700 I/hakuX-lane(16668): [occl804] f=6137 wait=1 procs=1 q=6 qnz=0 pend=0 rep=6 repnz=0 repmax=0 v=0,0,0,0,0,0
10-04 20:38:30.716 I/hakuX-lane(16668): [occl804] f=6139 wait=1 procs=1 q=5 qnz=0 pend=0 rep=5 repnz=0 repmax=0 v=0,0,0,0,0
10-04 20:38:30.750 I/hakuX-lane(16668): [occl804] f=6140 wait=1 procs=1 q=6 qnz=0 pend=0 rep=6 repnz=0 repmax=0 v=0,0,0,0,0,0
10-04 20:38:30.767 I/hakuX-lane(16668): [occl804] f=6142 wait=1 procs=1 q=5 qnz=0 pend=0 rep=5 repnz=0 repmax=0 v=0,0,0,0,0
10-04 20:38:30.800 I/hakuX-lane(16668): [occl804] f=6143 wait=1 procs=1 q=6 qnz=0 pend=0 rep=6 repnz=0 repmax=0 v=0,0,0,0,0,0
10-04 20:38:30.817 I/hakuX-lane(16668): [occl804] f=6145 wait=1 procs=1 q=5 qnz=0 pend=0 rep=5 repnz=0 repmax=0 v=0,0,0,0,0
10-04 20:38:30.850 I/hakuX-lane(16668): [occl804] f=6146 wait=1 procs=1 q=6 qnz=0 pend=0 rep=6 repnz=0 repmax=0 v=0,0,0,0,0,0
10-04 20:38:30.867 I/hakuX-lane(16668): [occl804] f=6148 wait=1 procs=1 q=5 qnz=0 pend=0 rep=5 repnz=0 repmax=0 v=0,0,0,0,0
10-04 20:38:30.900 I/hakuX-lane(16668): [occl804] f=6149 wait=1 procs=1 q=6 qnz=0 pend=0 rep=6 repnz=0 repmax=0 v=0,0,0,0,0,0
10-04 20:38:30.917 I/hakuX-lane(16668): [occl804] f=6151 wait=1 procs=1 q=5 qnz=0 pend=0 rep=5 repnz=0 repmax=0 v=0,0,0,0,0
10-04 20:38:30.950 I/hakuX-lane(16668): [occl804] f=6152 wait=1 procs=1 q=6 qnz=0 pend=0 rep=6 repnz=0 repmax=0 v=0,0,0,0,0,0
10-04 20:38:30.967 I/hakuX-lane(16668): [occl804] f=6154 wait=1 procs=1 q=5 qnz=0 pend=0 rep=5 repnz=0 repmax=0 v=0,0,0,0,0
10-04 20:38:31.001 I/hakuX-lane(16668): [occl804] f=6155 wait=1 procs=1 q=6 qnz=0 pend=0 rep=6 repnz=0 repmax=0 v=0,0,0,0,0,0
10-04 20:38:31.016 I/hakuX-lane(16668): [occl804] f=6157 wait=1 procs=1 q=5 qnz=0 pend=0 rep=5 repnz=0 repmax=0 v=0,0,0,0,0
10-04 20:38:31.050 I/hakuX-lane(16668): [occl804] f=6158 wait=1 procs=1 q=6 qnz=0 pend=0 rep=6 repnz=0 repmax=0 v=0,0,0,0,0,0
10-04 20:38:31.066 I/hakuX-lane(16668): [occl804] f=6160 wait=1 procs=1 q=5 qnz=0 pend=0 rep=5 repnz=0 repmax=0 v=0,0,0,0,0
10-04 20:38:31.084 I/hakuX-lane(16668): [occl804] f=6161 wait=1 procs=1 q=6 qnz=0 pend=0 rep=6 repnz=0 repmax=0 v=0,0,0,0,0,0
10-04 20:38:31.100 I/hakuX-lane(16668): [occl804] f=6162 wait=1 procs=1 q=5 qnz=0 pend=0 rep=5 repnz=0 repmax=0 v=0,0,0,0,0
10-04 20:38:31.117 I/hakuX-lane(16668): [occl804] f=6163 wait=1 procs=1 q=6 qnz=0 pend=0 rep=6 repnz=0 repmax=0 v=0,0,0,0,0,0
10-04 20:38:31.150 I/hakuX-lane(16668): [occl804] f=6164 wait=1 procs=1 q=5 qnz=0 pend=0 rep=5 repnz=0 repmax=0 v=0,0,0,0,0
10-04 20:38:31.183 I/hakuX-lane(16668): [occl804] f=6166 wait=1 procs=1 q=11 qnz=0 pend=0 rep=11 repnz=0 repmax=0 v=0,0,0,0,0,0,0,0,0,0,0
10-04 20:38:31.200 I/hakuX-lane(16668): [occl804] f=6168 wait=1 procs=1 q=5 qnz=0 pend=0 rep=5 repnz=0 repmax=0 v=0,0,0,0,0
10-04 20:38:31.216 I/hakuX-lane(16668): [occl804] f=6169 wait=1 procs=1 q=6 qnz=0 pend=0 rep=6 repnz=0 repmax=0 v=0,0,0,0,0,0
10-04 20:38:31.250 I/hakuX-lane(16668): [occl804] f=6170 wait=1 procs=1 q=5 qnz=0 pend=0 rep=5 repnz=0 repmax=0 v=0,0,0,0,0
10-04 20:38:31.284 I/hakuX-lane(16668): [occl804] f=6172 wait=1 procs=1 q=11 qnz=0 pend=0 rep=11 repnz=0 repmax=0 v=0,0,0,0,0,0,0,0,0,0,0
10-04 20:38:31.300 I/hakuX-lane(16668): [occl804] f=6174 wait=1 procs=1 q=5 qnz=0 pend=0 rep=5 repnz=0 repmax=0 v=0,0,0,0,0
10-04 20:38:31.316 I/hakuX-lane(16668): [occl804] f=6175 wait=1 procs=1 q=6 qnz=0 pend=0 rep=6 repnz=0 repmax=0 v=0,0,0,0,0,0
10-04 20:38:31.350 I/hakuX-lane(16668): [occl804] f=6176 wait=1 procs=1 q=5 qnz=0 pend=0 rep=5 repnz=0 repmax=0 v=0,0,0,0,0
10-04 20:38:31.384 I/hakuX-lane(16668): [occl804] f=6178 wait=1 procs=1 q=11 qnz=0 pend=0 rep=11 repnz=0 repmax=0 v=0,0,0,0,0,0,0,0,0,0,0
10-04 20:38:31.414 I/hakuX-lane(16668): [occl804] f=6180 wait=1 procs=1 q=5 qnz=0 pend=0 rep=5 repnz=0 repmax=0 v=0,0,0,0,0
10-04 20:38:31.420 I/hakuX-lane(16668): [occl804] f=6181 wait=1 procs=1 q=6 qnz=0 pend=0 rep=6 repnz=0 repmax=0 v=0,0,0,0,0,0
10-04 20:38:31.450 I/hakuX-lane(16668): [occl804] f=6182 wait=1 procs=1 q=5 qnz=0 pend=0 rep=5 repnz=0 repmax=0 v=0,0,0,0,0
10-04 20:38:31.483 I/hakuX-lane(16668): [occl804] f=6184 wait=1 procs=1 q=11 qnz=0 pend=0 rep=11 repnz=0 repmax=0 v=0,0,0,0,0,0,0,0,0,0,0
10-04 20:38:31.500 I/hakuX-lane(16668): [occl804] f=6186 wait=1 procs=1 q=5 qnz=0 pend=0 rep=5 repnz=0 repmax=0 v=0,0,0,0,0
10-04 20:38:31.519 I/hakuX-lane(16668): [occl804] f=6187 wait=1 procs=1 q=6 qnz=0 pend=0 rep=6 repnz=0 repmax=0 v=0,0,0,0,0,0
10-04 20:38:31.534 I/hakuX-lane(16668): [occl804] f=6188 wait=1 procs=1 q=5 qnz=0 pend=0 rep=5 repnz=0 repmax=0 v=0,0,0,0,0
10-04 20:38:31.550 I/hakuX-lane(16668): [occl804] f=6189 wait=1 procs=1 q=6 qnz=0 pend=0 rep=6 repnz=0 repmax=0 v=0,0,0,0,0,0
10-04 20:38:31.584 I/hakuX-lane(16668): [occl804] f=6190 wait=1 procs=1 q=5 qnz=0 pend=0 rep=5 repnz=0 repmax=0 v=0,0,0,0,0
10-04 20:38:31.617 I/hakuX-lane(16668): [occl804] f=6192 wait=1 procs=1 q=11 qnz=0 pend=0 rep=11 repnz=0 repmax=0 v=0,0,0,0,0,0,0,0,0,0,0
10-04 20:38:31.633 I/hakuX-lane(16668): [occl804] f=6194 wait=1 procs=1 q=5 qnz=0 pend=0 rep=5 repnz=0 repmax=0 v=0,0,0,0,0
10-04 20:38:31.649 I/hakuX-lane(16668): [occl804] f=6195 wait=1 procs=1 q=6 qnz=0 pend=0 rep=6 repnz=0 repmax=0 v=0,0,0,0,0,0
10-04 20:38:31.667 I/hakuX-lane(16668): [occl804] f=6196 wait=1 procs=1 q=5 qnz=0 pend=0 rep=5 repnz=0 repmax=0 v=0,0,0,0,0
10-04 20:38:31.684 I/hakuX-lane(16668): [occl804] f=6197 wait=1 procs=1 q=6 qnz=0 pend=0 rep=6 repnz=0 repmax=0 v=0,0,0,0,0,0
10-04 20:38:31.719 I/hakuX-lane(16668): [occl804] f=6198 wait=1 procs=1 q=5 qnz=0 pend=0 rep=5 repnz=0 repmax=0 v=0,0,0,0,0
10-04 20:38:31.750 I/hakuX-lane(16668): [occl804] f=6200 wait=1 procs=1 q=11 qnz=0 pend=0 rep=11 repnz=0 repmax=0 v=0,0,0,0,0,0,0,0,0,0,0
10-04 20:38:31.766 I/hakuX-lane(16668): [occl804] f=6202 wait=1 procs=1 q=5 qnz=0 pend=0 rep=5 repnz=0 repmax=0 v=0,0,0,0,0
10-04 20:38:31.785 I/hakuX-lane(16668): [occl804] f=6203 wait=1 procs=1 q=6 qnz=0 pend=0 rep=6 repnz=0 repmax=0 v=0,0,0,0,0,0
10-04 20:38:31.800 I/hakuX-lane(16668): [occl804] f=6204 wait=1 procs=1 q=5 qnz=0 pend=0 rep=5 repnz=0 repmax=0 v=0,0,0,0,0
10-04 20:38:31.816 I/hakuX-lane(16668): [occl804] f=6205 wait=1 procs=1 q=6 qnz=0 pend=0 rep=6 repnz=0 repmax=0 v=0,0,0,0,0,0
10-04 20:38:31.850 I/hakuX-lane(16668): [occl804] f=6206 wait=1 procs=1 q=5 qnz=0 pend=0 rep=5 repnz=0 repmax=0 v=0,0,0,0,0
10-04 20:38:31.883 I/hakuX-lane(16668): [occl804] f=6208 wait=1 procs=1 q=11 qnz=0 pend=0 rep=11 repnz=0 repmax=0 v=0,0,0,0,0,0,0,0,0,0,0
10-04 20:38:31.901 I/hakuX-lane(16668): [occl804] f=6210 wait=1 procs=1 q=5 qnz=0 pend=0 rep=5 repnz=0 repmax=0 v=0,0,0,0,0
10-04 20:38:31.916 I/hakuX-lane(16668): [occl804] f=6211 wait=1 procs=1 q=6 qnz=0 pend=0 rep=6 repnz=0 repmax=0 v=0,0,0,0,0,0
10-04 20:38:31.950 I/hakuX-lane(16668): [occl804] f=6212 wait=1 procs=1 q=5 qnz=0 pend=0 rep=5 repnz=0 repmax=0 v=0,0,0,0,0
10-04 20:38:31.983 I/hakuX-lane(16668): [occl804] f=6214 wait=1 procs=1 q=11 qnz=0 pend=0 rep=11 repnz=0 repmax=0 v=0,0,0,0,0,0,0,0,0,0,0
10-04 20:38:32.000 I/hakuX-lane(16668): [occl804] f=6216 wait=1 procs=1 q=5 qnz=0 pend=0 rep=5 repnz=0 repmax=0 v=0,0,0,0,0
10-04 20:38:32.016 I/hakuX-lane(16668): [occl804] f=6217 wait=1 procs=1 q=6 qnz=0 pend=0 rep=6 repnz=0 repmax=0 v=0,0,0,0,0,0
10-04 20:38:32.050 I/hakuX-lane(16668): [occl804] f=6218 wait=1 procs=1 q=5 qnz=0 pend=0 rep=5 repnz=0 repmax=0 v=0,0,0,0,0
10-04 20:38:32.067 I/hakuX-lane(16668): [occl804] f=6220 wait=1 procs=1 q=6 qnz=0 pend=0 rep=6 repnz=0 repmax=0 v=0,0,0,0,0,0
10-04 20:38:32.100 I/hakuX-lane(16668): [occl804] f=6221 wait=1 procs=1 q=5 qnz=0 pend=0 rep=5 repnz=0 repmax=0 v=0,0,0,0,0
10-04 20:38:32.134 I/hakuX-lane(16668): [occl804] f=6223 wait=1 procs=1 q=11 qnz=0 pend=0 rep=11 repnz=0 repmax=0 v=0,0,0,0,0,0,0,0,0,0,0
10-04 20:38:32.150 I/hakuX-lane(16668): [occl804] f=6225 wait=1 procs=1 q=5 qnz=0 pend=0 rep=5 repnz=0 repmax=0 v=0,0,0,0,0
10-04 20:38:32.166 I/hakuX-lane(16668): [occl804] f=6226 wait=1 procs=1 q=6 qnz=0 pend=0 rep=6 repnz=0 repmax=0 v=0,0,0,0,0,0
10-04 20:38:32.200 I/hakuX-lane(16668): [occl804] f=6227 wait=1 procs=1 q=5 qnz=0 pend=0 rep=5 repnz=0 repmax=0 v=0,0,0,0,0
10-04 20:38:32.235 I/hakuX-lane(16668): [occl804] f=6229 wait=1 procs=1 q=11 qnz=0 pend=0 rep=11 repnz=0 repmax=0 v=0,0,0,0,0,0,0,0,0,0,0
10-04 20:38:32.250 I/hakuX-lane(16668): [occl804] f=6231 wait=1 procs=1 q=5 qnz=0 pend=0 rep=5 repnz=0 repmax=0 v=0,0,0,0,0
10-04 20:38:32.284 I/hakuX-lane(16668): [occl804] f=6232 wait=1 procs=1 q=6 qnz=0 pend=0 rep=6 repnz=0 repmax=0 v=0,0,0,0,0,0
10-04 20:38:32.300 I/hakuX-lane(16668): [occl804] f=6234 wait=1 procs=1 q=5 qnz=0 pend=0 rep=5 repnz=0 repmax=0 v=0,0,0,0,0
10-04 20:38:32.334 I/hakuX-lane(16668): [occl804] f=6235 wait=1 procs=1 q=6 qnz=0 pend=0 rep=6 repnz=0 repmax=0 v=0,0,0,0,0,0
10-04 20:38:32.351 I/hakuX-lane(16668): [occl804] f=6237 wait=1 procs=1 q=5 qnz=0 pend=0 rep=5 repnz=0 repmax=0 v=0,0,0,0,0
10-04 20:38:32.367 I/hakuX-lane(16668): [occl804] f=6238 wait=1 procs=1 q=6 qnz=0 pend=0 rep=6 repnz=0 repmax=0 v=0,0,0,0,0,0
10-04 20:38:32.400 I/hakuX-lane(16668): [occl804] f=6239 wait=1 procs=1 q=5 qnz=0 pend=0 rep=5 repnz=0 repmax=0 v=0,0,0,0,0
10-04 20:38:32.434 I/hakuX-lane(16668): [occl804] f=6241 wait=1 procs=1 q=11 qnz=0 pend=0 rep=11 repnz=0 repmax=0 v=0,0,0,0,0,0,0,0,0,0,0
10-04 20:38:32.450 I/hakuX-lane(16668): [occl804] f=6243 wait=1 procs=1 q=5 qnz=0 pend=0 rep=5 repnz=0 repmax=0 v=0,0,0,0,0
10-04 20:38:32.467 I/hakuX-lane(16668): [occl804] f=6244 wait=1 procs=1 q=6 qnz=0 pend=0 rep=6 repnz=0 repmax=0 v=0,0,0,0,0,0
10-04 20:38:32.500 I/hakuX-lane(16668): [occl804] f=6245 wait=1 procs=1 q=5 qnz=0 pend=0 rep=5 repnz=0 repmax=0 v=0,0,0,0,0
10-04 20:38:32.534 I/hakuX-lane(16668): [occl804] f=6247 wait=1 procs=1 q=11 qnz=0 pend=0 rep=11 repnz=0 repmax=0 v=0,0,0,0,0,0,0,0,0,0,0
10-04 20:38:32.550 I/hakuX-lane(16668): [occl804] f=6249 wait=1 procs=1 q=5 qnz=0 pend=0 rep=5 repnz=0 repmax=0 v=0,0,0,0,0
10-04 20:38:32.567 I/hakuX-lane(16668): [occl804] f=6250 wait=1 procs=1 q=6 qnz=0 pend=0 rep=6 repnz=0 repmax=0 v=0,0,0,0,0,0
10-04 20:38:32.600 I/hakuX-lane(16668): [occl804] f=6251 wait=1 procs=1 q=5 qnz=0 pend=0 rep=5 repnz=0 repmax=0 v=0,0,0,0,0
10-04 20:38:32.634 I/hakuX-lane(16668): [occl804] f=6253 wait=1 procs=1 q=11 qnz=0 pend=0 rep=11 repnz=0 repmax=0 v=0,0,0,0,0,0,0,0,0,0,0
10-04 20:38:32.651 I/hakuX-lane(16668): [occl804] f=6255 wait=1 procs=1 q=5 qnz=0 pend=0 rep=5 repnz=0 repmax=0 v=0,0,0,0,0
10-04 20:38:32.667 I/hakuX-lane(16668): [occl804] f=6256 wait=1 procs=1 q=6 qnz=0 pend=0 rep=6 repnz=0 repmax=0 v=0,0,0,0,0,0
10-04 20:38:32.684 I/hakuX-lane(16668): [occl804] f=6257 wait=1 procs=1 q=5 qnz=0 pend=0 rep=5 repnz=0 repmax=0 v=0,0,0,0,0
10-04 20:38:32.700 I/hakuX-lane(16668): [occl804] f=6258 wait=1 procs=1 q=6 qnz=0 pend=0 rep=6 repnz=0 repmax=0 v=0,0,0,0,0,0
10-04 20:38:32.734 I/hakuX-lane(16668): [occl804] f=6259 wait=1 procs=1 q=5 qnz=0 pend=0 rep=5 repnz=0 repmax=0 v=0,0,0,0,0
10-04 20:38:32.767 I/hakuX-lane(16668): [occl804] f=6261 wait=1 procs=1 q=11 qnz=0 pend=0 rep=11 repnz=0 repmax=0 v=0,0,0,0,0,0,0,0,0,0,0
10-04 20:38:32.784 I/hakuX-lane(16668): [occl804] f=6263 wait=1 procs=1 q=5 qnz=0 pend=0 rep=5 repnz=0 repmax=0 v=0,0,0,0,0
10-04 20:38:32.800 I/hakuX-lane(16668): [occl804] f=6264 wait=1 procs=1 q=6 qnz=0 pend=0 rep=6 repnz=0 repmax=0 v=0,0,0,0,0,0
10-04 20:38:32.834 I/hakuX-lane(16668): [occl804] f=6265 wait=1 procs=1 q=5 qnz=0 pend=0 rep=5 repnz=0 repmax=0 v=0,0,0,0,0
10-04 20:38:32.867 I/hakuX-lane(16668): [occl804] f=6267 wait=1 procs=1 q=11 qnz=0 pend=0 rep=11 repnz=0 repmax=0 v=0,0,0,0,0,0,0,0,0,0,0
10-04 20:38:32.884 I/hakuX-lane(16668): [occl804] f=6269 wait=1 procs=1 q=5 qnz=0 pend=0 rep=5 repnz=0 repmax=0 v=0,0,0,0,0
10-04 20:38:32.900 I/hakuX-lane(16668): [occl804] f=6270 wait=1 procs=1 q=6 qnz=0 pend=0 rep=6 repnz=0 repmax=0 v=0,0,0,0,0,0
10-04 20:38:32.917 I/hakuX-lane(16668): [occl804] f=6271 wait=1 procs=1 q=5 qnz=0 pend=0 rep=5 repnz=0 repmax=0 v=0,0,0,0,0
10-04 20:38:32.934 I/hakuX-lane(16668): [occl804] f=6272 wait=1 procs=1 q=6 qnz=0 pend=0 rep=6 repnz=0 repmax=0 v=0,0,0,0,0,0
10-04 20:38:32.967 I/hakuX-lane(16668): [occl804] f=6273 wait=1 procs=1 q=5 qnz=0 pend=0 rep=5 repnz=0 repmax=0 v=0,0,0,0,0
10-04 20:38:33.001 I/hakuX-lane(16668): [occl804] f=6275 wait=1 procs=1 q=11 qnz=0 pend=0 rep=11 repnz=0 repmax=0 v=0,0,0,0,0,0,0,0,0,0,0
10-04 20:38:33.018 I/hakuX-lane(16668): [occl804] f=6277 wait=1 procs=1 q=5 qnz=0 pend=0 rep=5 repnz=0 repmax=0 v=0,0,0,0,0
10-04 20:38:33.034 I/hakuX-lane(16668): [occl804] f=6278 wait=1 procs=1 q=6 qnz=0 pend=0 rep=6 repnz=0 repmax=0 v=0,0,0,0,0,0
10-04 20:38:33.067 I/hakuX-lane(16668): [occl804] f=6279 wait=1 procs=1 q=5 qnz=0 pend=0 rep=5 repnz=0 repmax=0 v=0,0,0,0,0
10-04 20:38:33.100 I/hakuX-lane(16668): [occl804] f=6281 wait=1 procs=1 q=11 qnz=0 pend=0 rep=11 repnz=0 repmax=0 v=0,0,0,0,0,0,0,0,0,0,0
10-04 20:38:33.118 I/hakuX-lane(16668): [occl804] f=6283 wait=1 procs=1 q=5 qnz=0 pend=0 rep=5 repnz=0 repmax=0 v=0,0,0,0,0
10-04 20:38:33.134 I/hakuX-lane(16668): [occl804] f=6284 wait=1 procs=1 q=6 qnz=0 pend=0 rep=6 repnz=0 repmax=0 v=0,0,0,0,0,0
10-04 20:38:33.167 I/hakuX-lane(16668): [occl804] f=6285 wait=1 procs=1 q=5 qnz=0 pend=0 rep=5 repnz=0 repmax=0 v=0,0,0,0,0
10-04 20:38:33.200 I/hakuX-lane(16668): [occl804] f=6287 wait=1 procs=1 q=11 qnz=0 pend=0 rep=11 repnz=0 repmax=0 v=0,0,0,0,0,0,0,0,0,0,0
10-04 20:38:33.217 I/hakuX-lane(16668): [occl804] f=6289 wait=1 procs=1 q=5 qnz=0 pend=0 rep=5 repnz=0 repmax=0 v=0,0,0,0,0
10-04 20:38:33.234 I/hakuX-lane(16668): [occl804] f=6290 wait=1 procs=1 q=6 qnz=0 pend=0 rep=6 repnz=0 repmax=0 v=0,0,0,0,0,0
10-04 20:38:33.267 I/hakuX-lane(16668): [occl804] f=6291 wait=1 procs=1 q=5 qnz=0 pend=0 rep=5 repnz=0 repmax=0 v=0,0,0,0,0
10-04 20:38:33.300 I/hakuX-lane(16668): [occl804] f=6293 wait=1 procs=1 q=11 qnz=0 pend=0 rep=11 repnz=0 repmax=0 v=0,0,0,0,0,0,0,0,0,0,0
10-04 20:38:33.316 I/hakuX-lane(16668): [occl804] f=6295 wait=1 procs=1 q=5 qnz=0 pend=0 rep=5 repnz=0 repmax=0 v=0,0,0,0,0
10-04 20:38:33.334 I/hakuX-lane(16668): [occl804] f=6296 wait=1 procs=1 q=6 qnz=0 pend=0 rep=6 repnz=0 repmax=0 v=0,0,0,0,0,0
10-04 20:38:33.367 I/hakuX-lane(16668): [occl804] f=6297 wait=1 procs=1 q=5 qnz=0 pend=0 rep=5 repnz=0 repmax=0 v=0,0,0,0,0
10-04 20:38:33.400 I/hakuX-lane(16668): [occl804] f=6299 wait=1 procs=1 q=11 qnz=0 pend=0 rep=11 repnz=0 repmax=0 v=0,0,0,0,0,0,0,0,0,0,0
10-04 20:38:33.416 I/hakuX-lane(16668): [occl804] f=6301 wait=1 procs=1 q=5 qnz=0 pend=0 rep=5 repnz=0 repmax=0 v=0,0,0,0,0
10-04 20:38:33.434 I/hakuX-lane(16668): [occl804] f=6302 wait=1 procs=1 q=6 qnz=0 pend=0 rep=6 repnz=0 repmax=0 v=0,0,0,0,0,0
10-04 20:38:33.466 I/hakuX-lane(16668): [occl804] f=6303 wait=1 procs=1 q=5 qnz=0 pend=0 rep=5 repnz=0 repmax=0 v=0,0,0,0,0
10-04 20:38:33.500 I/hakuX-lane(16668): [occl804] f=6305 wait=1 procs=1 q=11 qnz=0 pend=0 rep=11 repnz=0 repmax=0 v=0,0,0,0,0,0,0,0,0,0,0
10-04 20:38:33.516 I/hakuX-lane(16668): [occl804] f=6307 wait=1 procs=1 q=5 qnz=0 pend=0 rep=5 repnz=0 repmax=0 v=0,0,0,0,0
10-04 20:38:33.550 I/hakuX-lane(16668): [occl804] f=6308 wait=1 procs=1 q=6 qnz=0 pend=0 rep=6 repnz=0 repmax=0 v=0,0,0,0,0,0
10-04 20:38:33.583 I/hakuX-lane(16668): [occl804] f=6310 wait=1 procs=1 q=5 qnz=0 pend=0 rep=5 repnz=0 repmax=0 v=0,0,0,0,0
10-04 20:38:33.600 I/hakuX-lane(16668): [occl804] f=6312 wait=1 procs=1 q=6 qnz=0 pend=0 rep=6 repnz=0 repmax=0 v=0,0,0,0,0,0
10-04 20:38:33.650 I/hakuX-lane(16668): [occl804] f=6313 wait=1 procs=1 q=5 qnz=0 pend=0 rep=5 repnz=0 repmax=0 v=0,0,0,0,0
10-04 20:38:33.700 I/hakuX-lane(16668): [occl804] f=6316 wait=1 procs=1 q=11 qnz=0 pend=0 rep=11 repnz=0 repmax=0 v=0,0,0,0,0,0,0,0,0,0,0
10-04 20:38:33.716 I/hakuX-lane(16668): [occl804] f=6319 wait=1 procs=1 q=5 qnz=0 pend=0 rep=5 repnz=0 repmax=0 v=0,0,0,0,0
10-04 20:38:33.749 I/hakuX-lane(16668): [occl804] f=6320 wait=1 procs=1 q=6 qnz=0 pend=0 rep=6 repnz=0 repmax=0 v=0,0,0,0,0,0
10-04 20:38:33.783 I/hakuX-lane(16668): [occl804] f=6322 wait=1 procs=1 q=5 qnz=0 pend=0 rep=5 repnz=0 repmax=0 v=0,0,0,0,0
10-04 20:38:33.799 I/hakuX-lane(16668): [occl804] f=6324 wait=1 procs=1 q=6 qnz=0 pend=0 rep=6 repnz=0 repmax=0 v=0,0,0,0,0,0
10-04 20:38:33.833 I/hakuX-lane(16668): [occl804] f=6325 wait=1 procs=1 q=5 qnz=0 pend=0 rep=5 repnz=0 repmax=0 v=0,0,0,0,0
10-04 20:38:33.850 I/hakuX-lane(16668): [occl804] f=6327 wait=1 procs=1 q=4 qnz=0 pend=0 rep=4 repnz=0 repmax=0 v=0,0,0,0
10-04 20:38:33.899 I/hakuX-lane(16668): [occl804] f=6328 wait=1 procs=1 q=7 qnz=0 pend=0 rep=7 repnz=0 repmax=0 v=0,0,0,0,0,0,0
10-04 20:38:33.916 I/hakuX-lane(16668): [occl804] f=6331 wait=1 procs=1 q=9 qnz=0 pend=0 rep=9 repnz=0 repmax=0 v=0,0,0,0,0,0,0,0,0
10-04 20:38:33.949 I/hakuX-lane(16668): [occl804] f=6332 wait=1 procs=1 q=2 qnz=0 pend=0 rep=2 repnz=0 repmax=0 v=0,0
10-04 20:38:33.966 I/hakuX-lane(16668): [occl804] f=6334 wait=1 procs=1 q=5 qnz=0 pend=0 rep=5 repnz=0 repmax=0 v=0,0,0,0,0
10-04 20:38:33.983 I/hakuX-lane(16668): [occl804] f=6335 wait=1 procs=1 q=4 qnz=0 pend=0 rep=4 repnz=0 repmax=0 v=0,0,0,0
10-04 20:38:33.999 I/hakuX-lane(16668): [occl804] f=6336 wait=1 procs=1 q=2 qnz=0 pend=0 rep=2 repnz=0 repmax=0 v=0,0
10-04 20:38:34.033 I/hakuX-lane(16668): [occl804] f=6337 wait=1 procs=1 q=5 qnz=0 pend=0 rep=5 repnz=0 repmax=0 v=0,0,0,0,0
10-04 20:38:34.050 I/hakuX-lane(16668): [occl804] f=6339 wait=1 procs=1 q=9 qnz=0 pend=0 rep=9 repnz=0 repmax=0 v=0,0,0,0,0,0,0,0,0
10-04 20:38:34.083 I/hakuX-lane(16668): [occl804] f=6340 wait=1 procs=1 q=2 qnz=0 pend=0 rep=2 repnz=0 repmax=0 v=0,0
10-04 20:38:34.106 I/hakuX-lane(16668): [occl804] f=6342 wait=1 procs=1 q=5 qnz=0 pend=0 rep=5 repnz=0 repmax=0 v=0,0,0,0,0
10-04 20:38:34.116 I/hakuX-lane(16668): [occl804] f=6343 wait=1 procs=1 q=4 qnz=0 pend=0 rep=4 repnz=0 repmax=0 v=0,0,0,0
10-04 20:38:34.166 I/hakuX-lane(16668): [occl804] f=6344 wait=1 procs=1 q=7 qnz=0 pend=0 rep=7 repnz=0 repmax=0 v=0,0,0,0,0,0,0
10-04 20:38:34.216 I/hakuX-lane(16668): [occl804] f=6347 wait=1 procs=1 q=11 qnz=0 pend=0 rep=11 repnz=0 repmax=0 v=0,0,0,0,0,0,0,0,0,0,0
10-04 20:38:34.266 I/hakuX-lane(16668): [occl804] f=6350 wait=1 procs=1 q=11 qnz=0 pend=0 rep=11 repnz=0 repmax=0 v=0,0,0,0,0,0,0,0,0,0,0
10-04 20:38:34.283 I/hakuX-lane(16668): [occl804] f=6353 wait=1 procs=1 q=5 qnz=0 pend=0 rep=5 repnz=0 repmax=0 v=0,0,0,0,0
10-04 20:38:34.299 I/hakuX-lane(16668): [occl804] f=6354 wait=1 procs=1 q=6 qnz=0 pend=0 rep=6 repnz=0 repmax=0 v=0,0,0,0,0,0
10-04 20:38:34.333 I/hakuX-lane(16668): [occl804] f=6355 wait=1 procs=1 q=5 qnz=0 pend=0 rep=5 repnz=0 repmax=0 v=0,0,0,0,0
10-04 20:38:34.349 I/hakuX-lane(16668): [occl804] f=6357 wait=1 procs=1 q=5 qnz=0 pend=0 rep=5 repnz=0 repmax=0 v=0,0,0,0,0
10-04 20:38:34.367 I/hakuX-lane(16668): [occl804] f=6358 wait=1 procs=1 q=6 qnz=0 pend=0 rep=6 repnz=0 repmax=0 v=0,0,0,0,0,0
10-04 20:38:34.399 I/hakuX-lane(16668): [occl804] f=6359 wait=1 procs=1 q=5 qnz=0 pend=0 rep=5 repnz=0 repmax=0 v=0,0,0,0,0
10-04 20:38:34.416 I/hakuX-lane(16668): [occl804] f=6361 wait=1 procs=1 q=6 qnz=0 pend=0 rep=6 repnz=0 repmax=0 v=0,0,0,0,0,0
10-04 20:38:34.449 I/hakuX-lane(16668): [occl804] f=6362 wait=1 procs=1 q=5 qnz=0 pend=0 rep=5 repnz=0 repmax=0 v=0,0,0,0,0
10-04 20:38:34.470 I/hakuX-lane(16668): [occl804] f=6364 wait=1 procs=1 q=11 qnz=0 pend=0 rep=11 repnz=0 repmax=0 v=0,0,0,0,0,0,0,0,0,0,0
10-04 20:38:34.487 I/hakuX-lane(16668): [occl804] f=6365 wait=1 procs=1 q=5 qnz=0 pend=0 rep=5 repnz=0 repmax=0 v=0,0,0,0,0
10-04 20:38:34.502 I/hakuX-lane(16668): [occl804] f=6366 wait=1 procs=1 q=4 qnz=0 pend=0 rep=4 repnz=0 repmax=0 v=0,0,0,0
10-04 20:38:34.536 I/hakuX-lane(16668): [occl804] f=6367 wait=1 procs=1 q=5 qnz=0 pend=0 rep=5 repnz=0 repmax=0 v=0,0,0,0,0
10-04 20:38:34.569 I/hakuX-lane(16668): [occl804] f=6369 wait=1 procs=1 q=9 qnz=0 pend=0 rep=9 repnz=0 repmax=0 v=0,0,0,0,0,0,0,0,0
10-04 20:38:34.586 I/hakuX-lane(16668): [occl804] f=6371 wait=1 procs=1 q=9 qnz=0 pend=0 rep=9 repnz=0 repmax=0 v=0,0,0,0,0,0,0,0,0
10-04 20:38:34.603 I/hakuX-lane(16668): [occl804] f=6372 wait=1 procs=1 q=5 qnz=0 pend=0 rep=5 repnz=0 repmax=0 v=0,0,0,0,0
10-04 20:38:34.637 I/hakuX-lane(16668): [occl804] f=6373 wait=1 procs=1 q=9 qnz=0 pend=0 rep=9 repnz=0 repmax=0 v=0,0,0,0,0,0,0,0,0
10-04 20:38:34.669 I/hakuX-lane(16668): [occl804] f=6375 wait=1 procs=1 q=9 qnz=0 pend=0 rep=9 repnz=0 repmax=0 v=0,0,0,0,0,0,0,0,0
10-04 20:38:34.686 I/hakuX-lane(16668): [occl804] f=6377 wait=1 procs=1 q=5 qnz=0 pend=0 rep=5 repnz=0 repmax=0 v=0,0,0,0,0
10-04 20:38:34.702 I/hakuX-lane(16668): [occl804] f=6378 wait=1 procs=1 q=4 qnz=0 pend=0 rep=4 repnz=0 repmax=0 v=0,0,0,0
10-04 20:38:34.736 I/hakuX-lane(16668): [occl804] f=6379 wait=1 procs=1 q=5 qnz=0 pend=0 rep=5 repnz=0 repmax=0 v=0,0,0,0,0
10-04 20:38:34.769 I/hakuX-lane(16668): [occl804] f=6381 wait=1 procs=1 q=9 qnz=0 pend=0 rep=9 repnz=0 repmax=0 v=0,0,0,0,0,0,0,0,0
10-04 20:38:34.786 I/hakuX-lane(16668): [occl804] f=6383 wait=1 procs=1 q=5 qnz=0 pend=0 rep=5 repnz=0 repmax=0 v=0,0,0,0,0
10-04 20:38:34.819 I/hakuX-lane(16668): [occl804] f=6384 wait=1 procs=1 q=4 qnz=0 pend=0 rep=4 repnz=0 repmax=0 v=0,0,0,0
10-04 20:38:34.836 I/hakuX-lane(16668): [occl804] f=6386 wait=1 procs=1 q=5 qnz=0 pend=0 rep=5 repnz=0 repmax=0 v=0,0,0,0,0
10-04 20:38:34.870 I/hakuX-lane(16668): [occl804] f=6387 wait=1 procs=1 q=4 qnz=0 pend=0 rep=4 repnz=0 repmax=0 v=0,0,0,0
10-04 20:38:34.887 I/hakuX-lane(16668): [occl804] f=6389 wait=1 procs=1 q=5 qnz=0 pend=0 rep=5 repnz=0 repmax=0 v=0,0,0,0,0
10-04 20:38:34.903 I/hakuX-lane(16668): [occl804] f=6390 wait=1 procs=1 q=4 qnz=0 pend=0 rep=4 repnz=0 repmax=0 v=0,0,0,0
10-04 20:38:34.919 I/hakuX-lane(16668): [occl804] f=6391 wait=1 procs=1 q=5 qnz=0 pend=0 rep=5 repnz=0 repmax=0 v=0,0,0,0,0
10-04 20:38:34.937 I/hakuX-lane(16668): [occl804] f=6392 wait=1 procs=1 q=4 qnz=0 pend=0 rep=4 repnz=0 repmax=0 v=0,0,0,0
10-04 20:38:34.953 I/hakuX-lane(16668): [occl804] f=6393 wait=1 procs=1 q=5 qnz=0 pend=0 rep=5 repnz=0 repmax=0 v=0,0,0,0,0
10-04 20:38:34.968 I/hakuX-lane(16668): [occl804] f=6394 wait=1 procs=1 q=4 qnz=0 pend=0 rep=4 repnz=0 repmax=0 v=0,0,0,0
10-04 20:38:34.987 I/hakuX-lane(16668): [occl804] f=6395 wait=1 procs=1 q=5 qnz=0 pend=0 rep=5 repnz=0 repmax=0 v=0,0,0,0,0
10-04 20:38:35.003 I/hakuX-lane(16668): [occl804] f=6396 wait=1 procs=1 q=9 qnz=0 pend=0 rep=9 repnz=0 repmax=0 v=0,0,0,0,0,0,0,0,0
10-04 20:38:35.020 I/hakuX-lane(16668): [occl804] f=6397 wait=1 procs=1 q=5 qnz=0 pend=0 rep=5 repnz=0 repmax=0 v=0,0,0,0,0
10-04 20:38:35.053 I/hakuX-lane(16668): [occl804] f=6398 wait=1 procs=1 q=9 qnz=0 pend=0 rep=9 repnz=0 repmax=0 v=0,0,0,0,0,0,0,0,0
10-04 20:38:35.086 I/hakuX-lane(16668): [occl804] f=6400 wait=1 procs=1 q=9 qnz=0 pend=0 rep=9 repnz=0 repmax=0 v=0,0,0,0,0,0,0,0,0
10-04 20:38:35.103 I/hakuX-lane(16668): [occl804] f=6402 wait=1 procs=1 q=5 qnz=0 pend=0 rep=5 repnz=0 repmax=0 v=0,0,0,0,0
10-04 20:38:35.120 I/hakuX-lane(16668): [occl804] f=6403 wait=1 procs=1 q=4 qnz=0 pend=0 rep=4 repnz=0 repmax=0 v=0,0,0,0
10-04 20:38:35.153 I/hakuX-lane(16668): [occl804] f=6404 wait=1 procs=1 q=5 qnz=0 pend=0 rep=5 repnz=0 repmax=0 v=0,0,0,0,0
10-04 20:38:35.170 I/hakuX-lane(16668): [occl804] f=6406 wait=1 procs=1 q=9 qnz=0 pend=0 rep=9 repnz=0 repmax=0 v=0,0,0,0,0,0,0,0,0
10-04 20:38:35.187 I/hakuX-lane(16668): [occl804] f=6407 wait=1 procs=1 q=5 qnz=0 pend=0 rep=5 repnz=0 repmax=0 v=0,0,0,0,0
10-04 20:38:35.203 I/hakuX-lane(16668): [occl804] f=6408 wait=1 procs=1 q=9 qnz=0 pend=0 rep=9 repnz=0 repmax=0 v=0,0,0,0,0,0,0,0,0
10-04 20:38:35.220 I/hakuX-lane(16668): [occl804] f=6409 wait=1 procs=1 q=5 qnz=0 pend=0 rep=5 repnz=0 repmax=0 v=0,0,0,0,0
10-04 20:38:35.253 I/hakuX-lane(16668): [occl804] f=6410 wait=1 procs=1 q=9 qnz=0 pend=0 rep=9 repnz=0 repmax=0 v=0,0,0,0,0,0,0,0,0
10-04 20:38:35.270 I/hakuX-lane(16668): [occl804] f=6412 wait=1 procs=1 q=5 qnz=0 pend=0 rep=5 repnz=0 repmax=0 v=0,0,0,0,0
10-04 20:38:35.287 I/hakuX-lane(16668): [occl804] f=6413 wait=1 procs=1 q=4 qnz=0 pend=0 rep=4 repnz=0 repmax=0 v=0,0,0,0
10-04 20:38:35.320 I/hakuX-lane(16668): [occl804] f=6414 wait=1 procs=1 q=5 qnz=0 pend=0 rep=5 repnz=0 repmax=0 v=0,0,0,0,0
10-04 20:38:35.338 I/hakuX-lane(16668): [occl804] f=6416 wait=1 procs=1 q=9 qnz=0 pend=0 rep=9 repnz=0 repmax=0 v=0,0,0,0,0,0,0,0,0
10-04 20:38:35.354 I/hakuX-lane(16668): [occl804] f=6417 wait=1 procs=1 q=5 qnz=0 pend=0 rep=5 repnz=0 repmax=0 v=0,0,0,0,0
10-04 20:38:35.370 I/hakuX-lane(16668): [occl804] f=6418 wait=1 procs=1 q=4 qnz=0 pend=0 rep=4 repnz=0 repmax=0 v=0,0,0,0
10-04 20:38:35.386 I/hakuX-lane(16668): [occl804] f=6419 wait=1 procs=1 q=5 qnz=0 pend=0 rep=5 repnz=0 repmax=0 v=0,0,0,0,0
10-04 20:38:35.404 I/hakuX-lane(16668): [occl804] f=6420 wait=1 procs=1 q=9 qnz=0 pend=0 rep=9 repnz=0 repmax=0 v=0,0,0,0,0,0,0,0,0
10-04 20:38:35.420 I/hakuX-lane(16668): [occl804] f=6421 wait=1 procs=1 q=5 qnz=0 pend=0 rep=5 repnz=0 repmax=0 v=0,0,0,0,0
10-04 20:38:35.454 I/hakuX-lane(16668): [occl804] f=6422 wait=1 procs=2 q=14 qnz=0 pend=0 rep=14 repnz=0 repmax=0 v=0,0,0,0,0,0,0,0,0,0,0,0,0,0
10-04 20:38:35.487 I/hakuX-lane(16668): [occl804] f=6424 wait=1 procs=1 q=9 qnz=0 pend=0 rep=9 repnz=0 repmax=0 v=0,0,0,0,0,0,0,0,0
10-04 20:38:35.520 I/hakuX-lane(16668): [occl804] f=6426 wait=1 procs=1 q=9 qnz=0 pend=0 rep=9 repnz=0 repmax=0 v=0,0,0,0,0,0,0,0,0
10-04 20:38:35.537 I/hakuX-lane(16668): [occl804] f=6428 wait=1 procs=1 q=5 qnz=0 pend=0 rep=5 repnz=0 repmax=0 v=0,0,0,0,0
10-04 20:38:35.553 I/hakuX-lane(16668): [occl804] f=6429 wait=1 procs=1 q=4 qnz=0 pend=0 rep=4 repnz=0 repmax=0 v=0,0,0,0
10-04 20:38:35.570 I/hakuX-lane(16668): [occl804] f=6430 wait=1 procs=1 q=5 qnz=0 pend=0 rep=5 repnz=0 repmax=0 v=0,0,0,0,0
10-04 20:38:35.588 I/hakuX-lane(16668): [occl804] f=6431 wait=1 procs=1 q=9 qnz=0 pend=0 rep=9 repnz=0 repmax=0 v=0,0,0,0,0,0,0,0,0
10-04 20:38:35.604 I/hakuX-lane(16668): [occl804] f=6432 wait=1 procs=1 q=5 qnz=0 pend=0 rep=5 repnz=0 repmax=0 v=0,0,0,0,0
10-04 20:38:35.637 I/hakuX-lane(16668): [occl804] f=6433 wait=1 procs=1 q=9 qnz=0 pend=0 rep=9 repnz=0 repmax=0 v=0,0,0,0,0,0,0,0,0
10-04 20:38:35.653 I/hakuX-lane(16668): [occl804] f=6435 wait=1 procs=1 q=5 qnz=0 pend=0 rep=5 repnz=0 repmax=0 v=0,0,0,0,0
10-04 20:38:35.670 I/hakuX-lane(16668): [occl804] f=6436 wait=1 procs=1 q=4 qnz=0 pend=0 rep=4 repnz=0 repmax=0 v=0,0,0,0
10-04 20:38:35.704 I/hakuX-lane(16668): [occl804] f=6437 wait=1 procs=1 q=5 qnz=0 pend=0 rep=5 repnz=0 repmax=0 v=0,0,0,0,0
10-04 20:38:35.721 I/hakuX-lane(16668): [occl804] f=6439 wait=1 procs=1 q=9 qnz=0 pend=0 rep=9 repnz=0 repmax=0 v=0,0,0,0,0,0,0,0,0
10-04 20:38:35.737 I/hakuX-lane(16668): [occl804] f=6440 wait=1 procs=1 q=5 qnz=0 pend=0 rep=5 repnz=0 repmax=0 v=0,0,0,0,0
10-04 20:38:35.753 I/hakuX-lane(16668): [occl804] f=6441 wait=1 procs=1 q=4 qnz=0 pend=0 rep=4 repnz=0 repmax=0 v=0,0,0,0
10-04 20:38:35.770 I/hakuX-lane(16668): [occl804] f=6442 wait=1 procs=1 q=5 qnz=0 pend=0 rep=5 repnz=0 repmax=0 v=0,0,0,0,0
10-04 20:38:35.803 I/hakuX-lane(16668): [occl804] f=6443 wait=1 procs=2 q=14 qnz=0 pend=0 rep=14 repnz=0 repmax=0 v=0,0,0,0,0,0,0,0,0,0,0,0,0,0
10-04 20:38:35.808 I/hakuX-lane(16668): [occl804] f=6444 wait=1 procs=1 q=5 qnz=0 pend=0 rep=5 repnz=0 repmax=0 v=0,0,0,0,0
10-04 20:38:35.837 I/hakuX-lane(16668): [occl804] f=6445 wait=1 procs=2 q=9 qnz=0 pend=0 rep=9 repnz=0 repmax=0 v=0,0,0,0,0,0,0,0,0
10-04 20:38:35.841 I/hakuX-lane(16668): [occl804] f=6446 wait=1 procs=1 q=5 qnz=0 pend=0 rep=5 repnz=0 repmax=0 v=0,0,0,0,0
10-04 20:38:35.873 I/hakuX-lane(16668): [occl804] f=6447 wait=1 procs=2 q=9 qnz=0 pend=0 rep=9 repnz=0 repmax=0 v=0,0,0,0,0,0,0,0,0
10-04 20:38:35.878 I/hakuX-lane(16668): [occl804] f=6448 wait=1 procs=1 q=5 qnz=0 pend=0 rep=5 repnz=0 repmax=0 v=0,0,0,0,0
10-04 20:38:35.906 I/hakuX-lane(16668): [occl804] f=6449 wait=1 procs=2 q=9 qnz=0 pend=0 rep=9 repnz=0 repmax=0 v=0,0,0,0,0,0,0,0,0
10-04 20:38:35.911 I/hakuX-lane(16668): [occl804] f=6450 wait=1 procs=1 q=5 qnz=0 pend=0 rep=5 repnz=0 repmax=0 v=0,0,0,0,0
10-04 20:38:35.945 I/hakuX-lane(16668): [occl804] f=6451 wait=1 procs=2 q=9 qnz=0 pend=0 rep=9 repnz=0 repmax=0 v=0,0,0,0,0,0,0,0,0
10-04 20:38:35.950 I/hakuX-lane(16668): [occl804] f=6452 wait=1 procs=1 q=5 qnz=0 pend=0 rep=5 repnz=0 repmax=0 v=0,0,0,0,0
10-04 20:38:35.973 I/hakuX-lane(16668): [occl804] f=6453 wait=1 procs=2 q=9 qnz=0 pend=0 rep=9 repnz=0 repmax=0 v=0,0,0,0,0,0,0,0,0
10-04 20:38:35.978 I/hakuX-lane(16668): [occl804] f=6454 wait=1 procs=1 q=5 qnz=0 pend=0 rep=5 repnz=0 repmax=0 v=0,0,0,0,0
10-04 20:38:36.005 I/hakuX-lane(16668): [occl804] f=6455 wait=1 procs=2 q=9 qnz=0 pend=0 rep=9 repnz=0 repmax=0 v=0,0,0,0,0,0,0,0,0
10-04 20:38:36.009 I/hakuX-lane(16668): [occl804] f=6456 wait=1 procs=1 q=5 qnz=0 pend=0 rep=5 repnz=0 repmax=0 v=0,0,0,0,0
10-04 20:38:36.040 I/hakuX-lane(16668): [occl804] f=6457 wait=1 procs=2 q=9 qnz=0 pend=0 rep=9 repnz=0 repmax=0 v=0,0,0,0,0,0,0,0,0
10-04 20:38:36.045 I/hakuX-lane(16668): [occl804] f=6458 wait=1 procs=1 q=5 qnz=0 pend=0 rep=5 repnz=0 repmax=0 v=0,0,0,0,0
10-04 20:38:36.071 I/hakuX-lane(16668): [occl804] f=6459 wait=1 procs=2 q=9 qnz=0 pend=0 rep=9 repnz=0 repmax=0 v=0,0,0,0,0,0,0,0,0
10-04 20:38:36.081 I/hakuX-lane(16668): [occl804] f=6460 wait=1 procs=1 q=5 qnz=0 pend=0 rep=5 repnz=0 repmax=0 v=0,0,0,0,0
10-04 20:38:36.090 I/hakuX-lane(16668): [occl804] f=6461 wait=1 procs=1 q=4 qnz=0 pend=0 rep=4 repnz=0 repmax=0 v=0,0,0,0
10-04 20:38:36.111 I/hakuX-lane(16668): [occl804] f=6462 wait=1 procs=2 q=10 qnz=0 pend=0 rep=10 repnz=0 repmax=0 v=0,0,0,0,0,0,0,0,0,0
10-04 20:38:36.139 I/hakuX-lane(16668): [occl804] f=6463 wait=1 procs=2 q=9 qnz=0 pend=0 rep=9 repnz=0 repmax=0 v=0,0,0,0,0,0,0,0,0
10-04 20:38:36.144 I/hakuX-lane(16668): [occl804] f=6464 wait=1 procs=1 q=5 qnz=0 pend=0 rep=5 repnz=0 repmax=0 v=0,0,0,0,0
10-04 20:38:36.173 I/hakuX-lane(16668): [occl804] f=6465 wait=1 procs=2 q=9 qnz=0 pend=0 rep=9 repnz=0 repmax=0 v=0,0,0,0,0,0,0,0,0
10-04 20:38:36.177 I/hakuX-lane(16668): [occl804] f=6466 wait=1 procs=1 q=5 qnz=0 pend=0 rep=5 repnz=0 repmax=0 v=0,0,0,0,0
10-04 20:38:36.192 I/hakuX-lane(16668): [occl804] f=6467 wait=1 procs=1 q=4 qnz=0 pend=0 rep=4 repnz=0 repmax=0 v=0,0,0,0
10-04 20:38:36.209 I/hakuX-lane(16668): [occl804] f=6468 wait=1 procs=2 q=10 qnz=0 pend=0 rep=10 repnz=0 repmax=0 v=0,0,0,0,0,0,0,0,0,0
10-04 20:38:36.228 I/hakuX-lane(16668): [occl804] f=6469 wait=1 procs=1 q=4 qnz=0 pend=0 rep=4 repnz=0 repmax=0 v=0,0,0,0
10-04 20:38:36.243 I/hakuX-lane(16668): [occl804] f=6470 wait=1 procs=2 q=10 qnz=0 pend=0 rep=10 repnz=0 repmax=0 v=0,0,0,0,0,0,0,0,0,0
10-04 20:38:36.272 I/hakuX-lane(16668): [occl804] f=6471 wait=1 procs=2 q=9 qnz=0 pend=0 rep=9 repnz=0 repmax=0 v=0,0,0,0,0,0,0,0,0
10-04 20:38:36.277 I/hakuX-lane(16668): [occl804] f=6472 wait=1 procs=1 q=5 qnz=0 pend=0 rep=5 repnz=0 repmax=0 v=0,0,0,0,0
10-04 20:38:36.305 I/hakuX-lane(16668): [occl804] f=6473 wait=1 procs=2 q=9 qnz=0 pend=0 rep=9 repnz=0 repmax=0 v=0,0,0,0,0,0,0,0,0
10-04 20:38:36.309 I/hakuX-lane(16668): [occl804] f=6474 wait=1 procs=1 q=5 qnz=0 pend=0 rep=5 repnz=0 repmax=0 v=0,0,0,0,0
10-04 20:38:36.336 I/hakuX-lane(16668): [occl804] f=6475 wait=1 procs=2 q=9 qnz=0 pend=0 rep=9 repnz=0 repmax=0 v=0,0,0,0,0,0,0,0,0
10-04 20:38:36.341 I/hakuX-lane(16668): [occl804] f=6476 wait=1 procs=1 q=5 qnz=0 pend=0 rep=5 repnz=0 repmax=0 v=0,0,0,0,0
10-04 20:38:36.372 I/hakuX-lane(16668): [occl804] f=6477 wait=1 procs=2 q=9 qnz=0 pend=0 rep=9 repnz=0 repmax=0 v=0,0,0,0,0,0,0,0,0
10-04 20:38:36.388 I/hakuX-lane(16668): [occl804] f=6479 wait=1 procs=1 q=9 qnz=0 pend=0 rep=9 repnz=0 repmax=0 v=0,0,0,0,0,0,0,0,0
10-04 20:38:36.404 I/hakuX-lane(16668): [occl804] f=6480 wait=1 procs=1 q=5 qnz=0 pend=0 rep=5 repnz=0 repmax=0 v=0,0,0,0,0
10-04 20:38:36.438 I/hakuX-lane(16668): [occl804] f=6481 wait=1 procs=2 q=14 qnz=0 pend=0 rep=14 repnz=0 repmax=0 v=0,0,0,0,0,0,0,0,0,0,0,0,0,0
10-04 20:38:36.471 I/hakuX-lane(16668): [occl804] f=6483 wait=1 procs=2 q=14 qnz=0 pend=0 rep=14 repnz=0 repmax=0 v=0,0,0,0,0,0,0,0,0,0,0,0,0,0
10-04 20:38:36.488 I/hakuX-lane(16668): [occl804] f=6485 wait=1 procs=1 q=9 qnz=0 pend=0 rep=9 repnz=0 repmax=0 v=0,0,0,0,0,0,0,0,0
10-04 20:38:36.506 I/hakuX-lane(16668): [occl804] f=6486 wait=1 procs=1 q=5 qnz=0 pend=0 rep=5 repnz=0 repmax=0 v=0,0,0,0,0
10-04 20:38:36.521 I/hakuX-lane(16668): [occl804] f=6487 wait=1 procs=1 q=9 qnz=0 pend=0 rep=9 repnz=0 repmax=0 v=0,0,0,0,0,0,0,0,0
10-04 20:38:36.541 I/hakuX-lane(16668): [occl804] f=6488 wait=1 procs=1 q=5 qnz=0 pend=0 rep=5 repnz=0 repmax=0 v=0,0,0,0,0
10-04 20:38:36.554 I/hakuX-lane(16668): [occl804] f=6489 wait=1 procs=1 q=9 qnz=0 pend=0 rep=9 repnz=0 repmax=0 v=0,0,0,0,0,0,0,0,0
10-04 20:38:36.571 I/hakuX-lane(16668): [occl804] f=6490 wait=1 procs=1 q=5 qnz=0 pend=0 rep=5 repnz=0 repmax=0 v=0,0,0,0,0
10-04 20:38:36.588 I/hakuX-lane(16668): [occl804] f=6491 wait=1 procs=1 q=9 qnz=0 pend=0 rep=9 repnz=0 repmax=0 v=0,0,0,0,0,0,0,0,0
10-04 20:38:36.604 I/hakuX-lane(16668): [occl804] f=6492 wait=1 procs=1 q=5 qnz=0 pend=0 rep=5 repnz=0 repmax=0 v=0,0,0,0,0
10-04 20:38:36.621 I/hakuX-lane(16668): [occl804] f=6493 wait=1 procs=1 q=9 qnz=0 pend=0 rep=9 repnz=0 repmax=0 v=0,0,0,0,0,0,0,0,0
10-04 20:38:36.638 I/hakuX-lane(16668): [occl804] f=6494 wait=1 procs=1 q=5 qnz=0 pend=0 rep=5 repnz=0 repmax=0 v=0,0,0,0,0
10-04 20:38:36.671 I/hakuX-lane(16668): [occl804] f=6495 wait=1 procs=1 q=9 qnz=0 pend=0 rep=9 repnz=0 repmax=0 v=0,0,0,0,0,0,0,0,0
10-04 20:38:36.704 I/hakuX-lane(16668): [occl804] f=6497 wait=1 procs=1 q=9 qnz=0 pend=0 rep=9 repnz=0 repmax=0 v=0,0,0,0,0,0,0,0,0
10-04 20:38:36.721 I/hakuX-lane(16668): [occl804] f=6499 wait=1 procs=1 q=5 qnz=0 pend=0 rep=5 repnz=0 repmax=0 v=0,0,0,0,0
10-04 20:38:36.738 I/hakuX-lane(16668): [occl804] f=6500 wait=1 procs=1 q=9 qnz=0 pend=0 rep=9 repnz=0 repmax=0 v=0,0,0,0,0,0,0,0,0
10-04 20:38:36.755 I/hakuX-lane(16668): [occl804] f=6501 wait=1 procs=1 q=5 qnz=0 pend=0 rep=5 repnz=0 repmax=0 v=0,0,0,0,0
10-04 20:38:36.771 I/hakuX-lane(16668): [occl804] f=6502 wait=1 procs=1 q=9 qnz=0 pend=0 rep=9 repnz=0 repmax=0 v=0,0,0,0,0,0,0,0,0
10-04 20:38:36.788 I/hakuX-lane(16668): [occl804] f=6503 wait=1 procs=1 q=5 qnz=0 pend=0 rep=5 repnz=0 repmax=0 v=0,0,0,0,0
10-04 20:38:36.805 I/hakuX-lane(16668): [occl804] f=6504 wait=1 procs=1 q=9 qnz=0 pend=0 rep=9 repnz=0 repmax=0 v=0,0,0,0,0,0,0,0,0
10-04 20:38:36.821 I/hakuX-lane(16668): [occl804] f=6505 wait=1 procs=1 q=5 qnz=0 pend=0 rep=5 repnz=0 repmax=0 v=0,0,0,0,0
10-04 20:38:36.840 I/hakuX-lane(16668): [occl804] f=6506 wait=1 procs=1 q=9 qnz=0 pend=0 rep=9 repnz=0 repmax=0 v=0,0,0,0,0,0,0,0,0
10-04 20:38:36.854 I/hakuX-lane(16668): [occl804] f=6507 wait=1 procs=1 q=5 qnz=0 pend=0 rep=5 repnz=0 repmax=0 v=0,0,0,0,0
10-04 20:38:36.872 I/hakuX-lane(16668): [occl804] f=6508 wait=1 procs=1 q=9 qnz=0 pend=0 rep=9 repnz=0 repmax=0 v=0,0,0,0,0,0,0,0,0
10-04 20:38:36.888 I/hakuX-lane(16668): [occl804] f=6509 wait=1 procs=1 q=5 qnz=0 pend=0 rep=5 repnz=0 repmax=0 v=0,0,0,0,0
10-04 20:38:36.904 I/hakuX-lane(16668): [occl804] f=6510 wait=1 procs=1 q=9 qnz=0 pend=0 rep=9 repnz=0 repmax=0 v=0,0,0,0,0,0,0,0,0
10-04 20:38:36.921 I/hakuX-lane(16668): [occl804] f=6511 wait=1 procs=1 q=5 qnz=0 pend=0 rep=5 repnz=0 repmax=0 v=0,0,0,0,0
10-04 20:38:36.955 I/hakuX-lane(16668): [occl804] f=6512 wait=1 procs=1 q=9 qnz=0 pend=0 rep=9 repnz=0 repmax=0 v=0,0,0,0,0,0,0,0,0
10-04 20:38:36.988 I/hakuX-lane(16668): [occl804] f=6514 wait=1 procs=1 q=9 qnz=0 pend=0 rep=9 repnz=0 repmax=0 v=0,0,0,0,0,0,0,0,0
10-04 20:38:37.004 I/hakuX-lane(16668): [occl804] f=6516 wait=1 procs=1 q=5 qnz=0 pend=0 rep=5 repnz=0 repmax=0 v=0,0,0,0,0
10-04 20:38:37.021 I/hakuX-lane(16668): [occl804] f=6517 wait=1 procs=1 q=4 qnz=0 pend=0 rep=4 repnz=0 repmax=0 v=0,0,0,0
10-04 20:38:37.038 I/hakuX-lane(16668): [occl804] f=6518 wait=1 procs=1 q=5 qnz=0 pend=0 rep=5 repnz=0 repmax=0 v=0,0,0,0,0
10-04 20:38:37.054 I/hakuX-lane(16668): [occl804] f=6519 wait=1 procs=1 q=5 qnz=0 pend=0 rep=5 repnz=0 repmax=0 v=0,0,0,0,0
10-04 20:38:37.072 I/hakuX-lane(16668): [occl804] f=6520 wait=1 procs=1 q=4 qnz=0 pend=0 rep=4 repnz=0 repmax=0 v=0,0,0,0
10-04 20:38:37.088 I/hakuX-lane(16668): [occl804] f=6521 wait=1 procs=1 q=5 qnz=0 pend=0 rep=5 repnz=0 repmax=0 v=0,0,0,0,0
10-04 20:38:37.104 I/hakuX-lane(16668): [occl804] f=6522 wait=1 procs=1 q=4 qnz=0 pend=0 rep=4 repnz=0 repmax=0 v=0,0,0,0
10-04 20:38:37.122 I/hakuX-lane(16668): [occl804] f=6523 wait=1 procs=1 q=5 qnz=0 pend=0 rep=5 repnz=0 repmax=0 v=0,0,0,0,0
10-04 20:38:37.138 I/hakuX-lane(16668): [occl804] f=6524 wait=1 procs=1 q=4 qnz=0 pend=0 rep=4 repnz=0 repmax=0 v=0,0,0,0
10-04 20:38:37.155 I/hakuX-lane(16668): [occl804] f=6525 wait=1 procs=1 q=5 qnz=0 pend=0 rep=5 repnz=0 repmax=0 v=0,0,0,0,0
10-04 20:38:37.188 I/hakuX-lane(16668): [occl804] f=6526 wait=1 procs=1 q=9 qnz=0 pend=0 rep=9 repnz=0 repmax=0 v=0,0,0,0,0,0,0,0,0
10-04 20:38:37.221 I/hakuX-lane(16668): [occl804] f=6528 wait=1 procs=1 q=9 qnz=0 pend=0 rep=9 repnz=0 repmax=0 v=0,0,0,0,0,0,0,0,0
10-04 20:38:37.238 I/hakuX-lane(16668): [occl804] f=6530 wait=1 procs=1 q=5 qnz=0 pend=0 rep=5 repnz=0 repmax=0 v=0,0,0,0,0
10-04 20:38:37.254 I/hakuX-lane(16668): [occl804] f=6531 wait=1 procs=1 q=4 qnz=0 pend=0 rep=4 repnz=0 repmax=0 v=0,0,0,0
10-04 20:38:37.271 I/hakuX-lane(16668): [occl804] f=6532 wait=1 procs=1 q=5 qnz=0 pend=0 rep=5 repnz=0 repmax=0 v=0,0,0,0,0
10-04 20:38:37.305 I/hakuX-lane(16668): [occl804] f=6533 wait=1 procs=1 q=9 qnz=0 pend=0 rep=9 repnz=0 repmax=0 v=0,0,0,0,0,0,0,0,0
10-04 20:38:37.321 I/hakuX-lane(16668): [occl804] f=6535 wait=1 procs=1 q=5 qnz=0 pend=0 rep=5 repnz=0 repmax=0 v=0,0,0,0,0
10-04 20:38:37.338 I/hakuX-lane(16668): [occl804] f=6536 wait=1 procs=1 q=4 qnz=0 pend=0 rep=4 repnz=0 repmax=0 v=0,0,0,0
10-04 20:38:37.372 I/hakuX-lane(16668): [occl804] f=6537 wait=1 procs=1 q=5 qnz=0 pend=0 rep=5 repnz=0 repmax=0 v=0,0,0,0,0
10-04 20:38:37.405 I/hakuX-lane(16668): [occl804] f=6539 wait=1 procs=1 q=9 qnz=0 pend=0 rep=9 repnz=0 repmax=0 v=0,0,0,0,0,0,0,0,0
10-04 20:38:37.421 I/hakuX-lane(16668): [occl804] f=6541 wait=1 procs=1 q=5 qnz=0 pend=0 rep=5 repnz=0 repmax=0 v=0,0,0,0,0
10-04 20:38:37.438 I/hakuX-lane(16668): [occl804] f=6542 wait=1 procs=1 q=4 qnz=0 pend=0 rep=4 repnz=0 repmax=0 v=0,0,0,0
10-04 20:38:37.454 I/hakuX-lane(16668): [occl804] f=6543 wait=1 procs=1 q=5 qnz=0 pend=0 rep=5 repnz=0 repmax=0 v=0,0,0,0,0
10-04 20:38:37.471 I/hakuX-lane(16668): [occl804] f=6544 wait=1 procs=1 q=4 qnz=0 pend=0 rep=4 repnz=0 repmax=0 v=0,0,0,0
10-04 20:38:37.505 I/hakuX-lane(16668): [occl804] f=6545 wait=1 procs=1 q=5 qnz=0 pend=0 rep=5 repnz=0 repmax=0 v=0,0,0,0,0
10-04 20:38:37.538 I/hakuX-lane(16668): [occl804] f=6547 wait=1 procs=1 q=9 qnz=0 pend=0 rep=9 repnz=0 repmax=0 v=0,0,0,0,0,0,0,0,0
10-04 20:38:37.555 I/hakuX-lane(16668): [occl804] f=6549 wait=1 procs=1 q=5 qnz=0 pend=0 rep=5 repnz=0 repmax=0 v=0,0,0,0,0
10-04 20:38:37.589 I/hakuX-lane(16668): [occl804] f=6550 wait=1 procs=1 q=9 qnz=0 pend=0 rep=9 repnz=0 repmax=0 v=0,0,0,0,0,0,0,0,0
10-04 20:38:37.621 I/hakuX-lane(16668): [occl804] f=6552 wait=1 procs=1 q=9 qnz=0 pend=0 rep=9 repnz=0 repmax=0 v=0,0,0,0,0,0,0,0,0
10-04 20:38:37.638 I/hakuX-lane(16668): [occl804] f=6554 wait=1 procs=1 q=5 qnz=0 pend=0 rep=5 repnz=0 repmax=0 v=0,0,0,0,0
10-04 20:38:37.655 I/hakuX-lane(16668): [occl804] f=6555 wait=1 procs=1 q=4 qnz=0 pend=0 rep=4 repnz=0 repmax=0 v=0,0,0,0
10-04 20:38:37.688 I/hakuX-lane(16668): [occl804] f=6556 wait=1 procs=1 q=5 qnz=0 pend=0 rep=5 repnz=0 repmax=0 v=0,0,0,0,0
10-04 20:38:37.721 I/hakuX-lane(16668): [occl804] f=6558 wait=1 procs=1 q=9 qnz=0 pend=0 rep=9 repnz=0 repmax=0 v=0,0,0,0,0,0,0,0,0
10-04 20:38:37.738 I/hakuX-lane(16668): [occl804] f=6560 wait=1 procs=1 q=5 qnz=0 pend=0 rep=5 repnz=0 repmax=0 v=0,0,0,0,0
10-04 20:38:37.755 I/hakuX-lane(16668): [occl804] f=6561 wait=1 procs=1 q=4 qnz=0 pend=0 rep=4 repnz=0 repmax=0 v=0,0,0,0
10-04 20:38:37.771 I/hakuX-lane(16668): [occl804] f=6562 wait=1 procs=1 q=5 qnz=0 pend=0 rep=5 repnz=0 repmax=0 v=0,0,0,0,0
10-04 20:38:37.789 I/hakuX-lane(16668): [occl804] f=6563 wait=1 procs=1 q=4 qnz=0 pend=0 rep=4 repnz=0 repmax=0 v=0,0,0,0
10-04 20:38:37.840 I/hakuX-lane(16668): [occl804] f=6564 wait=1 procs=1 q=5 qnz=0 pend=0 rep=5 repnz=0 repmax=0 v=0,0,0,0,0
10-04 20:38:37.853 I/hakuX-lane(16668): [occl804] f=6565 wait=1 procs=1 q=4 qnz=0 pend=0 rep=4 repnz=0 repmax=0 v=0,0,0,0
10-04 20:38:37.882 I/hakuX-lane(16668): [occl804] f=6566 wait=1 procs=1 q=5 qnz=0 pend=0 rep=5 repnz=0 repmax=0 v=0,0,0,0,0
10-04 20:38:37.916 I/hakuX-lane(16668): [occl804] f=6568 wait=1 procs=1 q=9 qnz=0 pend=0 rep=9 repnz=0 repmax=0 v=0,0,0,0,0,0,0,0,0
10-04 20:38:37.932 I/hakuX-lane(16668): [occl804] f=6570 wait=1 procs=1 q=5 qnz=0 pend=0 rep=5 repnz=0 repmax=0 v=0,0,0,0,0
10-04 20:38:37.949 I/hakuX-lane(16668): [occl804] f=6571 wait=1 procs=1 q=4 qnz=0 pend=0 rep=4 repnz=0 repmax=0 v=0,0,0,0
10-04 20:38:37.982 I/hakuX-lane(16668): [occl804] f=6572 wait=1 procs=1 q=5 qnz=0 pend=0 rep=5 repnz=0 repmax=0 v=0,0,0,0,0
10-04 20:38:38.016 I/hakuX-lane(16668): [occl804] f=6574 wait=1 procs=1 q=9 qnz=0 pend=0 rep=9 repnz=0 repmax=0 v=0,0,0,0,0,0,0,0,0
10-04 20:38:38.032 I/hakuX-lane(16668): [occl804] f=6576 wait=1 procs=1 q=5 qnz=0 pend=0 rep=5 repnz=0 repmax=0 v=0,0,0,0,0
10-04 20:38:38.049 I/hakuX-lane(16668): [occl804] f=6577 wait=1 procs=1 q=4 qnz=0 pend=0 rep=4 repnz=0 repmax=0 v=0,0,0,0
10-04 20:38:38.082 I/hakuX-lane(16668): [occl804] f=6578 wait=1 procs=1 q=5 qnz=0 pend=0 rep=5 repnz=0 repmax=0 v=0,0,0,0,0
10-04 20:38:38.116 I/hakuX-lane(16668): [occl804] f=6580 wait=1 procs=1 q=9 qnz=0 pend=0 rep=9 repnz=0 repmax=0 v=0,0,0,0,0,0,0,0,0
10-04 20:38:38.132 I/hakuX-lane(16668): [occl804] f=6582 wait=1 procs=1 q=5 qnz=0 pend=0 rep=5 repnz=0 repmax=0 v=0,0,0,0,0
10-04 20:38:38.149 I/hakuX-lane(16668): [occl804] f=6583 wait=1 procs=1 q=4 qnz=0 pend=0 rep=4 repnz=0 repmax=0 v=0,0,0,0
10-04 20:38:38.182 I/hakuX-lane(16668): [occl804] f=6584 wait=1 procs=1 q=5 qnz=0 pend=0 rep=5 repnz=0 repmax=0 v=0,0,0,0,0
10-04 20:38:38.216 I/hakuX-lane(16668): [occl804] f=6586 wait=1 procs=1 q=9 qnz=0 pend=0 rep=9 repnz=0 repmax=0 v=0,0,0,0,0,0,0,0,0
10-04 20:38:38.232 I/hakuX-lane(16668): [occl804] f=6588 wait=1 procs=1 q=5 qnz=0 pend=0 rep=5 repnz=0 repmax=0 v=0,0,0,0,0
10-04 20:38:38.249 I/hakuX-lane(16668): [occl804] f=6589 wait=1 procs=1 q=4 qnz=0 pend=0 rep=4 repnz=0 repmax=0 v=0,0,0,0
10-04 20:38:38.283 I/hakuX-lane(16668): [occl804] f=6590 wait=1 procs=1 q=5 qnz=0 pend=0 rep=5 repnz=0 repmax=0 v=0,0,0,0,0
10-04 20:38:38.316 I/hakuX-lane(16668): [occl804] f=6592 wait=1 procs=1 q=9 qnz=0 pend=0 rep=9 repnz=0 repmax=0 v=0,0,0,0,0,0,0,0,0
10-04 20:38:38.333 I/hakuX-lane(16668): [occl804] f=6594 wait=1 procs=1 q=5 qnz=0 pend=0 rep=5 repnz=0 repmax=0 v=0,0,0,0,0
10-04 20:38:38.358 I/hakuX-lane(16668): [occl804] f=6595 wait=1 procs=1 q=4 qnz=0 pend=0 rep=4 repnz=0 repmax=0 v=0,0,0,0
10-04 20:38:38.382 I/hakuX-lane(16668): [occl804] f=6596 wait=1 procs=1 q=5 qnz=0 pend=0 rep=5 repnz=0 repmax=0 v=0,0,0,0,0
10-04 20:38:38.399 I/hakuX-lane(16668): [occl804] f=6598 wait=1 procs=1 q=4 qnz=0 pend=0 rep=4 repnz=0 repmax=0 v=0,0,0,0
10-04 20:38:38.432 I/hakuX-lane(16668): [occl804] f=6599 wait=1 procs=1 q=5 qnz=0 pend=0 rep=5 repnz=0 repmax=0 v=0,0,0,0,0
10-04 20:38:38.466 I/hakuX-lane(16668): [occl804] f=6601 wait=1 procs=1 q=9 qnz=0 pend=0 rep=9 repnz=0 repmax=0 v=0,0,0,0,0,0,0,0,0
10-04 20:38:38.482 I/hakuX-lane(16668): [occl804] f=6603 wait=1 procs=1 q=5 qnz=0 pend=0 rep=5 repnz=0 repmax=0 v=0,0,0,0,0
10-04 20:38:38.499 I/hakuX-lane(16668): [occl804] f=6604 wait=1 procs=1 q=4 qnz=0 pend=0 rep=4 repnz=0 repmax=0 v=0,0,0,0
10-04 20:38:38.532 I/hakuX-lane(16668): [occl804] f=6605 wait=1 procs=1 q=5 qnz=0 pend=0 rep=5 repnz=0 repmax=0 v=0,0,0,0,0
10-04 20:38:38.549 I/hakuX-lane(16668): [occl804] f=6607 wait=1 procs=1 q=4 qnz=0 pend=0 rep=4 repnz=0 repmax=0 v=0,0,0,0
10-04 20:38:38.599 I/hakuX-lane(16668): [occl804] f=6608 wait=1 procs=1 q=5 qnz=0 pend=0 rep=5 repnz=0 repmax=0 v=0,0,0,0,0
10-04 20:38:38.649 I/hakuX-lane(16668): [occl804] f=6611 wait=1 procs=1 q=9 qnz=0 pend=0 rep=9 repnz=0 repmax=0 v=0,0,0,0,0,0,0,0,0
10-04 20:38:38.666 I/hakuX-lane(16668): [occl804] f=6614 wait=1 procs=1 q=5 qnz=0 pend=0 rep=5 repnz=0 repmax=0 v=0,0,0,0,0
10-04 20:38:38.700 I/hakuX-lane(16668): [occl804] f=6615 wait=1 procs=1 q=4 qnz=0 pend=0 rep=4 repnz=0 repmax=0 v=0,0,0,0
10-04 20:38:38.732 I/hakuX-lane(16668): [occl804] f=6617 wait=1 procs=1 q=5 qnz=0 pend=0 rep=5 repnz=0 repmax=0 v=0,0,0,0,0
10-04 20:38:38.749 I/hakuX-lane(16668): [occl804] f=6619 wait=1 procs=1 q=4 qnz=0 pend=0 rep=4 repnz=0 repmax=0 v=0,0,0,0
10-04 20:38:38.799 I/hakuX-lane(16668): [occl804] f=6620 wait=1 procs=1 q=5 qnz=0 pend=0 rep=5 repnz=0 repmax=0 v=0,0,0,0,0
10-04 20:38:38.849 I/hakuX-lane(16668): [occl804] f=6623 wait=1 procs=1 q=9 qnz=0 pend=0 rep=9 repnz=0 repmax=0 v=0,0,0,0,0,0,0,0,0
10-04 20:38:38.866 I/hakuX-lane(16668): [occl804] f=6626 wait=1 procs=1 q=5 qnz=0 pend=0 rep=5 repnz=0 repmax=0 v=0,0,0,0,0
10-04 20:38:38.899 I/hakuX-lane(16668): [occl804] f=6627 wait=1 procs=1 q=4 qnz=0 pend=0 rep=4 repnz=0 repmax=0 v=0,0,0,0
10-04 20:38:38.932 I/hakuX-lane(16668): [occl804] f=6629 wait=1 procs=1 q=5 qnz=0 pend=0 rep=5 repnz=0 repmax=0 v=0,0,0,0,0
10-04 20:38:38.949 I/hakuX-lane(16668): [occl804] f=6631 wait=1 procs=1 q=4 qnz=0 pend=0 rep=4 repnz=0 repmax=0 v=0,0,0,0
10-04 20:38:38.999 I/hakuX-lane(16668): [occl804] f=6632 wait=1 procs=1 q=5 qnz=0 pend=0 rep=5 repnz=0 repmax=0 v=0,0,0,0,0
10-04 20:38:39.049 I/hakuX-lane(16668): [occl804] f=6635 wait=1 procs=1 q=9 qnz=0 pend=0 rep=9 repnz=0 repmax=0 v=0,0,0,0,0,0,0,0,0
10-04 20:38:39.066 I/hakuX-lane(16668): [occl804] f=6638 wait=1 procs=1 q=5 qnz=0 pend=0 rep=5 repnz=0 repmax=0 v=0,0,0,0,0
10-04 20:38:39.099 I/hakuX-lane(16668): [occl804] f=6639 wait=1 procs=1 q=4 qnz=0 pend=0 rep=4 repnz=0 repmax=0 v=0,0,0,0
10-04 20:38:39.132 I/hakuX-lane(16668): [occl804] f=6641 wait=1 procs=1 q=5 qnz=0 pend=0 rep=5 repnz=0 repmax=0 v=0,0,0,0,0
10-04 20:38:39.149 I/hakuX-lane(16668): [occl804] f=6643 wait=1 procs=1 q=4 qnz=0 pend=0 rep=4 repnz=0 repmax=0 v=0,0,0,0
10-04 20:38:39.199 I/hakuX-lane(16668): [occl804] f=6644 wait=1 procs=1 q=5 qnz=0 pend=0 rep=5 repnz=0 repmax=0 v=0,0,0,0,0
10-04 20:38:39.249 I/hakuX-lane(16668): [occl804] f=6647 wait=1 procs=1 q=9 qnz=0 pend=0 rep=9 repnz=0 repmax=0 v=0,0,0,0,0,0,0,0,0
10-04 20:38:39.266 I/hakuX-lane(16668): [occl804] f=6650 wait=1 procs=1 q=5 qnz=0 pend=0 rep=5 repnz=0 repmax=0 v=0,0,0,0,0
10-04 20:38:39.299 I/hakuX-lane(16668): [occl804] f=6651 wait=1 procs=1 q=4 qnz=0 pend=0 rep=4 repnz=0 repmax=0 v=0,0,0,0
10-04 20:38:39.332 I/hakuX-lane(16668): [occl804] f=6653 wait=1 procs=1 q=5 qnz=0 pend=0 rep=5 repnz=0 repmax=0 v=0,0,0,0,0
10-04 20:38:39.349 I/hakuX-lane(16668): [occl804] f=6655 wait=1 procs=1 q=4 qnz=0 pend=0 rep=4 repnz=0 repmax=0 v=0,0,0,0
10-04 20:38:39.399 I/hakuX-lane(16668): [occl804] f=6656 wait=1 procs=1 q=5 qnz=0 pend=0 rep=5 repnz=0 repmax=0 v=0,0,0,0,0
10-04 20:38:39.450 I/hakuX-lane(16668): [occl804] f=6659 wait=1 procs=1 q=9 qnz=0 pend=0 rep=9 repnz=0 repmax=0 v=0,0,0,0,0,0,0,0,0
10-04 20:38:39.466 I/hakuX-lane(16668): [occl804] f=6662 wait=1 procs=1 q=5 qnz=0 pend=0 rep=5 repnz=0 repmax=0 v=0,0,0,0,0
10-04 20:38:39.499 I/hakuX-lane(16668): [occl804] f=6663 wait=1 procs=1 q=4 qnz=0 pend=0 rep=4 repnz=0 repmax=0 v=0,0,0,0
10-04 20:38:39.532 I/hakuX-lane(16668): [occl804] f=6665 wait=1 procs=1 q=5 qnz=0 pend=0 rep=5 repnz=0 repmax=0 v=0,0,0,0,0
10-04 20:38:39.549 I/hakuX-lane(16668): [occl804] f=6667 wait=1 procs=1 q=4 qnz=0 pend=0 rep=4 repnz=0 repmax=0 v=0,0,0,0
10-04 20:38:39.600 I/hakuX-lane(16668): [occl804] f=6668 wait=1 procs=1 q=5 qnz=0 pend=0 rep=5 repnz=0 repmax=0 v=0,0,0,0,0
10-04 20:38:39.651 I/hakuX-lane(16668): [occl804] f=6671 wait=1 procs=1 q=9 qnz=0 pend=0 rep=9 repnz=0 repmax=0 v=0,0,0,0,0,0,0,0,0
10-04 20:38:39.666 I/hakuX-lane(16668): [occl804] f=6674 wait=1 procs=1 q=5 qnz=0 pend=0 rep=5 repnz=0 repmax=0 v=0,0,0,0,0
10-04 20:38:39.699 I/hakuX-lane(16668): [occl804] f=6675 wait=1 procs=1 q=4 qnz=0 pend=0 rep=4 repnz=0 repmax=0 v=0,0,0,0
10-04 20:38:39.732 I/hakuX-lane(16668): [occl804] f=6677 wait=1 procs=1 q=5 qnz=0 pend=0 rep=5 repnz=0 repmax=0 v=0,0,0,0,0
10-04 20:38:39.749 I/hakuX-lane(16668): [occl804] f=6679 wait=1 procs=1 q=4 qnz=0 pend=0 rep=4 repnz=0 repmax=0 v=0,0,0,0
10-04 20:38:39.799 I/hakuX-lane(16668): [occl804] f=6680 wait=1 procs=1 q=5 qnz=0 pend=0 rep=5 repnz=0 repmax=0 v=0,0,0,0,0
10-04 20:38:39.849 I/hakuX-lane(16668): [occl804] f=6683 wait=1 procs=1 q=9 qnz=0 pend=0 rep=9 repnz=0 repmax=0 v=0,0,0,0,0,0,0,0,0
10-04 20:38:39.905 I/hakuX-lane(16668): [occl804] f=6686 wait=1 procs=1 q=9 qnz=0 pend=0 rep=9 repnz=0 repmax=0 v=0,0,0,0,0,0,0,0,0
10-04 20:38:39.916 I/hakuX-lane(16668): [occl804] f=6689 wait=1 procs=1 q=5 qnz=0 pend=0 rep=5 repnz=0 repmax=0 v=0,0,0,0,0
10-04 20:38:39.949 I/hakuX-lane(16668): [occl804] f=6690 wait=1 procs=1 q=4 qnz=0 pend=0 rep=4 repnz=0 repmax=0 v=0,0,0,0
10-04 20:38:39.982 I/hakuX-lane(16668): [occl804] f=6692 wait=1 procs=1 q=5 qnz=0 pend=0 rep=5 repnz=0 repmax=0 v=0,0,0,0,0
10-04 20:38:39.999 I/hakuX-lane(16668): [occl804] f=6694 wait=1 procs=1 q=4 qnz=0 pend=0 rep=4 repnz=0 repmax=0 v=0,0,0,0
10-04 20:38:40.032 I/hakuX-lane(16668): [occl804] f=6695 wait=1 procs=1 q=5 qnz=0 pend=0 rep=5 repnz=0 repmax=0 v=0,0,0,0,0
10-04 20:38:40.067 I/hakuX-lane(16668): [occl804] f=6697 wait=1 procs=1 q=9 qnz=0 pend=0 rep=9 repnz=0 repmax=0 v=0,0,0,0,0,0,0,0,0
10-04 20:38:40.082 I/hakuX-lane(16668): [occl804] f=6699 wait=1 procs=1 q=5 qnz=0 pend=0 rep=5 repnz=0 repmax=0 v=0,0,0,0,0
10-04 20:38:40.116 I/hakuX-lane(16668): [occl804] f=6700 wait=1 procs=1 q=4 qnz=0 pend=0 rep=4 repnz=0 repmax=0 v=0,0,0,0
10-04 20:38:40.149 I/hakuX-lane(16668): [occl804] f=6702 wait=1 procs=1 q=5 qnz=0 pend=0 rep=5 repnz=0 repmax=0 v=0,0,0,0,0
10-04 20:38:40.166 I/hakuX-lane(16668): [occl804] f=6704 wait=1 procs=1 q=4 qnz=0 pend=0 rep=4 repnz=0 repmax=0 v=0,0,0,0
10-04 20:38:40.216 I/hakuX-lane(16668): [occl804] f=6705 wait=1 procs=1 q=5 qnz=0 pend=0 rep=5 repnz=0 repmax=0 v=0,0,0,0,0
10-04 20:38:40.266 I/hakuX-lane(16668): [occl804] f=6708 wait=1 procs=1 q=9 qnz=0 pend=0 rep=9 repnz=0 repmax=0 v=0,0,0,0,0,0,0,0,0
10-04 20:38:40.282 I/hakuX-lane(16668): [occl804] f=6711 wait=1 procs=1 q=5 qnz=0 pend=0 rep=5 repnz=0 repmax=0 v=0,0,0,0,0
10-04 20:38:40.316 I/hakuX-lane(16668): [occl804] f=6712 wait=1 procs=1 q=4 qnz=0 pend=0 rep=4 repnz=0 repmax=0 v=0,0,0,0
10-04 20:38:40.349 I/hakuX-lane(16668): [occl804] f=6714 wait=1 procs=1 q=5 qnz=0 pend=0 rep=5 repnz=0 repmax=0 v=0,0,0,0,0
10-04 20:38:40.366 I/hakuX-lane(16668): [occl804] f=6716 wait=1 procs=1 q=4 qnz=0 pend=0 rep=4 repnz=0 repmax=0 v=0,0,0,0
10-04 20:38:40.416 I/hakuX-lane(16668): [occl804] f=6717 wait=1 procs=1 q=5 qnz=0 pend=0 rep=5 repnz=0 repmax=0 v=0,0,0,0,0
10-04 20:38:40.466 I/hakuX-lane(16668): [occl804] f=6720 wait=1 procs=1 q=9 qnz=0 pend=0 rep=9 repnz=0 repmax=0 v=0,0,0,0,0,0,0,0,0
10-04 20:38:40.483 I/hakuX-lane(16668): [occl804] f=6723 wait=1 procs=1 q=5 qnz=0 pend=0 rep=5 repnz=0 repmax=0 v=0,0,0,0,0
10-04 20:38:40.516 I/hakuX-lane(16668): [occl804] f=6724 wait=1 procs=1 q=4 qnz=0 pend=0 rep=4 repnz=0 repmax=0 v=0,0,0,0
10-04 20:38:40.532 I/hakuX-lane(16668): [occl804] f=6726 wait=1 procs=1 q=5 qnz=0 pend=0 rep=5 repnz=0 repmax=0 v=0,0,0,0,0
10-04 20:38:40.566 I/hakuX-lane(16668): [occl804] f=6727 wait=1 procs=1 q=4 qnz=0 pend=0 rep=4 repnz=0 repmax=0 v=0,0,0,0
10-04 20:38:40.602 I/hakuX-lane(16668): [occl804] f=6729 wait=1 procs=1 q=5 qnz=0 pend=0 rep=5 repnz=0 repmax=0 v=0,0,0,0,0
10-04 20:38:40.622 I/hakuX-lane(16668): [occl804] f=6731 wait=1 procs=1 q=4 qnz=0 pend=0 rep=4 repnz=0 repmax=0 v=0,0,0,0
10-04 20:38:40.666 I/hakuX-lane(16668): [occl804] f=6732 wait=1 procs=1 q=5 qnz=0 pend=0 rep=5 repnz=0 repmax=0 v=0,0,0,0,0
10-04 20:38:40.716 I/hakuX-lane(16668): [occl804] f=6735 wait=1 procs=1 q=9 qnz=0 pend=0 rep=9 repnz=0 repmax=0 v=0,0,0,0,0,0,0,0,0
10-04 20:38:40.733 I/hakuX-lane(16668): [occl804] f=6738 wait=1 procs=1 q=5 qnz=0 pend=0 rep=5 repnz=0 repmax=0 v=0,0,0,0,0
10-04 20:38:40.749 I/hakuX-lane(16668): [occl804] f=6739 wait=1 procs=1 q=4 qnz=0 pend=0 rep=4 repnz=0 repmax=0 v=0,0,0,0
10-04 20:38:40.783 I/hakuX-lane(16668): [occl804] f=6740 wait=1 procs=1 q=5 qnz=0 pend=0 rep=5 repnz=0 repmax=0 v=0,0,0,0,0
10-04 20:38:40.799 I/hakuX-lane(16668): [occl804] f=6742 wait=1 procs=1 q=4 qnz=0 pend=0 rep=4 repnz=0 repmax=0 v=0,0,0,0
10-04 20:38:40.833 I/hakuX-lane(16668): [occl804] f=6743 wait=1 procs=1 q=5 qnz=0 pend=0 rep=5 repnz=0 repmax=0 v=0,0,0,0,0
10-04 20:38:40.849 I/hakuX-lane(16668): [occl804] f=6745 wait=1 procs=1 q=4 qnz=0 pend=0 rep=4 repnz=0 repmax=0 v=0,0,0,0
10-04 20:38:40.888 I/hakuX-lane(16668): [occl804] f=6746 wait=1 procs=1 q=5 qnz=0 pend=0 rep=5 repnz=0 repmax=0 v=0,0,0,0,0
10-04 20:38:40.899 I/hakuX-lane(16668): [occl804] f=6748 wait=1 procs=1 q=4 qnz=0 pend=0 rep=4 repnz=0 repmax=0 v=0,0,0,0
10-04 20:38:40.933 I/hakuX-lane(16668): [occl804] f=6749 wait=1 procs=1 q=5 qnz=0 pend=0 rep=5 repnz=0 repmax=0 v=0,0,0,0,0
10-04 20:38:40.949 I/hakuX-lane(16668): [occl804] f=6751 wait=1 procs=1 q=5 qnz=0 pend=0 rep=5 repnz=0 repmax=0 v=0,0,0,0,0
10-04 20:38:40.983 I/hakuX-lane(16668): [occl804] f=6752 wait=1 procs=1 q=4 qnz=0 pend=0 rep=4 repnz=0 repmax=0 v=0,0,0,0
10-04 20:38:40.999 I/hakuX-lane(16668): [occl804] f=6754 wait=1 procs=1 q=5 qnz=0 pend=0 rep=5 repnz=0 repmax=0 v=0,0,0,0,0
10-04 20:38:41.033 I/hakuX-lane(16668): [occl804] f=6755 wait=1 procs=1 q=4 qnz=0 pend=0 rep=4 repnz=0 repmax=0 v=0,0,0,0
10-04 20:38:41.066 I/hakuX-lane(16668): [occl804] f=6757 wait=1 procs=1 q=5 qnz=0 pend=0 rep=5 repnz=0 repmax=0 v=0,0,0,0,0
10-04 20:38:41.099 I/hakuX-lane(16668): [occl804] f=6759 wait=1 procs=1 q=9 qnz=0 pend=0 rep=9 repnz=0 repmax=0 v=0,0,0,0,0,0,0,0,0
10-04 20:38:41.116 I/hakuX-lane(16668): [occl804] f=6761 wait=1 procs=1 q=5 qnz=0 pend=0 rep=5 repnz=0 repmax=0 v=0,0,0,0,0
10-04 20:38:41.133 I/hakuX-lane(16668): [occl804] f=6762 wait=1 procs=1 q=4 qnz=0 pend=0 rep=4 repnz=0 repmax=0 v=0,0,0,0
10-04 20:38:41.166 I/hakuX-lane(16668): [occl804] f=6763 wait=1 procs=1 q=5 qnz=0 pend=0 rep=5 repnz=0 repmax=0 v=0,0,0,0,0
10-04 20:38:41.199 I/hakuX-lane(16668): [occl804] f=6765 wait=1 procs=1 q=9 qnz=0 pend=0 rep=9 repnz=0 repmax=0 v=0,0,0,0,0,0,0,0,0
10-04 20:38:41.216 I/hakuX-lane(16668): [occl804] f=6767 wait=1 procs=1 q=5 qnz=0 pend=0 rep=5 repnz=0 repmax=0 v=0,0,0,0,0
10-04 20:38:41.233 I/hakuX-lane(16668): [occl804] f=6768 wait=1 procs=1 q=4 qnz=0 pend=0 rep=4 repnz=0 repmax=0 v=0,0,0,0
10-04 20:38:41.283 I/hakuX-lane(16668): [occl804] f=6769 wait=1 procs=1 q=5 qnz=0 pend=0 rep=5 repnz=0 repmax=0 v=0,0,0,0,0
10-04 20:38:41.316 I/hakuX-lane(16668): [occl804] f=6772 wait=1 procs=1 q=9 qnz=0 pend=0 rep=9 repnz=0 repmax=0 v=0,0,0,0,0,0,0,0,0
10-04 20:38:41.333 I/hakuX-lane(16668): [occl804] f=6774 wait=1 procs=1 q=5 qnz=0 pend=0 rep=5 repnz=0 repmax=0 v=0,0,0,0,0
10-04 20:38:41.352 I/hakuX-lane(16668): [occl804] f=6775 wait=1 procs=1 q=4 qnz=0 pend=0 rep=4 repnz=0 repmax=0 v=0,0,0,0
10-04 20:38:41.385 I/hakuX-lane(16668): [occl804] f=6776 wait=1 procs=1 q=5 qnz=0 pend=0 rep=5 repnz=0 repmax=0 v=0,0,0,0,0
10-04 20:38:41.419 I/hakuX-lane(16668): [occl804] f=6778 wait=1 procs=1 q=9 qnz=0 pend=0 rep=9 repnz=0 repmax=0 v=0,0,0,0,0,0,0,0,0
10-04 20:38:41.435 I/hakuX-lane(16668): [occl804] f=6780 wait=1 procs=1 q=5 qnz=0 pend=0 rep=5 repnz=0 repmax=0 v=0,0,0,0,0
10-04 20:38:41.452 I/hakuX-lane(16668): [occl804] f=6781 wait=1 procs=1 q=9 qnz=0 pend=0 rep=9 repnz=0 repmax=0 v=0,0,0,0,0,0,0,0,0
10-04 20:38:41.470 I/hakuX-lane(16668): [occl804] f=6782 wait=1 procs=1 q=5 qnz=0 pend=0 rep=5 repnz=0 repmax=0 v=0,0,0,0,0
10-04 20:38:41.506 I/hakuX-lane(16668): [occl804] f=6783 wait=1 procs=1 q=9 qnz=0 pend=0 rep=9 repnz=0 repmax=0 v=0,0,0,0,0,0,0,0,0
10-04 20:38:41.535 I/hakuX-lane(16668): [occl804] f=6785 wait=1 procs=1 q=9 qnz=0 pend=0 rep=9 repnz=0 repmax=0 v=0,0,0,0,0,0,0,0,0
10-04 20:38:41.552 I/hakuX-lane(16668): [occl804] f=6787 wait=1 procs=1 q=5 qnz=0 pend=0 rep=5 repnz=0 repmax=0 v=0,0,0,0,0
10-04 20:38:41.569 I/hakuX-lane(16668): [occl804] f=6788 wait=1 procs=1 q=4 qnz=0 pend=0 rep=4 repnz=0 repmax=0 v=0,0,0,0
10-04 20:38:41.585 I/hakuX-lane(16668): [occl804] f=6789 wait=1 procs=1 q=5 qnz=0 pend=0 rep=5 repnz=0 repmax=0 v=0,0,0,0,0
10-04 20:38:41.602 I/hakuX-lane(16668): [occl804] f=6790 wait=1 procs=1 q=4 qnz=0 pend=0 rep=4 repnz=0 repmax=0 v=0,0,0,0
10-04 20:38:41.635 I/hakuX-lane(16668): [occl804] f=6791 wait=1 procs=1 q=5 qnz=0 pend=0 rep=5 repnz=0 repmax=0 v=0,0,0,0,0
10-04 20:38:41.669 I/hakuX-lane(16668): [occl804] f=6793 wait=1 procs=1 q=9 qnz=0 pend=0 rep=9 repnz=0 repmax=0 v=0,0,0,0,0,0,0,0,0
10-04 20:38:41.702 I/hakuX-lane(16668): [occl804] f=6795 wait=1 procs=1 q=9 qnz=0 pend=0 rep=9 repnz=0 repmax=0 v=0,0,0,0,0,0,0,0,0
10-04 20:38:41.719 I/hakuX-lane(16668): [occl804] f=6797 wait=1 procs=1 q=5 qnz=0 pend=0 rep=5 repnz=0 repmax=0 v=0,0,0,0,0
10-04 20:38:41.735 I/hakuX-lane(16668): [occl804] f=6798 wait=1 procs=1 q=4 qnz=0 pend=0 rep=4 repnz=0 repmax=0 v=0,0,0,0
10-04 20:38:41.770 I/hakuX-lane(16668): [occl804] f=6799 wait=1 procs=1 q=5 qnz=0 pend=0 rep=5 repnz=0 repmax=0 v=0,0,0,0,0
10-04 20:38:41.802 I/hakuX-lane(16668): [occl804] f=6801 wait=1 procs=1 q=9 qnz=0 pend=0 rep=9 repnz=0 repmax=0 v=0,0,0,0,0,0,0,0,0
10-04 20:38:41.835 I/hakuX-lane(16668): [occl804] f=6803 wait=1 procs=1 q=9 qnz=0 pend=0 rep=9 repnz=0 repmax=0 v=0,0,0,0,0,0,0,0,0
10-04 20:38:41.852 I/hakuX-lane(16668): [occl804] f=6805 wait=1 procs=1 q=5 qnz=0 pend=0 rep=5 repnz=0 repmax=0 v=0,0,0,0,0
10-04 20:38:41.869 I/hakuX-lane(16668): [occl804] f=6806 wait=1 procs=1 q=4 qnz=0 pend=0 rep=4 repnz=0 repmax=0 v=0,0,0,0
10-04 20:38:41.885 I/hakuX-lane(16668): [occl804] f=6807 wait=1 procs=1 q=5 qnz=0 pend=0 rep=5 repnz=0 repmax=0 v=0,0,0,0,0
10-04 20:38:41.903 I/hakuX-lane(16668): [occl804] f=6808 wait=1 procs=1 q=4 qnz=0 pend=0 rep=4 repnz=0 repmax=0 v=0,0,0,0
10-04 20:38:41.919 I/hakuX-lane(16668): [occl804] f=6809 wait=1 procs=1 q=5 qnz=0 pend=0 rep=5 repnz=0 repmax=0 v=0,0,0,0,0
10-04 20:38:41.936 I/hakuX-lane(16668): [occl804] f=6810 wait=1 procs=1 q=4 qnz=0 pend=0 rep=4 repnz=0 repmax=0 v=0,0,0,0
10-04 20:38:41.953 I/hakuX-lane(16668): [occl804] f=6811 wait=1 procs=1 q=5 qnz=0 pend=0 rep=5 repnz=0 repmax=0 v=0,0,0,0,0
10-04 20:38:41.969 I/hakuX-lane(16668): [occl804] f=6812 wait=1 procs=1 q=9 qnz=0 pend=0 rep=9 repnz=0 repmax=0 v=0,0,0,0,0,0,0,0,0
10-04 20:38:41.986 I/hakuX-lane(16668): [occl804] f=6813 wait=1 procs=1 q=5 qnz=0 pend=0 rep=5 repnz=0 repmax=0 v=0,0,0,0,0
10-04 20:38:42.020 I/hakuX-lane(16668): [occl804] f=6814 wait=1 procs=1 q=9 qnz=0 pend=0 rep=9 repnz=0 repmax=0 v=0,0,0,0,0,0,0,0,0
10-04 20:38:42.053 I/hakuX-lane(16668): [occl804] f=6816 wait=1 procs=1 q=9 qnz=0 pend=0 rep=9 repnz=0 repmax=0 v=0,0,0,0,0,0,0,0,0
10-04 20:38:42.079 I/hakuX-lane(16668): [occl804] f=6818 wait=1 procs=1 q=5 qnz=0 pend=0 rep=5 repnz=0 repmax=0 v=0,0,0,0,0
10-04 20:38:42.086 I/hakuX-lane(16668): [occl804] f=6819 wait=1 procs=1 q=4 qnz=0 pend=0 rep=4 repnz=0 repmax=0 v=0,0,0,0
10-04 20:38:42.102 I/hakuX-lane(16668): [occl804] f=6820 wait=1 procs=1 q=5 qnz=0 pend=0 rep=5 repnz=0 repmax=0 v=0,0,0,0,0
10-04 20:38:42.137 I/hakuX-lane(16668): [occl804] f=6821 wait=1 procs=1 q=9 qnz=0 pend=0 rep=9 repnz=0 repmax=0 v=0,0,0,0,0,0,0,0,0
10-04 20:38:42.153 I/hakuX-lane(16668): [occl804] f=6823 wait=1 procs=1 q=5 qnz=0 pend=0 rep=5 repnz=0 repmax=0 v=0,0,0,0,0
10-04 20:38:42.170 I/hakuX-lane(16668): [occl804] f=6824 wait=1 procs=1 q=4 qnz=0 pend=0 rep=4 repnz=0 repmax=0 v=0,0,0,0
10-04 20:38:42.202 I/hakuX-lane(16668): [occl804] f=6825 wait=1 procs=1 q=5 qnz=0 pend=0 rep=5 repnz=0 repmax=0 v=0,0,0,0,0
10-04 20:38:42.220 I/hakuX-lane(16668): [occl804] f=6827 wait=1 procs=1 q=9 qnz=0 pend=0 rep=9 repnz=0 repmax=0 v=0,0,0,0,0,0,0,0,0
10-04 20:38:42.236 I/hakuX-lane(16668): [occl804] f=6828 wait=1 procs=1 q=5 qnz=0 pend=0 rep=5 repnz=0 repmax=0 v=0,0,0,0,0
10-04 20:38:42.253 I/hakuX-lane(16668): [occl804] f=6829 wait=1 procs=1 q=4 qnz=0 pend=0 rep=4 repnz=0 repmax=0 v=0,0,0,0
10-04 20:38:42.270 I/hakuX-lane(16668): [occl804] f=6830 wait=1 procs=1 q=5 qnz=0 pend=0 rep=5 repnz=0 repmax=0 v=0,0,0,0,0
10-04 20:38:42.303 I/hakuX-lane(16668): [occl804] f=6831 wait=1 procs=1 q=9 qnz=0 pend=0 rep=9 repnz=0 repmax=0 v=0,0,0,0,0,0,0,0,0
10-04 20:38:42.320 I/hakuX-lane(16668): [occl804] f=6833 wait=1 procs=1 q=5 qnz=0 pend=0 rep=5 repnz=0 repmax=0 v=0,0,0,0,0
10-04 20:38:42.336 I/hakuX-lane(16668): [occl804] f=6834 wait=1 procs=1 q=4 qnz=0 pend=0 rep=4 repnz=0 repmax=0 v=0,0,0,0
10-04 20:38:42.353 I/hakuX-lane(16668): [occl804] f=6835 wait=1 procs=1 q=5 qnz=0 pend=0 rep=5 repnz=0 repmax=0 v=0,0,0,0,0
10-04 20:38:42.370 I/hakuX-lane(16668): [occl804] f=6836 wait=1 procs=1 q=5 qnz=0 pend=0 rep=5 repnz=0 repmax=0 v=0,0,0,0,0
10-04 20:38:42.386 I/hakuX-lane(16668): [occl804] f=6837 wait=1 procs=1 q=4 qnz=0 pend=0 rep=4 repnz=0 repmax=0 v=0,0,0,0
10-04 20:38:42.420 I/hakuX-lane(16668): [occl804] f=6838 wait=1 procs=1 q=5 qnz=0 pend=0 rep=5 repnz=0 repmax=0 v=0,0,0,0,0
10-04 20:38:42.453 I/hakuX-lane(16668): [occl804] f=6840 wait=1 procs=1 q=9 qnz=0 pend=0 rep=9 repnz=0 repmax=0 v=0,0,0,0,0,0,0,0,0
10-04 20:38:42.486 I/hakuX-lane(16668): [occl804] f=6842 wait=1 procs=1 q=9 qnz=0 pend=0 rep=9 repnz=0 repmax=0 v=0,0,0,0,0,0,0,0,0
10-04 20:38:42.503 I/hakuX-lane(16668): [occl804] f=6844 wait=1 procs=1 q=5 qnz=0 pend=0 rep=5 repnz=0 repmax=0 v=0,0,0,0,0
10-04 20:38:42.520 I/hakuX-lane(16668): [occl804] f=6845 wait=1 procs=1 q=4 qnz=0 pend=0 rep=4 repnz=0 repmax=0 v=0,0,0,0
10-04 20:38:42.537 I/hakuX-lane(16668): [occl804] f=6846 wait=1 procs=1 q=5 qnz=0 pend=0 rep=5 repnz=0 repmax=0 v=0,0,0,0,0
10-04 20:38:42.553 I/hakuX-lane(16668): [occl804] f=6847 wait=1 procs=1 q=5 qnz=0 pend=0 rep=5 repnz=0 repmax=0 v=0,0,0,0,0
10-04 20:38:42.575 I/hakuX-lane(16668): [occl804] f=6848 wait=1 procs=1 q=4 qnz=0 pend=0 rep=4 repnz=0 repmax=0 v=0,0,0,0
10-04 20:38:42.587 I/hakuX-lane(16668): [occl804] f=6849 wait=1 procs=1 q=5 qnz=0 pend=0 rep=5 repnz=0 repmax=0 v=0,0,0,0,0
10-04 20:38:42.603 I/hakuX-lane(16668): [occl804] f=6850 wait=1 procs=1 q=4 qnz=0 pend=0 rep=4 repnz=0 repmax=0 v=0,0,0,0
10-04 20:38:42.620 I/hakuX-lane(16668): [occl804] f=6851 wait=1 procs=1 q=5 qnz=0 pend=0 rep=5 repnz=0 repmax=0 v=0,0,0,0,0
10-04 20:38:42.653 I/hakuX-lane(16668): [occl804] f=6852 wait=1 procs=1 q=9 qnz=0 pend=0 rep=9 repnz=0 repmax=0 v=0,0,0,0,0,0,0,0,0
10-04 20:38:42.686 I/hakuX-lane(16668): [occl804] f=6854 wait=1 procs=1 q=9 qnz=0 pend=0 rep=9 repnz=0 repmax=0 v=0,0,0,0,0,0,0,0,0
10-04 20:38:42.720 I/hakuX-lane(16668): [occl804] f=6856 wait=1 procs=1 q=9 qnz=0 pend=0 rep=9 repnz=0 repmax=0 v=0,0,0,0,0,0,0,0,0
10-04 20:38:42.737 I/hakuX-lane(16668): [occl804] f=6858 wait=1 procs=1 q=5 qnz=0 pend=0 rep=5 repnz=0 repmax=0 v=0,0,0,0,0
10-04 20:38:42.755 I/hakuX-lane(16668): [occl804] f=6859 wait=1 procs=1 q=4 qnz=0 pend=0 rep=4 repnz=0 repmax=0 v=0,0,0,0
10-04 20:38:42.770 I/hakuX-lane(16668): [occl804] f=6860 wait=1 procs=1 q=5 qnz=0 pend=0 rep=5 repnz=0 repmax=0 v=0,0,0,0,0
10-04 20:38:42.787 I/hakuX-lane(16668): [occl804] f=6861 wait=1 procs=1 q=4 qnz=0 pend=0 rep=4 repnz=0 repmax=0 v=0,0,0,0
10-04 20:38:42.804 I/hakuX-lane(16668): [occl804] f=6862 wait=1 procs=1 q=5 qnz=0 pend=0 rep=5 repnz=0 repmax=0 v=0,0,0,0,0
10-04 20:38:42.824 I/hakuX-lane(16668): [occl804] f=6863 wait=1 procs=1 q=9 qnz=0 pend=0 rep=9 repnz=0 repmax=0 v=0,0,0,0,0,0,0,0,0
10-04 20:38:42.836 I/hakuX-lane(16668): [occl804] f=6864 wait=1 procs=1 q=5 qnz=0 pend=0 rep=5 repnz=0 repmax=0 v=0,0,0,0,0
10-04 20:38:42.853 I/hakuX-lane(16668): [occl804] f=6865 wait=1 procs=1 q=4 qnz=0 pend=0 rep=4 repnz=0 repmax=0 v=0,0,0,0
10-04 20:38:42.870 I/hakuX-lane(16668): [occl804] f=6866 wait=1 procs=1 q=5 qnz=0 pend=0 rep=5 repnz=0 repmax=0 v=0,0,0,0,0
10-04 20:38:42.887 I/hakuX-lane(16668): [occl804] f=6867 wait=1 procs=1 q=9 qnz=0 pend=0 rep=9 repnz=0 repmax=0 v=0,0,0,0,0,0,0,0,0
10-04 20:38:42.903 I/hakuX-lane(16668): [occl804] f=6868 wait=1 procs=1 q=5 qnz=0 pend=0 rep=5 repnz=0 repmax=0 v=0,0,0,0,0
10-04 20:38:42.921 I/hakuX-lane(16668): [occl804] f=6869 wait=1 procs=1 q=9 qnz=0 pend=0 rep=9 repnz=0 repmax=0 v=0,0,0,0,0,0,0,0,0
10-04 20:38:42.937 I/hakuX-lane(16668): [occl804] f=6870 wait=1 procs=1 q=5 qnz=0 pend=0 rep=5 repnz=0 repmax=0 v=0,0,0,0,0
10-04 20:38:42.971 I/hakuX-lane(16668): [occl804] f=6871 wait=1 procs=1 q=9 qnz=0 pend=0 rep=9 repnz=0 repmax=0 v=0,0,0,0,0,0,0,0,0
10-04 20:38:43.004 I/hakuX-lane(16668): [occl804] f=6873 wait=1 procs=1 q=9 qnz=0 pend=0 rep=9 repnz=0 repmax=0 v=0,0,0,0,0,0,0,0,0
10-04 20:38:43.037 I/hakuX-lane(16668): [occl804] f=6875 wait=1 procs=1 q=9 qnz=0 pend=0 rep=9 repnz=0 repmax=0 v=0,0,0,0,0,0,0,0,0
10-04 20:38:43.053 I/hakuX-lane(16668): [occl804] f=6877 wait=1 procs=1 q=5 qnz=0 pend=0 rep=5 repnz=0 repmax=0 v=0,0,0,0,0
10-04 20:38:43.071 I/hakuX-lane(16668): [occl804] f=6878 wait=1 procs=1 q=4 qnz=0 pend=0 rep=4 repnz=0 repmax=0 v=0,0,0,0
10-04 20:38:43.104 I/hakuX-lane(16668): [occl804] f=6879 wait=1 procs=1 q=5 qnz=0 pend=0 rep=5 repnz=0 repmax=0 v=0,0,0,0,0
10-04 20:38:43.137 I/hakuX-lane(16668): [occl804] f=6881 wait=1 procs=1 q=9 qnz=0 pend=0 rep=9 repnz=0 repmax=0 v=0,0,0,0,0,0,0,0,0
10-04 20:38:43.154 I/hakuX-lane(16668): [occl804] f=6883 wait=1 procs=1 q=5 qnz=0 pend=0 rep=5 repnz=0 repmax=0 v=0,0,0,0,0
10-04 20:38:43.171 I/hakuX-lane(16668): [occl804] f=6884 wait=1 procs=1 q=4 qnz=0 pend=0 rep=4 repnz=0 repmax=0 v=0,0,0,0
10-04 20:38:43.203 I/hakuX-lane(16668): [occl804] f=6885 wait=1 procs=1 q=5 qnz=0 pend=0 rep=5 repnz=0 repmax=0 v=0,0,0,0,0
10-04 20:38:43.237 I/hakuX-lane(16668): [occl804] f=6887 wait=1 procs=1 q=9 qnz=0 pend=0 rep=9 repnz=0 repmax=0 v=0,0,0,0,0,0,0,0,0
10-04 20:38:43.254 I/hakuX-lane(16668): [occl804] f=6889 wait=1 procs=1 q=5 qnz=0 pend=0 rep=5 repnz=0 repmax=0 v=0,0,0,0,0
10-04 20:38:43.271 I/hakuX-lane(16668): [occl804] f=6890 wait=1 procs=1 q=4 qnz=0 pend=0 rep=4 repnz=0 repmax=0 v=0,0,0,0
10-04 20:38:43.287 I/hakuX-lane(16668): [occl804] f=6891 wait=1 procs=1 q=5 qnz=0 pend=0 rep=5 repnz=0 repmax=0 v=0,0,0,0,0
10-04 20:38:43.303 I/hakuX-lane(16668): [occl804] f=6892 wait=1 procs=1 q=9 qnz=0 pend=0 rep=9 repnz=0 repmax=0 v=0,0,0,0,0,0,0,0,0
10-04 20:38:43.322 I/hakuX-lane(16668): [occl804] f=6893 wait=1 procs=1 q=5 qnz=0 pend=0 rep=5 repnz=0 repmax=0 v=0,0,0,0,0
10-04 20:38:43.337 I/hakuX-lane(16668): [occl804] f=6894 wait=1 procs=1 q=9 qnz=0 pend=0 rep=9 repnz=0 repmax=0 v=0,0,0,0,0,0,0,0,0
10-04 20:38:43.354 I/hakuX-lane(16668): [occl804] f=6895 wait=1 procs=1 q=5 qnz=0 pend=0 rep=5 repnz=0 repmax=0 v=0,0,0,0,0
10-04 20:38:43.387 I/hakuX-lane(16668): [occl804] f=6896 wait=1 procs=1 q=9 qnz=0 pend=0 rep=9 repnz=0 repmax=0 v=0,0,0,0,0,0,0,0,0
10-04 20:38:43.421 I/hakuX-lane(16668): [occl804] f=6898 wait=1 procs=1 q=9 qnz=0 pend=0 rep=9 repnz=0 repmax=0 v=0,0,0,0,0,0,0,0,0
10-04 20:38:43.437 I/hakuX-lane(16668): [occl804] f=6900 wait=1 procs=1 q=5 qnz=0 pend=0 rep=5 repnz=0 repmax=0 v=0,0,0,0,0
10-04 20:38:43.454 I/hakuX-lane(16668): [occl804] f=6901 wait=1 procs=1 q=4 qnz=0 pend=0 rep=4 repnz=0 repmax=0 v=0,0,0,0
10-04 20:38:43.487 I/hakuX-lane(16668): [occl804] f=6902 wait=1 procs=1 q=5 qnz=0 pend=0 rep=5 repnz=0 repmax=0 v=0,0,0,0,0
10-04 20:38:43.521 I/hakuX-lane(16668): [occl804] f=6904 wait=1 procs=1 q=9 qnz=0 pend=0 rep=9 repnz=0 repmax=0 v=0,0,0,0,0,0,0,0,0
10-04 20:38:43.540 I/hakuX-lane(16668): [occl804] f=6906 wait=1 procs=1 q=5 qnz=0 pend=0 rep=5 repnz=0 repmax=0 v=0,0,0,0,0
10-04 20:38:43.554 I/hakuX-lane(16668): [occl804] f=6907 wait=1 procs=1 q=4 qnz=0 pend=0 rep=4 repnz=0 repmax=0 v=0,0,0,0
10-04 20:38:43.588 I/hakuX-lane(16668): [occl804] f=6908 wait=1 procs=1 q=5 qnz=0 pend=0 rep=5 repnz=0 repmax=0 v=0,0,0,0,0
10-04 20:38:43.622 I/hakuX-lane(16668): [occl804] f=6910 wait=1 procs=1 q=9 qnz=0 pend=0 rep=9 repnz=0 repmax=0 v=0,0,0,0,0,0,0,0,0
10-04 20:38:43.654 I/hakuX-lane(16668): [occl804] f=6912 wait=1 procs=1 q=9 qnz=0 pend=0 rep=9 repnz=0 repmax=0 v=0,0,0,0,0,0,0,0,0
10-04 20:38:43.687 I/hakuX-lane(16668): [occl804] f=6914 wait=1 procs=1 q=9 qnz=0 pend=0 rep=9 repnz=0 repmax=0 v=0,0,0,0,0,0,0,0,0
10-04 20:38:43.707 I/hakuX-lane(16668): [occl804] f=6916 wait=1 procs=1 q=5 qnz=0 pend=0 rep=5 repnz=0 repmax=0 v=0,0,0,0,0
10-04 20:38:43.721 I/hakuX-lane(16668): [occl804] f=6917 wait=1 procs=1 q=4 qnz=0 pend=0 rep=4 repnz=0 repmax=0 v=0,0,0,0
10-04 20:38:43.754 I/hakuX-lane(16668): [occl804] f=6918 wait=1 procs=1 q=5 qnz=0 pend=0 rep=5 repnz=0 repmax=0 v=0,0,0,0,0
10-04 20:38:43.787 I/hakuX-lane(16668): [occl804] f=6920 wait=1 procs=1 q=9 qnz=0 pend=0 rep=9 repnz=0 repmax=0 v=0,0,0,0,0,0,0,0,0
10-04 20:38:43.804 I/hakuX-lane(16668): [occl804] f=6922 wait=1 procs=1 q=5 qnz=0 pend=0 rep=5 repnz=0 repmax=0 v=0,0,0,0,0
10-04 20:38:43.821 I/hakuX-lane(16668): [occl804] f=6923 wait=1 procs=1 q=4 qnz=0 pend=0 rep=4 repnz=0 repmax=0 v=0,0,0,0
10-04 20:38:43.854 I/hakuX-lane(16668): [occl804] f=6924 wait=1 procs=1 q=5 qnz=0 pend=0 rep=5 repnz=0 repmax=0 v=0,0,0,0,0
10-04 20:38:43.887 I/hakuX-lane(16668): [occl804] f=6926 wait=1 procs=1 q=9 qnz=0 pend=0 rep=9 repnz=0 repmax=0 v=0,0,0,0,0,0,0,0,0
10-04 20:38:43.905 I/hakuX-lane(16668): [occl804] f=6928 wait=1 procs=1 q=5 qnz=0 pend=0 rep=5 repnz=0 repmax=0 v=0,0,0,0,0
10-04 20:38:43.921 I/hakuX-lane(16668): [occl804] f=6929 wait=1 procs=1 q=4 qnz=0 pend=0 rep=4 repnz=0 repmax=0 v=0,0,0,0
10-04 20:38:43.954 I/hakuX-lane(16668): [occl804] f=6930 wait=1 procs=1 q=5 qnz=0 pend=0 rep=5 repnz=0 repmax=0 v=0,0,0,0,0
10-04 20:38:43.988 I/hakuX-lane(16668): [occl804] f=6932 wait=1 procs=1 q=9 qnz=0 pend=0 rep=9 repnz=0 repmax=0 v=0,0,0,0,0,0,0,0,0
10-04 20:38:44.004 I/hakuX-lane(16668): [occl804] f=6934 wait=1 procs=1 q=5 qnz=0 pend=0 rep=5 repnz=0 repmax=0 v=0,0,0,0,0
10-04 20:38:44.021 I/hakuX-lane(16668): [occl804] f=6935 wait=1 procs=1 q=4 qnz=0 pend=0 rep=4 repnz=0 repmax=0 v=0,0,0,0
10-04 20:38:44.054 I/hakuX-lane(16668): [occl804] f=6936 wait=1 procs=1 q=5 qnz=0 pend=0 rep=5 repnz=0 repmax=0 v=0,0,0,0,0
10-04 20:38:44.088 I/hakuX-lane(16668): [occl804] f=6938 wait=1 procs=1 q=9 qnz=0 pend=0 rep=9 repnz=0 repmax=0 v=0,0,0,0,0,0,0,0,0
10-04 20:38:44.104 I/hakuX-lane(16668): [occl804] f=6940 wait=1 procs=1 q=5 qnz=0 pend=0 rep=5 repnz=0 repmax=0 v=0,0,0,0,0
10-04 20:38:44.122 I/hakuX-lane(16668): [occl804] f=6941 wait=1 procs=1 q=4 qnz=0 pend=0 rep=4 repnz=0 repmax=0 v=0,0,0,0
10-04 20:38:44.138 I/hakuX-lane(16668): [occl804] f=6942 wait=1 procs=1 q=5 qnz=0 pend=0 rep=5 repnz=0 repmax=0 v=0,0,0,0,0
10-04 20:38:44.154 I/hakuX-lane(16668): [occl804] f=6943 wait=1 procs=1 q=4 qnz=0 pend=0 rep=4 repnz=0 repmax=0 v=0,0,0,0
10-04 20:38:44.188 I/hakuX-lane(16668): [occl804] f=6944 wait=1 procs=1 q=5 qnz=0 pend=0 rep=5 repnz=0 repmax=0 v=0,0,0,0,0
10-04 20:38:44.221 I/hakuX-lane(16668): [occl804] f=6946 wait=1 procs=1 q=9 qnz=0 pend=0 rep=9 repnz=0 repmax=0 v=0,0,0,0,0,0,0,0,0
10-04 20:38:44.238 I/hakuX-lane(16668): [occl804] f=6948 wait=1 procs=1 q=5 qnz=0 pend=0 rep=5 repnz=0 repmax=0 v=0,0,0,0,0
10-04 20:38:44.254 I/hakuX-lane(16668): [occl804] f=6949 wait=1 procs=1 q=4 qnz=0 pend=0 rep=4 repnz=0 repmax=0 v=0,0,0,0
10-04 20:38:44.288 I/hakuX-lane(16668): [occl804] f=6950 wait=1 procs=1 q=5 qnz=0 pend=0 rep=5 repnz=0 repmax=0 v=0,0,0,0,0
10-04 20:38:44.322 I/hakuX-lane(16668): [occl804] f=6952 wait=1 procs=1 q=9 qnz=0 pend=0 rep=9 repnz=0 repmax=0 v=0,0,0,0,0,0,0,0,0
10-04 20:38:44.338 I/hakuX-lane(16668): [occl804] f=6954 wait=1 procs=1 q=5 qnz=0 pend=0 rep=5 repnz=0 repmax=0 v=0,0,0,0,0
10-04 20:38:44.355 I/hakuX-lane(16668): [occl804] f=6955 wait=1 procs=1 q=4 qnz=0 pend=0 rep=4 repnz=0 repmax=0 v=0,0,0,0
10-04 20:38:44.373 I/hakuX-lane(16668): [occl804] f=6956 wait=1 procs=1 q=5 qnz=0 pend=0 rep=5 repnz=0 repmax=0 v=0,0,0,0,0
10-04 20:38:44.388 I/hakuX-lane(16668): [occl804] f=6957 wait=1 procs=1 q=9 qnz=0 pend=0 rep=9 repnz=0 repmax=0 v=0,0,0,0,0,0,0,0,0
10-04 20:38:44.405 I/hakuX-lane(16668): [occl804] f=6958 wait=1 procs=1 q=5 qnz=0 pend=0 rep=5 repnz=0 repmax=0 v=0,0,0,0,0
10-04 20:38:44.422 I/hakuX-lane(16668): [occl804] f=6959 wait=1 procs=1 q=4 qnz=0 pend=0 rep=4 repnz=0 repmax=0 v=0,0,0,0
10-04 20:38:44.439 I/hakuX-lane(16668): [occl804] f=6960 wait=1 procs=1 q=5 qnz=0 pend=0 rep=5 repnz=0 repmax=0 v=0,0,0,0,0
10-04 20:38:44.456 I/hakuX-lane(16668): [occl804] f=6961 wait=1 procs=1 q=4 qnz=0 pend=0 rep=4 repnz=0 repmax=0 v=0,0,0,0
10-04 20:38:44.472 I/hakuX-lane(16668): [occl804] f=6962 wait=1 procs=1 q=5 qnz=0 pend=0 rep=5 repnz=0 repmax=0 v=0,0,0,0,0
10-04 20:38:44.489 I/hakuX-lane(16668): [occl804] f=6963 wait=1 procs=1 q=5 qnz=0 pend=0 rep=5 repnz=0 repmax=0 v=0,0,0,0,0
10-04 20:38:44.508 I/hakuX-lane(16668): [occl804] f=6964 wait=1 procs=1 q=9 qnz=0 pend=0 rep=9 repnz=0 repmax=0 v=0,0,0,0,0,0,0,0,0
10-04 20:38:44.522 I/hakuX-lane(16668): [occl804] f=6965 wait=1 procs=1 q=5 qnz=0 pend=0 rep=5 repnz=0 repmax=0 v=0,0,0,0,0
10-04 20:38:44.538 I/hakuX-lane(16668): [occl804] f=6966 wait=1 procs=1 q=4 qnz=0 pend=0 rep=4 repnz=0 repmax=0 v=0,0,0,0
10-04 20:38:44.556 I/hakuX-lane(16668): [occl804] f=6967 wait=1 procs=1 q=5 qnz=0 pend=0 rep=5 repnz=0 repmax=0 v=0,0,0,0,0
10-04 20:38:44.572 I/hakuX-lane(16668): [occl804] f=6968 wait=1 procs=1 q=4 qnz=0 pend=0 rep=4 repnz=0 repmax=0 v=0,0,0,0
10-04 20:38:44.589 I/hakuX-lane(16668): [occl804] f=6969 wait=1 procs=1 q=5 qnz=0 pend=0 rep=5 repnz=0 repmax=0 v=0,0,0,0,0
10-04 20:38:44.605 I/hakuX-lane(16668): [occl804] f=6970 wait=1 procs=1 q=4 qnz=0 pend=0 rep=4 repnz=0 repmax=0 v=0,0,0,0
10-04 20:38:44.623 I/hakuX-lane(16668): [occl804] f=6971 wait=1 procs=1 q=5 qnz=0 pend=0 rep=5 repnz=0 repmax=0 v=0,0,0,0,0
10-04 20:38:44.639 I/hakuX-lane(16668): [occl804] f=6972 wait=1 procs=1 q=4 qnz=0 pend=0 rep=4 repnz=0 repmax=0 v=0,0,0,0
10-04 20:38:44.655 I/hakuX-lane(16668): [occl804] f=6973 wait=1 procs=1 q=5 qnz=0 pend=0 rep=5 repnz=0 repmax=0 v=0,0,0,0,0
10-04 20:38:44.672 I/hakuX-lane(16668): [occl804] f=6974 wait=1 procs=1 q=4 qnz=0 pend=0 rep=4 repnz=0 repmax=0 v=0,0,0,0
10-04 20:38:44.705 I/hakuX-lane(16668): [occl804] f=6975 wait=1 procs=1 q=5 qnz=0 pend=0 rep=5 repnz=0 repmax=0 v=0,0,0,0,0
10-04 20:38:44.738 I/hakuX-lane(16668): [occl804] f=6977 wait=1 procs=1 q=9 qnz=0 pend=0 rep=9 repnz=0 repmax=0 v=0,0,0,0,0,0,0,0,0
10-04 20:38:44.755 I/hakuX-lane(16668): [occl804] f=6979 wait=1 procs=1 q=5 qnz=0 pend=0 rep=5 repnz=0 repmax=0 v=0,0,0,0,0
10-04 20:38:44.772 I/hakuX-lane(16668): [occl804] f=6980 wait=1 procs=1 q=4 qnz=0 pend=0 rep=4 repnz=0 repmax=0 v=0,0,0,0
10-04 20:38:44.806 I/hakuX-lane(16668): [occl804] f=6981 wait=1 procs=1 q=5 qnz=0 pend=0 rep=5 repnz=0 repmax=0 v=0,0,0,0,0
10-04 20:38:44.838 I/hakuX-lane(16668): [occl804] f=6983 wait=1 procs=1 q=9 qnz=0 pend=0 rep=9 repnz=0 repmax=0 v=0,0,0,0,0,0,0,0,0
10-04 20:38:44.855 I/hakuX-lane(16668): [occl804] f=6985 wait=1 procs=1 q=5 qnz=0 pend=0 rep=5 repnz=0 repmax=0 v=0,0,0,0,0
10-04 20:38:44.872 I/hakuX-lane(16668): [occl804] f=6986 wait=1 procs=1 q=4 qnz=0 pend=0 rep=4 repnz=0 repmax=0 v=0,0,0,0
10-04 20:38:44.905 I/hakuX-lane(16668): [occl804] f=6987 wait=1 procs=1 q=5 qnz=0 pend=0 rep=5 repnz=0 repmax=0 v=0,0,0,0,0
10-04 20:38:44.939 I/hakuX-lane(16668): [occl804] f=6989 wait=1 procs=1 q=9 qnz=0 pend=0 rep=9 repnz=0 repmax=0 v=0,0,0,0,0,0,0,0,0
10-04 20:38:44.955 I/hakuX-lane(16668): [occl804] f=6991 wait=1 procs=1 q=5 qnz=0 pend=0 rep=5 repnz=0 repmax=0 v=0,0,0,0,0
10-04 20:38:44.972 I/hakuX-lane(16668): [occl804] f=6992 wait=1 procs=1 q=4 qnz=0 pend=0 rep=4 repnz=0 repmax=0 v=0,0,0,0
10-04 20:38:45.005 I/hakuX-lane(16668): [occl804] f=6993 wait=1 procs=1 q=5 qnz=0 pend=0 rep=5 repnz=0 repmax=0 v=0,0,0,0,0
10-04 20:38:45.038 I/hakuX-lane(16668): [occl804] f=6995 wait=1 procs=1 q=9 qnz=0 pend=0 rep=9 repnz=0 repmax=0 v=0,0,0,0,0,0,0,0,0
10-04 20:38:45.055 I/hakuX-lane(16668): [occl804] f=6997 wait=1 procs=1 q=5 qnz=0 pend=0 rep=5 repnz=0 repmax=0 v=0,0,0,0,0
10-04 20:38:45.072 I/hakuX-lane(16668): [occl804] f=6998 wait=1 procs=1 q=4 qnz=0 pend=0 rep=4 repnz=0 repmax=0 v=0,0,0,0
10-04 20:38:45.105 I/hakuX-lane(16668): [occl804] f=6999 wait=1 procs=1 q=5 qnz=0 pend=0 rep=5 repnz=0 repmax=0 v=0,0,0,0,0
10-04 20:38:45.139 I/hakuX-lane(16668): [occl804] f=7001 wait=1 procs=1 q=9 qnz=0 pend=0 rep=9 repnz=0 repmax=0 v=0,0,0,0,0,0,0,0,0
10-04 20:38:45.155 I/hakuX-lane(16668): [occl804] f=7003 wait=1 procs=1 q=5 qnz=0 pend=0 rep=5 repnz=0 repmax=0 v=0,0,0,0,0
10-04 20:38:45.172 I/hakuX-lane(16668): [occl804] f=7004 wait=1 procs=1 q=4 qnz=0 pend=0 rep=4 repnz=0 repmax=0 v=0,0,0,0
10-04 20:38:45.189 I/hakuX-lane(16668): [occl804] f=7005 wait=1 procs=1 q=5 qnz=0 pend=0 rep=5 repnz=0 repmax=0 v=0,0,0,0,0
10-04 20:38:45.208 I/hakuX-lane(16668): [occl804] f=7006 wait=1 procs=1 q=4 qnz=0 pend=0 rep=4 repnz=0 repmax=0 v=0,0,0,0
10-04 20:38:45.222 I/hakuX-lane(16668): [occl804] f=7007 wait=1 procs=1 q=5 qnz=0 pend=0 rep=5 repnz=0 repmax=0 v=0,0,0,0,0
10-04 20:38:45.239 I/hakuX-lane(16668): [occl804] f=7008 wait=1 procs=1 q=4 qnz=0 pend=0 rep=4 repnz=0 repmax=0 v=0,0,0,0
10-04 20:38:45.273 I/hakuX-lane(16668): [occl804] f=7009 wait=1 procs=1 q=5 qnz=0 pend=0 rep=5 repnz=0 repmax=0 v=0,0,0,0,0
10-04 20:38:45.306 I/hakuX-lane(16668): [occl804] f=7011 wait=1 procs=1 q=9 qnz=0 pend=0 rep=9 repnz=0 repmax=0 v=0,0,0,0,0,0,0,0,0
10-04 20:38:45.323 I/hakuX-lane(16668): [occl804] f=7013 wait=1 procs=1 q=5 qnz=0 pend=0 rep=5 repnz=0 repmax=0 v=0,0,0,0,0
10-04 20:38:45.339 I/hakuX-lane(16668): [occl804] f=7014 wait=1 procs=1 q=4 qnz=0 pend=0 rep=4 repnz=0 repmax=0 v=0,0,0,0
10-04 20:38:45.373 I/hakuX-lane(16668): [occl804] f=7015 wait=1 procs=1 q=5 qnz=0 pend=0 rep=5 repnz=0 repmax=0 v=0,0,0,0,0
10-04 20:38:45.406 I/hakuX-lane(16668): [occl804] f=7017 wait=1 procs=1 q=9 qnz=0 pend=0 rep=9 repnz=0 repmax=0 v=0,0,0,0,0,0,0,0,0
10-04 20:38:45.439 I/hakuX-lane(16668): [occl804] f=7019 wait=1 procs=1 q=9 qnz=0 pend=0 rep=9 repnz=0 repmax=0 v=0,0,0,0,0,0,0,0,0
10-04 20:38:45.456 I/hakuX-lane(16668): [occl804] f=7021 wait=1 procs=1 q=5 qnz=0 pend=0 rep=5 repnz=0 repmax=0 v=0,0,0,0,0
10-04 20:38:45.473 I/hakuX-lane(16668): [occl804] f=7022 wait=1 procs=1 q=4 qnz=0 pend=0 rep=4 repnz=0 repmax=0 v=0,0,0,0
10-04 20:38:45.489 I/hakuX-lane(16668): [occl804] f=7023 wait=1 procs=1 q=5 qnz=0 pend=0 rep=5 repnz=0 repmax=0 v=0,0,0,0,0
10-04 20:38:45.508 I/hakuX-lane(16668): [occl804] f=7024 wait=1 procs=1 q=5 qnz=0 pend=0 rep=5 repnz=0 repmax=0 v=0,0,0,0,0
10-04 20:38:45.524 I/hakuX-lane(16668): [occl804] f=7025 wait=1 procs=1 q=4 qnz=0 pend=0 rep=4 repnz=0 repmax=0 v=0,0,0,0
10-04 20:38:45.556 I/hakuX-lane(16668): [occl804] f=7026 wait=1 procs=1 q=5 qnz=0 pend=0 rep=5 repnz=0 repmax=0 v=0,0,0,0,0
10-04 20:38:45.589 I/hakuX-lane(16668): [occl804] f=7028 wait=1 procs=1 q=9 qnz=0 pend=0 rep=9 repnz=0 repmax=0 v=0,0,0,0,0,0,0,0,0
10-04 20:38:45.606 I/hakuX-lane(16668): [occl804] f=7030 wait=1 procs=1 q=5 qnz=0 pend=0 rep=5 repnz=0 repmax=0 v=0,0,0,0,0
10-04 20:38:45.623 I/hakuX-lane(16668): [occl804] f=7031 wait=1 procs=1 q=4 qnz=0 pend=0 rep=4 repnz=0 repmax=0 v=0,0,0,0
10-04 20:38:45.639 I/hakuX-lane(16668): [occl804] f=7032 wait=1 procs=1 q=5 qnz=0 pend=0 rep=5 repnz=0 repmax=0 v=0,0,0,0,0
10-04 20:38:45.656 I/hakuX-lane(16668): [occl804] f=7033 wait=1 procs=1 q=5 qnz=0 pend=0 rep=5 repnz=0 repmax=0 v=0,0,0,0,0
10-04 20:38:45.689 I/hakuX-lane(16668): [occl804] f=7034 wait=1 procs=1 q=9 qnz=0 pend=0 rep=9 repnz=0 repmax=0 v=0,0,0,0,0,0,0,0,0
10-04 20:38:45.723 I/hakuX-lane(16668): [occl804] f=7036 wait=1 procs=1 q=9 qnz=0 pend=0 rep=9 repnz=0 repmax=0 v=0,0,0,0,0,0,0,0,0
10-04 20:38:45.756 I/hakuX-lane(16668): [occl804] f=7038 wait=1 procs=1 q=9 qnz=0 pend=0 rep=9 repnz=0 repmax=0 v=0,0,0,0,0,0,0,0,0
10-04 20:38:45.773 I/hakuX-lane(16668): [occl804] f=7040 wait=1 procs=1 q=5 qnz=0 pend=0 rep=5 repnz=0 repmax=0 v=0,0,0,0,0
10-04 20:38:45.789 I/hakuX-lane(16668): [occl804] f=7041 wait=1 procs=1 q=4 qnz=0 pend=0 rep=4 repnz=0 repmax=0 v=0,0,0,0
10-04 20:38:45.806 I/hakuX-lane(16668): [occl804] f=7042 wait=1 procs=1 q=5 qnz=0 pend=0 rep=5 repnz=0 repmax=0 v=0,0,0,0,0
10-04 20:38:45.823 I/hakuX-lane(16668): [occl804] f=7043 wait=1 procs=1 q=5 qnz=0 pend=0 rep=5 repnz=0 repmax=0 v=0,0,0,0,0
10-04 20:38:45.839 I/hakuX-lane(16668): [occl804] f=7044 wait=1 procs=1 q=4 qnz=0 pend=0 rep=4 repnz=0 repmax=0 v=0,0,0,0
10-04 20:38:45.873 I/hakuX-lane(16668): [occl804] f=7045 wait=1 procs=1 q=5 qnz=0 pend=0 rep=5 repnz=0 repmax=0 v=0,0,0,0,0
10-04 20:38:45.906 I/hakuX-lane(16668): [occl804] f=7047 wait=1 procs=1 q=9 qnz=0 pend=0 rep=9 repnz=0 repmax=0 v=0,0,0,0,0,0,0,0,0
10-04 20:38:45.923 I/hakuX-lane(16668): [occl804] f=7049 wait=1 procs=1 q=5 qnz=0 pend=0 rep=5 repnz=0 repmax=0 v=0,0,0,0,0
10-04 20:38:45.940 I/hakuX-lane(16668): [occl804] f=7050 wait=1 procs=1 q=4 qnz=0 pend=0 rep=4 repnz=0 repmax=0 v=0,0,0,0
10-04 20:38:45.973 I/hakuX-lane(16668): [occl804] f=7051 wait=1 procs=1 q=5 qnz=0 pend=0 rep=5 repnz=0 repmax=0 v=0,0,0,0,0
10-04 20:38:46.006 I/hakuX-lane(16668): [occl804] f=7053 wait=1 procs=1 q=9 qnz=0 pend=0 rep=9 repnz=0 repmax=0 v=0,0,0,0,0,0,0,0,0
10-04 20:38:46.023 I/hakuX-lane(16668): [occl804] f=7055 wait=1 procs=1 q=5 qnz=0 pend=0 rep=5 repnz=0 repmax=0 v=0,0,0,0,0
10-04 20:38:46.039 I/hakuX-lane(16668): [occl804] f=7056 wait=1 procs=1 q=4 qnz=0 pend=0 rep=4 repnz=0 repmax=0 v=0,0,0,0
10-04 20:38:46.057 I/hakuX-lane(16668): [occl804] f=7057 wait=1 procs=1 q=5 qnz=0 pend=0 rep=5 repnz=0 repmax=0 v=0,0,0,0,0
10-04 20:38:46.073 I/hakuX-lane(16668): [occl804] f=7058 wait=1 procs=1 q=5 qnz=0 pend=0 rep=5 repnz=0 repmax=0 v=0,0,0,0,0
10-04 20:38:46.089 I/hakuX-lane(16668): [occl804] f=7059 wait=1 procs=1 q=4 qnz=0 pend=0 rep=4 repnz=0 repmax=0 v=0,0,0,0
10-04 20:38:46.123 I/hakuX-lane(16668): [occl804] f=7060 wait=1 procs=1 q=5 qnz=0 pend=0 rep=5 repnz=0 repmax=0 v=0,0,0,0,0
10-04 20:38:46.156 I/hakuX-lane(16668): [occl804] f=7062 wait=1 procs=1 q=9 qnz=0 pend=0 rep=9 repnz=0 repmax=0 v=0,0,0,0,0,0,0,0,0
10-04 20:38:46.173 I/hakuX-lane(16668): [occl804] f=7064 wait=1 procs=1 q=5 qnz=0 pend=0 rep=5 repnz=0 repmax=0 v=0,0,0,0,0
10-04 20:38:46.189 I/hakuX-lane(16668): [occl804] f=7065 wait=1 procs=1 q=4 qnz=0 pend=0 rep=4 repnz=0 repmax=0 v=0,0,0,0
10-04 20:38:46.223 I/hakuX-lane(16668): [occl804] f=7066 wait=1 procs=1 q=5 qnz=0 pend=0 rep=5 repnz=0 repmax=0 v=0,0,0,0,0
10-04 20:38:46.256 I/hakuX-lane(16668): [occl804] f=7068 wait=1 procs=1 q=9 qnz=0 pend=0 rep=9 repnz=0 repmax=0 v=0,0,0,0,0,0,0,0,0
10-04 20:38:46.273 I/hakuX-lane(16668): [occl804] f=7070 wait=1 procs=1 q=5 qnz=0 pend=0 rep=5 repnz=0 repmax=0 v=0,0,0,0,0
10-04 20:38:46.290 I/hakuX-lane(16668): [occl804] f=7071 wait=1 procs=1 q=4 qnz=0 pend=0 rep=4 repnz=0 repmax=0 v=0,0,0,0
10-04 20:38:46.306 I/hakuX-lane(16668): [occl804] f=7072 wait=1 procs=1 q=5 qnz=0 pend=0 rep=5 repnz=0 repmax=0 v=0,0,0,0,0
10-04 20:38:46.340 I/hakuX-lane(16668): [occl804] f=7073 wait=1 procs=1 q=9 qnz=0 pend=0 rep=9 repnz=0 repmax=0 v=0,0,0,0,0,0,0,0,0
10-04 20:38:46.356 I/hakuX-lane(16668): [occl804] f=7075 wait=1 procs=1 q=5 qnz=0 pend=0 rep=5 repnz=0 repmax=0 v=0,0,0,0,0
10-04 20:38:46.373 I/hakuX-lane(16668): [occl804] f=7076 wait=1 procs=1 q=4 qnz=0 pend=0 rep=4 repnz=0 repmax=0 v=0,0,0,0
10-04 20:38:46.406 I/hakuX-lane(16668): [occl804] f=7077 wait=1 procs=1 q=5 qnz=0 pend=0 rep=5 repnz=0 repmax=0 v=0,0,0,0,0
10-04 20:38:46.440 I/hakuX-lane(16668): [occl804] f=7079 wait=1 procs=1 q=9 qnz=0 pend=0 rep=9 repnz=0 repmax=0 v=0,0,0,0,0,0,0,0,0
10-04 20:38:46.456 I/hakuX-lane(16668): [occl804] f=7081 wait=1 procs=1 q=5 qnz=0 pend=0 rep=5 repnz=0 repmax=0 v=0,0,0,0,0
10-04 20:38:46.474 I/hakuX-lane(16668): [occl804] f=7082 wait=1 procs=1 q=4 qnz=0 pend=0 rep=4 repnz=0 repmax=0 v=0,0,0,0
10-04 20:38:46.506 I/hakuX-lane(16668): [occl804] f=7083 wait=1 procs=1 q=5 qnz=0 pend=0 rep=5 repnz=0 repmax=0 v=0,0,0,0,0
10-04 20:38:46.539 I/hakuX-lane(16668): [occl804] f=7085 wait=1 procs=1 q=9 qnz=0 pend=0 rep=9 repnz=0 repmax=0 v=0,0,0,0,0,0,0,0,0
10-04 20:38:46.556 I/hakuX-lane(16668): [occl804] f=7087 wait=1 procs=1 q=5 qnz=0 pend=0 rep=5 repnz=0 repmax=0 v=0,0,0,0,0
10-04 20:38:46.573 I/hakuX-lane(16668): [occl804] f=7088 wait=1 procs=1 q=4 qnz=0 pend=0 rep=4 repnz=0 repmax=0 v=0,0,0,0
10-04 20:38:46.606 I/hakuX-lane(16668): [occl804] f=7089 wait=1 procs=1 q=5 qnz=0 pend=0 rep=5 repnz=0 repmax=0 v=0,0,0,0,0
10-04 20:38:46.639 I/hakuX-lane(16668): [occl804] f=7091 wait=1 procs=1 q=9 qnz=0 pend=0 rep=9 repnz=0 repmax=0 v=0,0,0,0,0,0,0,0,0
10-04 20:38:46.656 I/hakuX-lane(16668): [occl804] f=7093 wait=1 procs=1 q=5 qnz=0 pend=0 rep=5 repnz=0 repmax=0 v=0,0,0,0,0
10-04 20:38:46.673 I/hakuX-lane(16668): [occl804] f=7094 wait=1 procs=1 q=4 qnz=0 pend=0 rep=4 repnz=0 repmax=0 v=0,0,0,0
10-04 20:38:46.706 I/hakuX-lane(16668): [occl804] f=7095 wait=1 procs=1 q=5 qnz=0 pend=0 rep=5 repnz=0 repmax=0 v=0,0,0,0,0
10-04 20:38:46.723 I/hakuX-lane(16668): [occl804] f=7097 wait=1 procs=1 q=4 qnz=0 pend=0 rep=4 repnz=0 repmax=0 v=0,0,0,0
10-04 20:38:46.757 I/hakuX-lane(16668): [occl804] f=7098 wait=1 procs=1 q=5 qnz=0 pend=0 rep=5 repnz=0 repmax=0 v=0,0,0,0,0
10-04 20:38:46.773 I/hakuX-lane(16668): [occl804] f=7100 wait=1 procs=1 q=4 qnz=0 pend=0 rep=4 repnz=0 repmax=0 v=0,0,0,0
10-04 20:38:46.823 I/hakuX-lane(16668): [occl804] f=7101 wait=1 procs=1 q=5 qnz=0 pend=0 rep=5 repnz=0 repmax=0 v=0,0,0,0,0
10-04 20:38:46.856 I/hakuX-lane(16668): [occl804] f=7104 wait=1 procs=1 q=9 qnz=0 pend=0 rep=9 repnz=0 repmax=0 v=0,0,0,0,0,0,0,0,0
10-04 20:38:46.873 I/hakuX-lane(16668): [occl804] f=7106 wait=1 procs=1 q=5 qnz=0 pend=0 rep=5 repnz=0 repmax=0 v=0,0,0,0,0
10-04 20:38:46.906 I/hakuX-lane(16668): [occl804] f=7107 wait=1 procs=1 q=4 qnz=0 pend=0 rep=4 repnz=0 repmax=0 v=0,0,0,0
10-04 20:38:46.923 I/hakuX-lane(16668): [occl804] f=7109 wait=1 procs=1 q=5 qnz=0 pend=0 rep=5 repnz=0 repmax=0 v=0,0,0,0,0
10-04 20:38:46.957 I/hakuX-lane(16668): [occl804] f=7110 wait=1 procs=1 q=4 qnz=0 pend=0 rep=4 repnz=0 repmax=0 v=0,0,0,0
10-04 20:38:46.974 I/hakuX-lane(16668): [occl804] f=7112 wait=1 procs=1 q=5 qnz=0 pend=0 rep=5 repnz=0 repmax=0 v=0,0,0,0,0
10-04 20:38:46.990 I/hakuX-lane(16668): [occl804] f=7113 wait=1 procs=1 q=4 qnz=0 pend=0 rep=4 repnz=0 repmax=0 v=0,0,0,0
10-04 20:38:47.023 I/hakuX-lane(16668): [occl804] f=7114 wait=1 procs=1 q=5 qnz=0 pend=0 rep=5 repnz=0 repmax=0 v=0,0,0,0,0
10-04 20:38:47.040 I/hakuX-lane(16668): [occl804] f=7116 wait=1 procs=1 q=4 qnz=0 pend=0 rep=4 repnz=0 repmax=0 v=0,0,0,0
10-04 20:38:47.073 I/hakuX-lane(16668): [occl804] f=7117 wait=1 procs=1 q=5 qnz=0 pend=0 rep=5 repnz=0 repmax=0 v=0,0,0,0,0
10-04 20:38:47.090 I/hakuX-lane(16668): [occl804] f=7119 wait=1 procs=1 q=4 qnz=0 pend=0 rep=4 repnz=0 repmax=0 v=0,0,0,0
10-04 20:38:47.124 I/hakuX-lane(16668): [occl804] f=7120 wait=1 procs=1 q=5 qnz=0 pend=0 rep=5 repnz=0 repmax=0 v=0,0,0,0,0
10-04 20:38:47.156 I/hakuX-lane(16668): [occl804] f=7122 wait=1 procs=1 q=9 qnz=0 pend=0 rep=9 repnz=0 repmax=0 v=0,0,0,0,0,0,0,0,0
10-04 20:38:47.173 I/hakuX-lane(16668): [occl804] f=7124 wait=1 procs=1 q=5 qnz=0 pend=0 rep=5 repnz=0 repmax=0 v=0,0,0,0,0
10-04 20:38:47.190 I/hakuX-lane(16668): [occl804] f=7125 wait=1 procs=1 q=4 qnz=0 pend=0 rep=4 repnz=0 repmax=0 v=0,0,0,0
10-04 20:38:47.224 I/hakuX-lane(16668): [occl804] f=7126 wait=1 procs=1 q=5 qnz=0 pend=0 rep=5 repnz=0 repmax=0 v=0,0,0,0,0
10-04 20:38:47.239 I/hakuX-lane(16668): [occl804] f=7128 wait=1 procs=1 q=4 qnz=0 pend=0 rep=4 repnz=0 repmax=0 v=0,0,0,0
10-04 20:38:47.290 I/hakuX-lane(16668): [occl804] f=7129 wait=1 procs=1 q=5 qnz=0 pend=0 rep=5 repnz=0 repmax=0 v=0,0,0,0,0
10-04 20:38:47.340 I/hakuX-lane(16668): [occl804] f=7132 wait=1 procs=1 q=9 qnz=0 pend=0 rep=9 repnz=0 repmax=0 v=0,0,0,0,0,0,0,0,0
10-04 20:38:47.356 I/hakuX-lane(16668): [occl804] f=7135 wait=1 procs=1 q=5 qnz=0 pend=0 rep=5 repnz=0 repmax=0 v=0,0,0,0,0
10-04 20:38:47.373 I/hakuX-lane(16668): [occl804] f=7136 wait=1 procs=1 q=4 qnz=0 pend=0 rep=4 repnz=0 repmax=0 v=0,0,0,0
10-04 20:38:47.423 I/hakuX-lane(16668): [occl804] f=7137 wait=1 procs=1 q=5 qnz=0 pend=0 rep=5 repnz=0 repmax=0 v=0,0,0,0,0
10-04 20:38:47.473 I/hakuX-lane(16668): [occl804] f=7140 wait=1 procs=1 q=9 qnz=0 pend=0 rep=9 repnz=0 repmax=0 v=0,0,0,0,0,0,0,0,0
10-04 20:38:47.490 I/hakuX-lane(16668): [occl804] f=7143 wait=1 procs=1 q=5 qnz=0 pend=0 rep=5 repnz=0 repmax=0 v=0,0,0,0,0
10-04 20:38:47.523 I/hakuX-lane(16668): [occl804] f=7144 wait=1 procs=1 q=4 qnz=0 pend=0 rep=4 repnz=0 repmax=0 v=0,0,0,0
10-04 20:38:47.556 I/hakuX-lane(16668): [occl804] f=7146 wait=1 procs=1 q=5 qnz=0 pend=0 rep=5 repnz=0 repmax=0 v=0,0,0,0,0
10-04 20:38:47.590 I/hakuX-lane(16668): [occl804] f=7148 wait=1 procs=1 q=9 qnz=0 pend=0 rep=9 repnz=0 repmax=0 v=0,0,0,0,0,0,0,0,0
10-04 20:38:47.606 I/hakuX-lane(16668): [occl804] f=7150 wait=1 procs=1 q=5 qnz=0 pend=0 rep=5 repnz=0 repmax=0 v=0,0,0,0,0
10-04 20:38:47.640 I/hakuX-lane(16668): [occl804] f=7151 wait=1 procs=1 q=4 qnz=0 pend=0 rep=4 repnz=0 repmax=0 v=0,0,0,0
10-04 20:38:47.656 I/hakuX-lane(16668): [occl804] f=7153 wait=1 procs=1 q=5 qnz=0 pend=0 rep=5 repnz=0 repmax=0 v=0,0,0,0,0
10-04 20:38:47.673 I/hakuX-lane(16668): [occl804] f=7154 wait=1 procs=1 q=4 qnz=0 pend=0 rep=4 repnz=0 repmax=0 v=0,0,0,0
10-04 20:38:47.706 I/hakuX-lane(16668): [occl804] f=7155 wait=1 procs=1 q=5 qnz=0 pend=0 rep=5 repnz=0 repmax=0 v=0,0,0,0,0
10-04 20:38:47.740 I/hakuX-lane(16668): [occl804] f=7157 wait=1 procs=1 q=9 qnz=0 pend=0 rep=9 repnz=0 repmax=0 v=0,0,0,0,0,0,0,0,0
10-04 20:38:47.756 I/hakuX-lane(16668): [occl804] f=7159 wait=1 procs=1 q=5 qnz=0 pend=0 rep=5 repnz=0 repmax=0 v=0,0,0,0,0
10-04 20:38:47.790 I/hakuX-lane(16668): [occl804] f=7160 wait=1 procs=1 q=4 qnz=0 pend=0 rep=4 repnz=0 repmax=0 v=0,0,0,0
10-04 20:38:47.823 I/hakuX-lane(16668): [occl804] f=7162 wait=1 procs=1 q=5 qnz=0 pend=0 rep=5 repnz=0 repmax=0 v=0,0,0,0,0
10-04 20:38:47.873 I/hakuX-lane(16668): [occl804] f=7164 wait=1 procs=1 q=9 qnz=0 pend=0 rep=9 repnz=0 repmax=0 v=0,0,0,0,0,0,0,0,0
10-04 20:38:47.890 I/hakuX-lane(16668): [occl804] f=7167 wait=1 procs=1 q=5 qnz=0 pend=0 rep=5 repnz=0 repmax=0 v=0,0,0,0,0
10-04 20:38:47.906 I/hakuX-lane(16668): [occl804] f=7168 wait=1 procs=1 q=4 qnz=0 pend=0 rep=4 repnz=0 repmax=0 v=0,0,0,0
10-04 20:38:47.940 I/hakuX-lane(16668): [occl804] f=7169 wait=1 procs=1 q=5 qnz=0 pend=0 rep=5 repnz=0 repmax=0 v=0,0,0,0,0
10-04 20:38:47.956 I/hakuX-lane(16668): [occl804] f=7171 wait=1 procs=1 q=5 qnz=0 pend=0 rep=5 repnz=0 repmax=0 v=0,0,0,0,0
10-04 20:38:47.974 I/hakuX-lane(16668): [occl804] f=7172 wait=1 procs=1 q=2 qnz=0 pend=0 rep=2 repnz=0 repmax=0 v=0,0
10-04 20:38:48.024 I/hakuX-lane(16668): [occl804] f=7173 wait=1 procs=1 q=5 qnz=0 pend=0 rep=5 repnz=0 repmax=0 v=0,0,0,0,0
10-04 20:38:48.057 I/hakuX-lane(16668): [occl804] f=7176 wait=1 procs=1 q=7 qnz=0 pend=0 rep=7 repnz=0 repmax=0 v=0,0,0,0,0,0,0
10-04 20:38:48.074 I/hakuX-lane(16668): [occl804] f=7178 wait=1 procs=1 q=5 qnz=0 pend=0 rep=5 repnz=0 repmax=0 v=0,0,0,0,0
10-04 20:38:48.090 I/hakuX-lane(16668): [occl804] f=7179 wait=1 procs=1 q=2 qnz=0 pend=0 rep=2 repnz=0 repmax=0 v=0,0
10-04 20:38:48.140 I/hakuX-lane(16668): [occl804] f=7180 wait=1 procs=1 q=5 qnz=0 pend=0 rep=5 repnz=0 repmax=0 v=0,0,0,0,0
10-04 20:38:48.174 I/hakuX-lane(16668): [occl804] f=7183 wait=1 procs=1 q=7 qnz=0 pend=0 rep=7 repnz=0 repmax=0 v=0,0,0,0,0,0,0
10-04 20:38:48.190 I/hakuX-lane(16668): [occl804] f=7185 wait=1 procs=1 q=5 qnz=0 pend=0 rep=5 repnz=0 repmax=0 v=0,0,0,0,0
10-04 20:38:48.224 I/hakuX-lane(16668): [occl804] f=7186 wait=1 procs=1 q=2 qnz=0 pend=0 rep=2 repnz=0 repmax=0 v=0,0
10-04 20:38:48.257 I/hakuX-lane(16668): [occl804] f=7188 wait=1 procs=1 q=5 qnz=0 pend=0 rep=5 repnz=0 repmax=0 v=0,0,0,0,0
10-04 20:38:48.290 I/hakuX-lane(16668): [occl804] f=7190 wait=1 procs=1 q=7 qnz=0 pend=0 rep=7 repnz=0 repmax=0 v=0,0,0,0,0,0,0
10-04 20:38:48.307 I/hakuX-lane(16668): [occl804] f=7192 wait=1 procs=1 q=5 qnz=0 pend=0 rep=5 repnz=0 repmax=0 v=0,0,0,0,0
10-04 20:38:48.329 I/hakuX-lane(16668): [occl804] f=7193 wait=1 procs=1 q=2 qnz=0 pend=0 rep=2 repnz=0 repmax=0 v=0,0
10-04 20:38:48.357 I/hakuX-lane(16668): [occl804] f=7194 wait=1 procs=1 q=5 qnz=0 pend=0 rep=5 repnz=0 repmax=0 v=0,0,0,0,0
10-04 20:38:48.374 I/hakuX-lane(16668): [occl804] f=7196 wait=1 procs=1 q=2 qnz=0 pend=0 rep=2 repnz=0 repmax=0 v=0,0
10-04 20:38:48.407 I/hakuX-lane(16668): [occl804] f=7197 wait=1 procs=1 q=5 qnz=0 pend=0 rep=5 repnz=0 repmax=0 v=0,0,0,0,0
10-04 20:38:48.440 I/hakuX-lane(16668): [occl804] f=7199 wait=1 procs=1 q=7 qnz=0 pend=0 rep=7 repnz=0 repmax=0 v=0,0,0,0,0,0,0
10-04 20:38:48.457 I/hakuX-lane(16668): [occl804] f=7201 wait=1 procs=1 q=5 qnz=0 pend=0 rep=5 repnz=0 repmax=0 v=0,0,0,0,0
10-04 20:38:48.474 I/hakuX-lane(16668): [occl804] f=7202 wait=1 procs=1 q=2 qnz=0 pend=0 rep=2 repnz=0 repmax=0 v=0,0
10-04 20:38:48.507 I/hakuX-lane(16668): [occl804] f=7203 wait=1 procs=1 q=5 qnz=0 pend=0 rep=5 repnz=0 repmax=0 v=0,0,0,0,0
10-04 20:38:48.540 I/hakuX-lane(16668): [occl804] f=7205 wait=1 procs=1 q=7 qnz=0 pend=0 rep=7 repnz=0 repmax=0 v=0,0,0,0,0,0,0
10-04 20:38:48.557 I/hakuX-lane(16668): [occl804] f=7207 wait=1 procs=1 q=5 qnz=0 pend=0 rep=5 repnz=0 repmax=0 v=0,0,0,0,0
10-04 20:38:48.574 I/hakuX-lane(16668): [occl804] f=7208 wait=1 procs=1 q=2 qnz=0 pend=0 rep=2 repnz=0 repmax=0 v=0,0
10-04 20:38:48.607 I/hakuX-lane(16668): [occl804] f=7209 wait=1 procs=1 q=5 qnz=0 pend=0 rep=5 repnz=0 repmax=0 v=0,0,0,0,0
10-04 20:38:48.644 I/hakuX-lane(16668): [occl804] f=7211 wait=1 procs=1 q=7 qnz=0 pend=0 rep=7 repnz=0 repmax=0 v=0,0,0,0,0,0,0
10-04 20:38:48.657 I/hakuX-lane(16668): [occl804] f=7213 wait=1 procs=1 q=5 qnz=0 pend=0 rep=5 repnz=0 repmax=0 v=0,0,0,0,0
10-04 20:38:48.690 I/hakuX-lane(16668): [occl804] f=7214 wait=1 procs=1 q=2 qnz=0 pend=0 rep=2 repnz=0 repmax=0 v=0,0
10-04 20:38:48.707 I/hakuX-lane(16668): [occl804] f=7216 wait=1 procs=1 q=5 qnz=0 pend=0 rep=5 repnz=0 repmax=0 v=0,0,0,0,0
10-04 20:38:48.724 I/hakuX-lane(16668): [occl804] f=7217 wait=1 procs=1 q=2 qnz=0 pend=0 rep=2 repnz=0 repmax=0 v=0,0
10-04 20:38:48.757 I/hakuX-lane(16668): [occl804] f=7218 wait=1 procs=1 q=5 qnz=0 pend=0 rep=5 repnz=0 repmax=0 v=0,0,0,0,0
10-04 20:38:48.790 I/hakuX-lane(16668): [occl804] f=7220 wait=1 procs=1 q=7 qnz=0 pend=0 rep=7 repnz=0 repmax=0 v=0,0,0,0,0,0,0
10-04 20:38:48.807 I/hakuX-lane(16668): [occl804] f=7222 wait=1 procs=1 q=5 qnz=0 pend=0 rep=5 repnz=0 repmax=0 v=0,0,0,0,0
10-04 20:38:48.824 I/hakuX-lane(16668): [occl804] f=7223 wait=1 procs=1 q=2 qnz=0 pend=0 rep=2 repnz=0 repmax=0 v=0,0
10-04 20:38:48.857 I/hakuX-lane(16668): [occl804] f=7224 wait=1 procs=1 q=5 qnz=0 pend=0 rep=5 repnz=0 repmax=0 v=0,0,0,0,0
10-04 20:38:48.874 I/hakuX-lane(16668): [occl804] f=7226 wait=1 procs=1 q=2 qnz=0 pend=0 rep=2 repnz=0 repmax=0 v=0,0
10-04 20:38:48.893 I/hakuX-lane(16668): [occl804] f=7227 wait=1 procs=1 q=5 qnz=0 pend=0 rep=5 repnz=0 repmax=0 v=0,0,0,0,0
10-04 20:38:48.909 I/hakuX-lane(16668): [occl804] f=7228 wait=1 procs=1 q=5 qnz=0 pend=0 rep=5 repnz=0 repmax=0 v=0,0,0,0,0
10-04 20:38:48.928 I/hakuX-lane(16668): [occl804] f=7229 wait=1 procs=1 q=2 qnz=0 pend=0 rep=2 repnz=0 repmax=0 v=0,0
10-04 20:38:48.960 I/hakuX-lane(16668): [occl804] f=7230 wait=1 procs=1 q=5 qnz=0 pend=0 rep=5 repnz=0 repmax=0 v=0,0,0,0,0
10-04 20:38:48.993 I/hakuX-lane(16668): [occl804] f=7232 wait=1 procs=1 q=7 qnz=0 pend=0 rep=7 repnz=0 repmax=0 v=0,0,0,0,0,0,0
10-04 20:38:49.009 I/hakuX-lane(16668): [occl804] f=7234 wait=1 procs=1 q=5 qnz=0 pend=0 rep=5 repnz=0 repmax=0 v=0,0,0,0,0
10-04 20:38:49.027 I/hakuX-lane(16668): [occl804] f=7235 wait=1 procs=1 q=2 qnz=0 pend=0 rep=2 repnz=0 repmax=0 v=0,0
10-04 20:38:49.043 I/hakuX-lane(16668): [occl804] f=7236 wait=1 procs=1 q=5 qnz=0 pend=0 rep=5 repnz=0 repmax=0 v=0,0,0,0,0
10-04 20:38:49.060 I/hakuX-lane(16668): [occl804] f=7237 wait=1 procs=1 q=2 qnz=0 pend=0 rep=2 repnz=0 repmax=0 v=0,0
10-04 20:38:49.077 I/hakuX-lane(16668): [occl804] f=7238 wait=1 procs=1 q=5 qnz=0 pend=0 rep=5 repnz=0 repmax=0 v=0,0,0,0,0
10-04 20:38:49.093 I/hakuX-lane(16668): [occl804] f=7239 wait=1 procs=1 q=7 qnz=0 pend=0 rep=7 repnz=0 repmax=0 v=0,0,0,0,0,0,0
10-04 20:38:49.110 I/hakuX-lane(16668): [occl804] f=7240 wait=1 procs=1 q=5 qnz=0 pend=0 rep=5 repnz=0 repmax=0 v=0,0,0,0,0
10-04 20:38:49.143 I/hakuX-lane(16668): [occl804] f=7241 wait=1 procs=1 q=7 qnz=0 pend=0 rep=7 repnz=0 repmax=0 v=0,0,0,0,0,0,0
10-04 20:38:49.160 I/hakuX-lane(16668): [occl804] f=7243 wait=1 procs=1 q=5 qnz=0 pend=0 rep=5 repnz=0 repmax=0 v=0,0,0,0,0
10-04 20:38:49.177 I/hakuX-lane(16668): [occl804] f=7244 wait=1 procs=1 q=2 qnz=0 pend=0 rep=2 repnz=0 repmax=0 v=0,0
10-04 20:38:49.210 I/hakuX-lane(16668): [occl804] f=7245 wait=1 procs=1 q=5 qnz=0 pend=0 rep=5 repnz=0 repmax=0 v=0,0,0,0,0
10-04 20:38:49.243 I/hakuX-lane(16668): [occl804] f=7247 wait=1 procs=1 q=7 qnz=0 pend=0 rep=7 repnz=0 repmax=0 v=0,0,0,0,0,0,0
10-04 20:38:49.277 I/hakuX-lane(16668): [occl804] f=7249 wait=1 procs=1 q=7 qnz=0 pend=0 rep=7 repnz=0 repmax=0 v=0,0,0,0,0,0,0
10-04 20:38:49.293 I/hakuX-lane(16668): [occl804] f=7251 wait=1 procs=1 q=5 qnz=0 pend=0 rep=5 repnz=0 repmax=0 v=0,0,0,0,0
10-04 20:38:49.310 I/hakuX-lane(16668): [occl804] f=7252 wait=1 procs=1 q=2 qnz=0 pend=0 rep=2 repnz=0 repmax=0 v=0,0
10-04 20:38:49.327 I/hakuX-lane(16668): [occl804] f=7253 wait=1 procs=1 q=5 qnz=0 pend=0 rep=5 repnz=0 repmax=0 v=0,0,0,0,0
10-04 20:38:49.360 I/hakuX-lane(16668): [occl804] f=7254 wait=1 procs=1 q=7 qnz=0 pend=0 rep=7 repnz=0 repmax=0 v=0,0,0,0,0,0,0
10-04 20:38:49.377 I/hakuX-lane(16668): [occl804] f=7256 wait=1 procs=1 q=5 qnz=0 pend=0 rep=5 repnz=0 repmax=0 v=0,0,0,0,0
10-04 20:38:49.393 I/hakuX-lane(16668): [occl804] f=7257 wait=1 procs=1 q=2 qnz=0 pend=0 rep=2 repnz=0 repmax=0 v=0,0
10-04 20:38:49.410 I/hakuX-lane(16668): [occl804] f=7258 wait=1 procs=1 q=5 qnz=0 pend=0 rep=5 repnz=0 repmax=0 v=0,0,0,0,0
10-04 20:38:49.428 I/hakuX-lane(16668): [occl804] f=7259 wait=1 procs=1 q=5 qnz=0 pend=0 rep=5 repnz=0 repmax=0 v=0,0,0,0,0
10-04 20:38:49.444 I/hakuX-lane(16668): [occl804] f=7260 wait=1 procs=1 q=7 qnz=0 pend=0 rep=7 repnz=0 repmax=0 v=0,0,0,0,0,0,0
10-04 20:38:49.460 I/hakuX-lane(16668): [occl804] f=7261 wait=1 procs=1 q=5 qnz=0 pend=0 rep=5 repnz=0 repmax=0 v=0,0,0,0,0
10-04 20:38:49.494 I/hakuX-lane(16668): [occl804] f=7262 wait=1 procs=1 q=7 qnz=0 pend=0 rep=7 repnz=0 repmax=0 v=0,0,0,0,0,0,0
10-04 20:38:49.532 I/hakuX-lane(16668): [occl804] f=7264 wait=1 procs=1 q=7 qnz=0 pend=0 rep=7 repnz=0 repmax=0 v=0,0,0,0,0,0,0
10-04 20:38:49.544 I/hakuX-lane(16668): [occl804] f=7266 wait=1 procs=1 q=5 qnz=0 pend=0 rep=5 repnz=0 repmax=0 v=0,0,0,0,0
10-04 20:38:49.561 I/hakuX-lane(16668): [occl804] f=7267 wait=1 procs=1 q=2 qnz=0 pend=0 rep=2 repnz=0 repmax=0 v=0,0
10-04 20:38:49.578 I/hakuX-lane(16668): [occl804] f=7268 wait=1 procs=1 q=5 qnz=0 pend=0 rep=5 repnz=0 repmax=0 v=0,0,0,0,0
10-04 20:38:49.596 I/hakuX-lane(16668): [occl804] f=7269 wait=1 procs=1 q=2 qnz=0 pend=0 rep=2 repnz=0 repmax=0 v=0,0
10-04 20:38:49.611 I/hakuX-lane(16668): [occl804] f=7270 wait=1 procs=1 q=5 qnz=0 pend=0 rep=5 repnz=0 repmax=0 v=0,0,0,0,0
10-04 20:38:49.628 I/hakuX-lane(16668): [occl804] f=7271 wait=1 procs=1 q=2 qnz=0 pend=0 rep=2 repnz=0 repmax=0 v=0,0
10-04 20:38:49.644 I/hakuX-lane(16668): [occl804] f=7272 wait=1 procs=1 q=5 qnz=0 pend=0 rep=5 repnz=0 repmax=0 v=0,0,0,0,0
10-04 20:38:49.661 I/hakuX-lane(16668): [occl804] f=7273 wait=1 procs=1 q=7 qnz=0 pend=0 rep=7 repnz=0 repmax=0 v=0,0,0,0,0,0,0
10-04 20:38:49.678 I/hakuX-lane(16668): [occl804] f=7274 wait=1 procs=1 q=5 qnz=0 pend=0 rep=5 repnz=0 repmax=0 v=0,0,0,0,0
10-04 20:38:49.694 I/hakuX-lane(16668): [occl804] f=7275 wait=1 procs=1 q=2 qnz=0 pend=0 rep=2 repnz=0 repmax=0 v=0,0
10-04 20:38:49.728 I/hakuX-lane(16668): [occl804] f=7276 wait=1 procs=1 q=5 qnz=0 pend=0 rep=5 repnz=0 repmax=0 v=0,0,0,0,0
10-04 20:38:49.760 I/hakuX-lane(16668): [occl804] f=7278 wait=1 procs=1 q=7 qnz=0 pend=0 rep=7 repnz=0 repmax=0 v=0,0,0,0,0,0,0
10-04 20:38:49.778 I/hakuX-lane(16668): [occl804] f=7280 wait=1 procs=1 q=5 qnz=0 pend=0 rep=5 repnz=0 repmax=0 v=0,0,0,0,0
10-04 20:38:49.794 I/hakuX-lane(16668): [occl804] f=7281 wait=1 procs=1 q=2 qnz=0 pend=0 rep=2 repnz=0 repmax=0 v=0,0
10-04 20:38:49.828 I/hakuX-lane(16668): [occl804] f=7282 wait=1 procs=1 q=5 qnz=0 pend=0 rep=5 repnz=0 repmax=0 v=0,0,0,0,0
10-04 20:38:49.860 I/hakuX-lane(16668): [occl804] f=7284 wait=1 procs=1 q=7 qnz=0 pend=0 rep=7 repnz=0 repmax=0 v=0,0,0,0,0,0,0
10-04 20:38:49.878 I/hakuX-lane(16668): [occl804] f=7286 wait=1 procs=1 q=5 qnz=0 pend=0 rep=5 repnz=0 repmax=0 v=0,0,0,0,0
10-04 20:38:49.894 I/hakuX-lane(16668): [occl804] f=7287 wait=1 procs=1 q=2 qnz=0 pend=0 rep=2 repnz=0 repmax=0 v=0,0
10-04 20:38:49.911 I/hakuX-lane(16668): [occl804] f=7288 wait=1 procs=1 q=5 qnz=0 pend=0 rep=5 repnz=0 repmax=0 v=0,0,0,0,0
10-04 20:38:49.928 I/hakuX-lane(16668): [occl804] f=7289 wait=1 procs=1 q=5 qnz=0 pend=0 rep=5 repnz=0 repmax=0 v=0,0,0,0,0
10-04 20:38:49.961 I/hakuX-lane(16668): [occl804] f=7290 wait=1 procs=1 q=7 qnz=0 pend=0 rep=7 repnz=0 repmax=0 v=0,0,0,0,0,0,0
10-04 20:38:49.978 I/hakuX-lane(16668): [occl804] f=7292 wait=1 procs=1 q=5 qnz=0 pend=0 rep=5 repnz=0 repmax=0 v=0,0,0,0,0
10-04 20:38:49.994 I/hakuX-lane(16668): [occl804] f=7293 wait=1 procs=1 q=2 qnz=0 pend=0 rep=2 repnz=0 repmax=0 v=0,0
10-04 20:38:50.011 I/hakuX-lane(16668): [occl804] f=7294 wait=1 procs=1 q=5 qnz=0 pend=0 rep=5 repnz=0 repmax=0 v=0,0,0,0,0
10-04 20:38:50.028 I/hakuX-lane(16668): [occl804] f=7295 wait=1 procs=1 q=2 qnz=0 pend=0 rep=2 repnz=0 repmax=0 v=0,0
10-04 20:38:50.044 I/hakuX-lane(16668): [occl804] f=7296 wait=1 procs=1 q=5 qnz=0 pend=0 rep=5 repnz=0 repmax=0 v=0,0,0,0,0
10-04 20:38:50.061 I/hakuX-lane(16668): [occl804] f=7297 wait=1 procs=1 q=5 qnz=0 pend=0 rep=5 repnz=0 repmax=0 v=0,0,0,0,0
10-04 20:38:50.094 I/hakuX-lane(16668): [occl804] f=7298 wait=1 procs=2 q=12 qnz=0 pend=0 rep=12 repnz=0 repmax=0 v=0,0,0,0,0,0,0,0,0,0,0,0
10-04 20:38:50.111 I/hakuX-lane(16668): [occl804] f=7300 wait=1 procs=1 q=7 qnz=0 pend=0 rep=7 repnz=0 repmax=0 v=0,0,0,0,0,0,0
10-04 20:38:50.128 I/hakuX-lane(16668): [occl804] f=7301 wait=1 procs=1 q=5 qnz=0 pend=0 rep=5 repnz=0 repmax=0 v=0,0,0,0,0
10-04 20:38:50.161 I/hakuX-lane(16668): [occl804] f=7302 wait=1 procs=1 q=7 qnz=0 pend=0 rep=7 repnz=0 repmax=0 v=0,0,0,0,0,0,0
10-04 20:38:50.195 I/hakuX-lane(16668): [occl804] f=7304 wait=1 procs=1 q=7 qnz=0 pend=0 rep=7 repnz=0 repmax=0 v=0,0,0,0,0,0,0
10-04 20:38:50.211 I/hakuX-lane(16668): [occl804] f=7306 wait=1 procs=1 q=5 qnz=0 pend=0 rep=5 repnz=0 repmax=0 v=0,0,0,0,0
10-04 20:38:50.228 I/hakuX-lane(16668): [occl804] f=7307 wait=1 procs=1 q=2 qnz=0 pend=0 rep=2 repnz=0 repmax=0 v=0,0
10-04 20:38:50.261 I/hakuX-lane(16668): [occl804] f=7308 wait=1 procs=1 q=5 qnz=0 pend=0 rep=5 repnz=0 repmax=0 v=0,0,0,0,0
10-04 20:38:50.294 I/hakuX-lane(16668): [occl804] f=7310 wait=1 procs=1 q=7 qnz=0 pend=0 rep=7 repnz=0 repmax=0 v=0,0,0,0,0,0,0
10-04 20:38:50.311 I/hakuX-lane(16668): [occl804] f=7312 wait=1 procs=1 q=5 qnz=0 pend=0 rep=5 repnz=0 repmax=0 v=0,0,0,0,0
10-04 20:38:50.329 I/hakuX-lane(16668): [occl804] f=7313 wait=1 procs=1 q=2 qnz=0 pend=0 rep=2 repnz=0 repmax=0 v=0,0
10-04 20:38:50.345 I/hakuX-lane(16668): [occl804] f=7314 wait=1 procs=1 q=5 qnz=0 pend=0 rep=5 repnz=0 repmax=0 v=0,0,0,0,0
10-04 20:38:50.361 I/hakuX-lane(16668): [occl804] f=7315 wait=1 procs=1 q=2 qnz=0 pend=0 rep=2 repnz=0 repmax=0 v=0,0
10-04 20:38:50.379 I/hakuX-lane(16668): [occl804] f=7316 wait=1 procs=1 q=5 qnz=0 pend=0 rep=5 repnz=0 repmax=0 v=0,0,0,0,0
10-04 20:38:50.395 I/hakuX-lane(16668): [occl804] f=7317 wait=1 procs=1 q=2 qnz=0 pend=0 rep=2 repnz=0 repmax=0 v=0,0
10-04 20:38:50.411 I/hakuX-lane(16668): [occl804] f=7318 wait=1 procs=1 q=5 qnz=0 pend=0 rep=5 repnz=0 repmax=0 v=0,0,0,0,0
10-04 20:38:50.429 I/hakuX-lane(16668): [occl804] f=7319 wait=1 procs=1 q=7 qnz=0 pend=0 rep=7 repnz=0 repmax=0 v=0,0,0,0,0,0,0
10-04 20:38:50.445 I/hakuX-lane(16668): [occl804] f=7320 wait=1 procs=1 q=5 qnz=0 pend=0 rep=5 repnz=0 repmax=0 v=0,0,0,0,0
10-04 20:38:50.461 I/hakuX-lane(16668): [occl804] f=7321 wait=1 procs=1 q=7 qnz=0 pend=0 rep=7 repnz=0 repmax=0 v=0,0,0,0,0,0,0
10-04 20:38:50.478 I/hakuX-lane(16668): [occl804] f=7322 wait=1 procs=1 q=5 qnz=0 pend=0 rep=5 repnz=0 repmax=0 v=0,0,0,0,0
10-04 20:38:50.512 I/hakuX-lane(16668): [occl804] f=7323 wait=1 procs=1 q=7 qnz=0 pend=0 rep=7 repnz=0 repmax=0 v=0,0,0,0,0,0,0
10-04 20:38:50.546 I/hakuX-lane(16668): [occl804] f=7325 wait=1 procs=1 q=7 qnz=0 pend=0 rep=7 repnz=0 repmax=0 v=0,0,0,0,0,0,0
10-04 20:38:50.562 I/hakuX-lane(16668): [occl804] f=7327 wait=1 procs=1 q=5 qnz=0 pend=0 rep=5 repnz=0 repmax=0 v=0,0,0,0,0
10-04 20:38:50.579 I/hakuX-lane(16668): [occl804] f=7328 wait=1 procs=1 q=2 qnz=0 pend=0 rep=2 repnz=0 repmax=0 v=0,0
10-04 20:38:50.595 I/hakuX-lane(16668): [occl804] f=7329 wait=1 procs=1 q=5 qnz=0 pend=0 rep=5 repnz=0 repmax=0 v=0,0,0,0,0
10-04 20:38:50.612 I/hakuX-lane(16668): [occl804] f=7330 wait=1 procs=1 q=5 qnz=0 pend=0 rep=5 repnz=0 repmax=0 v=0,0,0,0,0
10-04 20:38:50.645 I/hakuX-lane(16668): [occl804] f=7331 wait=1 procs=1 q=7 qnz=0 pend=0 rep=7 repnz=0 repmax=0 v=0,0,0,0,0,0,0
10-04 20:38:50.679 I/hakuX-lane(16668): [occl804] f=7333 wait=1 procs=1 q=7 qnz=0 pend=0 rep=7 repnz=0 repmax=0 v=0,0,0,0,0,0,0
10-04 20:38:50.696 I/hakuX-lane(16668): [occl804] f=7335 wait=1 procs=1 q=5 qnz=0 pend=0 rep=5 repnz=0 repmax=0 v=0,0,0,0,0
10-04 20:38:50.712 I/hakuX-lane(16668): [occl804] f=7336 wait=1 procs=1 q=7 qnz=0 pend=0 rep=7 repnz=0 repmax=0 v=0,0,0,0,0,0,0
10-04 20:38:50.729 I/hakuX-lane(16668): [occl804] f=7337 wait=1 procs=1 q=5 qnz=0 pend=0 rep=5 repnz=0 repmax=0 v=0,0,0,0,0
10-04 20:38:50.745 I/hakuX-lane(16668): [occl804] f=7338 wait=1 procs=1 q=2 qnz=0 pend=0 rep=2 repnz=0 repmax=0 v=0,0
10-04 20:38:50.779 I/hakuX-lane(16668): [occl804] f=7339 wait=1 procs=1 q=5 qnz=0 pend=0 rep=5 repnz=0 repmax=0 v=0,0,0,0,0
10-04 20:38:50.812 I/hakuX-lane(16668): [occl804] f=7341 wait=1 procs=1 q=7 qnz=0 pend=0 rep=7 repnz=0 repmax=0 v=0,0,0,0,0,0,0
10-04 20:38:50.829 I/hakuX-lane(16668): [occl804] f=7343 wait=1 procs=1 q=5 qnz=0 pend=0 rep=5 repnz=0 repmax=0 v=0,0,0,0,0
10-04 20:38:50.861 I/hakuX-lane(16668): [occl804] f=7344 wait=1 procs=1 q=2 qnz=0 pend=0 rep=2 repnz=0 repmax=0 v=0,0
10-04 20:38:50.878 I/hakuX-lane(16668): [occl804] f=7346 wait=1 procs=1 q=5 qnz=0 pend=0 rep=5 repnz=0 repmax=0 v=0,0,0,0,0
10-04 20:38:50.895 I/hakuX-lane(16668): [occl804] f=7347 wait=1 procs=1 q=2 qnz=0 pend=0 rep=2 repnz=0 repmax=0 v=0,0
10-04 20:38:50.912 I/hakuX-lane(16668): [occl804] f=7348 wait=1 procs=1 q=5 qnz=0 pend=0 rep=5 repnz=0 repmax=0 v=0,0,0,0,0
10-04 20:38:50.929 I/hakuX-lane(16668): [occl804] f=7349 wait=1 procs=1 q=2 qnz=0 pend=0 rep=2 repnz=0 repmax=0 v=0,0
10-04 20:38:50.961 I/hakuX-lane(16668): [occl804] f=7350 wait=1 procs=1 q=5 qnz=0 pend=0 rep=5 repnz=0 repmax=0 v=0,0,0,0,0
10-04 20:38:50.995 I/hakuX-lane(16668): [occl804] f=7352 wait=1 procs=1 q=7 qnz=0 pend=0 rep=7 repnz=0 repmax=0 v=0,0,0,0,0,0,0
10-04 20:38:51.012 I/hakuX-lane(16668): [occl804] f=7354 wait=1 procs=1 q=5 qnz=0 pend=0 rep=5 repnz=0 repmax=0 v=0,0,0,0,0
10-04 20:38:51.029 I/hakuX-lane(16668): [occl804] f=7355 wait=1 procs=1 q=2 qnz=0 pend=0 rep=2 repnz=0 repmax=0 v=0,0
10-04 20:38:51.062 I/hakuX-lane(16668): [occl804] f=7356 wait=1 procs=1 q=5 qnz=0 pend=0 rep=5 repnz=0 repmax=0 v=0,0,0,0,0
10-04 20:38:51.096 I/hakuX-lane(16668): [occl804] f=7358 wait=1 procs=1 q=7 qnz=0 pend=0 rep=7 repnz=0 repmax=0 v=0,0,0,0,0,0,0
10-04 20:38:51.129 I/hakuX-lane(16668): [occl804] f=7360 wait=1 procs=1 q=7 qnz=0 pend=0 rep=7 repnz=0 repmax=0 v=0,0,0,0,0,0,0
10-04 20:38:51.145 I/hakuX-lane(16668): [occl804] f=7362 wait=1 procs=1 q=5 qnz=0 pend=0 rep=5 repnz=0 repmax=0 v=0,0,0,0,0
10-04 20:38:51.162 I/hakuX-lane(16668): [occl804] f=7363 wait=1 procs=1 q=2 qnz=0 pend=0 rep=2 repnz=0 repmax=0 v=0,0
10-04 20:38:51.195 I/hakuX-lane(16668): [occl804] f=7364 wait=1 procs=1 q=5 qnz=0 pend=0 rep=5 repnz=0 repmax=0 v=0,0,0,0,0
10-04 20:38:51.229 I/hakuX-lane(16668): [occl804] f=7366 wait=1 procs=1 q=7 qnz=0 pend=0 rep=7 repnz=0 repmax=0 v=0,0,0,0,0,0,0
10-04 20:38:51.262 I/hakuX-lane(16668): [occl804] f=7368 wait=1 procs=1 q=7 qnz=0 pend=0 rep=7 repnz=0 repmax=0 v=0,0,0,0,0,0,0
10-04 20:38:51.279 I/hakuX-lane(16668): [occl804] f=7370 wait=1 procs=1 q=5 qnz=0 pend=0 rep=5 repnz=0 repmax=0 v=0,0,0,0,0
10-04 20:38:51.296 I/hakuX-lane(16668): [occl804] f=7371 wait=1 procs=1 q=2 qnz=0 pend=0 rep=2 repnz=0 repmax=0 v=0,0
10-04 20:38:51.329 I/hakuX-lane(16668): [occl804] f=7372 wait=1 procs=1 q=5 qnz=0 pend=0 rep=5 repnz=0 repmax=0 v=0,0,0,0,0
10-04 20:38:51.362 I/hakuX-lane(16668): [occl804] f=7374 wait=1 procs=1 q=7 qnz=0 pend=0 rep=7 repnz=0 repmax=0 v=0,0,0,0,0,0,0
10-04 20:38:51.380 I/hakuX-lane(16668): [occl804] f=7376 wait=1 procs=1 q=5 qnz=0 pend=0 rep=5 repnz=0 repmax=0 v=0,0,0,0,0
10-04 20:38:51.395 I/hakuX-lane(16668): [occl804] f=7377 wait=1 procs=1 q=2 qnz=0 pend=0 rep=2 repnz=0 repmax=0 v=0,0
10-04 20:38:51.429 I/hakuX-lane(16668): [occl804] f=7378 wait=1 procs=1 q=5 qnz=0 pend=0 rep=5 repnz=0 repmax=0 v=0,0,0,0,0
10-04 20:38:51.462 I/hakuX-lane(16668): [occl804] f=7380 wait=1 procs=1 q=7 qnz=0 pend=0 rep=7 repnz=0 repmax=0 v=0,0,0,0,0,0,0
10-04 20:38:51.479 I/hakuX-lane(16668): [occl804] f=7382 wait=1 procs=1 q=5 qnz=0 pend=0 rep=5 repnz=0 repmax=0 v=0,0,0,0,0
10-04 20:38:51.496 I/hakuX-lane(16668): [occl804] f=7383 wait=1 procs=1 q=2 qnz=0 pend=0 rep=2 repnz=0 repmax=0 v=0,0
10-04 20:38:51.512 I/hakuX-lane(16668): [occl804] f=7384 wait=1 procs=1 q=5 qnz=0 pend=0 rep=5 repnz=0 repmax=0 v=0,0,0,0,0
10-04 20:38:51.529 I/hakuX-lane(16668): [occl804] f=7385 wait=1 procs=1 q=2 qnz=0 pend=0 rep=2 repnz=0 repmax=0 v=0,0
10-04 20:38:51.562 I/hakuX-lane(16668): [occl804] f=7386 wait=1 procs=1 q=5 qnz=0 pend=0 rep=5 repnz=0 repmax=0 v=0,0,0,0,0
10-04 20:38:51.596 I/hakuX-lane(16668): [occl804] f=7388 wait=1 procs=1 q=7 qnz=0 pend=0 rep=7 repnz=0 repmax=0 v=0,0,0,0,0,0,0
10-04 20:38:51.630 I/hakuX-lane(16668): [occl804] f=7390 wait=1 procs=1 q=7 qnz=0 pend=0 rep=7 repnz=0 repmax=0 v=0,0,0,0,0,0,0
10-04 20:38:51.645 I/hakuX-lane(16668): [occl804] f=7392 wait=1 procs=1 q=5 qnz=0 pend=0 rep=5 repnz=0 repmax=0 v=0,0,0,0,0
10-04 20:38:51.663 I/hakuX-lane(16668): [occl804] f=7393 wait=1 procs=1 q=2 qnz=0 pend=0 rep=2 repnz=0 repmax=0 v=0,0
10-04 20:38:51.679 I/hakuX-lane(16668): [occl804] f=7394 wait=1 procs=1 q=5 qnz=0 pend=0 rep=5 repnz=0 repmax=0 v=0,0,0,0,0
10-04 20:38:51.696 I/hakuX-lane(16668): [occl804] f=7395 wait=1 procs=1 q=2 qnz=0 pend=0 rep=2 repnz=0 repmax=0 v=0,0
10-04 20:38:51.712 I/hakuX-lane(16668): [occl804] f=7396 wait=1 procs=1 q=5 qnz=0 pend=0 rep=5 repnz=0 repmax=0 v=0,0,0,0,0
10-04 20:38:51.730 I/hakuX-lane(16668): [occl804] f=7397 wait=1 procs=1 q=2 qnz=0 pend=0 rep=2 repnz=0 repmax=0 v=0,0
10-04 20:38:51.763 I/hakuX-lane(16668): [occl804] f=7398 wait=1 procs=1 q=5 qnz=0 pend=0 rep=5 repnz=0 repmax=0 v=0,0,0,0,0
10-04 20:38:51.796 I/hakuX-lane(16668): [occl804] f=7400 wait=1 procs=1 q=7 qnz=0 pend=0 rep=7 repnz=0 repmax=0 v=0,0,0,0,0,0,0
10-04 20:38:51.812 I/hakuX-lane(16668): [occl804] f=7402 wait=1 procs=1 q=5 qnz=0 pend=0 rep=5 repnz=0 repmax=0 v=0,0,0,0,0
10-04 20:38:51.830 I/hakuX-lane(16668): [occl804] f=7403 wait=1 procs=1 q=2 qnz=0 pend=0 rep=2 repnz=0 repmax=0 v=0,0
10-04 20:38:51.846 I/hakuX-lane(16668): [occl804] f=7404 wait=1 procs=1 q=5 qnz=0 pend=0 rep=5 repnz=0 repmax=0 v=0,0,0,0,0
10-04 20:38:51.862 I/hakuX-lane(16668): [occl804] f=7405 wait=1 procs=1 q=2 qnz=0 pend=0 rep=2 repnz=0 repmax=0 v=0,0
10-04 20:38:51.896 I/hakuX-lane(16668): [occl804] f=7406 wait=1 procs=1 q=5 qnz=0 pend=0 rep=5 repnz=0 repmax=0 v=0,0,0,0,0
10-04 20:38:51.930 I/hakuX-lane(16668): [occl804] f=7408 wait=1 procs=1 q=7 qnz=0 pend=0 rep=7 repnz=0 repmax=0 v=0,0,0,0,0,0,0
10-04 20:38:51.946 I/hakuX-lane(16668): [occl804] f=7410 wait=1 procs=1 q=5 qnz=0 pend=0 rep=5 repnz=0 repmax=0 v=0,0,0,0,0
10-04 20:38:51.963 I/hakuX-lane(16668): [occl804] f=7411 wait=1 procs=1 q=2 qnz=0 pend=0 rep=2 repnz=0 repmax=0 v=0,0
10-04 20:38:51.980 I/hakuX-lane(16668): [occl804] f=7412 wait=1 procs=1 q=5 qnz=0 pend=0 rep=5 repnz=0 repmax=0 v=0,0,0,0,0
10-04 20:38:51.996 I/hakuX-lane(16668): [occl804] f=7413 wait=1 procs=1 q=2 qnz=0 pend=0 rep=2 repnz=0 repmax=0 v=0,0
10-04 20:38:52.030 I/hakuX-lane(16668): [occl804] f=7414 wait=1 procs=1 q=5 qnz=0 pend=0 rep=5 repnz=0 repmax=0 v=0,0,0,0,0
10-04 20:38:52.063 I/hakuX-lane(16668): [occl804] f=7416 wait=1 procs=1 q=7 qnz=0 pend=0 rep=7 repnz=0 repmax=0 v=0,0,0,0,0,0,0
10-04 20:38:52.080 I/hakuX-lane(16668): [occl804] f=7418 wait=1 procs=1 q=5 qnz=0 pend=0 rep=5 repnz=0 repmax=0 v=0,0,0,0,0
10-04 20:38:52.096 I/hakuX-lane(16668): [occl804] f=7419 wait=1 procs=1 q=2 qnz=0 pend=0 rep=2 repnz=0 repmax=0 v=0,0
10-04 20:38:52.130 I/hakuX-lane(16668): [occl804] f=7420 wait=1 procs=1 q=5 qnz=0 pend=0 rep=5 repnz=0 repmax=0 v=0,0,0,0,0
10-04 20:38:52.163 I/hakuX-lane(16668): [occl804] f=7422 wait=1 procs=1 q=7 qnz=0 pend=0 rep=7 repnz=0 repmax=0 v=0,0,0,0,0,0,0
10-04 20:38:52.180 I/hakuX-lane(16668): [occl804] f=7424 wait=1 procs=1 q=5 qnz=0 pend=0 rep=5 repnz=0 repmax=0 v=0,0,0,0,0
10-04 20:38:52.196 I/hakuX-lane(16668): [occl804] f=7425 wait=1 procs=1 q=2 qnz=0 pend=0 rep=2 repnz=0 repmax=0 v=0,0
10-04 20:38:52.230 I/hakuX-lane(16668): [occl804] f=7426 wait=1 procs=1 q=5 qnz=0 pend=0 rep=5 repnz=0 repmax=0 v=0,0,0,0,0
10-04 20:38:52.263 I/hakuX-lane(16668): [occl804] f=7428 wait=1 procs=1 q=7 qnz=0 pend=0 rep=7 repnz=0 repmax=0 v=0,0,0,0,0,0,0
10-04 20:38:52.280 I/hakuX-lane(16668): [occl804] f=7430 wait=1 procs=1 q=5 qnz=0 pend=0 rep=5 repnz=0 repmax=0 v=0,0,0,0,0
10-04 20:38:52.296 I/hakuX-lane(16668): [occl804] f=7431 wait=1 procs=1 q=2 qnz=0 pend=0 rep=2 repnz=0 repmax=0 v=0,0
10-04 20:38:52.330 I/hakuX-lane(16668): [occl804] f=7432 wait=1 procs=1 q=5 qnz=0 pend=0 rep=5 repnz=0 repmax=0 v=0,0,0,0,0
10-04 20:38:52.363 I/hakuX-lane(16668): [occl804] f=7434 wait=1 procs=1 q=7 qnz=0 pend=0 rep=7 repnz=0 repmax=0 v=0,0,0,0,0,0,0
10-04 20:38:52.380 I/hakuX-lane(16668): [occl804] f=7436 wait=1 procs=1 q=5 qnz=0 pend=0 rep=5 repnz=0 repmax=0 v=0,0,0,0,0
10-04 20:38:52.396 I/hakuX-lane(16668): [occl804] f=7437 wait=1 procs=1 q=2 qnz=0 pend=0 rep=2 repnz=0 repmax=0 v=0,0
10-04 20:38:52.430 I/hakuX-lane(16668): [occl804] f=7438 wait=1 procs=1 q=5 qnz=0 pend=0 rep=5 repnz=0 repmax=0 v=0,0,0,0,0
10-04 20:38:52.463 I/hakuX-lane(16668): [occl804] f=7440 wait=1 procs=1 q=7 qnz=0 pend=0 rep=7 repnz=0 repmax=0 v=0,0,0,0,0,0,0
10-04 20:38:52.480 I/hakuX-lane(16668): [occl804] f=7442 wait=1 procs=1 q=5 qnz=0 pend=0 rep=5 repnz=0 repmax=0 v=0,0,0,0,0
10-04 20:38:52.497 I/hakuX-lane(16668): [occl804] f=7443 wait=1 procs=1 q=2 qnz=0 pend=0 rep=2 repnz=0 repmax=0 v=0,0
10-04 20:38:52.530 I/hakuX-lane(16668): [occl804] f=7444 wait=1 procs=1 q=5 qnz=0 pend=0 rep=5 repnz=0 repmax=0 v=0,0,0,0,0
10-04 20:38:52.580 I/hakuX-lane(16668): [occl804] f=7446 wait=1 procs=1 q=7 qnz=0 pend=0 rep=7 repnz=0 repmax=0 v=0,0,0,0,0,0,0
10-04 20:38:52.630 I/hakuX-lane(16668): [occl804] f=7449 wait=1 procs=1 q=7 qnz=0 pend=0 rep=7 repnz=0 repmax=0 v=0,0,0,0,0,0,0
10-04 20:38:52.646 I/hakuX-lane(16668): [occl804] f=7452 wait=1 procs=1 q=5 qnz=0 pend=0 rep=5 repnz=0 repmax=0 v=0,0,0,0,0
10-04 20:38:52.664 I/hakuX-lane(16668): [occl804] f=7453 wait=1 procs=1 q=2 qnz=0 pend=0 rep=2 repnz=0 repmax=0 v=0,0
10-04 20:38:52.713 I/hakuX-lane(16668): [occl804] f=7454 wait=1 procs=1 q=5 qnz=0 pend=0 rep=5 repnz=0 repmax=0 v=0,0,0,0,0
10-04 20:38:52.763 I/hakuX-lane(16668): [occl804] f=7457 wait=1 procs=1 q=7 qnz=0 pend=0 rep=7 repnz=0 repmax=0 v=0,0,0,0,0,0,0
10-04 20:38:52.780 I/hakuX-lane(16668): [occl804] f=7460 wait=1 procs=1 q=5 qnz=0 pend=0 rep=5 repnz=0 repmax=0 v=0,0,0,0,0
10-04 20:38:52.797 I/hakuX-lane(16668): [occl804] f=7461 wait=1 procs=1 q=2 qnz=0 pend=0 rep=2 repnz=0 repmax=0 v=0,0
10-04 20:38:52.831 I/hakuX-lane(16668): [occl804] f=7462 wait=1 procs=1 q=5 qnz=0 pend=0 rep=5 repnz=0 repmax=0 v=0,0,0,0,0
10-04 20:38:52.846 I/hakuX-lane(16668): [occl804] f=7463 wait=1 procs=1 q=5 qnz=0 pend=0 rep=5 repnz=0 repmax=0 v=0,0,0,0,0
10-04 20:38:52.880 I/hakuX-lane(16668): [occl804] f=7465 wait=1 procs=1 q=2 qnz=0 pend=0 rep=2 repnz=0 repmax=0 v=0,0
10-04 20:38:52.914 I/hakuX-lane(16668): [occl804] f=7467 wait=1 procs=1 q=5 qnz=0 pend=0 rep=5 repnz=0 repmax=0 v=0,0,0,0,0
10-04 20:38:52.963 I/hakuX-lane(16668): [occl804] f=7469 wait=1 procs=1 q=7 qnz=0 pend=0 rep=7 repnz=0 repmax=0 v=0,0,0,0,0,0,0
10-04 20:38:52.980 I/hakuX-lane(16668): [occl804] f=7472 wait=1 procs=1 q=5 qnz=0 pend=0 rep=5 repnz=0 repmax=0 v=0,0,0,0,0
10-04 20:38:53.013 I/hakuX-lane(16668): [occl804] f=7473 wait=1 procs=1 q=2 qnz=0 pend=0 rep=2 repnz=0 repmax=0 v=0,0
10-04 20:38:53.030 I/hakuX-lane(16668): [occl804] f=7475 wait=1 procs=1 q=5 qnz=0 pend=0 rep=5 repnz=0 repmax=0 v=0,0,0,0,0
10-04 20:38:53.046 I/hakuX-lane(16668): [occl804] f=7476 wait=1 procs=1 q=2 qnz=0 pend=0 rep=2 repnz=0 repmax=0 v=0,0
10-04 20:38:53.080 I/hakuX-lane(16668): [occl804] f=7477 wait=1 procs=1 q=5 qnz=0 pend=0 rep=5 repnz=0 repmax=0 v=0,0,0,0,0
10-04 20:38:53.130 I/hakuX-lane(16668): [occl804] f=7479 wait=1 procs=1 q=7 qnz=0 pend=0 rep=7 repnz=0 repmax=0 v=0,0,0,0,0,0,0
10-04 20:38:53.146 I/hakuX-lane(16668): [occl804] f=7482 wait=1 procs=1 q=5 qnz=0 pend=0 rep=5 repnz=0 repmax=0 v=0,0,0,0,0
10-04 20:38:53.163 I/hakuX-lane(16668): [occl804] f=7483 wait=1 procs=1 q=2 qnz=0 pend=0 rep=2 repnz=0 repmax=0 v=0,0
10-04 20:38:53.196 I/hakuX-lane(16668): [occl804] f=7484 wait=1 procs=1 q=5 qnz=0 pend=0 rep=5 repnz=0 repmax=0 v=0,0,0,0,0
10-04 20:38:53.246 I/hakuX-lane(16668): [occl804] f=7486 wait=1 procs=1 q=7 qnz=0 pend=0 rep=7 repnz=0 repmax=0 v=0,0,0,0,0,0,0
10-04 20:38:53.263 I/hakuX-lane(16668): [occl804] f=7489 wait=1 procs=1 q=5 qnz=0 pend=0 rep=5 repnz=0 repmax=0 v=0,0,0,0,0
10-04 20:38:53.280 I/hakuX-lane(16668): [occl804] f=7490 wait=1 procs=1 q=2 qnz=0 pend=0 rep=2 repnz=0 repmax=0 v=0,0
10-04 20:38:53.330 I/hakuX-lane(16668): [occl804] f=7491 wait=1 procs=1 q=5 qnz=0 pend=0 rep=5 repnz=0 repmax=0 v=0,0,0,0,0
10-04 20:38:53.380 I/hakuX-lane(16668): [occl804] f=7494 wait=1 procs=1 q=7 qnz=0 pend=0 rep=7 repnz=0 repmax=0 v=0,0,0,0,0,0,0
10-04 20:38:53.396 I/hakuX-lane(16668): [occl804] f=7497 wait=1 procs=1 q=5 qnz=0 pend=0 rep=5 repnz=0 repmax=0 v=0,0,0,0,0
10-04 20:38:53.413 I/hakuX-lane(16668): [occl804] f=7498 wait=1 procs=1 q=2 qnz=0 pend=0 rep=2 repnz=0 repmax=0 v=0,0
10-04 20:38:53.446 I/hakuX-lane(16668): [occl804] f=7499 wait=1 procs=1 q=5 qnz=0 pend=0 rep=5 repnz=0 repmax=0 v=0,0,0,0,0
10-04 20:38:53.496 I/hakuX-lane(16668): [occl804] f=7501 wait=1 procs=1 q=7 qnz=0 pend=0 rep=7 repnz=0 repmax=0 v=0,0,0,0,0,0,0
10-04 20:38:53.513 I/hakuX-lane(16668): [occl804] f=7504 wait=1 procs=1 q=5 qnz=0 pend=0 rep=5 repnz=0 repmax=0 v=0,0,0,0,0
10-04 20:38:53.546 I/hakuX-lane(16668): [occl804] f=7505 wait=1 procs=1 q=2 qnz=0 pend=0 rep=2 repnz=0 repmax=0 v=0,0
10-04 20:38:53.581 I/hakuX-lane(16668): [occl804] f=7507 wait=1 procs=1 q=5 qnz=0 pend=0 rep=5 repnz=0 repmax=0 v=0,0,0,0,0
10-04 20:38:53.630 I/hakuX-lane(16668): [occl804] f=7509 wait=1 procs=1 q=7 qnz=0 pend=0 rep=7 repnz=0 repmax=0 v=0,0,0,0,0,0,0
10-04 20:38:53.646 I/hakuX-lane(16668): [occl804] f=7512 wait=1 procs=1 q=5 qnz=0 pend=0 rep=5 repnz=0 repmax=0 v=0,0,0,0,0
10-04 20:38:53.680 I/hakuX-lane(16668): [occl804] f=7513 wait=1 procs=1 q=2 qnz=0 pend=0 rep=2 repnz=0 repmax=0 v=0,0
10-04 20:38:53.696 I/hakuX-lane(16668): [occl804] f=7515 wait=1 procs=1 q=5 qnz=0 pend=0 rep=5 repnz=0 repmax=0 v=0,0,0,0,0
10-04 20:38:53.730 I/hakuX-lane(16668): [occl804] f=7516 wait=1 procs=1 q=2 qnz=0 pend=0 rep=2 repnz=0 repmax=0 v=0,0
10-04 20:38:53.763 I/hakuX-lane(16668): [occl804] f=7518 wait=1 procs=1 q=5 qnz=0 pend=0 rep=5 repnz=0 repmax=0 v=0,0,0,0,0
10-04 20:38:53.797 I/hakuX-lane(16668): [occl804] f=7520 wait=1 procs=1 q=7 qnz=0 pend=0 rep=7 repnz=0 repmax=0 v=0,0,0,0,0,0,0
10-04 20:38:53.816 I/hakuX-lane(16668): [occl804] f=7522 wait=1 procs=1 q=5 qnz=0 pend=0 rep=5 repnz=0 repmax=0 v=0,0,0,0,0
10-04 20:38:53.830 I/hakuX-lane(16668): [occl804] f=7523 wait=1 procs=1 q=2 qnz=0 pend=0 rep=2 repnz=0 repmax=0 v=0,0
10-04 20:38:53.880 I/hakuX-lane(16668): [occl804] f=7524 wait=1 procs=1 q=5 qnz=0 pend=0 rep=5 repnz=0 repmax=0 v=0,0,0,0,0
10-04 20:38:53.930 I/hakuX-lane(16668): [occl804] f=7527 wait=1 procs=1 q=7 qnz=0 pend=0 rep=7 repnz=0 repmax=0 v=0,0,0,0,0,0,0
10-04 20:38:53.946 I/hakuX-lane(16668): [occl804] f=7530 wait=1 procs=1 q=5 qnz=0 pend=0 rep=5 repnz=0 repmax=0 v=0,0,0,0,0
10-04 20:38:53.963 I/hakuX-lane(16668): [occl804] f=7531 wait=1 procs=1 q=2 qnz=0 pend=0 rep=2 repnz=0 repmax=0 v=0,0
10-04 20:38:53.997 I/hakuX-lane(16668): [occl804] f=7532 wait=1 procs=1 q=5 qnz=0 pend=0 rep=5 repnz=0 repmax=0 v=0,0,0,0,0
10-04 20:38:54.013 I/hakuX-lane(16668): [occl804] f=7534 wait=1 procs=1 q=2 qnz=0 pend=0 rep=2 repnz=0 repmax=0 v=0,0
10-04 20:38:54.046 I/hakuX-lane(16668): [occl804] f=7535 wait=1 procs=1 q=5 qnz=0 pend=0 rep=5 repnz=0 repmax=0 v=0,0,0,0,0
10-04 20:38:54.080 I/hakuX-lane(16668): [occl804] f=7537 wait=1 procs=1 q=7 qnz=0 pend=0 rep=7 repnz=0 repmax=0 v=0,0,0,0,0,0,0
10-04 20:38:54.096 I/hakuX-lane(16668): [occl804] f=7539 wait=1 procs=1 q=5 qnz=0 pend=0 rep=5 repnz=0 repmax=0 v=0,0,0,0,0
10-04 20:38:54.114 I/hakuX-lane(16668): [occl804] f=7540 wait=1 procs=1 q=2 qnz=0 pend=0 rep=2 repnz=0 repmax=0 v=0,0
10-04 20:38:54.146 I/hakuX-lane(16668): [occl804] f=7541 wait=1 procs=1 q=5 qnz=0 pend=0 rep=5 repnz=0 repmax=0 v=0,0,0,0,0
10-04 20:38:54.163 I/hakuX-lane(16668): [occl804] f=7543 wait=1 procs=1 q=2 qnz=0 pend=0 rep=2 repnz=0 repmax=0 v=0,0
10-04 20:38:54.196 I/hakuX-lane(16668): [occl804] f=7544 wait=1 procs=1 q=5 qnz=0 pend=0 rep=5 repnz=0 repmax=0 v=0,0,0,0,0
10-04 20:38:54.230 I/hakuX-lane(16668): [occl804] f=7546 wait=1 procs=1 q=7 qnz=0 pend=0 rep=7 repnz=0 repmax=0 v=0,0,0,0,0,0,0
10-04 20:38:54.246 I/hakuX-lane(16668): [occl804] f=7548 wait=1 procs=1 q=5 qnz=0 pend=0 rep=5 repnz=0 repmax=0 v=0,0,0,0,0
10-04 20:38:54.263 I/hakuX-lane(16668): [occl804] f=7549 wait=1 procs=1 q=2 qnz=0 pend=0 rep=2 repnz=0 repmax=0 v=0,0
10-04 20:38:54.297 I/hakuX-lane(16668): [occl804] f=7550 wait=1 procs=1 q=5 qnz=0 pend=0 rep=5 repnz=0 repmax=0 v=0,0,0,0,0
10-04 20:38:54.330 I/hakuX-lane(16668): [occl804] f=7552 wait=1 procs=1 q=7 qnz=0 pend=0 rep=7 repnz=0 repmax=0 v=0,0,0,0,0,0,0
10-04 20:38:54.346 I/hakuX-lane(16668): [occl804] f=7554 wait=1 procs=1 q=5 qnz=0 pend=0 rep=5 repnz=0 repmax=0 v=0,0,0,0,0
10-04 20:38:54.380 I/hakuX-lane(16668): [occl804] f=7555 wait=1 procs=1 q=2 qnz=0 pend=0 rep=2 repnz=0 repmax=0 v=0,0
10-04 20:38:54.414 I/hakuX-lane(16668): [occl804] f=7557 wait=1 procs=1 q=5 qnz=0 pend=0 rep=5 repnz=0 repmax=0 v=0,0,0,0,0
10-04 20:38:54.447 I/hakuX-lane(16668): [occl804] f=7559 wait=1 procs=1 q=7 qnz=0 pend=0 rep=7 repnz=0 repmax=0 v=0,0,0,0,0,0,0
10-04 20:38:54.463 I/hakuX-lane(16668): [occl804] f=7561 wait=1 procs=1 q=5 qnz=0 pend=0 rep=5 repnz=0 repmax=0 v=0,0,0,0,0
10-04 20:38:54.481 I/hakuX-lane(16668): [occl804] f=7562 wait=1 procs=1 q=2 qnz=0 pend=0 rep=2 repnz=0 repmax=0 v=0,0
10-04 20:38:54.513 I/hakuX-lane(16668): [occl804] f=7563 wait=1 procs=1 q=5 qnz=0 pend=0 rep=5 repnz=0 repmax=0 v=0,0,0,0,0
10-04 20:38:54.547 I/hakuX-lane(16668): [occl804] f=7565 wait=1 procs=1 q=7 qnz=0 pend=0 rep=7 repnz=0 repmax=0 v=0,0,0,0,0,0,0
10-04 20:38:54.564 I/hakuX-lane(16668): [occl804] f=7567 wait=1 procs=1 q=5 qnz=0 pend=0 rep=5 repnz=0 repmax=0 v=0,0,0,0,0
10-04 20:38:54.581 I/hakuX-lane(16668): [occl804] f=7568 wait=1 procs=1 q=2 qnz=0 pend=0 rep=2 repnz=0 repmax=0 v=0,0
10-04 20:38:54.613 I/hakuX-lane(16668): [occl804] f=7569 wait=1 procs=1 q=5 qnz=0 pend=0 rep=5 repnz=0 repmax=0 v=0,0,0,0,0
10-04 20:38:54.631 I/hakuX-lane(16668): [occl804] f=7571 wait=1 procs=1 q=2 qnz=0 pend=0 rep=2 repnz=0 repmax=0 v=0,0
10-04 20:38:54.664 I/hakuX-lane(16668): [occl804] f=7572 wait=1 procs=1 q=5 qnz=0 pend=0 rep=5 repnz=0 repmax=0 v=0,0,0,0,0
10-04 20:38:54.680 I/hakuX-lane(16668): [occl804] f=7574 wait=1 procs=1 q=5 qnz=0 pend=0 rep=5 repnz=0 repmax=0 v=0,0,0,0,0
10-04 20:38:54.714 I/hakuX-lane(16668): [occl804] f=7575 wait=1 procs=1 q=2 qnz=0 pend=0 rep=2 repnz=0 repmax=0 v=0,0
10-04 20:38:54.747 I/hakuX-lane(16668): [occl804] f=7577 wait=1 procs=1 q=5 qnz=0 pend=0 rep=5 repnz=0 repmax=0 v=0,0,0,0,0
10-04 20:38:54.764 I/hakuX-lane(16668): [occl804] f=7579 wait=1 procs=1 q=2 qnz=0 pend=0 rep=2 repnz=0 repmax=0 v=0,0
10-04 20:38:54.797 I/hakuX-lane(16668): [occl804] f=7580 wait=1 procs=1 q=5 qnz=0 pend=0 rep=5 repnz=0 repmax=0 v=0,0,0,0,0
10-04 20:38:54.813 I/hakuX-lane(16668): [occl804] f=7582 wait=1 procs=1 q=5 qnz=0 pend=0 rep=5 repnz=0 repmax=0 v=0,0,0,0,0
10-04 20:38:54.831 I/hakuX-lane(16668): [occl804] f=7583 wait=1 procs=1 q=2 qnz=0 pend=0 rep=2 repnz=0 repmax=0 v=0,0
10-04 20:38:54.863 I/hakuX-lane(16668): [occl804] f=7584 wait=1 procs=1 q=5 qnz=0 pend=0 rep=5 repnz=0 repmax=0 v=0,0,0,0,0
10-04 20:38:54.897 I/hakuX-lane(16668): [occl804] f=7586 wait=1 procs=1 q=7 qnz=0 pend=0 rep=7 repnz=0 repmax=0 v=0,0,0,0,0,0,0
10-04 20:38:54.914 I/hakuX-lane(16668): [occl804] f=7588 wait=1 procs=1 q=5 qnz=0 pend=0 rep=5 repnz=0 repmax=0 v=0,0,0,0,0
10-04 20:38:54.952 I/hakuX-lane(16668): [occl804] f=7589 wait=1 procs=1 q=2 qnz=0 pend=0 rep=2 repnz=0 repmax=0 v=0,0
10-04 20:38:54.981 I/hakuX-lane(16668): [occl804] f=7591 wait=1 procs=1 q=5 qnz=0 pend=0 rep=5 repnz=0 repmax=0 v=0,0,0,0,0
10-04 20:38:54.997 I/hakuX-lane(16668): [occl804] f=7593 wait=1 procs=1 q=2 qnz=0 pend=0 rep=2 repnz=0 repmax=0 v=0,0
10-04 20:38:55.047 I/hakuX-lane(16668): [occl804] f=7594 wait=1 procs=1 q=5 qnz=0 pend=0 rep=5 repnz=0 repmax=0 v=0,0,0,0,0
10-04 20:38:55.097 I/hakuX-lane(16668): [occl804] f=7597 wait=1 procs=1 q=7 qnz=0 pend=0 rep=7 repnz=0 repmax=0 v=0,0,0,0,0,0,0
10-04 20:38:55.113 I/hakuX-lane(16668): [occl804] f=7600 wait=1 procs=1 q=5 qnz=0 pend=0 rep=5 repnz=0 repmax=0 v=0,0,0,0,0
10-04 20:38:55.147 I/hakuX-lane(16668): [occl804] f=7601 wait=1 procs=1 q=2 qnz=0 pend=0 rep=2 repnz=0 repmax=0 v=0,0
10-04 20:38:55.181 I/hakuX-lane(16668): [occl804] f=7603 wait=1 procs=1 q=5 qnz=0 pend=0 rep=5 repnz=0 repmax=0 v=0,0,0,0,0
10-04 20:38:55.198 I/hakuX-lane(16668): [occl804] f=7605 wait=1 procs=1 q=2 qnz=0 pend=0 rep=2 repnz=0 repmax=0 v=0,0
10-04 20:38:55.231 I/hakuX-lane(16668): [occl804] f=7606 wait=1 procs=1 q=5 qnz=0 pend=0 rep=5 repnz=0 repmax=0 v=0,0,0,0,0
10-04 20:38:55.247 I/hakuX-lane(16668): [occl804] f=7608 wait=1 procs=1 q=2 qnz=0 pend=0 rep=2 repnz=0 repmax=0 v=0,0
10-04 20:38:55.297 I/hakuX-lane(16668): [occl804] f=7609 wait=1 procs=1 q=5 qnz=0 pend=0 rep=5 repnz=0 repmax=0 v=0,0,0,0,0
10-04 20:38:55.331 I/hakuX-lane(16668): [occl804] f=7612 wait=1 procs=1 q=7 qnz=0 pend=0 rep=7 repnz=0 repmax=0 v=0,0,0,0,0,0,0
10-04 20:38:55.347 I/hakuX-lane(16668): [occl804] f=7614 wait=1 procs=1 q=5 qnz=0 pend=0 rep=5 repnz=0 repmax=0 v=0,0,0,0,0
10-04 20:38:55.364 I/hakuX-lane(16668): [occl804] f=7615 wait=1 procs=1 q=2 qnz=0 pend=0 rep=2 repnz=0 repmax=0 v=0,0
10-04 20:38:55.397 I/hakuX-lane(16668): [occl804] f=7616 wait=1 procs=1 q=5 qnz=0 pend=0 rep=5 repnz=0 repmax=0 v=0,0,0,0,0
10-04 20:38:55.414 I/hakuX-lane(16668): [occl804] f=7618 wait=1 procs=1 q=5 qnz=0 pend=0 rep=5 repnz=0 repmax=0 v=0,0,0,0,0
10-04 20:38:55.447 I/hakuX-lane(16668): [occl804] f=7619 wait=1 procs=1 q=2 qnz=0 pend=0 rep=2 repnz=0 repmax=0 v=0,0
10-04 20:38:55.464 I/hakuX-lane(16668): [occl804] f=7621 wait=1 procs=1 q=5 qnz=0 pend=0 rep=5 repnz=0 repmax=0 v=0,0,0,0,0
10-04 20:38:55.497 I/hakuX-lane(16668): [occl804] f=7622 wait=1 procs=1 q=2 qnz=0 pend=0 rep=2 repnz=0 repmax=0 v=0,0
10-04 20:38:55.514 I/hakuX-lane(16668): [occl804] f=7624 wait=1 procs=1 q=5 qnz=0 pend=0 rep=5 repnz=0 repmax=0 v=0,0,0,0,0
10-04 20:38:55.547 I/hakuX-lane(16668): [occl804] f=7625 wait=1 procs=1 q=2 qnz=0 pend=0 rep=2 repnz=0 repmax=0 v=0,0
10-04 20:38:55.564 I/hakuX-lane(16668): [occl804] f=7627 wait=1 procs=1 q=5 qnz=0 pend=0 rep=5 repnz=0 repmax=0 v=0,0,0,0,0
10-04 20:38:55.581 I/hakuX-lane(16668): [occl804] f=7628 wait=1 procs=1 q=2 qnz=0 pend=0 rep=2 repnz=0 repmax=0 v=0,0
10-04 20:38:55.631 I/hakuX-lane(16668): [occl804] f=7629 wait=1 procs=1 q=5 qnz=0 pend=0 rep=5 repnz=0 repmax=0 v=0,0,0,0,0
10-04 20:38:55.664 I/hakuX-lane(16668): [occl804] f=7632 wait=1 procs=1 q=7 qnz=0 pend=0 rep=7 repnz=0 repmax=0 v=0,0,0,0,0,0,0
10-04 20:38:55.681 I/hakuX-lane(16668): [occl804] f=7634 wait=1 procs=1 q=5 qnz=0 pend=0 rep=5 repnz=0 repmax=0 v=0,0,0,0,0
10-04 20:38:55.714 I/hakuX-lane(16668): [occl804] f=7635 wait=1 procs=1 q=2 qnz=0 pend=0 rep=2 repnz=0 repmax=0 v=0,0
10-04 20:38:55.747 I/hakuX-lane(16668): [occl804] f=7637 wait=1 procs=1 q=5 qnz=0 pend=0 rep=5 repnz=0 repmax=0 v=0,0,0,0,0
10-04 20:38:55.764 I/hakuX-lane(16668): [occl804] f=7639 wait=1 procs=1 q=2 qnz=0 pend=0 rep=2 repnz=0 repmax=0 v=0,0
10-04 20:38:55.797 I/hakuX-lane(16668): [occl804] f=7640 wait=1 procs=1 q=5 qnz=0 pend=0 rep=5 repnz=0 repmax=0 v=0,0,0,0,0
10-04 20:38:55.814 I/hakuX-lane(16668): [occl804] f=7642 wait=1 procs=1 q=2 qnz=0 pend=0 rep=2 repnz=0 repmax=0 v=0,0
10-04 20:38:55.848 I/hakuX-lane(16668): [occl804] f=7643 wait=1 procs=1 q=5 qnz=0 pend=0 rep=5 repnz=0 repmax=0 v=0,0,0,0,0
10-04 20:38:55.897 I/hakuX-lane(16668): [occl804] f=7645 wait=1 procs=1 q=7 qnz=0 pend=0 rep=7 repnz=0 repmax=0 v=0,0,0,0,0,0,0
10-04 20:38:55.914 I/hakuX-lane(16668): [occl804] f=7648 wait=1 procs=1 q=5 qnz=0 pend=0 rep=5 repnz=0 repmax=0 v=0,0,0,0,0
10-04 20:38:55.947 I/hakuX-lane(16668): [occl804] f=7649 wait=1 procs=1 q=2 qnz=0 pend=0 rep=2 repnz=0 repmax=0 v=0,0
10-04 20:38:55.964 I/hakuX-lane(16668): [occl804] f=7651 wait=1 procs=1 q=5 qnz=0 pend=0 rep=5 repnz=0 repmax=0 v=0,0,0,0,0
10-04 20:38:55.981 I/hakuX-lane(16668): [occl804] f=7652 wait=1 procs=1 q=2 qnz=0 pend=0 rep=2 repnz=0 repmax=0 v=0,0
10-04 20:38:56.014 I/hakuX-lane(16668): [occl804] f=7653 wait=1 procs=1 q=5 qnz=0 pend=0 rep=5 repnz=0 repmax=0 v=0,0,0,0,0
10-04 20:38:56.047 I/hakuX-lane(16668): [occl804] f=7655 wait=1 procs=1 q=7 qnz=0 pend=0 rep=7 repnz=0 repmax=0 v=0,0,0,0,0,0,0
10-04 20:38:56.064 I/hakuX-lane(16668): [occl804] f=7657 wait=1 procs=1 q=5 qnz=0 pend=0 rep=5 repnz=0 repmax=0 v=0,0,0,0,0
10-04 20:38:56.081 I/hakuX-lane(16668): [occl804] f=7658 wait=1 procs=1 q=2 qnz=0 pend=0 rep=2 repnz=0 repmax=0 v=0,0
10-04 20:38:56.114 I/hakuX-lane(16668): [occl804] f=7659 wait=1 procs=1 q=5 qnz=0 pend=0 rep=5 repnz=0 repmax=0 v=0,0,0,0,0
10-04 20:38:56.134 I/hakuX-lane(16668): [occl804] f=7661 wait=1 procs=1 q=7 qnz=0 pend=0 rep=7 repnz=0 repmax=0 v=0,0,0,0,0,0,0
10-04 20:38:56.150 I/hakuX-lane(16668): [occl804] f=7662 wait=1 procs=1 q=5 qnz=0 pend=0 rep=5 repnz=0 repmax=0 v=0,0,0,0,0
10-04 20:38:56.167 I/hakuX-lane(16668): [occl804] f=7663 wait=1 procs=1 q=2 qnz=0 pend=0 rep=2 repnz=0 repmax=0 v=0,0
10-04 20:38:56.200 I/hakuX-lane(16668): [occl804] f=7664 wait=1 procs=1 q=5 qnz=0 pend=0 rep=5 repnz=0 repmax=0 v=0,0,0,0,0
10-04 20:38:56.217 I/hakuX-lane(16668): [occl804] f=7666 wait=1 procs=1 q=2 qnz=0 pend=0 rep=2 repnz=0 repmax=0 v=0,0
10-04 20:38:56.267 I/hakuX-lane(16668): [occl804] f=7667 wait=1 procs=1 q=5 qnz=0 pend=0 rep=5 repnz=0 repmax=0 v=0,0,0,0,0
10-04 20:38:56.317 I/hakuX-lane(16668): [occl804] f=7670 wait=1 procs=1 q=7 qnz=0 pend=0 rep=7 repnz=0 repmax=0 v=0,0,0,0,0,0,0
10-04 20:38:56.334 I/hakuX-lane(16668): [occl804] f=7673 wait=1 procs=1 q=5 qnz=0 pend=0 rep=5 repnz=0 repmax=0 v=0,0,0,0,0
10-04 20:38:56.367 I/hakuX-lane(16668): [occl804] f=7674 wait=1 procs=1 q=2 qnz=0 pend=0 rep=2 repnz=0 repmax=0 v=0,0
10-04 20:38:56.400 I/hakuX-lane(16668): [occl804] f=7676 wait=1 procs=1 q=5 qnz=0 pend=0 rep=5 repnz=0 repmax=0 v=0,0,0,0,0
10-04 20:38:56.417 I/hakuX-lane(16668): [occl804] f=7678 wait=1 procs=1 q=2 qnz=0 pend=0 rep=2 repnz=0 repmax=0 v=0,0
10-04 20:38:56.467 I/hakuX-lane(16668): [occl804] f=7679 wait=1 procs=1 q=5 qnz=0 pend=0 rep=5 repnz=0 repmax=0 v=0,0,0,0,0
10-04 20:38:56.518 I/hakuX-lane(16668): [occl804] f=7682 wait=1 procs=1 q=7 qnz=0 pend=0 rep=7 repnz=0 repmax=0 v=0,0,0,0,0,0,0
10-04 20:38:56.534 I/hakuX-lane(16668): [occl804] f=7685 wait=1 procs=1 q=5 qnz=0 pend=0 rep=5 repnz=0 repmax=0 v=0,0,0,0,0
10-04 20:38:56.567 I/hakuX-lane(16668): [occl804] f=7686 wait=1 procs=1 q=2 qnz=0 pend=0 rep=2 repnz=0 repmax=0 v=0,0
10-04 20:38:56.600 I/hakuX-lane(16668): [occl804] f=7688 wait=1 procs=1 q=5 qnz=0 pend=0 rep=5 repnz=0 repmax=0 v=0,0,0,0,0
10-04 20:38:56.618 I/hakuX-lane(16668): [occl804] f=7690 wait=1 procs=1 q=2 qnz=0 pend=0 rep=2 repnz=0 repmax=0 v=0,0
10-04 20:38:56.667 I/hakuX-lane(16668): [occl804] f=7691 wait=1 procs=1 q=5 qnz=0 pend=0 rep=5 repnz=0 repmax=0 v=0,0,0,0,0
10-04 20:38:56.717 I/hakuX-lane(16668): [occl804] f=7694 wait=1 procs=1 q=7 qnz=0 pend=0 rep=7 repnz=0 repmax=0 v=0,0,0,0,0,0,0
10-04 20:38:56.735 I/hakuX-lane(16668): [occl804] f=7697 wait=1 procs=1 q=5 qnz=0 pend=0 rep=5 repnz=0 repmax=0 v=0,0,0,0,0
10-04 20:38:56.767 I/hakuX-lane(16668): [occl804] f=7698 wait=1 procs=1 q=2 qnz=0 pend=0 rep=2 repnz=0 repmax=0 v=0,0
10-04 20:38:56.801 I/hakuX-lane(16668): [occl804] f=7700 wait=1 procs=1 q=5 qnz=0 pend=0 rep=5 repnz=0 repmax=0 v=0,0,0,0,0
10-04 20:38:56.817 I/hakuX-lane(16668): [occl804] f=7702 wait=1 procs=1 q=2 qnz=0 pend=0 rep=2 repnz=0 repmax=0 v=0,0
10-04 20:38:56.868 I/hakuX-lane(16668): [occl804] f=7703 wait=1 procs=1 q=5 qnz=0 pend=0 rep=5 repnz=0 repmax=0 v=0,0,0,0,0
10-04 20:38:56.918 I/hakuX-lane(16668): [occl804] f=7706 wait=1 procs=1 q=7 qnz=0 pend=0 rep=7 repnz=0 repmax=0 v=0,0,0,0,0,0,0
10-04 20:38:56.935 I/hakuX-lane(16668): [occl804] f=7709 wait=1 procs=1 q=5 qnz=0 pend=0 rep=5 repnz=0 repmax=0 v=0,0,0,0,0
10-04 20:38:56.951 I/hakuX-lane(16668): [occl804] f=7710 wait=1 procs=1 q=2 qnz=0 pend=0 rep=2 repnz=0 repmax=0 v=0,0
10-04 20:38:57.001 I/hakuX-lane(16668): [occl804] f=7711 wait=1 procs=1 q=5 qnz=0 pend=0 rep=5 repnz=0 repmax=0 v=0,0,0,0,0
10-04 20:38:57.035 I/hakuX-lane(16668): [occl804] f=7714 wait=1 procs=1 q=7 qnz=0 pend=0 rep=7 repnz=0 repmax=0 v=0,0,0,0,0,0,0
10-04 20:38:57.051 I/hakuX-lane(16668): [occl804] f=7716 wait=1 procs=1 q=5 qnz=0 pend=0 rep=5 repnz=0 repmax=0 v=0,0,0,0,0
10-04 20:38:57.085 I/hakuX-lane(16668): [occl804] f=7717 wait=1 procs=1 q=2 qnz=0 pend=0 rep=2 repnz=0 repmax=0 v=0,0
10-04 20:38:57.101 I/hakuX-lane(16668): [occl804] f=7719 wait=1 procs=1 q=5 qnz=0 pend=0 rep=5 repnz=0 repmax=0 v=0,0,0,0,0
10-04 20:38:57.118 I/hakuX-lane(16668): [occl804] f=7720 wait=1 procs=1 q=2 qnz=0 pend=0 rep=2 repnz=0 repmax=0 v=0,0
10-04 20:38:57.151 I/hakuX-lane(16668): [occl804] f=7721 wait=1 procs=1 q=5 qnz=0 pend=0 rep=5 repnz=0 repmax=0 v=0,0,0,0,0
10-04 20:38:57.185 I/hakuX-lane(16668): [occl804] f=7723 wait=1 procs=1 q=7 qnz=0 pend=0 rep=7 repnz=0 repmax=0 v=0,0,0,0,0,0,0
10-04 20:38:57.201 I/hakuX-lane(16668): [occl804] f=7725 wait=1 procs=1 q=5 qnz=0 pend=0 rep=5 repnz=0 repmax=0 v=0,0,0,0,0
10-04 20:38:57.218 I/hakuX-lane(16668): [occl804] f=7726 wait=1 procs=1 q=2 qnz=0 pend=0 rep=2 repnz=0 repmax=0 v=0,0
10-04 20:38:57.235 I/hakuX-lane(16668): [occl804] f=7727 wait=1 procs=1 q=5 qnz=0 pend=0 rep=5 repnz=0 repmax=0 v=0,0,0,0,0
10-04 20:38:57.252 I/hakuX-lane(16668): [occl804] f=7728 wait=1 procs=1 q=7 qnz=0 pend=0 rep=7 repnz=0 repmax=0 v=0,0,0,0,0,0,0
10-04 20:38:57.268 I/hakuX-lane(16668): [occl804] f=7729 wait=1 procs=1 q=5 qnz=0 pend=0 rep=5 repnz=0 repmax=0 v=0,0,0,0,0
10-04 20:38:57.285 I/hakuX-lane(16668): [occl804] f=7730 wait=1 procs=1 q=2 qnz=0 pend=0 rep=2 repnz=0 repmax=0 v=0,0
10-04 20:38:57.302 I/hakuX-lane(16668): [occl804] f=7731 wait=1 procs=1 q=5 qnz=0 pend=0 rep=5 repnz=0 repmax=0 v=0,0,0,0,0
10-04 20:38:57.318 I/hakuX-lane(16668): [occl804] f=7732 wait=1 procs=1 q=2 qnz=0 pend=0 rep=2 repnz=0 repmax=0 v=0,0
10-04 20:38:57.335 I/hakuX-lane(16668): [occl804] f=7733 wait=1 procs=1 q=5 qnz=0 pend=0 rep=5 repnz=0 repmax=0 v=0,0,0,0,0
10-04 20:38:57.351 I/hakuX-lane(16668): [occl804] f=7734 wait=1 procs=1 q=2 qnz=0 pend=0 rep=2 repnz=0 repmax=0 v=0,0
10-04 20:38:57.368 I/hakuX-lane(16668): [occl804] f=7735 wait=1 procs=1 q=5 qnz=0 pend=0 rep=5 repnz=0 repmax=0 v=0,0,0,0,0
10-04 20:38:57.385 I/hakuX-lane(16668): [occl804] f=7736 wait=1 procs=1 q=5 qnz=0 pend=0 rep=5 repnz=0 repmax=0 v=0,0,0,0,0
10-04 20:38:57.418 I/hakuX-lane(16668): [occl804] f=7737 wait=1 procs=1 q=7 qnz=0 pend=0 rep=7 repnz=0 repmax=0 v=0,0,0,0,0,0,0
10-04 20:38:57.451 I/hakuX-lane(16668): [occl804] f=7739 wait=1 procs=1 q=7 qnz=0 pend=0 rep=7 repnz=0 repmax=0 v=0,0,0,0,0,0,0
10-04 20:38:57.468 I/hakuX-lane(16668): [occl804] f=7741 wait=1 procs=1 q=5 qnz=0 pend=0 rep=5 repnz=0 repmax=0 v=0,0,0,0,0
10-04 20:38:57.485 I/hakuX-lane(16668): [occl804] f=7742 wait=1 procs=1 q=2 qnz=0 pend=0 rep=2 repnz=0 repmax=0 v=0,0
10-04 20:38:57.518 I/hakuX-lane(16668): [occl804] f=7743 wait=1 procs=1 q=5 qnz=0 pend=0 rep=5 repnz=0 repmax=0 v=0,0,0,0,0
10-04 20:38:57.551 I/hakuX-lane(16668): [occl804] f=7745 wait=1 procs=1 q=7 qnz=0 pend=0 rep=7 repnz=0 repmax=0 v=0,0,0,0,0,0,0
10-04 20:38:57.568 I/hakuX-lane(16668): [occl804] f=7747 wait=1 procs=1 q=5 qnz=0 pend=0 rep=5 repnz=0 repmax=0 v=0,0,0,0,0
10-04 20:38:57.586 I/hakuX-lane(16668): [occl804] f=7748 wait=1 procs=1 q=2 qnz=0 pend=0 rep=2 repnz=0 repmax=0 v=0,0
10-04 20:38:57.618 I/hakuX-lane(16668): [occl804] f=7749 wait=1 procs=1 q=5 qnz=0 pend=0 rep=5 repnz=0 repmax=0 v=0,0,0,0,0
10-04 20:38:57.651 I/hakuX-lane(16668): [occl804] f=7751 wait=1 procs=1 q=7 qnz=0 pend=0 rep=7 repnz=0 repmax=0 v=0,0,0,0,0,0,0
10-04 20:38:57.668 I/hakuX-lane(16668): [occl804] f=7753 wait=1 procs=1 q=5 qnz=0 pend=0 rep=5 repnz=0 repmax=0 v=0,0,0,0,0
10-04 20:38:57.685 I/hakuX-lane(16668): [occl804] f=7754 wait=1 procs=1 q=2 qnz=0 pend=0 rep=2 repnz=0 repmax=0 v=0,0
10-04 20:38:57.718 I/hakuX-lane(16668): [occl804] f=7755 wait=1 procs=1 q=5 qnz=0 pend=0 rep=5 repnz=0 repmax=0 v=0,0,0,0,0
10-04 20:38:57.752 I/hakuX-lane(16668): [occl804] f=7757 wait=1 procs=1 q=7 qnz=0 pend=0 rep=7 repnz=0 repmax=0 v=0,0,0,0,0,0,0
10-04 20:38:57.768 I/hakuX-lane(16668): [occl804] f=7759 wait=1 procs=1 q=5 qnz=0 pend=0 rep=5 repnz=0 repmax=0 v=0,0,0,0,0
10-04 20:38:57.786 I/hakuX-lane(16668): [occl804] f=7760 wait=1 procs=1 q=2 qnz=0 pend=0 rep=2 repnz=0 repmax=0 v=0,0
10-04 20:38:57.802 I/hakuX-lane(16668): [occl804] f=7761 wait=1 procs=1 q=5 qnz=0 pend=0 rep=5 repnz=0 repmax=0 v=0,0,0,0,0
10-04 20:38:57.835 I/hakuX-lane(16668): [occl804] f=7762 wait=1 procs=1 q=7 qnz=0 pend=0 rep=7 repnz=0 repmax=0 v=0,0,0,0,0,0,0
10-04 20:38:57.868 I/hakuX-lane(16668): [occl804] f=7764 wait=1 procs=1 q=7 qnz=0 pend=0 rep=7 repnz=0 repmax=0 v=0,0,0,0,0,0,0
10-04 20:38:57.886 I/hakuX-lane(16668): [occl804] f=7766 wait=1 procs=1 q=5 qnz=0 pend=0 rep=5 repnz=0 repmax=0 v=0,0,0,0,0
10-04 20:38:57.901 I/hakuX-lane(16668): [occl804] f=7767 wait=1 procs=1 q=2 qnz=0 pend=0 rep=2 repnz=0 repmax=0 v=0,0
10-04 20:38:57.935 I/hakuX-lane(16668): [occl804] f=7768 wait=1 procs=1 q=5 qnz=0 pend=0 rep=5 repnz=0 repmax=0 v=0,0,0,0,0
10-04 20:38:57.968 I/hakuX-lane(16668): [occl804] f=7770 wait=1 procs=1 q=7 qnz=0 pend=0 rep=7 repnz=0 repmax=0 v=0,0,0,0,0,0,0
10-04 20:38:57.985 I/hakuX-lane(16668): [occl804] f=7772 wait=1 procs=1 q=5 qnz=0 pend=0 rep=5 repnz=0 repmax=0 v=0,0,0,0,0
10-04 20:38:58.018 I/hakuX-lane(16668): [occl804] f=7773 wait=1 procs=1 q=2 qnz=0 pend=0 rep=2 repnz=0 repmax=0 v=0,0
10-04 20:38:58.036 I/hakuX-lane(16668): [occl804] f=7775 wait=1 procs=1 q=5 qnz=0 pend=0 rep=5 repnz=0 repmax=0 v=0,0,0,0,0
10-04 20:38:58.052 I/hakuX-lane(16668): [occl804] f=7776 wait=1 procs=1 q=2 qnz=0 pend=0 rep=2 repnz=0 repmax=0 v=0,0
10-04 20:38:58.068 I/hakuX-lane(16668): [occl804] f=7777 wait=1 procs=1 q=5 qnz=0 pend=0 rep=5 repnz=0 repmax=0 v=0,0,0,0,0
10-04 20:38:58.086 I/hakuX-lane(16668): [occl804] f=7778 wait=1 procs=1 q=5 qnz=0 pend=0 rep=5 repnz=0 repmax=0 v=0,0,0,0,0
10-04 20:38:58.118 I/hakuX-lane(16668): [occl804] f=7779 wait=1 procs=1 q=7 qnz=0 pend=0 rep=7 repnz=0 repmax=0 v=0,0,0,0,0,0,0
10-04 20:38:58.142 I/hakuX-lane(16668): [occl804] f=7781 wait=1 procs=1 q=5 qnz=0 pend=0 rep=5 repnz=0 repmax=0 v=0,0,0,0,0
10-04 20:38:58.152 I/hakuX-lane(16668): [occl804] f=7782 wait=1 procs=1 q=2 qnz=0 pend=0 rep=2 repnz=0 repmax=0 v=0,0
10-04 20:38:58.186 I/hakuX-lane(16668): [occl804] f=7783 wait=1 procs=1 q=5 qnz=0 pend=0 rep=5 repnz=0 repmax=0 v=0,0,0,0,0
10-04 20:38:58.218 I/hakuX-lane(16668): [occl804] f=7785 wait=1 procs=1 q=7 qnz=0 pend=0 rep=7 repnz=0 repmax=0 v=0,0,0,0,0,0,0
10-04 20:38:58.235 I/hakuX-lane(16668): [occl804] f=7787 wait=1 procs=1 q=5 qnz=0 pend=0 rep=5 repnz=0 repmax=0 v=0,0,0,0,0
10-04 20:38:58.252 I/hakuX-lane(16668): [occl804] f=7788 wait=1 procs=1 q=2 qnz=0 pend=0 rep=2 repnz=0 repmax=0 v=0,0
10-04 20:38:58.286 I/hakuX-lane(16668): [occl804] f=7789 wait=1 procs=1 q=5 qnz=0 pend=0 rep=5 repnz=0 repmax=0 v=0,0,0,0,0
10-04 20:38:58.319 I/hakuX-lane(16668): [occl804] f=7791 wait=1 procs=1 q=7 qnz=0 pend=0 rep=7 repnz=0 repmax=0 v=0,0,0,0,0,0,0
10-04 20:38:58.336 I/hakuX-lane(16668): [occl804] f=7793 wait=1 procs=1 q=5 qnz=0 pend=0 rep=5 repnz=0 repmax=0 v=0,0,0,0,0
10-04 20:38:58.352 I/hakuX-lane(16668): [occl804] f=7794 wait=1 procs=1 q=2 qnz=0 pend=0 rep=2 repnz=0 repmax=0 v=0,0
10-04 20:38:58.386 I/hakuX-lane(16668): [occl804] f=7795 wait=1 procs=1 q=5 qnz=0 pend=0 rep=5 repnz=0 repmax=0 v=0,0,0,0,0
10-04 20:38:58.419 I/hakuX-lane(16668): [occl804] f=7797 wait=1 procs=1 q=7 qnz=0 pend=0 rep=7 repnz=0 repmax=0 v=0,0,0,0,0,0,0
10-04 20:38:58.436 I/hakuX-lane(16668): [occl804] f=7799 wait=1 procs=1 q=5 qnz=0 pend=0 rep=5 repnz=0 repmax=0 v=0,0,0,0,0
10-04 20:38:58.452 I/hakuX-lane(16668): [occl804] f=7800 wait=1 procs=1 q=2 qnz=0 pend=0 rep=2 repnz=0 repmax=0 v=0,0
10-04 20:38:58.486 I/hakuX-lane(16668): [occl804] f=7801 wait=1 procs=1 q=5 qnz=0 pend=0 rep=5 repnz=0 repmax=0 v=0,0,0,0,0
10-04 20:38:58.519 I/hakuX-lane(16668): [occl804] f=7803 wait=1 procs=1 q=7 qnz=0 pend=0 rep=7 repnz=0 repmax=0 v=0,0,0,0,0,0,0
10-04 20:38:58.536 I/hakuX-lane(16668): [occl804] f=7805 wait=1 procs=1 q=5 qnz=0 pend=0 rep=5 repnz=0 repmax=0 v=0,0,0,0,0
10-04 20:38:58.569 I/hakuX-lane(16668): [occl804] f=7806 wait=1 procs=1 q=2 qnz=0 pend=0 rep=2 repnz=0 repmax=0 v=0,0
10-04 20:38:58.602 I/hakuX-lane(16668): [occl804] f=7808 wait=1 procs=1 q=5 qnz=0 pend=0 rep=5 repnz=0 repmax=0 v=0,0,0,0,0
10-04 20:38:58.619 I/hakuX-lane(16668): [occl804] f=7810 wait=1 procs=1 q=2 qnz=0 pend=0 rep=2 repnz=0 repmax=0 v=0,0
10-04 20:38:58.669 I/hakuX-lane(16668): [occl804] f=7811 wait=1 procs=1 q=5 qnz=0 pend=0 rep=5 repnz=0 repmax=0 v=0,0,0,0,0
10-04 20:38:58.719 I/hakuX-lane(16668): [occl804] f=7814 wait=1 procs=1 q=7 qnz=0 pend=0 rep=7 repnz=0 repmax=0 v=0,0,0,0,0,0,0
10-04 20:38:58.736 I/hakuX-lane(16668): [occl804] f=7817 wait=1 procs=1 q=5 qnz=0 pend=0 rep=5 repnz=0 repmax=0 v=0,0,0,0,0
10-04 20:38:58.769 I/hakuX-lane(16668): [occl804] f=7818 wait=1 procs=1 q=2 qnz=0 pend=0 rep=2 repnz=0 repmax=0 v=0,0
10-04 20:38:58.802 I/hakuX-lane(16668): [occl804] f=7820 wait=1 procs=1 q=5 qnz=0 pend=0 rep=5 repnz=0 repmax=0 v=0,0,0,0,0
10-04 20:38:58.836 I/hakuX-lane(16668): [occl804] f=7822 wait=1 procs=1 q=7 qnz=0 pend=0 rep=7 repnz=0 repmax=0 v=0,0,0,0,0,0,0
10-04 20:38:58.852 I/hakuX-lane(16668): [occl804] f=7824 wait=1 procs=1 q=5 qnz=0 pend=0 rep=5 repnz=0 repmax=0 v=0,0,0,0,0
10-04 20:38:58.887 I/hakuX-lane(16668): [occl804] f=7825 wait=1 procs=1 q=2 qnz=0 pend=0 rep=2 repnz=0 repmax=0 v=0,0
10-04 20:38:58.902 I/hakuX-lane(16668): [occl804] f=7827 wait=1 procs=1 q=5 qnz=0 pend=0 rep=5 repnz=0 repmax=0 v=0,0,0,0,0
10-04 20:38:58.936 I/hakuX-lane(16668): [occl804] f=7828 wait=1 procs=1 q=2 qnz=0 pend=0 rep=2 repnz=0 repmax=0 v=0,0
10-04 20:38:58.969 I/hakuX-lane(16668): [occl804] f=7830 wait=1 procs=1 q=5 qnz=0 pend=0 rep=5 repnz=0 repmax=0 v=0,0,0,0,0
10-04 20:38:58.986 I/hakuX-lane(16668): [occl804] f=7832 wait=1 procs=1 q=2 qnz=0 pend=0 rep=2 repnz=0 repmax=0 v=0,0
10-04 20:38:59.019 I/hakuX-lane(16668): [occl804] f=7833 wait=1 procs=1 q=5 qnz=0 pend=0 rep=5 repnz=0 repmax=0 v=0,0,0,0,0
10-04 20:38:59.036 I/hakuX-lane(16668): [occl804] f=7835 wait=1 procs=1 q=5 qnz=0 pend=0 rep=5 repnz=0 repmax=0 v=0,0,0,0,0
10-04 20:38:59.052 I/hakuX-lane(16668): [occl804] f=7836 wait=1 procs=1 q=2 qnz=0 pend=0 rep=2 repnz=0 repmax=0 v=0,0
10-04 20:38:59.102 I/hakuX-lane(16668): [occl804] f=7837 wait=1 procs=1 q=5 qnz=0 pend=0 rep=5 repnz=0 repmax=0 v=0,0,0,0,0
10-04 20:38:59.152 I/hakuX-lane(16668): [occl804] f=7840 wait=1 procs=1 q=7 qnz=0 pend=0 rep=7 repnz=0 repmax=0 v=0,0,0,0,0,0,0
10-04 20:38:59.169 I/hakuX-lane(16668): [occl804] f=7843 wait=1 procs=1 q=5 qnz=0 pend=0 rep=5 repnz=0 repmax=0 v=0,0,0,0,0
10-04 20:38:59.186 I/hakuX-lane(16668): [occl804] f=7844 wait=1 procs=1 q=2 qnz=0 pend=0 rep=2 repnz=0 repmax=0 v=0,0
10-04 20:38:59.236 I/hakuX-lane(16668): [occl804] f=7845 wait=1 procs=1 q=5 qnz=0 pend=0 rep=5 repnz=0 repmax=0 v=0,0,0,0,0
10-04 20:38:59.287 I/hakuX-lane(16668): [occl804] f=7848 wait=1 procs=1 q=7 qnz=0 pend=0 rep=7 repnz=0 repmax=0 v=0,0,0,0,0,0,0
10-04 20:38:59.302 I/hakuX-lane(16668): [occl804] f=7851 wait=1 procs=1 q=5 qnz=0 pend=0 rep=5 repnz=0 repmax=0 v=0,0,0,0,0
10-04 20:38:59.342 I/hakuX-lane(16668): [occl804] f=7852 wait=1 procs=1 q=2 qnz=0 pend=0 rep=2 repnz=0 repmax=0 v=0,0
10-04 20:38:59.352 I/hakuX-lane(16668): [occl804] f=7854 wait=1 procs=1 q=5 qnz=0 pend=0 rep=5 repnz=0 repmax=0 v=0,0,0,0,0
10-04 20:38:59.386 I/hakuX-lane(16668): [occl804] f=7855 wait=1 procs=1 q=2 qnz=0 pend=0 rep=2 repnz=0 repmax=0 v=0,0
10-04 20:38:59.402 I/hakuX-lane(16668): [occl804] f=7857 wait=1 procs=1 q=5 qnz=0 pend=0 rep=5 repnz=0 repmax=0 v=0,0,0,0,0
10-04 20:38:59.419 I/hakuX-lane(16668): [occl804] f=7858 wait=1 procs=1 q=2 qnz=0 pend=0 rep=2 repnz=0 repmax=0 v=0,0
10-04 20:38:59.453 I/hakuX-lane(16668): [occl804] f=7859 wait=1 procs=1 q=5 qnz=0 pend=0 rep=5 repnz=0 repmax=0 v=0,0,0,0,0
10-04 20:38:59.503 I/hakuX-lane(16668): [occl804] f=7861 wait=1 procs=1 q=7 qnz=0 pend=0 rep=7 repnz=0 repmax=0 v=0,0,0,0,0,0,0
10-04 20:38:59.519 I/hakuX-lane(16668): [occl804] f=7864 wait=1 procs=1 q=5 qnz=0 pend=0 rep=5 repnz=0 repmax=0 v=0,0,0,0,0
10-04 20:38:59.553 I/hakuX-lane(16668): [occl804] f=7865 wait=1 procs=1 q=2 qnz=0 pend=0 rep=2 repnz=0 repmax=0 v=0,0
10-04 20:38:59.586 I/hakuX-lane(16668): [occl804] f=7867 wait=1 procs=1 q=5 qnz=0 pend=0 rep=5 repnz=0 repmax=0 v=0,0,0,0,0
10-04 20:38:59.603 I/hakuX-lane(16668): [occl804] f=7869 wait=1 procs=1 q=2 qnz=0 pend=0 rep=2 repnz=0 repmax=0 v=0,0
10-04 20:38:59.653 I/hakuX-lane(16668): [occl804] f=7870 wait=1 procs=1 q=5 qnz=0 pend=0 rep=5 repnz=0 repmax=0 v=0,0,0,0,0
10-04 20:38:59.687 I/hakuX-lane(16668): [occl804] f=7873 wait=1 procs=1 q=7 qnz=0 pend=0 rep=7 repnz=0 repmax=0 v=0,0,0,0,0,0,0
10-04 20:38:59.704 I/hakuX-lane(16668): [occl804] f=7875 wait=1 procs=1 q=5 qnz=0 pend=0 rep=5 repnz=0 repmax=0 v=0,0,0,0,0
10-04 20:38:59.737 I/hakuX-lane(16668): [occl804] f=7876 wait=1 procs=1 q=2 qnz=0 pend=0 rep=2 repnz=0 repmax=0 v=0,0
10-04 20:38:59.770 I/hakuX-lane(16668): [occl804] f=7878 wait=1 procs=1 q=5 qnz=0 pend=0 rep=5 repnz=0 repmax=0 v=0,0,0,0,0
10-04 20:38:59.803 I/hakuX-lane(16668): [occl804] f=7880 wait=1 procs=1 q=7 qnz=0 pend=0 rep=7 repnz=0 repmax=0 v=0,0,0,0,0,0,0
10-04 20:38:59.820 I/hakuX-lane(16668): [occl804] f=7882 wait=1 procs=1 q=5 qnz=0 pend=0 rep=5 repnz=0 repmax=0 v=0,0,0,0,0
10-04 20:38:59.837 I/hakuX-lane(16668): [occl804] f=7883 wait=1 procs=1 q=2 qnz=0 pend=0 rep=2 repnz=0 repmax=0 v=0,0
10-04 20:38:59.870 I/hakuX-lane(16668): [occl804] f=7884 wait=1 procs=1 q=5 qnz=0 pend=0 rep=5 repnz=0 repmax=0 v=0,0,0,0,0
10-04 20:38:59.903 I/hakuX-lane(16668): [occl804] f=7886 wait=1 procs=1 q=7 qnz=0 pend=0 rep=7 repnz=0 repmax=0 v=0,0,0,0,0,0,0
10-04 20:38:59.920 I/hakuX-lane(16668): [occl804] f=7888 wait=1 procs=1 q=5 qnz=0 pend=0 rep=5 repnz=0 repmax=0 v=0,0,0,0,0
10-04 20:38:59.942 I/hakuX-lane(16668): [occl804] f=7889 wait=1 procs=1 q=2 qnz=0 pend=0 rep=2 repnz=0 repmax=0 v=0,0
10-04 20:38:59.970 I/hakuX-lane(16668): [occl804] f=7890 wait=1 procs=1 q=5 qnz=0 pend=0 rep=5 repnz=0 repmax=0 v=0,0,0,0,0
10-04 20:38:59.988 I/hakuX-lane(16668): [occl804] f=7892 wait=1 procs=1 q=2 qnz=0 pend=0 rep=2 repnz=0 repmax=0 v=0,0
10-04 20:39:00.020 I/hakuX-lane(16668): [occl804] f=7893 wait=1 procs=1 q=5 qnz=0 pend=0 rep=5 repnz=0 repmax=0 v=0,0,0,0,0
10-04 20:39:00.037 I/hakuX-lane(16668): [occl804] f=7895 wait=1 procs=1 q=5 qnz=0 pend=0 rep=5 repnz=0 repmax=0 v=0,0,0,0,0
10-04 20:39:00.053 I/hakuX-lane(16668): [occl804] f=7896 wait=1 procs=1 q=2 qnz=0 pend=0 rep=2 repnz=0 repmax=0 v=0,0
10-04 20:39:00.087 I/hakuX-lane(16668): [occl804] f=7897 wait=1 procs=1 q=5 qnz=0 pend=0 rep=5 repnz=0 repmax=0 v=0,0,0,0,0
10-04 20:39:00.104 I/hakuX-lane(16668): [occl804] f=7899 wait=1 procs=1 q=2 qnz=0 pend=0 rep=2 repnz=0 repmax=0 v=0,0
10-04 20:39:00.137 I/hakuX-lane(16668): [occl804] f=7900 wait=1 procs=1 q=5 qnz=0 pend=0 rep=5 repnz=0 repmax=0 v=0,0,0,0,0
10-04 20:39:00.170 I/hakuX-lane(16668): [occl804] f=7902 wait=1 procs=1 q=7 qnz=0 pend=0 rep=7 repnz=0 repmax=0 v=0,0,0,0,0,0,0
10-04 20:39:00.187 I/hakuX-lane(16668): [occl804] f=7904 wait=1 procs=1 q=5 qnz=0 pend=0 rep=5 repnz=0 repmax=0 v=0,0,0,0,0
10-04 20:39:00.203 I/hakuX-lane(16668): [occl804] f=7905 wait=1 procs=1 q=2 qnz=0 pend=0 rep=2 repnz=0 repmax=0 v=0,0
10-04 20:39:00.237 I/hakuX-lane(16668): [occl804] f=7906 wait=1 procs=1 q=5 qnz=0 pend=0 rep=5 repnz=0 repmax=0 v=0,0,0,0,0
10-04 20:39:00.270 I/hakuX-lane(16668): [occl804] f=7908 wait=1 procs=1 q=7 qnz=0 pend=0 rep=7 repnz=0 repmax=0 v=0,0,0,0,0,0,0
10-04 20:39:00.287 I/hakuX-lane(16668): [occl804] f=7910 wait=1 procs=1 q=5 qnz=0 pend=0 rep=5 repnz=0 repmax=0 v=0,0,0,0,0
10-04 20:39:00.304 I/hakuX-lane(16668): [occl804] f=7911 wait=1 procs=1 q=2 qnz=0 pend=0 rep=2 repnz=0 repmax=0 v=0,0
10-04 20:39:00.337 I/hakuX-lane(16668): [occl804] f=7912 wait=1 procs=1 q=5 qnz=0 pend=0 rep=5 repnz=0 repmax=0 v=0,0,0,0,0
10-04 20:39:00.370 I/hakuX-lane(16668): [occl804] f=7914 wait=1 procs=1 q=7 qnz=0 pend=0 rep=7 repnz=0 repmax=0 v=0,0,0,0,0,0,0
10-04 20:39:00.387 I/hakuX-lane(16668): [occl804] f=7916 wait=1 procs=1 q=5 qnz=0 pend=0 rep=5 repnz=0 repmax=0 v=0,0,0,0,0
10-04 20:39:00.404 I/hakuX-lane(16668): [occl804] f=7917 wait=1 procs=1 q=2 qnz=0 pend=0 rep=2 repnz=0 repmax=0 v=0,0
10-04 20:39:00.437 I/hakuX-lane(16668): [occl804] f=7918 wait=1 procs=1 q=5 qnz=0 pend=0 rep=5 repnz=0 repmax=0 v=0,0,0,0,0
10-04 20:39:00.487 I/hakuX-lane(16668): [occl804] f=7920 wait=1 procs=1 q=7 qnz=0 pend=0 rep=7 repnz=0 repmax=0 v=0,0,0,0,0,0,0
10-04 20:39:00.504 I/hakuX-lane(16668): [occl804] f=7923 wait=1 procs=1 q=5 qnz=0 pend=0 rep=5 repnz=0 repmax=0 v=0,0,0,0,0
10-04 20:39:00.537 I/hakuX-lane(16668): [occl804] f=7924 wait=1 procs=1 q=2 qnz=0 pend=0 rep=2 repnz=0 repmax=0 v=0,0
10-04 20:39:00.570 I/hakuX-lane(16668): [occl804] f=7926 wait=1 procs=1 q=5 qnz=0 pend=0 rep=5 repnz=0 repmax=0 v=0,0,0,0,0
10-04 20:39:00.588 I/hakuX-lane(16668): [occl804] f=7928 wait=1 procs=1 q=2 qnz=0 pend=0 rep=2 repnz=0 repmax=0 v=0,0
10-04 20:39:00.638 I/hakuX-lane(16668): [occl804] f=7929 wait=1 procs=1 q=5 qnz=0 pend=0 rep=5 repnz=0 repmax=0 v=0,0,0,0,0
10-04 20:39:00.687 I/hakuX-lane(16668): [occl804] f=7932 wait=1 procs=1 q=7 qnz=0 pend=0 rep=7 repnz=0 repmax=0 v=0,0,0,0,0,0,0
10-04 20:39:00.704 I/hakuX-lane(16668): [occl804] f=7935 wait=1 procs=1 q=5 qnz=0 pend=0 rep=5 repnz=0 repmax=0 v=0,0,0,0,0
10-04 20:39:00.738 I/hakuX-lane(16668): [occl804] f=7936 wait=1 procs=1 q=2 qnz=0 pend=0 rep=2 repnz=0 repmax=0 v=0,0
10-04 20:39:00.754 I/hakuX-lane(16668): [occl804] f=7938 wait=1 procs=1 q=5 qnz=0 pend=0 rep=5 repnz=0 repmax=0 v=0,0,0,0,0
10-04 20:39:00.788 I/hakuX-lane(16668): [occl804] f=7939 wait=1 procs=1 q=2 qnz=0 pend=0 rep=2 repnz=0 repmax=0 v=0,0
10-04 20:39:00.821 I/hakuX-lane(16668): [occl804] f=7941 wait=1 procs=1 q=5 qnz=0 pend=0 rep=5 repnz=0 repmax=0 v=0,0,0,0,0
10-04 20:39:00.854 I/hakuX-lane(16668): [occl804] f=7943 wait=1 procs=1 q=7 qnz=0 pend=0 rep=7 repnz=0 repmax=0 v=0,0,0,0,0,0,0
10-04 20:39:00.871 I/hakuX-lane(16668): [occl804] f=7945 wait=1 procs=1 q=5 qnz=0 pend=0 rep=5 repnz=0 repmax=0 v=0,0,0,0,0
10-04 20:39:00.888 I/hakuX-lane(16668): [occl804] f=7946 wait=1 procs=1 q=2 qnz=0 pend=0 rep=2 repnz=0 repmax=0 v=0,0
10-04 20:39:00.920 I/hakuX-lane(16668): [occl804] f=7947 wait=1 procs=1 q=5 qnz=0 pend=0 rep=5 repnz=0 repmax=0 v=0,0,0,0,0
10-04 20:39:00.938 I/hakuX-lane(16668): [occl804] f=7949 wait=1 procs=1 q=2 qnz=0 pend=0 rep=2 repnz=0 repmax=0 v=0,0
10-04 20:39:00.970 I/hakuX-lane(16668): [occl804] f=7950 wait=1 procs=1 q=5 qnz=0 pend=0 rep=5 repnz=0 repmax=0 v=0,0,0,0,0
10-04 20:39:01.004 I/hakuX-lane(16668): [occl804] f=7952 wait=1 procs=1 q=7 qnz=0 pend=0 rep=7 repnz=0 repmax=0 v=0,0,0,0,0,0,0
10-04 20:39:01.021 I/hakuX-lane(16668): [occl804] f=7954 wait=1 procs=1 q=5 qnz=0 pend=0 rep=5 repnz=0 repmax=0 v=0,0,0,0,0
10-04 20:39:01.054 I/hakuX-lane(16668): [occl804] f=7955 wait=1 procs=1 q=2 qnz=0 pend=0 rep=2 repnz=0 repmax=0 v=0,0
10-04 20:39:01.071 I/hakuX-lane(16668): [occl804] f=7957 wait=1 procs=1 q=5 qnz=0 pend=0 rep=5 repnz=0 repmax=0 v=0,0,0,0,0
10-04 20:39:01.104 I/hakuX-lane(16668): [occl804] f=7958 wait=1 procs=1 q=2 qnz=0 pend=0 rep=2 repnz=0 repmax=0 v=0,0
10-04 20:39:01.138 I/hakuX-lane(16668): [occl804] f=7960 wait=1 procs=1 q=5 qnz=0 pend=0 rep=5 repnz=0 repmax=0 v=0,0,0,0,0
10-04 20:39:01.171 I/hakuX-lane(16668): [occl804] f=7962 wait=1 procs=1 q=7 qnz=0 pend=0 rep=7 repnz=0 repmax=0 v=0,0,0,0,0,0,0
10-04 20:39:01.188 I/hakuX-lane(16668): [occl804] f=7964 wait=1 procs=1 q=5 qnz=0 pend=0 rep=5 repnz=0 repmax=0 v=0,0,0,0,0
10-04 20:39:01.204 I/hakuX-lane(16668): [occl804] f=7965 wait=1 procs=1 q=2 qnz=0 pend=0 rep=2 repnz=0 repmax=0 v=0,0
10-04 20:39:01.238 I/hakuX-lane(16668): [occl804] f=7966 wait=1 procs=1 q=5 qnz=0 pend=0 rep=5 repnz=0 repmax=0 v=0,0,0,0,0
10-04 20:39:01.271 I/hakuX-lane(16668): [occl804] f=7968 wait=1 procs=1 q=7 qnz=0 pend=0 rep=7 repnz=0 repmax=0 v=0,0,0,0,0,0,0
10-04 20:39:01.288 I/hakuX-lane(16668): [occl804] f=7970 wait=1 procs=1 q=5 qnz=0 pend=0 rep=5 repnz=0 repmax=0 v=0,0,0,0,0
10-04 20:39:01.321 I/hakuX-lane(16668): [occl804] f=7971 wait=1 procs=1 q=2 qnz=0 pend=0 rep=2 repnz=0 repmax=0 v=0,0
10-04 20:39:01.338 I/hakuX-lane(16668): [occl804] f=7973 wait=1 procs=1 q=5 qnz=0 pend=0 rep=5 repnz=0 repmax=0 v=0,0,0,0,0
10-04 20:39:01.354 I/hakuX-lane(16668): [occl804] f=7974 wait=1 procs=1 q=2 qnz=0 pend=0 rep=2 repnz=0 repmax=0 v=0,0
10-04 20:39:01.388 I/hakuX-lane(16668): [occl804] f=7975 wait=1 procs=1 q=5 qnz=0 pend=0 rep=5 repnz=0 repmax=0 v=0,0,0,0,0
10-04 20:39:01.441 I/hakuX-lane(16668): [occl804] f=7977 wait=1 procs=1 q=7 qnz=0 pend=0 rep=7 repnz=0 repmax=0 v=0,0,0,0,0,0,0
10-04 20:39:01.454 I/hakuX-lane(16668): [occl804] f=7980 wait=1 procs=1 q=5 qnz=0 pend=0 rep=5 repnz=0 repmax=0 v=0,0,0,0,0
10-04 20:39:01.488 I/hakuX-lane(16668): [occl804] f=7981 wait=1 procs=1 q=2 qnz=0 pend=0 rep=2 repnz=0 repmax=0 v=0,0
10-04 20:39:01.504 I/hakuX-lane(16668): [occl804] f=7983 wait=1 procs=1 q=5 qnz=0 pend=0 rep=5 repnz=0 repmax=0 v=0,0,0,0,0
10-04 20:39:01.538 I/hakuX-lane(16668): [occl804] f=7984 wait=1 procs=1 q=2 qnz=0 pend=0 rep=2 repnz=0 repmax=0 v=0,0
10-04 20:39:01.554 I/hakuX-lane(16668): [occl804] f=7986 wait=1 procs=1 q=5 qnz=0 pend=0 rep=5 repnz=0 repmax=0 v=0,0,0,0,0
10-04 20:39:01.571 I/hakuX-lane(16668): [occl804] f=7987 wait=1 procs=1 q=2 qnz=0 pend=0 rep=2 repnz=0 repmax=0 v=0,0
10-04 20:39:01.604 I/hakuX-lane(16668): [occl804] f=7988 wait=1 procs=1 q=5 qnz=0 pend=0 rep=5 repnz=0 repmax=0 v=0,0,0,0,0
10-04 20:39:01.638 I/hakuX-lane(16668): [occl804] f=7990 wait=1 procs=1 q=7 qnz=0 pend=0 rep=7 repnz=0 repmax=0 v=0,0,0,0,0,0,0
10-04 20:39:01.654 I/hakuX-lane(16668): [occl804] f=7992 wait=1 procs=1 q=5 qnz=0 pend=0 rep=5 repnz=0 repmax=0 v=0,0,0,0,0
10-04 20:39:01.688 I/hakuX-lane(16668): [occl804] f=7993 wait=1 procs=1 q=2 qnz=0 pend=0 rep=2 repnz=0 repmax=0 v=0,0
10-04 20:39:01.704 I/hakuX-lane(16668): [occl804] f=7995 wait=1 procs=1 q=5 qnz=0 pend=0 rep=5 repnz=0 repmax=0 v=0,0,0,0,0
10-04 20:39:01.721 I/hakuX-lane(16668): [occl804] f=7996 wait=1 procs=1 q=2 qnz=0 pend=0 rep=2 repnz=0 repmax=0 v=0,0
10-04 20:39:01.771 I/hakuX-lane(16668): [occl804] f=7997 wait=1 procs=1 q=5 qnz=0 pend=0 rep=5 repnz=0 repmax=0 v=0,0,0,0,0
10-04 20:39:01.821 I/hakuX-lane(16668): [occl804] f=8000 wait=1 procs=1 q=7 qnz=0 pend=0 rep=7 repnz=0 repmax=0 v=0,0,0,0,0,0,0
10-04 20:39:01.838 I/hakuX-lane(16668): [occl804] f=8003 wait=1 procs=1 q=5 qnz=0 pend=0 rep=5 repnz=0 repmax=0 v=0,0,0,0,0
10-04 20:39:01.855 I/hakuX-lane(16668): [occl804] f=8004 wait=1 procs=1 q=2 qnz=0 pend=0 rep=2 repnz=0 repmax=0 v=0,0
10-04 20:39:01.906 I/hakuX-lane(16668): [occl804] f=8005 wait=1 procs=1 q=5 qnz=0 pend=0 rep=5 repnz=0 repmax=0 v=0,0,0,0,0
10-04 20:39:01.955 I/hakuX-lane(16668): [occl804] f=8008 wait=1 procs=1 q=7 qnz=0 pend=0 rep=7 repnz=0 repmax=0 v=0,0,0,0,0,0,0
10-04 20:39:01.971 I/hakuX-lane(16668): [occl804] f=8011 wait=1 procs=1 q=5 qnz=0 pend=0 rep=5 repnz=0 repmax=0 v=0,0,0,0,0
10-04 20:39:01.988 I/hakuX-lane(16668): [occl804] f=8012 wait=1 procs=1 q=2 qnz=0 pend=0 rep=2 repnz=0 repmax=0 v=0,0
10-04 20:39:02.022 I/hakuX-lane(16668): [occl804] f=8013 wait=1 procs=1 q=5 qnz=0 pend=0 rep=5 repnz=0 repmax=0 v=0,0,0,0,0
10-04 20:39:02.038 I/hakuX-lane(16668): [occl804] f=8015 wait=1 procs=1 q=5 qnz=0 pend=0 rep=5 repnz=0 repmax=0 v=0,0,0,0,0
10-04 20:39:02.055 I/hakuX-lane(16668): [occl804] f=8016 wait=1 procs=1 q=2 qnz=0 pend=0 rep=2 repnz=0 repmax=0 v=0,0
10-04 20:39:02.089 I/hakuX-lane(16668): [occl804] f=8017 wait=1 procs=1 q=5 qnz=0 pend=0 rep=5 repnz=0 repmax=0 v=0,0,0,0,0
10-04 20:39:02.105 I/hakuX-lane(16668): [occl804] f=8019 wait=1 procs=1 q=5 qnz=0 pend=0 rep=5 repnz=0 repmax=0 v=0,0,0,0,0
10-04 20:39:02.138 I/hakuX-lane(16668): [occl804] f=8020 wait=1 procs=1 q=2 qnz=0 pend=0 rep=2 repnz=0 repmax=0 v=0,0
10-04 20:39:02.155 I/hakuX-lane(16668): [occl804] f=8022 wait=1 procs=1 q=5 qnz=0 pend=0 rep=5 repnz=0 repmax=0 v=0,0,0,0,0
10-04 20:39:02.172 I/hakuX-lane(16668): [occl804] f=8023 wait=1 procs=1 q=2 qnz=0 pend=0 rep=2 repnz=0 repmax=0 v=0,0
10-04 20:39:02.205 I/hakuX-lane(16668): [occl804] f=8024 wait=1 procs=1 q=5 qnz=0 pend=0 rep=5 repnz=0 repmax=0 v=0,0,0,0,0
10-04 20:39:02.239 I/hakuX-lane(16668): [occl804] f=8026 wait=1 procs=1 q=7 qnz=0 pend=0 rep=7 repnz=0 repmax=0 v=0,0,0,0,0,0,0
10-04 20:39:02.255 I/hakuX-lane(16668): [occl804] f=8028 wait=1 procs=1 q=5 qnz=0 pend=0 rep=5 repnz=0 repmax=0 v=0,0,0,0,0
10-04 20:39:02.271 I/hakuX-lane(16668): [occl804] f=8029 wait=1 procs=1 q=2 qnz=0 pend=0 rep=2 repnz=0 repmax=0 v=0,0
10-04 20:39:02.305 I/hakuX-lane(16668): [occl804] f=8030 wait=1 procs=1 q=5 qnz=0 pend=0 rep=5 repnz=0 repmax=0 v=0,0,0,0,0
10-04 20:39:02.321 I/hakuX-lane(16668): [occl804] f=8032 wait=1 procs=1 q=5 qnz=0 pend=0 rep=5 repnz=0 repmax=0 v=0,0,0,0,0
10-04 20:39:02.355 I/hakuX-lane(16668): [occl804] f=8033 wait=1 procs=1 q=2 qnz=0 pend=0 rep=2 repnz=0 repmax=0 v=0,0
10-04 20:39:02.371 I/hakuX-lane(16668): [occl804] f=8035 wait=1 procs=1 q=5 qnz=0 pend=0 rep=5 repnz=0 repmax=0 v=0,0,0,0,0
10-04 20:39:02.389 I/hakuX-lane(16668): [occl804] f=8036 wait=1 procs=1 q=2 qnz=0 pend=0 rep=2 repnz=0 repmax=0 v=0,0
10-04 20:39:02.422 I/hakuX-lane(16668): [occl804] f=8037 wait=1 procs=1 q=5 qnz=0 pend=0 rep=5 repnz=0 repmax=0 v=0,0,0,0,0
10-04 20:39:02.442 I/hakuX-lane(16668): [occl804] f=8039 wait=1 procs=1 q=7 qnz=0 pend=0 rep=7 repnz=0 repmax=0 v=0,0,0,0,0,0,0
10-04 20:39:02.456 I/hakuX-lane(16668): [occl804] f=8040 wait=1 procs=1 q=5 qnz=0 pend=0 rep=5 repnz=0 repmax=0 v=0,0,0,0,0
10-04 20:39:02.474 I/hakuX-lane(16668): [occl804] f=8041 wait=1 procs=1 q=5 qnz=0 pend=0 rep=5 repnz=0 repmax=0 v=0,0,0,0,0
10-04 20:39:02.492 I/hakuX-lane(16668): [occl804] f=8042 wait=1 procs=1 q=7 qnz=0 pend=0 rep=7 repnz=0 repmax=0 v=0,0,0,0,0,0,0
10-04 20:39:02.508 I/hakuX-lane(16668): [occl804] f=8043 wait=1 procs=1 q=5 qnz=0 pend=0 rep=5 repnz=0 repmax=0 v=0,0,0,0,0
10-04 20:39:02.524 I/hakuX-lane(16668): [occl804] f=8044 wait=1 procs=1 q=5 qnz=0 pend=0 rep=5 repnz=0 repmax=0 v=0,0,0,0,0
10-04 20:39:02.541 I/hakuX-lane(16668): [occl804] f=8045 wait=1 procs=1 q=7 qnz=0 pend=0 rep=7 repnz=0 repmax=0 v=0,0,0,0,0,0,0
10-04 20:39:02.557 I/hakuX-lane(16668): [occl804] f=8046 wait=1 procs=1 q=5 qnz=0 pend=0 rep=5 repnz=0 repmax=0 v=0,0,0,0,0
10-04 20:39:02.579 I/hakuX-lane(16668): [occl804] f=8047 wait=1 procs=1 q=7 qnz=0 pend=0 rep=7 repnz=0 repmax=0 v=0,0,0,0,0,0,0
10-04 20:39:02.591 I/hakuX-lane(16668): [occl804] f=8048 wait=1 procs=1 q=5 qnz=0 pend=0 rep=5 repnz=0 repmax=0 v=0,0,0,0,0
10-04 20:39:02.607 I/hakuX-lane(16668): [occl804] f=8049 wait=1 procs=1 q=5 qnz=0 pend=0 rep=5 repnz=0 repmax=0 v=0,0,0,0,0
10-04 20:39:02.625 I/hakuX-lane(16668): [occl804] f=8050 wait=1 procs=1 q=7 qnz=0 pend=0 rep=7 repnz=0 repmax=0 v=0,0,0,0,0,0,0
10-04 20:39:02.641 I/hakuX-lane(16668): [occl804] f=8051 wait=1 procs=1 q=5 qnz=0 pend=0 rep=5 repnz=0 repmax=0 v=0,0,0,0,0
10-04 20:39:02.674 I/hakuX-lane(16668): [occl804] f=8052 wait=1 procs=1 q=7 qnz=0 pend=0 rep=7 repnz=0 repmax=0 v=0,0,0,0,0,0,0
10-04 20:39:02.708 I/hakuX-lane(16668): [occl804] f=8054 wait=1 procs=1 q=7 qnz=0 pend=0 rep=7 repnz=0 repmax=0 v=0,0,0,0,0,0,0
10-04 20:39:02.724 I/hakuX-lane(16668): [occl804] f=8056 wait=1 procs=1 q=5 qnz=0 pend=0 rep=5 repnz=0 repmax=0 v=0,0,0,0,0
10-04 20:39:02.741 I/hakuX-lane(16668): [occl804] f=8057 wait=1 procs=1 q=2 qnz=0 pend=0 rep=2 repnz=0 repmax=0 v=0,0
10-04 20:39:02.757 I/hakuX-lane(16668): [occl804] f=8058 wait=1 procs=1 q=5 qnz=0 pend=0 rep=5 repnz=0 repmax=0 v=0,0,0,0,0
10-04 20:39:02.775 I/hakuX-lane(16668): [occl804] f=8059 wait=1 procs=1 q=2 qnz=0 pend=0 rep=2 repnz=0 repmax=0 v=0,0
10-04 20:39:02.791 I/hakuX-lane(16668): [occl804] f=8060 wait=1 procs=1 q=5 qnz=0 pend=0 rep=5 repnz=0 repmax=0 v=0,0,0,0,0
10-04 20:39:02.808 I/hakuX-lane(16668): [occl804] f=8061 wait=1 procs=1 q=5 qnz=0 pend=0 rep=5 repnz=0 repmax=0 v=0,0,0,0,0
10-04 20:39:02.824 I/hakuX-lane(16668): [occl804] f=8062 wait=1 procs=1 q=7 qnz=0 pend=0 rep=7 repnz=0 repmax=0 v=0,0,0,0,0,0,0
10-04 20:39:02.842 I/hakuX-lane(16668): [occl804] f=8063 wait=1 procs=1 q=5 qnz=0 pend=0 rep=5 repnz=0 repmax=0 v=0,0,0,0,0
10-04 20:39:02.858 I/hakuX-lane(16668): [occl804] f=8064 wait=1 procs=1 q=7 qnz=0 pend=0 rep=7 repnz=0 repmax=0 v=0,0,0,0,0,0,0
10-04 20:39:02.875 I/hakuX-lane(16668): [occl804] f=8065 wait=1 procs=1 q=5 qnz=0 pend=0 rep=5 repnz=0 repmax=0 v=0,0,0,0,0
10-04 20:39:02.892 I/hakuX-lane(16668): [occl804] f=8066 wait=1 procs=1 q=2 qnz=0 pend=0 rep=2 repnz=0 repmax=0 v=0,0
10-04 20:39:02.924 I/hakuX-lane(16668): [occl804] f=8067 wait=1 procs=1 q=5 qnz=0 pend=0 rep=5 repnz=0 repmax=0 v=0,0,0,0,0
10-04 20:39:02.958 I/hakuX-lane(16668): [occl804] f=8069 wait=1 procs=1 q=7 qnz=0 pend=0 rep=7 repnz=0 repmax=0 v=0,0,0,0,0,0,0
10-04 20:39:02.975 I/hakuX-lane(16668): [occl804] f=8071 wait=1 procs=1 q=5 qnz=0 pend=0 rep=5 repnz=0 repmax=0 v=0,0,0,0,0
10-04 20:39:03.008 I/hakuX-lane(16668): [occl804] f=8072 wait=1 procs=2 q=7 qnz=0 pend=0 rep=7 repnz=0 repmax=0 v=0,0,0,0,0,0,0
10-04 20:39:03.041 I/hakuX-lane(16668): [occl804] f=8074 wait=1 procs=2 q=12 qnz=0 pend=0 rep=12 repnz=0 repmax=0 v=0,0,0,0,0,0,0,0,0,0,0,0
10-04 20:39:03.061 I/hakuX-lane(16668): [occl804] f=8076 wait=1 procs=1 q=7 qnz=0 pend=0 rep=7 repnz=0 repmax=0 v=0,0,0,0,0,0,0
10-04 20:39:03.079 I/hakuX-lane(16668): [occl804] f=8077 wait=1 procs=2 q=10 qnz=0 pend=0 rep=10 repnz=0 repmax=0 v=0,0,0,0,0,0,0,0,0,0
10-04 20:39:03.097 I/hakuX-lane(16668): [occl804] f=8078 wait=1 procs=1 q=2 qnz=0 pend=0 rep=2 repnz=0 repmax=0 v=0,0
10-04 20:39:03.115 I/hakuX-lane(16668): [occl804] f=8079 wait=1 procs=1 q=5 qnz=0 pend=0 rep=5 repnz=0 repmax=0 v=0,0,0,0,0
10-04 20:39:03.142 I/hakuX-lane(16668): [occl804] f=8080 wait=1 procs=2 q=12 qnz=0 pend=0 rep=12 repnz=0 repmax=0 v=0,0,0,0,0,0,0,0,0,0,0,0
10-04 20:39:03.174 I/hakuX-lane(16668): [occl804] f=8082 wait=1 procs=2 q=12 qnz=0 pend=0 rep=12 repnz=0 repmax=0 v=0,0,0,0,0,0,0,0,0,0,0,0
10-04 20:39:03.192 I/hakuX-lane(16668): [occl804] f=8084 wait=1 procs=1 q=7 qnz=0 pend=0 rep=7 repnz=0 repmax=0 v=0,0,0,0,0,0,0
10-04 20:39:03.212 I/hakuX-lane(16668): [occl804] f=8085 wait=1 procs=2 q=10 qnz=0 pend=0 rep=10 repnz=0 repmax=0 v=0,0,0,0,0,0,0,0,0,0
10-04 20:39:03.227 I/hakuX-lane(16668): [occl804] f=8086 wait=1 procs=1 q=2 qnz=0 pend=0 rep=2 repnz=0 repmax=0 v=0,0
10-04 20:39:03.246 I/hakuX-lane(16668): [occl804] f=8087 wait=1 procs=2 q=10 qnz=0 pend=0 rep=10 repnz=0 repmax=0 v=0,0,0,0,0,0,0,0,0,0
10-04 20:39:03.258 I/hakuX-lane(16668): [occl804] f=8088 wait=1 procs=1 q=2 qnz=0 pend=0 rep=2 repnz=0 repmax=0 v=0,0
10-04 20:39:03.284 I/hakuX-lane(16668): [occl804] f=8089 wait=1 procs=2 q=10 qnz=0 pend=0 rep=10 repnz=0 repmax=0 v=0,0,0,0,0,0,0,0,0,0
10-04 20:39:03.309 I/hakuX-lane(16668): [occl804] f=8090 wait=1 procs=2 q=7 qnz=0 pend=0 rep=7 repnz=0 repmax=0 v=0,0,0,0,0,0,0
10-04 20:39:03.314 I/hakuX-lane(16668): [occl804] f=8091 wait=1 procs=1 q=5 qnz=0 pend=0 rep=5 repnz=0 repmax=0 v=0,0,0,0,0
10-04 20:39:03.345 I/hakuX-lane(16668): [occl804] f=8092 wait=1 procs=2 q=7 qnz=0 pend=0 rep=7 repnz=0 repmax=0 v=0,0,0,0,0,0,0
10-04 20:39:03.351 I/hakuX-lane(16668): [occl804] f=8093 wait=1 procs=1 q=5 qnz=0 pend=0 rep=5 repnz=0 repmax=0 v=0,0,0,0,0
10-04 20:39:03.373 I/hakuX-lane(16668): [occl804] f=8094 wait=1 procs=2 q=7 qnz=0 pend=0 rep=7 repnz=0 repmax=0 v=0,0,0,0,0,0,0
10-04 20:39:03.378 I/hakuX-lane(16668): [occl804] f=8095 wait=1 procs=1 q=5 qnz=0 pend=0 rep=5 repnz=0 repmax=0 v=0,0,0,0,0
10-04 20:39:03.392 I/hakuX-lane(16668): [occl804] f=8096 wait=1 procs=1 q=2 qnz=0 pend=0 rep=2 repnz=0 repmax=0 v=0,0
10-04 20:39:03.408 I/hakuX-lane(16668): [occl804] f=8097 wait=1 procs=1 q=5 qnz=0 pend=0 rep=5 repnz=0 repmax=0 v=0,0,0,0,0
10-04 20:39:03.425 I/hakuX-lane(16668): [occl804] f=8098 wait=1 procs=1 q=7 qnz=0 pend=0 rep=7 repnz=0 repmax=0 v=0,0,0,0,0,0,0
10-04 20:39:03.442 I/hakuX-lane(16668): [occl804] f=8099 wait=1 procs=1 q=5 qnz=0 pend=0 rep=5 repnz=0 repmax=0 v=0,0,0,0,0
10-04 20:39:03.458 I/hakuX-lane(16668): [occl804] f=8100 wait=1 procs=1 q=7 qnz=0 pend=0 rep=7 repnz=0 repmax=0 v=0,0,0,0,0,0,0
10-04 20:39:03.475 I/hakuX-lane(16668): [occl804] f=8101 wait=1 procs=1 q=5 qnz=0 pend=0 rep=5 repnz=0 repmax=0 v=0,0,0,0,0
10-04 20:39:03.492 I/hakuX-lane(16668): [occl804] f=8102 wait=1 procs=1 q=7 qnz=0 pend=0 rep=7 repnz=0 repmax=0 v=0,0,0,0,0,0,0
10-04 20:39:03.508 I/hakuX-lane(16668): [occl804] f=8103 wait=1 procs=1 q=5 qnz=0 pend=0 rep=5 repnz=0 repmax=0 v=0,0,0,0,0
10-04 20:39:03.525 I/hakuX-lane(16668): [occl804] f=8104 wait=1 procs=1 q=7 qnz=0 pend=0 rep=7 repnz=0 repmax=0 v=0,0,0,0,0,0,0
10-04 20:39:03.542 I/hakuX-lane(16668): [occl804] f=8105 wait=1 procs=1 q=5 qnz=0 pend=0 rep=5 repnz=0 repmax=0 v=0,0,0,0,0
10-04 20:39:03.558 I/hakuX-lane(16668): [occl804] f=8106 wait=1 procs=1 q=7 qnz=0 pend=0 rep=7 repnz=0 repmax=0 v=0,0,0,0,0,0,0
10-04 20:39:03.575 I/hakuX-lane(16668): [occl804] f=8107 wait=1 procs=1 q=5 qnz=0 pend=0 rep=5 repnz=0 repmax=0 v=0,0,0,0,0
10-04 20:39:03.592 I/hakuX-lane(16668): [occl804] f=8108 wait=1 procs=1 q=7 qnz=0 pend=0 rep=7 repnz=0 repmax=0 v=0,0,0,0,0,0,0
10-04 20:39:03.608 I/hakuX-lane(16668): [occl804] f=8109 wait=1 procs=1 q=5 qnz=0 pend=0 rep=5 repnz=0 repmax=0 v=0,0,0,0,0
10-04 20:39:03.626 I/hakuX-lane(16668): [occl804] f=8110 wait=1 procs=1 q=7 qnz=0 pend=0 rep=7 repnz=0 repmax=0 v=0,0,0,0,0,0,0
10-04 20:39:03.642 I/hakuX-lane(16668): [occl804] f=8111 wait=1 procs=1 q=5 qnz=0 pend=0 rep=5 repnz=0 repmax=0 v=0,0,0,0,0
10-04 20:39:03.659 I/hakuX-lane(16668): [occl804] f=8112 wait=1 procs=1 q=2 qnz=0 pend=0 rep=2 repnz=0 repmax=0 v=0,0
10-04 20:39:03.675 I/hakuX-lane(16668): [occl804] f=8113 wait=1 procs=1 q=5 qnz=0 pend=0 rep=5 repnz=0 repmax=0 v=0,0,0,0,0
10-04 20:39:03.692 I/hakuX-lane(16668): [occl804] f=8114 wait=1 procs=1 q=7 qnz=0 pend=0 rep=7 repnz=0 repmax=0 v=0,0,0,0,0,0,0
10-04 20:39:03.709 I/hakuX-lane(16668): [occl804] f=8115 wait=1 procs=1 q=5 qnz=0 pend=0 rep=5 repnz=0 repmax=0 v=0,0,0,0,0
10-04 20:39:03.742 I/hakuX-lane(16668): [occl804] f=8116 wait=1 procs=2 q=12 qnz=0 pend=0 rep=12 repnz=0 repmax=0 v=0,0,0,0,0,0,0,0,0,0,0,0
10-04 20:39:03.774 I/hakuX-lane(16668): [occl804] f=8118 wait=1 procs=2 q=12 qnz=0 pend=0 rep=12 repnz=0 repmax=0 v=0,0,0,0,0,0,0,0,0,0,0,0
10-04 20:39:03.779 I/hakuX-lane(16668): [occl804] f=8119 wait=1 procs=1 q=5 qnz=0 pend=0 rep=5 repnz=0 repmax=0 v=0,0,0,0,0
10-04 20:39:03.799 I/hakuX-lane(16668): [occl804] f=8120 wait=1 procs=1 q=2 qnz=0 pend=0 rep=2 repnz=0 repmax=0 v=0,0
10-04 20:39:03.813 I/hakuX-lane(16668): [occl804] f=8121 wait=1 procs=2 q=10 qnz=0 pend=0 rep=10 repnz=0 repmax=0 v=0,0,0,0,0,0,0,0,0,0
10-04 20:39:03.843 I/hakuX-lane(16668): [occl804] f=8122 wait=1 procs=2 q=7 qnz=0 pend=0 rep=7 repnz=0 repmax=0 v=0,0,0,0,0,0,0
10-04 20:39:03.876 I/hakuX-lane(16668): [occl804] f=8124 wait=1 procs=2 q=12 qnz=0 pend=0 rep=12 repnz=0 repmax=0 v=0,0,0,0,0,0,0,0,0,0,0,0
10-04 20:39:03.880 I/hakuX-lane(16668): [occl804] f=8125 wait=1 procs=1 q=5 qnz=0 pend=0 rep=5 repnz=0 repmax=0 v=0,0,0,0,0
10-04 20:39:03.907 I/hakuX-lane(16668): [occl804] f=8126 wait=1 procs=2 q=7 qnz=0 pend=0 rep=7 repnz=0 repmax=0 v=0,0,0,0,0,0,0
10-04 20:39:03.913 I/hakuX-lane(16668): [occl804] f=8127 wait=1 procs=1 q=5 qnz=0 pend=0 rep=5 repnz=0 repmax=0 v=0,0,0,0,0
10-04 20:39:03.946 I/hakuX-lane(16668): [occl804] f=8128 wait=1 procs=2 q=7 qnz=0 pend=0 rep=7 repnz=0 repmax=0 v=0,0,0,0,0,0,0
10-04 20:39:03.950 I/hakuX-lane(16668): [occl804] f=8129 wait=1 procs=1 q=5 qnz=0 pend=0 rep=5 repnz=0 repmax=0 v=0,0,0,0,0
10-04 20:39:03.976 I/hakuX-lane(16668): [occl804] f=8130 wait=1 procs=2 q=7 qnz=0 pend=0 rep=7 repnz=0 repmax=0 v=0,0,0,0,0,0,0
10-04 20:39:03.979 I/hakuX-lane(16668): [occl804] f=8131 wait=1 procs=1 q=5 qnz=0 pend=0 rep=5 repnz=0 repmax=0 v=0,0,0,0,0
10-04 20:39:03.994 I/hakuX-lane(16668): [occl804] f=8132 wait=1 procs=1 q=2 qnz=0 pend=0 rep=2 repnz=0 repmax=0 v=0,0
10-04 20:39:04.011 I/hakuX-lane(16668): [occl804] f=8133 wait=1 procs=2 q=10 qnz=0 pend=0 rep=10 repnz=0 repmax=0 v=0,0,0,0,0,0,0,0,0,0
10-04 20:39:04.025 I/hakuX-lane(16668): [occl804] f=8134 wait=1 procs=1 q=2 qnz=0 pend=0 rep=2 repnz=0 repmax=0 v=0,0
10-04 20:39:04.042 I/hakuX-lane(16668): [occl804] f=8135 wait=1 procs=1 q=5 qnz=0 pend=0 rep=5 repnz=0 repmax=0 v=0,0,0,0,0
10-04 20:39:04.059 I/hakuX-lane(16668): [occl804] f=8136 wait=1 procs=1 q=7 qnz=0 pend=0 rep=7 repnz=0 repmax=0 v=0,0,0,0,0,0,0
10-04 20:39:04.076 I/hakuX-lane(16668): [occl804] f=8137 wait=1 procs=1 q=5 qnz=0 pend=0 rep=5 repnz=0 repmax=0 v=0,0,0,0,0
10-04 20:39:04.093 I/hakuX-lane(16668): [occl804] f=8138 wait=1 procs=1 q=7 qnz=0 pend=0 rep=7 repnz=0 repmax=0 v=0,0,0,0,0,0,0
10-04 20:39:04.111 I/hakuX-lane(16668): [occl804] f=8139 wait=1 procs=2 q=10 qnz=0 pend=0 rep=10 repnz=0 repmax=0 v=0,0,0,0,0,0,0,0,0,0
10-04 20:39:04.126 I/hakuX-lane(16668): [occl804] f=8140 wait=1 procs=1 q=2 qnz=0 pend=0 rep=2 repnz=0 repmax=0 v=0,0
10-04 20:39:04.148 I/hakuX-lane(16668): [occl804] f=8141 wait=1 procs=1 q=5 qnz=0 pend=0 rep=5 repnz=0 repmax=0 v=0,0,0,0,0
10-04 20:39:04.176 I/hakuX-lane(16668): [occl804] f=8142 wait=1 procs=2 q=12 qnz=0 pend=0 rep=12 repnz=0 repmax=0 v=0,0,0,0,0,0,0,0,0,0,0,0
10-04 20:39:04.193 I/hakuX-lane(16668): [occl804] f=8144 wait=1 procs=1 q=7 qnz=0 pend=0 rep=7 repnz=0 repmax=0 v=0,0,0,0,0,0,0
10-04 20:39:04.212 I/hakuX-lane(16668): [occl804] f=8145 wait=1 procs=2 q=10 qnz=0 pend=0 rep=10 repnz=0 repmax=0 v=0,0,0,0,0,0,0,0,0,0
10-04 20:39:04.243 I/hakuX-lane(16668): [occl804] f=8146 wait=1 procs=2 q=7 qnz=0 pend=0 rep=7 repnz=0 repmax=0 v=0,0,0,0,0,0,0
10-04 20:39:04.277 I/hakuX-lane(16668): [occl804] f=8148 wait=1 procs=2 q=12 qnz=0 pend=0 rep=12 repnz=0 repmax=0 v=0,0,0,0,0,0,0,0,0,0,0,0
10-04 20:39:04.281 I/hakuX-lane(16668): [occl804] f=8149 wait=1 procs=1 q=5 qnz=0 pend=0 rep=5 repnz=0 repmax=0 v=0,0,0,0,0
10-04 20:39:04.315 I/hakuX-lane(16668): [occl804] f=8150 wait=1 procs=2 q=7 qnz=0 pend=0 rep=7 repnz=0 repmax=0 v=0,0,0,0,0,0,0
10-04 20:39:04.343 I/hakuX-lane(16668): [occl804] f=8152 wait=1 procs=2 q=12 qnz=0 pend=0 rep=12 repnz=0 repmax=0 v=0,0,0,0,0,0,0,0,0,0,0,0
10-04 20:39:04.347 I/hakuX-lane(16668): [occl804] f=8153 wait=1 procs=1 q=5 qnz=0 pend=0 rep=5 repnz=0 repmax=0 v=0,0,0,0,0
10-04 20:39:04.374 I/hakuX-lane(16668): [occl804] f=8154 wait=1 procs=2 q=7 qnz=0 pend=0 rep=7 repnz=0 repmax=0 v=0,0,0,0,0,0,0
10-04 20:39:04.378 I/hakuX-lane(16668): [occl804] f=8155 wait=1 procs=1 q=5 qnz=0 pend=0 rep=5 repnz=0 repmax=0 v=0,0,0,0,0
10-04 20:39:04.408 I/hakuX-lane(16668): [occl804] f=8156 wait=1 procs=2 q=7 qnz=0 pend=0 rep=7 repnz=0 repmax=0 v=0,0,0,0,0,0,0
10-04 20:39:04.412 I/hakuX-lane(16668): [occl804] f=8157 wait=1 procs=1 q=5 qnz=0 pend=0 rep=5 repnz=0 repmax=0 v=0,0,0,0,0
10-04 20:39:04.426 I/hakuX-lane(16668): [occl804] f=8158 wait=1 procs=1 q=2 qnz=0 pend=0 rep=2 repnz=0 repmax=0 v=0,0
10-04 20:39:04.446 I/hakuX-lane(16668): [occl804] f=8159 wait=1 procs=1 q=5 qnz=0 pend=0 rep=5 repnz=0 repmax=0 v=0,0,0,0,0
10-04 20:39:04.475 I/hakuX-lane(16668): [occl804] f=8160 wait=1 procs=2 q=12 qnz=0 pend=0 rep=12 repnz=0 repmax=0 v=0,0,0,0,0,0,0,0,0,0,0,0
10-04 20:39:04.478 I/hakuX-lane(16668): [occl804] f=8161 wait=1 procs=1 q=5 qnz=0 pend=0 rep=5 repnz=0 repmax=0 v=0,0,0,0,0
10-04 20:39:04.509 I/hakuX-lane(16668): [occl804] f=8162 wait=1 procs=2 q=7 qnz=0 pend=0 rep=7 repnz=0 repmax=0 v=0,0,0,0,0,0,0
10-04 20:39:04.514 I/hakuX-lane(16668): [occl804] f=8163 wait=1 procs=1 q=5 qnz=0 pend=0 rep=5 repnz=0 repmax=0 v=0,0,0,0,0
10-04 20:39:04.541 I/hakuX-lane(16668): [occl804] f=8164 wait=1 procs=2 q=7 qnz=0 pend=0 rep=7 repnz=0 repmax=0 v=0,0,0,0,0,0,0
10-04 20:39:04.546 I/hakuX-lane(16668): [occl804] f=8165 wait=1 procs=1 q=5 qnz=0 pend=0 rep=5 repnz=0 repmax=0 v=0,0,0,0,0
10-04 20:39:04.575 I/hakuX-lane(16668): [occl804] f=8166 wait=1 procs=2 q=7 qnz=0 pend=0 rep=7 repnz=0 repmax=0 v=0,0,0,0,0,0,0
10-04 20:39:04.580 I/hakuX-lane(16668): [occl804] f=8167 wait=1 procs=1 q=5 qnz=0 pend=0 rep=5 repnz=0 repmax=0 v=0,0,0,0,0
10-04 20:39:04.609 I/hakuX-lane(16668): [occl804] f=8168 wait=1 procs=2 q=7 qnz=0 pend=0 rep=7 repnz=0 repmax=0 v=0,0,0,0,0,0,0
10-04 20:39:04.626 I/hakuX-lane(16668): [occl804] f=8170 wait=1 procs=1 q=7 qnz=0 pend=0 rep=7 repnz=0 repmax=0 v=0,0,0,0,0,0,0
10-04 20:39:04.645 I/hakuX-lane(16668): [occl804] f=8171 wait=1 procs=1 q=5 qnz=0 pend=0 rep=5 repnz=0 repmax=0 v=0,0,0,0,0
10-04 20:39:04.678 I/hakuX-lane(16668): [occl804] f=8172 wait=1 procs=2 q=12 qnz=0 pend=0 rep=12 repnz=0 repmax=0 v=0,0,0,0,0,0,0,0,0,0,0,0
10-04 20:39:04.683 I/hakuX-lane(16668): [occl804] f=8173 wait=1 procs=1 q=5 qnz=0 pend=0 rep=5 repnz=0 repmax=0 v=0,0,0,0,0
10-04 20:39:04.708 I/hakuX-lane(16668): [occl804] f=8174 wait=1 procs=2 q=7 qnz=0 pend=0 rep=7 repnz=0 repmax=0 v=0,0,0,0,0,0,0
10-04 20:39:04.714 I/hakuX-lane(16668): [occl804] f=8175 wait=1 procs=1 q=5 qnz=0 pend=0 rep=5 repnz=0 repmax=0 v=0,0,0,0,0
10-04 20:39:04.736 I/hakuX-lane(16668): [occl804] f=8176 wait=1 procs=1 q=2 qnz=0 pend=0 rep=2 repnz=0 repmax=0 v=0,0
10-04 20:39:04.747 I/hakuX-lane(16668): [occl804] f=8177 wait=1 procs=2 q=10 qnz=0 pend=0 rep=10 repnz=0 repmax=0 v=0,0,0,0,0,0,0,0,0,0
10-04 20:39:04.761 I/hakuX-lane(16668): [occl804] f=8178 wait=1 procs=1 q=2 qnz=0 pend=0 rep=2 repnz=0 repmax=0 v=0,0
10-04 20:39:04.778 I/hakuX-lane(16668): [occl804] f=8179 wait=1 procs=2 q=10 qnz=0 pend=0 rep=10 repnz=0 repmax=0 v=0,0,0,0,0,0,0,0,0,0
10-04 20:39:04.793 I/hakuX-lane(16668): [occl804] f=8180 wait=1 procs=1 q=2 qnz=0 pend=0 rep=2 repnz=0 repmax=0 v=0,0
10-04 20:39:04.809 I/hakuX-lane(16668): [occl804] f=8181 wait=1 procs=1 q=5 qnz=0 pend=0 rep=5 repnz=0 repmax=0 v=0,0,0,0,0
10-04 20:39:04.826 I/hakuX-lane(16668): [occl804] f=8182 wait=1 procs=1 q=7 qnz=0 pend=0 rep=7 repnz=0 repmax=0 v=0,0,0,0,0,0,0
10-04 20:39:04.843 I/hakuX-lane(16668): [occl804] f=8183 wait=1 procs=1 q=5 qnz=0 pend=0 rep=5 repnz=0 repmax=0 v=0,0,0,0,0
10-04 20:39:04.860 I/hakuX-lane(16668): [occl804] f=8184 wait=1 procs=1 q=7 qnz=0 pend=0 rep=7 repnz=0 repmax=0 v=0,0,0,0,0,0,0
10-04 20:39:04.876 I/hakuX-lane(16668): [occl804] f=8185 wait=1 procs=1 q=5 qnz=0 pend=0 rep=5 repnz=0 repmax=0 v=0,0,0,0,0
10-04 20:39:04.911 I/hakuX-lane(16668): [occl804] f=8186 wait=1 procs=2 q=12 qnz=0 pend=0 rep=12 repnz=0 repmax=0 v=0,0,0,0,0,0,0,0,0,0,0,0
10-04 20:39:04.916 I/hakuX-lane(16668): [occl804] f=8187 wait=1 procs=1 q=5 qnz=0 pend=0 rep=5 repnz=0 repmax=0 v=0,0,0,0,0
10-04 20:39:04.929 I/hakuX-lane(16668): [occl804] f=8188 wait=1 procs=1 q=2 qnz=0 pend=0 rep=2 repnz=0 repmax=0 v=0,0
10-04 20:39:04.944 I/hakuX-lane(16668): [occl804] f=8189 wait=1 procs=1 q=5 qnz=0 pend=0 rep=5 repnz=0 repmax=0 v=0,0,0,0,0
10-04 20:39:04.975 I/hakuX-lane(16668): [occl804] f=8190 wait=1 procs=2 q=12 qnz=0 pend=0 rep=12 repnz=0 repmax=0 v=0,0,0,0,0,0,0,0,0,0,0,0
10-04 20:39:04.980 I/hakuX-lane(16668): [occl804] f=8191 wait=1 procs=1 q=5 qnz=0 pend=0 rep=5 repnz=0 repmax=0 v=0,0,0,0,0
10-04 20:39:05.010 I/hakuX-lane(16668): [occl804] f=8192 wait=1 procs=2 q=7 qnz=0 pend=0 rep=7 repnz=0 repmax=0 v=0,0,0,0,0,0,0
10-04 20:39:05.043 I/hakuX-lane(16668): [occl804] f=8194 wait=1 procs=2 q=12 qnz=0 pend=0 rep=12 repnz=0 repmax=0 v=0,0,0,0,0,0,0,0,0,0,0,0
10-04 20:39:05.047 I/hakuX-lane(16668): [occl804] f=8195 wait=1 procs=1 q=5 qnz=0 pend=0 rep=5 repnz=0 repmax=0 v=0,0,0,0,0
10-04 20:39:05.077 I/hakuX-lane(16668): [occl804] f=8196 wait=1 procs=2 q=7 qnz=0 pend=0 rep=7 repnz=0 repmax=0 v=0,0,0,0,0,0,0
10-04 20:39:05.081 I/hakuX-lane(16668): [occl804] f=8197 wait=1 procs=1 q=5 qnz=0 pend=0 rep=5 repnz=0 repmax=0 v=0,0,0,0,0
10-04 20:39:05.110 I/hakuX-lane(16668): [occl804] f=8198 wait=1 procs=2 q=7 qnz=0 pend=0 rep=7 repnz=0 repmax=0 v=0,0,0,0,0,0,0
10-04 20:39:05.114 I/hakuX-lane(16668): [occl804] f=8199 wait=1 procs=1 q=5 qnz=0 pend=0 rep=5 repnz=0 repmax=0 v=0,0,0,0,0
10-04 20:39:05.133 I/hakuX-lane(16668): [occl804] f=8200 wait=1 procs=1 q=2 qnz=0 pend=0 rep=2 repnz=0 repmax=0 v=0,0
10-04 20:39:05.150 I/hakuX-lane(16668): [occl804] f=8201 wait=1 procs=2 q=10 qnz=0 pend=0 rep=10 repnz=0 repmax=0 v=0,0,0,0,0,0,0,0,0,0
10-04 20:39:05.175 I/hakuX-lane(16668): [occl804] f=8202 wait=1 procs=2 q=7 qnz=0 pend=0 rep=7 repnz=0 repmax=0 v=0,0,0,0,0,0,0
10-04 20:39:05.179 I/hakuX-lane(16668): [occl804] f=8203 wait=1 procs=1 q=5 qnz=0 pend=0 rep=5 repnz=0 repmax=0 v=0,0,0,0,0
10-04 20:39:05.200 I/hakuX-lane(16668): [occl804] f=8204 wait=1 procs=1 q=2 qnz=0 pend=0 rep=2 repnz=0 repmax=0 v=0,0
10-04 20:39:05.213 I/hakuX-lane(16668): [occl804] f=8205 wait=1 procs=2 q=10 qnz=0 pend=0 rep=10 repnz=0 repmax=0 v=0,0,0,0,0,0,0,0,0,0
10-04 20:39:05.243 I/hakuX-lane(16668): [occl804] f=8206 wait=1 procs=2 q=7 qnz=0 pend=0 rep=7 repnz=0 repmax=0 v=0,0,0,0,0,0,0
10-04 20:39:05.247 I/hakuX-lane(16668): [occl804] f=8207 wait=1 procs=1 q=5 qnz=0 pend=0 rep=5 repnz=0 repmax=0 v=0,0,0,0,0
10-04 20:39:05.275 I/hakuX-lane(16668): [occl804] f=8208 wait=1 procs=2 q=7 qnz=0 pend=0 rep=7 repnz=0 repmax=0 v=0,0,0,0,0,0,0
10-04 20:39:05.279 I/hakuX-lane(16668): [occl804] f=8209 wait=1 procs=1 q=5 qnz=0 pend=0 rep=5 repnz=0 repmax=0 v=0,0,0,0,0
10-04 20:39:05.317 I/hakuX-lane(16668): [occl804] f=8210 wait=1 procs=2 q=7 qnz=0 pend=0 rep=7 repnz=0 repmax=0 v=0,0,0,0,0,0,0
10-04 20:39:05.343 I/hakuX-lane(16668): [occl804] f=8212 wait=1 procs=2 q=12 qnz=0 pend=0 rep=12 repnz=0 repmax=0 v=0,0,0,0,0,0,0,0,0,0,0,0
10-04 20:39:05.347 I/hakuX-lane(16668): [occl804] f=8213 wait=1 procs=1 q=5 qnz=0 pend=0 rep=5 repnz=0 repmax=0 v=0,0,0,0,0
10-04 20:39:05.375 I/hakuX-lane(16668): [occl804] f=8214 wait=1 procs=2 q=7 qnz=0 pend=0 rep=7 repnz=0 repmax=0 v=0,0,0,0,0,0,0
10-04 20:39:05.379 I/hakuX-lane(16668): [occl804] f=8215 wait=1 procs=1 q=5 qnz=0 pend=0 rep=5 repnz=0 repmax=0 v=0,0,0,0,0
10-04 20:39:05.394 I/hakuX-lane(16668): [occl804] f=8216 wait=1 procs=1 q=2 qnz=0 pend=0 rep=2 repnz=0 repmax=0 v=0,0
10-04 20:39:05.410 I/hakuX-lane(16668): [occl804] f=8217 wait=1 procs=1 q=5 qnz=0 pend=0 rep=5 repnz=0 repmax=0 v=0,0,0,0,0
10-04 20:39:05.427 I/hakuX-lane(16668): [occl804] f=8218 wait=1 procs=1 q=7 qnz=0 pend=0 rep=7 repnz=0 repmax=0 v=0,0,0,0,0,0,0
10-04 20:39:05.447 I/hakuX-lane(16668): [occl804] f=8219 wait=1 procs=2 q=10 qnz=0 pend=0 rep=10 repnz=0 repmax=0 v=0,0,0,0,0,0,0,0,0,0
10-04 20:39:05.478 I/hakuX-lane(16668): [occl804] f=8220 wait=1 procs=2 q=7 qnz=0 pend=0 rep=7 repnz=0 repmax=0 v=0,0,0,0,0,0,0
10-04 20:39:05.482 I/hakuX-lane(16668): [occl804] f=8221 wait=1 procs=1 q=5 qnz=0 pend=0 rep=5 repnz=0 repmax=0 v=0,0,0,0,0
10-04 20:39:05.495 I/hakuX-lane(16668): [occl804] f=8222 wait=1 procs=1 q=2 qnz=0 pend=0 rep=2 repnz=0 repmax=0 v=0,0
10-04 20:39:05.512 I/hakuX-lane(16668): [occl804] f=8223 wait=1 procs=2 q=10 qnz=0 pend=0 rep=10 repnz=0 repmax=0 v=0,0,0,0,0,0,0,0,0,0
10-04 20:39:05.527 I/hakuX-lane(16668): [occl804] f=8224 wait=1 procs=1 q=2 qnz=0 pend=0 rep=2 repnz=0 repmax=0 v=0,0
10-04 20:39:05.544 I/hakuX-lane(16668): [occl804] f=8225 wait=1 procs=1 q=5 qnz=0 pend=0 rep=5 repnz=0 repmax=0 v=0,0,0,0,0
10-04 20:39:05.560 I/hakuX-lane(16668): [occl804] f=8226 wait=1 procs=1 q=7 qnz=0 pend=0 rep=7 repnz=0 repmax=0 v=0,0,0,0,0,0,0
10-04 20:39:05.578 I/hakuX-lane(16668): [occl804] f=8227 wait=1 procs=1 q=5 qnz=0 pend=0 rep=5 repnz=0 repmax=0 v=0,0,0,0,0
10-04 20:39:05.594 I/hakuX-lane(16668): [occl804] f=8228 wait=1 procs=1 q=7 qnz=0 pend=0 rep=7 repnz=0 repmax=0 v=0,0,0,0,0,0,0
10-04 20:39:05.610 I/hakuX-lane(16668): [occl804] f=8229 wait=1 procs=1 q=5 qnz=0 pend=0 rep=5 repnz=0 repmax=0 v=0,0,0,0,0
10-04 20:39:05.627 I/hakuX-lane(16668): [occl804] f=8230 wait=1 procs=1 q=7 qnz=0 pend=0 rep=7 repnz=0 repmax=0 v=0,0,0,0,0,0,0
10-04 20:39:05.644 I/hakuX-lane(16668): [occl804] f=8231 wait=1 procs=1 q=5 qnz=0 pend=0 rep=5 repnz=0 repmax=0 v=0,0,0,0,0
10-04 20:39:05.660 I/hakuX-lane(16668): [occl804] f=8232 wait=1 procs=1 q=7 qnz=0 pend=0 rep=7 repnz=0 repmax=0 v=0,0,0,0,0,0,0
10-04 20:39:05.677 I/hakuX-lane(16668): [occl804] f=8233 wait=1 procs=1 q=5 qnz=0 pend=0 rep=5 repnz=0 repmax=0 v=0,0,0,0,0
10-04 20:39:05.710 I/hakuX-lane(16668): [occl804] f=8234 wait=1 procs=1 q=7 qnz=0 pend=0 rep=7 repnz=0 repmax=0 v=0,0,0,0,0,0,0
10-04 20:39:05.729 I/hakuX-lane(16668): [occl804] f=8236 wait=1 procs=1 q=5 qnz=0 pend=0 rep=5 repnz=0 repmax=0 v=0,0,0,0,0
10-04 20:39:05.761 I/hakuX-lane(16668): [occl804] f=8237 wait=1 procs=1 q=7 qnz=0 pend=0 rep=7 repnz=0 repmax=0 v=0,0,0,0,0,0,0
10-04 20:39:05.777 I/hakuX-lane(16668): [occl804] f=8239 wait=1 procs=1 q=5 qnz=0 pend=0 rep=5 repnz=0 repmax=0 v=0,0,0,0,0
10-04 20:39:05.794 I/hakuX-lane(16668): [occl804] f=8240 wait=1 procs=1 q=2 qnz=0 pend=0 rep=2 repnz=0 repmax=0 v=0,0
10-04 20:39:05.827 I/hakuX-lane(16668): [occl804] f=8241 wait=1 procs=1 q=5 qnz=0 pend=0 rep=5 repnz=0 repmax=0 v=0,0,0,0,0
10-04 20:39:05.866 I/hakuX-lane(16668): [occl804] f=8243 wait=1 procs=1 q=7 qnz=0 pend=0 rep=7 repnz=0 repmax=0 v=0,0,0,0,0,0,0
10-04 20:39:05.878 I/hakuX-lane(16668): [occl804] f=8244 wait=1 procs=1 q=5 qnz=0 pend=0 rep=5 repnz=0 repmax=0 v=0,0,0,0,0
10-04 20:39:05.895 I/hakuX-lane(16668): [occl804] f=8246 wait=1 procs=1 q=2 qnz=0 pend=0 rep=2 repnz=0 repmax=0 v=0,0
10-04 20:39:05.911 I/hakuX-lane(16668): [occl804] f=8247 wait=1 procs=1 q=5 qnz=0 pend=0 rep=5 repnz=0 repmax=0 v=0,0,0,0,0
10-04 20:39:05.929 I/hakuX-lane(16668): [occl804] f=8248 wait=1 procs=1 q=2 qnz=0 pend=0 rep=2 repnz=0 repmax=0 v=0,0
10-04 20:39:05.945 I/hakuX-lane(16668): [occl804] f=8249 wait=1 procs=1 q=5 qnz=0 pend=0 rep=5 repnz=0 repmax=0 v=0,0,0,0,0
10-04 20:39:05.961 I/hakuX-lane(16668): [occl804] f=8250 wait=1 procs=1 q=7 qnz=0 pend=0 rep=7 repnz=0 repmax=0 v=0,0,0,0,0,0,0
10-04 20:39:05.977 I/hakuX-lane(16668): [occl804] f=8251 wait=1 procs=1 q=5 qnz=0 pend=0 rep=5 repnz=0 repmax=0 v=0,0,0,0,0
10-04 20:39:06.011 I/hakuX-lane(16668): [occl804] f=8252 wait=1 procs=1 q=7 qnz=0 pend=0 rep=7 repnz=0 repmax=0 v=0,0,0,0,0,0,0
10-04 20:39:06.045 I/hakuX-lane(16668): [occl804] f=8254 wait=1 procs=1 q=7 qnz=0 pend=0 rep=7 repnz=0 repmax=0 v=0,0,0,0,0,0,0
10-04 20:39:06.061 I/hakuX-lane(16668): [occl804] f=8256 wait=1 procs=1 q=5 qnz=0 pend=0 rep=5 repnz=0 repmax=0 v=0,0,0,0,0
10-04 20:39:06.078 I/hakuX-lane(16668): [occl804] f=8257 wait=1 procs=1 q=2 qnz=0 pend=0 rep=2 repnz=0 repmax=0 v=0,0
10-04 20:39:06.111 I/hakuX-lane(16668): [occl804] f=8258 wait=1 procs=1 q=5 qnz=0 pend=0 rep=5 repnz=0 repmax=0 v=0,0,0,0,0
10-04 20:39:06.145 I/hakuX-lane(16668): [occl804] f=8260 wait=1 procs=1 q=7 qnz=0 pend=0 rep=7 repnz=0 repmax=0 v=0,0,0,0,0,0,0
10-04 20:39:06.161 I/hakuX-lane(16668): [occl804] f=8262 wait=1 procs=1 q=5 qnz=0 pend=0 rep=5 repnz=0 repmax=0 v=0,0,0,0,0
10-04 20:39:06.178 I/hakuX-lane(16668): [occl804] f=8263 wait=1 procs=1 q=2 qnz=0 pend=0 rep=2 repnz=0 repmax=0 v=0,0
10-04 20:39:06.196 I/hakuX-lane(16668): [occl804] f=8264 wait=1 procs=1 q=5 qnz=0 pend=0 rep=5 repnz=0 repmax=0 v=0,0,0,0,0
10-04 20:39:06.228 I/hakuX-lane(16668): [occl804] f=8265 wait=1 procs=2 q=7 qnz=0 pend=0 rep=7 repnz=0 repmax=0 v=0,0,0,0,0,0,0
10-04 20:39:06.245 I/hakuX-lane(16668): [occl804] f=8267 wait=1 procs=1 q=7 qnz=0 pend=0 rep=7 repnz=0 repmax=0 v=0,0,0,0,0,0,0
10-04 20:39:06.261 I/hakuX-lane(16668): [occl804] f=8268 wait=1 procs=1 q=5 qnz=0 pend=0 rep=5 repnz=0 repmax=0 v=0,0,0,0,0
10-04 20:39:06.278 I/hakuX-lane(16668): [occl804] f=8269 wait=1 procs=1 q=7 qnz=0 pend=0 rep=7 repnz=0 repmax=0 v=0,0,0,0,0,0,0
10-04 20:39:06.295 I/hakuX-lane(16668): [occl804] f=8270 wait=1 procs=1 q=5 qnz=0 pend=0 rep=5 repnz=0 repmax=0 v=0,0,0,0,0
10-04 20:39:06.311 I/hakuX-lane(16668): [occl804] f=8271 wait=1 procs=1 q=2 qnz=0 pend=0 rep=2 repnz=0 repmax=0 v=0,0
10-04 20:39:06.345 I/hakuX-lane(16668): [occl804] f=8272 wait=1 procs=1 q=5 qnz=0 pend=0 rep=5 repnz=0 repmax=0 v=0,0,0,0,0
10-04 20:39:06.361 I/hakuX-lane(16668): [occl804] f=8274 wait=1 procs=1 q=7 qnz=0 pend=0 rep=7 repnz=0 repmax=0 v=0,0,0,0,0,0,0
10-04 20:39:06.378 I/hakuX-lane(16668): [occl804] f=8275 wait=1 procs=1 q=5 qnz=0 pend=0 rep=5 repnz=0 repmax=0 v=0,0,0,0,0
10-04 20:39:06.395 I/hakuX-lane(16668): [occl804] f=8276 wait=1 procs=1 q=2 qnz=0 pend=0 rep=2 repnz=0 repmax=0 v=0,0
10-04 20:39:06.428 I/hakuX-lane(16668): [occl804] f=8277 wait=1 procs=1 q=5 qnz=0 pend=0 rep=5 repnz=0 repmax=0 v=0,0,0,0,0
10-04 20:39:06.446 I/hakuX-lane(16668): [occl804] f=8279 wait=1 procs=1 q=7 qnz=0 pend=0 rep=7 repnz=0 repmax=0 v=0,0,0,0,0,0,0
10-04 20:39:06.462 I/hakuX-lane(16668): [occl804] f=8280 wait=1 procs=1 q=5 qnz=0 pend=0 rep=5 repnz=0 repmax=0 v=0,0,0,0,0
10-04 20:39:06.495 I/hakuX-lane(16668): [occl804] f=8281 wait=1 procs=1 q=7 qnz=0 pend=0 rep=7 repnz=0 repmax=0 v=0,0,0,0,0,0,0
10-04 20:39:06.512 I/hakuX-lane(16668): [occl804] f=8283 wait=1 procs=1 q=5 qnz=0 pend=0 rep=5 repnz=0 repmax=0 v=0,0,0,0,0
10-04 20:39:06.545 I/hakuX-lane(16668): [occl804] f=8284 wait=1 procs=2 q=7 qnz=0 pend=0 rep=7 repnz=0 repmax=0 v=0,0,0,0,0,0,0
10-04 20:39:06.578 I/hakuX-lane(16668): [occl804] f=8286 wait=1 procs=1 q=7 qnz=0 pend=0 rep=7 repnz=0 repmax=0 v=0,0,0,0,0,0,0
10-04 20:39:06.611 I/hakuX-lane(16668): [occl804] f=8288 wait=1 procs=1 q=7 qnz=0 pend=0 rep=7 repnz=0 repmax=0 v=0,0,0,0,0,0,0
10-04 20:39:06.628 I/hakuX-lane(16668): [occl804] f=8290 wait=1 procs=1 q=5 qnz=0 pend=0 rep=5 repnz=0 repmax=0 v=0,0,0,0,0
10-04 20:39:06.646 I/hakuX-lane(16668): [occl804] f=8291 wait=1 procs=1 q=2 qnz=0 pend=0 rep=2 repnz=0 repmax=0 v=0,0
10-04 20:39:06.662 I/hakuX-lane(16668): [occl804] f=8292 wait=1 procs=1 q=5 qnz=0 pend=0 rep=5 repnz=0 repmax=0 v=0,0,0,0,0
10-04 20:39:06.695 I/hakuX-lane(16668): [occl804] f=8293 wait=1 procs=1 q=7 qnz=0 pend=0 rep=7 repnz=0 repmax=0 v=0,0,0,0,0,0,0
10-04 20:39:06.712 I/hakuX-lane(16668): [occl804] f=8295 wait=1 procs=1 q=5 qnz=0 pend=0 rep=5 repnz=0 repmax=0 v=0,0,0,0,0
10-04 20:39:06.729 I/hakuX-lane(16668): [occl804] f=8296 wait=1 procs=1 q=2 qnz=0 pend=0 rep=2 repnz=0 repmax=0 v=0,0
10-04 20:39:06.762 I/hakuX-lane(16668): [occl804] f=8297 wait=1 procs=1 q=5 qnz=0 pend=0 rep=5 repnz=0 repmax=0 v=0,0,0,0,0
10-04 20:39:06.795 I/hakuX-lane(16668): [occl804] f=8299 wait=1 procs=1 q=7 qnz=0 pend=0 rep=7 repnz=0 repmax=0 v=0,0,0,0,0,0,0
10-04 20:39:06.812 I/hakuX-lane(16668): [occl804] f=8301 wait=1 procs=1 q=5 qnz=0 pend=0 rep=5 repnz=0 repmax=0 v=0,0,0,0,0
10-04 20:39:06.828 I/hakuX-lane(16668): [occl804] f=8302 wait=1 procs=1 q=2 qnz=0 pend=0 rep=2 repnz=0 repmax=0 v=0,0
10-04 20:39:06.862 I/hakuX-lane(16668): [occl804] f=8303 wait=1 procs=1 q=5 qnz=0 pend=0 rep=5 repnz=0 repmax=0 v=0,0,0,0,0
10-04 20:39:06.896 I/hakuX-lane(16668): [occl804] f=8305 wait=1 procs=1 q=7 qnz=0 pend=0 rep=7 repnz=0 repmax=0 v=0,0,0,0,0,0,0
10-04 20:39:06.912 I/hakuX-lane(16668): [occl804] f=8307 wait=1 procs=1 q=5 qnz=0 pend=0 rep=5 repnz=0 repmax=0 v=0,0,0,0,0
10-04 20:39:06.929 I/hakuX-lane(16668): [occl804] f=8308 wait=1 procs=1 q=2 qnz=0 pend=0 rep=2 repnz=0 repmax=0 v=0,0
10-04 20:39:06.945 I/hakuX-lane(16668): [occl804] f=8309 wait=1 procs=1 q=5 qnz=0 pend=0 rep=5 repnz=0 repmax=0 v=0,0,0,0,0
10-04 20:39:06.962 I/hakuX-lane(16668): [occl804] f=8310 wait=1 procs=1 q=2 qnz=0 pend=0 rep=2 repnz=0 repmax=0 v=0,0
10-04 20:39:06.997 I/hakuX-lane(16668): [occl804] f=8311 wait=1 procs=1 q=5 qnz=0 pend=0 rep=5 repnz=0 repmax=0 v=0,0,0,0,0
10-04 20:39:07.029 I/hakuX-lane(16668): [occl804] f=8313 wait=1 procs=1 q=7 qnz=0 pend=0 rep=7 repnz=0 repmax=0 v=0,0,0,0,0,0,0
10-04 20:39:07.046 I/hakuX-lane(16668): [occl804] f=8315 wait=1 procs=1 q=5 qnz=0 pend=0 rep=5 repnz=0 repmax=0 v=0,0,0,0,0
10-04 20:39:07.065 I/hakuX-lane(16668): [occl804] f=8316 wait=1 procs=1 q=2 qnz=0 pend=0 rep=2 repnz=0 repmax=0 v=0,0
10-04 20:39:07.096 I/hakuX-lane(16668): [occl804] f=8317 wait=1 procs=1 q=5 qnz=0 pend=0 rep=5 repnz=0 repmax=0 v=0,0,0,0,0
10-04 20:39:07.129 I/hakuX-lane(16668): [occl804] f=8319 wait=1 procs=1 q=7 qnz=0 pend=0 rep=7 repnz=0 repmax=0 v=0,0,0,0,0,0,0
10-04 20:39:07.147 I/hakuX-lane(16668): [occl804] f=8321 wait=1 procs=1 q=5 qnz=0 pend=0 rep=5 repnz=0 repmax=0 v=0,0,0,0,0
10-04 20:39:07.163 I/hakuX-lane(16668): [occl804] f=8322 wait=1 procs=1 q=2 qnz=0 pend=0 rep=2 repnz=0 repmax=0 v=0,0
10-04 20:39:07.181 I/hakuX-lane(16668): [occl804] f=8323 wait=1 procs=1 q=5 qnz=0 pend=0 rep=5 repnz=0 repmax=0 v=0,0,0,0,0
10-04 20:39:07.196 I/hakuX-lane(16668): [occl804] f=8324 wait=1 procs=1 q=2 qnz=0 pend=0 rep=2 repnz=0 repmax=0 v=0,0
10-04 20:39:07.230 I/hakuX-lane(16668): [occl804] f=8325 wait=1 procs=1 q=5 qnz=0 pend=0 rep=5 repnz=0 repmax=0 v=0,0,0,0,0
10-04 20:39:07.262 I/hakuX-lane(16668): [occl804] f=8327 wait=1 procs=1 q=7 qnz=0 pend=0 rep=7 repnz=0 repmax=0 v=0,0,0,0,0,0,0
10-04 20:39:07.279 I/hakuX-lane(16668): [occl804] f=8329 wait=1 procs=1 q=5 qnz=0 pend=0 rep=5 repnz=0 repmax=0 v=0,0,0,0,0
10-04 20:39:07.296 I/hakuX-lane(16668): [occl804] f=8330 wait=1 procs=1 q=2 qnz=0 pend=0 rep=2 repnz=0 repmax=0 v=0,0
10-04 20:39:07.329 I/hakuX-lane(16668): [occl804] f=8331 wait=1 procs=1 q=5 qnz=0 pend=0 rep=5 repnz=0 repmax=0 v=0,0,0,0,0
10-04 20:39:07.363 I/hakuX-lane(16668): [occl804] f=8333 wait=1 procs=1 q=7 qnz=0 pend=0 rep=7 repnz=0 repmax=0 v=0,0,0,0,0,0,0
10-04 20:39:07.379 I/hakuX-lane(16668): [occl804] f=8335 wait=1 procs=1 q=5 qnz=0 pend=0 rep=5 repnz=0 repmax=0 v=0,0,0,0,0
10-04 20:39:07.396 I/hakuX-lane(16668): [occl804] f=8336 wait=1 procs=1 q=2 qnz=0 pend=0 rep=2 repnz=0 repmax=0 v=0,0
10-04 20:39:07.412 I/hakuX-lane(16668): [occl804] f=8337 wait=1 procs=1 q=5 qnz=0 pend=0 rep=5 repnz=0 repmax=0 v=0,0,0,0,0
10-04 20:39:07.446 I/hakuX-lane(16668): [occl804] f=8338 wait=1 procs=1 q=7 qnz=0 pend=0 rep=7 repnz=0 repmax=0 v=0,0,0,0,0,0,0
10-04 20:39:07.479 I/hakuX-lane(16668): [occl804] f=8340 wait=1 procs=1 q=7 qnz=0 pend=0 rep=7 repnz=0 repmax=0 v=0,0,0,0,0,0,0
10-04 20:39:07.513 I/hakuX-lane(16668): [occl804] f=8342 wait=1 procs=1 q=7 qnz=0 pend=0 rep=7 repnz=0 repmax=0 v=0,0,0,0,0,0,0
10-04 20:39:07.530 I/hakuX-lane(16668): [occl804] f=8344 wait=1 procs=1 q=5 qnz=0 pend=0 rep=5 repnz=0 repmax=0 v=0,0,0,0,0
10-04 20:39:07.563 I/hakuX-lane(16668): [occl804] f=8345 wait=1 procs=1 q=7 qnz=0 pend=0 rep=7 repnz=0 repmax=0 v=0,0,0,0,0,0,0
10-04 20:39:07.579 I/hakuX-lane(16668): [occl804] f=8347 wait=1 procs=1 q=5 qnz=0 pend=0 rep=5 repnz=0 repmax=0 v=0,0,0,0,0
10-04 20:39:07.596 I/hakuX-lane(16668): [occl804] f=8348 wait=1 procs=1 q=2 qnz=0 pend=0 rep=2 repnz=0 repmax=0 v=0,0
10-04 20:39:07.629 I/hakuX-lane(16668): [occl804] f=8349 wait=1 procs=1 q=5 qnz=0 pend=0 rep=5 repnz=0 repmax=0 v=0,0,0,0,0
10-04 20:39:07.663 I/hakuX-lane(16668): [occl804] f=8351 wait=1 procs=1 q=7 qnz=0 pend=0 rep=7 repnz=0 repmax=0 v=0,0,0,0,0,0,0
10-04 20:39:07.680 I/hakuX-lane(16668): [occl804] f=8353 wait=1 procs=1 q=5 qnz=0 pend=0 rep=5 repnz=0 repmax=0 v=0,0,0,0,0
10-04 20:39:07.697 I/hakuX-lane(16668): [occl804] f=8354 wait=1 procs=1 q=2 qnz=0 pend=0 rep=2 repnz=0 repmax=0 v=0,0
10-04 20:39:07.729 I/hakuX-lane(16668): [occl804] f=8355 wait=1 procs=1 q=5 qnz=0 pend=0 rep=5 repnz=0 repmax=0 v=0,0,0,0,0
10-04 20:39:07.763 I/hakuX-lane(16668): [occl804] f=8357 wait=1 procs=1 q=7 qnz=0 pend=0 rep=7 repnz=0 repmax=0 v=0,0,0,0,0,0,0
10-04 20:39:07.779 I/hakuX-lane(16668): [occl804] f=8359 wait=1 procs=1 q=5 qnz=0 pend=0 rep=5 repnz=0 repmax=0 v=0,0,0,0,0
10-04 20:39:07.797 I/hakuX-lane(16668): [occl804] f=8360 wait=1 procs=1 q=2 qnz=0 pend=0 rep=2 repnz=0 repmax=0 v=0,0
10-04 20:39:07.813 I/hakuX-lane(16668): [occl804] f=8361 wait=1 procs=1 q=5 qnz=0 pend=0 rep=5 repnz=0 repmax=0 v=0,0,0,0,0
10-04 20:39:07.829 I/hakuX-lane(16668): [occl804] f=8362 wait=1 procs=1 q=2 qnz=0 pend=0 rep=2 repnz=0 repmax=0 v=0,0
10-04 20:39:07.846 I/hakuX-lane(16668): [occl804] f=8363 wait=1 procs=1 q=5 qnz=0 pend=0 rep=5 repnz=0 repmax=0 v=0,0,0,0,0
10-04 20:39:07.863 I/hakuX-lane(16668): [occl804] f=8364 wait=1 procs=1 q=7 qnz=0 pend=0 rep=7 repnz=0 repmax=0 v=0,0,0,0,0,0,0
10-04 20:39:07.879 I/hakuX-lane(16668): [occl804] f=8365 wait=1 procs=1 q=5 qnz=0 pend=0 rep=5 repnz=0 repmax=0 v=0,0,0,0,0
10-04 20:39:07.896 I/hakuX-lane(16668): [occl804] f=8366 wait=1 procs=1 q=7 qnz=0 pend=0 rep=7 repnz=0 repmax=0 v=0,0,0,0,0,0,0
10-04 20:39:07.913 I/hakuX-lane(16668): [occl804] f=8367 wait=1 procs=1 q=5 qnz=0 pend=0 rep=5 repnz=0 repmax=0 v=0,0,0,0,0
10-04 20:39:07.930 I/hakuX-lane(16668): [occl804] f=8368 wait=1 procs=1 q=2 qnz=0 pend=0 rep=2 repnz=0 repmax=0 v=0,0
10-04 20:39:07.946 I/hakuX-lane(16668): [occl804] f=8369 wait=1 procs=1 q=5 qnz=0 pend=0 rep=5 repnz=0 repmax=0 v=0,0,0,0,0
10-04 20:39:07.980 I/hakuX-lane(16668): [occl804] f=8370 wait=1 procs=1 q=7 qnz=0 pend=0 rep=7 repnz=0 repmax=0 v=0,0,0,0,0,0,0
10-04 20:39:07.996 I/hakuX-lane(16668): [occl804] f=8372 wait=1 procs=1 q=5 qnz=0 pend=0 rep=5 repnz=0 repmax=0 v=0,0,0,0,0
10-04 20:39:08.013 I/hakuX-lane(16668): [occl804] f=8373 wait=1 procs=1 q=2 qnz=0 pend=0 rep=2 repnz=0 repmax=0 v=0,0
10-04 20:39:08.030 I/hakuX-lane(16668): [occl804] f=8374 wait=1 procs=1 q=5 qnz=0 pend=0 rep=5 repnz=0 repmax=0 v=0,0,0,0,0
10-04 20:39:08.046 I/hakuX-lane(16668): [occl804] f=8375 wait=1 procs=1 q=7 qnz=0 pend=0 rep=7 repnz=0 repmax=0 v=0,0,0,0,0,0,0
10-04 20:39:08.063 I/hakuX-lane(16668): [occl804] f=8376 wait=1 procs=1 q=5 qnz=0 pend=0 rep=5 repnz=0 repmax=0 v=0,0,0,0,0
10-04 20:39:08.079 I/hakuX-lane(16668): [occl804] f=8377 wait=1 procs=1 q=7 qnz=0 pend=0 rep=7 repnz=0 repmax=0 v=0,0,0,0,0,0,0
10-04 20:39:08.096 I/hakuX-lane(16668): [occl804] f=8378 wait=1 procs=1 q=5 qnz=0 pend=0 rep=5 repnz=0 repmax=0 v=0,0,0,0,0
10-04 20:39:08.129 I/hakuX-lane(16668): [occl804] f=8379 wait=1 procs=1 q=7 qnz=0 pend=0 rep=7 repnz=0 repmax=0 v=0,0,0,0,0,0,0
10-04 20:39:08.163 I/hakuX-lane(16668): [occl804] f=8381 wait=1 procs=1 q=7 qnz=0 pend=0 rep=7 repnz=0 repmax=0 v=0,0,0,0,0,0,0
10-04 20:39:08.180 I/hakuX-lane(16668): [occl804] f=8383 wait=1 procs=1 q=7 qnz=0 pend=0 rep=7 repnz=0 repmax=0 v=0,0,0,0,0,0,0
10-04 20:39:08.197 I/hakuX-lane(16668): [occl804] f=8384 wait=1 procs=1 q=5 qnz=0 pend=0 rep=5 repnz=0 repmax=0 v=0,0,0,0,0
10-04 20:39:08.230 I/hakuX-lane(16668): [occl804] f=8385 wait=1 procs=1 q=7 qnz=0 pend=0 rep=7 repnz=0 repmax=0 v=0,0,0,0,0,0,0
10-04 20:39:08.264 I/hakuX-lane(16668): [occl804] f=8387 wait=1 procs=1 q=7 qnz=0 pend=0 rep=7 repnz=0 repmax=0 v=0,0,0,0,0,0,0
10-04 20:39:08.297 I/hakuX-lane(16668): [occl804] f=8389 wait=1 procs=1 q=7 qnz=0 pend=0 rep=7 repnz=0 repmax=0 v=0,0,0,0,0,0,0
10-04 20:39:08.313 I/hakuX-lane(16668): [occl804] f=8391 wait=1 procs=1 q=5 qnz=0 pend=0 rep=5 repnz=0 repmax=0 v=0,0,0,0,0
10-04 20:39:08.330 I/hakuX-lane(16668): [occl804] f=8392 wait=1 procs=1 q=2 qnz=0 pend=0 rep=2 repnz=0 repmax=0 v=0,0
10-04 20:39:08.363 I/hakuX-lane(16668): [occl804] f=8393 wait=1 procs=1 q=5 qnz=0 pend=0 rep=5 repnz=0 repmax=0 v=0,0,0,0,0
10-04 20:39:08.397 I/hakuX-lane(16668): [occl804] f=8395 wait=1 procs=1 q=7 qnz=0 pend=0 rep=7 repnz=0 repmax=0 v=0,0,0,0,0,0,0
10-04 20:39:08.430 I/hakuX-lane(16668): [occl804] f=8397 wait=1 procs=1 q=7 qnz=0 pend=0 rep=7 repnz=0 repmax=0 v=0,0,0,0,0,0,0
10-04 20:39:08.464 I/hakuX-lane(16668): [occl804] f=8399 wait=1 procs=1 q=7 qnz=0 pend=0 rep=7 repnz=0 repmax=0 v=0,0,0,0,0,0,0
10-04 20:39:08.497 I/hakuX-lane(16668): [occl804] f=8401 wait=1 procs=1 q=7 qnz=0 pend=0 rep=7 repnz=0 repmax=0 v=0,0,0,0,0,0,0
10-04 20:39:08.513 I/hakuX-lane(16668): [occl804] f=8403 wait=1 procs=1 q=5 qnz=0 pend=0 rep=5 repnz=0 repmax=0 v=0,0,0,0,0
10-04 20:39:08.531 I/hakuX-lane(16668): [occl804] f=8404 wait=1 procs=1 q=2 qnz=0 pend=0 rep=2 repnz=0 repmax=0 v=0,0
10-04 20:39:08.563 I/hakuX-lane(16668): [occl804] f=8405 wait=1 procs=1 q=5 qnz=0 pend=0 rep=5 repnz=0 repmax=0 v=0,0,0,0,0
10-04 20:39:08.597 I/hakuX-lane(16668): [occl804] f=8407 wait=1 procs=1 q=7 qnz=0 pend=0 rep=7 repnz=0 repmax=0 v=0,0,0,0,0,0,0
10-04 20:39:08.614 I/hakuX-lane(16668): [occl804] f=8409 wait=1 procs=1 q=5 qnz=0 pend=0 rep=5 repnz=0 repmax=0 v=0,0,0,0,0
10-04 20:39:08.630 I/hakuX-lane(16668): [occl804] f=8410 wait=1 procs=1 q=2 qnz=0 pend=0 rep=2 repnz=0 repmax=0 v=0,0
10-04 20:39:08.664 I/hakuX-lane(16668): [occl804] f=8411 wait=1 procs=1 q=5 qnz=0 pend=0 rep=5 repnz=0 repmax=0 v=0,0,0,0,0
10-04 20:39:08.681 I/hakuX-lane(16668): [occl804] f=8413 wait=1 procs=1 q=2 qnz=0 pend=0 rep=2 repnz=0 repmax=0 v=0,0
10-04 20:39:08.697 I/hakuX-lane(16668): [occl804] f=8414 wait=1 procs=1 q=5 qnz=0 pend=0 rep=5 repnz=0 repmax=0 v=0,0,0,0,0
10-04 20:39:08.714 I/hakuX-lane(16668): [occl804] f=8415 wait=1 procs=1 q=2 qnz=0 pend=0 rep=2 repnz=0 repmax=0 v=0,0
10-04 20:39:08.730 I/hakuX-lane(16668): [occl804] f=8416 wait=1 procs=1 q=5 qnz=0 pend=0 rep=5 repnz=0 repmax=0 v=0,0,0,0,0
10-04 20:39:08.764 I/hakuX-lane(16668): [occl804] f=8417 wait=1 procs=1 q=7 qnz=0 pend=0 rep=7 repnz=0 repmax=0 v=0,0,0,0,0,0,0
10-04 20:39:08.797 I/hakuX-lane(16668): [occl804] f=8419 wait=1 procs=1 q=7 qnz=0 pend=0 rep=7 repnz=0 repmax=0 v=0,0,0,0,0,0,0
10-04 20:39:08.814 I/hakuX-lane(16668): [occl804] f=8421 wait=1 procs=1 q=5 qnz=0 pend=0 rep=5 repnz=0 repmax=0 v=0,0,0,0,0
10-04 20:39:08.829 I/hakuX-lane(16668): [occl804] f=8422 wait=1 procs=1 q=2 qnz=0 pend=0 rep=2 repnz=0 repmax=0 v=0,0
10-04 20:39:08.848 I/hakuX-lane(16668): [occl804] f=8423 wait=1 procs=1 q=5 qnz=0 pend=0 rep=5 repnz=0 repmax=0 v=0,0,0,0,0
10-04 20:39:08.880 I/hakuX-lane(16668): [occl804] f=8424 wait=1 procs=1 q=7 qnz=0 pend=0 rep=7 repnz=0 repmax=0 v=0,0,0,0,0,0,0
10-04 20:39:08.897 I/hakuX-lane(16668): [occl804] f=8426 wait=1 procs=1 q=5 qnz=0 pend=0 rep=5 repnz=0 repmax=0 v=0,0,0,0,0
10-04 20:39:08.914 I/hakuX-lane(16668): [occl804] f=8427 wait=1 procs=1 q=2 qnz=0 pend=0 rep=2 repnz=0 repmax=0 v=0,0
10-04 20:39:08.947 I/hakuX-lane(16668): [occl804] f=8428 wait=1 procs=1 q=5 qnz=0 pend=0 rep=5 repnz=0 repmax=0 v=0,0,0,0,0
10-04 20:39:08.980 I/hakuX-lane(16668): [occl804] f=8430 wait=1 procs=1 q=7 qnz=0 pend=0 rep=7 repnz=0 repmax=0 v=0,0,0,0,0,0,0
10-04 20:39:08.997 I/hakuX-lane(16668): [occl804] f=8432 wait=1 procs=1 q=5 qnz=0 pend=0 rep=5 repnz=0 repmax=0 v=0,0,0,0,0
10-04 20:39:09.013 I/hakuX-lane(16668): [occl804] f=8433 wait=1 procs=1 q=2 qnz=0 pend=0 rep=2 repnz=0 repmax=0 v=0,0
10-04 20:39:09.032 I/hakuX-lane(16668): [occl804] f=8434 wait=1 procs=1 q=5 qnz=0 pend=0 rep=5 repnz=0 repmax=0 v=0,0,0,0,0
10-04 20:39:09.047 I/hakuX-lane(16668): [occl804] f=8435 wait=1 procs=1 q=5 qnz=0 pend=0 rep=5 repnz=0 repmax=0 v=0,0,0,0,0
10-04 20:39:09.064 I/hakuX-lane(16668): [occl804] f=8436 wait=1 procs=1 q=2 qnz=0 pend=0 rep=2 repnz=0 repmax=0 v=0,0
10-04 20:39:09.098 I/hakuX-lane(16668): [occl804] f=8437 wait=1 procs=1 q=5 qnz=0 pend=0 rep=5 repnz=0 repmax=0 v=0,0,0,0,0
10-04 20:39:09.131 I/hakuX-lane(16668): [occl804] f=8439 wait=1 procs=1 q=7 qnz=0 pend=0 rep=7 repnz=0 repmax=0 v=0,0,0,0,0,0,0
10-04 20:39:09.148 I/hakuX-lane(16668): [occl804] f=8441 wait=1 procs=1 q=5 qnz=0 pend=0 rep=5 repnz=0 repmax=0 v=0,0,0,0,0
10-04 20:39:09.164 I/hakuX-lane(16668): [occl804] f=8442 wait=1 procs=1 q=2 qnz=0 pend=0 rep=2 repnz=0 repmax=0 v=0,0
10-04 20:39:09.201 I/hakuX-lane(16668): [occl804] f=8443 wait=1 procs=1 q=5 qnz=0 pend=0 rep=5 repnz=0 repmax=0 v=0,0,0,0,0
10-04 20:39:09.248 I/hakuX-lane(16668): [occl804] f=8445 wait=1 procs=1 q=7 qnz=0 pend=0 rep=7 repnz=0 repmax=0 v=0,0,0,0,0,0,0
10-04 20:39:09.265 I/hakuX-lane(16668): [occl804] f=8448 wait=1 procs=1 q=7 qnz=0 pend=0 rep=7 repnz=0 repmax=0 v=0,0,0,0,0,0,0
10-04 20:39:09.281 I/hakuX-lane(16668): [occl804] f=8449 wait=1 procs=1 q=5 qnz=0 pend=0 rep=5 repnz=0 repmax=0 v=0,0,0,0,0
10-04 20:39:09.299 I/hakuX-lane(16668): [occl804] f=8450 wait=1 procs=1 q=2 qnz=0 pend=0 rep=2 repnz=0 repmax=0 v=0,0
10-04 20:39:09.331 I/hakuX-lane(16668): [occl804] f=8451 wait=1 procs=1 q=5 qnz=0 pend=0 rep=5 repnz=0 repmax=0 v=0,0,0,0,0
10-04 20:39:09.364 I/hakuX-lane(16668): [occl804] f=8453 wait=1 procs=1 q=7 qnz=0 pend=0 rep=7 repnz=0 repmax=0 v=0,0,0,0,0,0,0
10-04 20:39:09.381 I/hakuX-lane(16668): [occl804] f=8455 wait=1 procs=1 q=5 qnz=0 pend=0 rep=5 repnz=0 repmax=0 v=0,0,0,0,0
10-04 20:39:09.398 I/hakuX-lane(16668): [occl804] f=8456 wait=1 procs=1 q=2 qnz=0 pend=0 rep=2 repnz=0 repmax=0 v=0,0
10-04 20:39:09.431 I/hakuX-lane(16668): [occl804] f=8457 wait=1 procs=1 q=5 qnz=0 pend=0 rep=5 repnz=0 repmax=0 v=0,0,0,0,0
10-04 20:39:09.464 I/hakuX-lane(16668): [occl804] f=8459 wait=1 procs=1 q=7 qnz=0 pend=0 rep=7 repnz=0 repmax=0 v=0,0,0,0,0,0,0
10-04 20:39:09.481 I/hakuX-lane(16668): [occl804] f=8461 wait=1 procs=1 q=5 qnz=0 pend=0 rep=5 repnz=0 repmax=0 v=0,0,0,0,0
10-04 20:39:09.501 I/hakuX-lane(16668): [occl804] f=8462 wait=1 procs=1 q=2 qnz=0 pend=0 rep=2 repnz=0 repmax=0 v=0,0
10-04 20:39:09.514 I/hakuX-lane(16668): [occl804] f=8463 wait=1 procs=1 q=5 qnz=0 pend=0 rep=5 repnz=0 repmax=0 v=0,0,0,0,0
10-04 20:39:09.531 I/hakuX-lane(16668): [occl804] f=8464 wait=1 procs=1 q=2 qnz=0 pend=0 rep=2 repnz=0 repmax=0 v=0,0
10-04 20:39:09.548 I/hakuX-lane(16668): [occl804] f=8465 wait=1 procs=1 q=5 qnz=0 pend=0 rep=5 repnz=0 repmax=0 v=0,0,0,0,0
10-04 20:39:09.565 I/hakuX-lane(16668): [occl804] f=8466 wait=1 procs=1 q=2 qnz=0 pend=0 rep=2 repnz=0 repmax=0 v=0,0
10-04 20:39:09.598 I/hakuX-lane(16668): [occl804] f=8467 wait=1 procs=1 q=5 qnz=0 pend=0 rep=5 repnz=0 repmax=0 v=0,0,0,0,0
10-04 20:39:09.631 I/hakuX-lane(16668): [occl804] f=8469 wait=1 procs=1 q=7 qnz=0 pend=0 rep=7 repnz=0 repmax=0 v=0,0,0,0,0,0,0
10-04 20:39:09.648 I/hakuX-lane(16668): [occl804] f=8471 wait=1 procs=1 q=5 qnz=0 pend=0 rep=5 repnz=0 repmax=0 v=0,0,0,0,0
10-04 20:39:09.664 I/hakuX-lane(16668): [occl804] f=8472 wait=1 procs=1 q=2 qnz=0 pend=0 rep=2 repnz=0 repmax=0 v=0,0
10-04 20:39:09.698 I/hakuX-lane(16668): [occl804] f=8473 wait=1 procs=1 q=5 qnz=0 pend=0 rep=5 repnz=0 repmax=0 v=0,0,0,0,0
10-04 20:39:09.730 I/hakuX-lane(16668): [occl804] f=8475 wait=1 procs=1 q=7 qnz=0 pend=0 rep=7 repnz=0 repmax=0 v=0,0,0,0,0,0,0
10-04 20:39:09.748 I/hakuX-lane(16668): [occl804] f=8477 wait=1 procs=1 q=5 qnz=0 pend=0 rep=5 repnz=0 repmax=0 v=0,0,0,0,0
10-04 20:39:09.764 I/hakuX-lane(16668): [occl804] f=8478 wait=1 procs=1 q=2 qnz=0 pend=0 rep=2 repnz=0 repmax=0 v=0,0
10-04 20:39:09.798 I/hakuX-lane(16668): [occl804] f=8479 wait=1 procs=1 q=5 qnz=0 pend=0 rep=5 repnz=0 repmax=0 v=0,0,0,0,0
10-04 20:39:09.830 I/hakuX-lane(16668): [occl804] f=8481 wait=1 procs=1 q=7 qnz=0 pend=0 rep=7 repnz=0 repmax=0 v=0,0,0,0,0,0,0
10-04 20:39:09.848 I/hakuX-lane(16668): [occl804] f=8483 wait=1 procs=1 q=5 qnz=0 pend=0 rep=5 repnz=0 repmax=0 v=0,0,0,0,0
10-04 20:39:09.865 I/hakuX-lane(16668): [occl804] f=8484 wait=1 procs=1 q=2 qnz=0 pend=0 rep=2 repnz=0 repmax=0 v=0,0
10-04 20:39:09.898 I/hakuX-lane(16668): [occl804] f=8485 wait=1 procs=1 q=5 qnz=0 pend=0 rep=5 repnz=0 repmax=0 v=0,0,0,0,0
10-04 20:39:09.931 I/hakuX-lane(16668): [occl804] f=8487 wait=1 procs=1 q=7 qnz=0 pend=0 rep=7 repnz=0 repmax=0 v=0,0,0,0,0,0,0
10-04 20:39:09.947 I/hakuX-lane(16668): [occl804] f=8489 wait=1 procs=1 q=5 qnz=0 pend=0 rep=5 repnz=0 repmax=0 v=0,0,0,0,0
10-04 20:39:09.964 I/hakuX-lane(16668): [occl804] f=8490 wait=1 procs=1 q=2 qnz=0 pend=0 rep=2 repnz=0 repmax=0 v=0,0
10-04 20:39:09.998 I/hakuX-lane(16668): [occl804] f=8491 wait=1 procs=1 q=5 qnz=0 pend=0 rep=5 repnz=0 repmax=0 v=0,0,0,0,0
10-04 20:39:10.031 I/hakuX-lane(16668): [occl804] f=8493 wait=1 procs=1 q=7 qnz=0 pend=0 rep=7 repnz=0 repmax=0 v=0,0,0,0,0,0,0
10-04 20:39:10.048 I/hakuX-lane(16668): [occl804] f=8495 wait=1 procs=1 q=5 qnz=0 pend=0 rep=5 repnz=0 repmax=0 v=0,0,0,0,0
10-04 20:39:10.064 I/hakuX-lane(16668): [occl804] f=8496 wait=1 procs=1 q=2 qnz=0 pend=0 rep=2 repnz=0 repmax=0 v=0,0
10-04 20:39:10.098 I/hakuX-lane(16668): [occl804] f=8497 wait=1 procs=1 q=5 qnz=0 pend=0 rep=5 repnz=0 repmax=0 v=0,0,0,0,0
10-04 20:39:10.131 I/hakuX-lane(16668): [occl804] f=8499 wait=1 procs=1 q=7 qnz=0 pend=0 rep=7 repnz=0 repmax=0 v=0,0,0,0,0,0,0
10-04 20:39:10.148 I/hakuX-lane(16668): [occl804] f=8501 wait=1 procs=1 q=5 qnz=0 pend=0 rep=5 repnz=0 repmax=0 v=0,0,0,0,0
10-04 20:39:10.164 I/hakuX-lane(16668): [occl804] f=8502 wait=1 procs=1 q=2 qnz=0 pend=0 rep=2 repnz=0 repmax=0 v=0,0
10-04 20:39:10.181 I/hakuX-lane(16668): [occl804] f=8503 wait=1 procs=1 q=5 qnz=0 pend=0 rep=5 repnz=0 repmax=0 v=0,0,0,0,0
10-04 20:39:10.219 I/hakuX-lane(16668): [occl804] f=8504 wait=1 procs=1 q=7 qnz=0 pend=0 rep=7 repnz=0 repmax=0 v=0,0,0,0,0,0,0
10-04 20:39:10.230 I/hakuX-lane(16668): [occl804] f=8505 wait=1 procs=1 q=5 qnz=0 pend=0 rep=5 repnz=0 repmax=0 v=0,0,0,0,0
10-04 20:39:10.247 I/hakuX-lane(16668): [occl804] f=8507 wait=1 procs=1 q=2 qnz=0 pend=0 rep=2 repnz=0 repmax=0 v=0,0
10-04 20:39:10.281 I/hakuX-lane(16668): [occl804] f=8508 wait=1 procs=1 q=5 qnz=0 pend=0 rep=5 repnz=0 repmax=0 v=0,0,0,0,0
10-04 20:39:10.315 I/hakuX-lane(16668): [occl804] f=8510 wait=1 procs=1 q=7 qnz=0 pend=0 rep=7 repnz=0 repmax=0 v=0,0,0,0,0,0,0
10-04 20:39:10.331 I/hakuX-lane(16668): [occl804] f=8512 wait=1 procs=1 q=5 qnz=0 pend=0 rep=5 repnz=0 repmax=0 v=0,0,0,0,0
10-04 20:39:10.348 I/hakuX-lane(16668): [occl804] f=8513 wait=1 procs=1 q=2 qnz=0 pend=0 rep=2 repnz=0 repmax=0 v=0,0
10-04 20:39:10.380 I/hakuX-lane(16668): [occl804] f=8514 wait=1 procs=1 q=5 qnz=0 pend=0 rep=5 repnz=0 repmax=0 v=0,0,0,0,0
10-04 20:39:10.398 I/hakuX-lane(16668): [occl804] f=8516 wait=1 procs=1 q=2 qnz=0 pend=0 rep=2 repnz=0 repmax=0 v=0,0
10-04 20:39:10.431 I/hakuX-lane(16668): [occl804] f=8517 wait=1 procs=1 q=5 qnz=0 pend=0 rep=5 repnz=0 repmax=0 v=0,0,0,0,0
10-04 20:39:10.448 I/hakuX-lane(16668): [occl804] f=8519 wait=1 procs=1 q=5 qnz=0 pend=0 rep=5 repnz=0 repmax=0 v=0,0,0,0,0
10-04 20:39:10.464 I/hakuX-lane(16668): [occl804] f=8520 wait=1 procs=1 q=2 qnz=0 pend=0 rep=2 repnz=0 repmax=0 v=0,0
10-04 20:39:10.514 I/hakuX-lane(16668): [occl804] f=8521 wait=1 procs=1 q=5 qnz=0 pend=0 rep=5 repnz=0 repmax=0 v=0,0,0,0,0
10-04 20:39:10.548 I/hakuX-lane(16668): [occl804] f=8524 wait=1 procs=1 q=7 qnz=0 pend=0 rep=7 repnz=0 repmax=0 v=0,0,0,0,0,0,0
10-04 20:39:10.564 I/hakuX-lane(16668): [occl804] f=8526 wait=1 procs=1 q=5 qnz=0 pend=0 rep=5 repnz=0 repmax=0 v=0,0,0,0,0
10-04 20:39:10.580 I/hakuX-lane(16668): [occl804] f=8527 wait=1 procs=1 q=2 qnz=0 pend=0 rep=2 repnz=0 repmax=0 v=0,0
10-04 20:39:10.614 I/hakuX-lane(16668): [occl804] f=8528 wait=1 procs=1 q=5 qnz=0 pend=0 rep=5 repnz=0 repmax=0 v=0,0,0,0,0
10-04 20:39:10.648 I/hakuX-lane(16668): [occl804] f=8530 wait=1 procs=1 q=7 qnz=0 pend=0 rep=7 repnz=0 repmax=0 v=0,0,0,0,0,0,0
10-04 20:39:10.664 I/hakuX-lane(16668): [occl804] f=8532 wait=1 procs=1 q=5 qnz=0 pend=0 rep=5 repnz=0 repmax=0 v=0,0,0,0,0
10-04 20:39:10.698 I/hakuX-lane(16668): [occl804] f=8533 wait=1 procs=1 q=2 qnz=0 pend=0 rep=2 repnz=0 repmax=0 v=0,0
10-04 20:39:10.714 I/hakuX-lane(16668): [occl804] f=8535 wait=1 procs=1 q=5 qnz=0 pend=0 rep=5 repnz=0 repmax=0 v=0,0,0,0,0
10-04 20:39:10.730 I/hakuX-lane(16668): [occl804] f=8536 wait=1 procs=1 q=2 qnz=0 pend=0 rep=2 repnz=0 repmax=0 v=0,0
10-04 20:39:10.764 I/hakuX-lane(16668): [occl804] f=8537 wait=1 procs=1 q=5 qnz=0 pend=0 rep=5 repnz=0 repmax=0 v=0,0,0,0,0
10-04 20:39:10.814 I/hakuX-lane(16668): [occl804] f=8539 wait=1 procs=1 q=7 qnz=0 pend=0 rep=7 repnz=0 repmax=0 v=0,0,0,0,0,0,0
10-04 20:39:10.830 I/hakuX-lane(16668): [occl804] f=8542 wait=1 procs=1 q=5 qnz=0 pend=0 rep=5 repnz=0 repmax=0 v=0,0,0,0,0
10-04 20:39:10.864 I/hakuX-lane(16668): [occl804] f=8543 wait=1 procs=1 q=2 qnz=0 pend=0 rep=2 repnz=0 repmax=0 v=0,0
10-04 20:39:10.880 I/hakuX-lane(16668): [occl804] f=8545 wait=1 procs=1 q=5 qnz=0 pend=0 rep=5 repnz=0 repmax=0 v=0,0,0,0,0
10-04 20:39:10.898 I/hakuX-lane(16668): [occl804] f=8546 wait=1 procs=1 q=2 qnz=0 pend=0 rep=2 repnz=0 repmax=0 v=0,0
10-04 20:39:10.931 I/hakuX-lane(16668): [occl804] f=8547 wait=1 procs=1 q=5 qnz=0 pend=0 rep=5 repnz=0 repmax=0 v=0,0,0,0,0
10-04 20:39:10.964 I/hakuX-lane(16668): [occl804] f=8549 wait=1 procs=1 q=7 qnz=0 pend=0 rep=7 repnz=0 repmax=0 v=0,0,0,0,0,0,0
10-04 20:39:10.980 I/hakuX-lane(16668): [occl804] f=8551 wait=1 procs=1 q=5 qnz=0 pend=0 rep=5 repnz=0 repmax=0 v=0,0,0,0,0
10-04 20:39:10.997 I/hakuX-lane(16668): [occl804] f=8552 wait=1 procs=1 q=2 qnz=0 pend=0 rep=2 repnz=0 repmax=0 v=0,0
10-04 20:39:11.030 I/hakuX-lane(16668): [occl804] f=8553 wait=1 procs=1 q=5 qnz=0 pend=0 rep=5 repnz=0 repmax=0 v=0,0,0,0,0
10-04 20:39:11.063 I/hakuX-lane(16668): [occl804] f=8555 wait=1 procs=1 q=7 qnz=0 pend=0 rep=7 repnz=0 repmax=0 v=0,0,0,0,0,0,0
10-04 20:39:11.080 I/hakuX-lane(16668): [occl804] f=8557 wait=1 procs=1 q=5 qnz=0 pend=0 rep=5 repnz=0 repmax=0 v=0,0,0,0,0
10-04 20:39:11.113 I/hakuX-lane(16668): [occl804] f=8558 wait=1 procs=1 q=2 qnz=0 pend=0 rep=2 repnz=0 repmax=0 v=0,0
10-04 20:39:11.130 I/hakuX-lane(16668): [occl804] f=8560 wait=1 procs=1 q=5 qnz=0 pend=0 rep=5 repnz=0 repmax=0 v=0,0,0,0,0
10-04 20:39:11.164 I/hakuX-lane(16668): [occl804] f=8561 wait=1 procs=1 q=2 qnz=0 pend=0 rep=2 repnz=0 repmax=0 v=0,0
10-04 20:39:11.180 I/hakuX-lane(16668): [occl804] f=8563 wait=1 procs=1 q=5 qnz=0 pend=0 rep=5 repnz=0 repmax=0 v=0,0,0,0,0
10-04 20:39:11.197 I/hakuX-lane(16668): [occl804] f=8564 wait=1 procs=1 q=2 qnz=0 pend=0 rep=2 repnz=0 repmax=0 v=0,0
10-04 20:39:11.230 I/hakuX-lane(16668): [occl804] f=8565 wait=1 procs=1 q=5 qnz=0 pend=0 rep=5 repnz=0 repmax=0 v=0,0,0,0,0
10-04 20:39:11.263 I/hakuX-lane(16668): [occl804] f=8567 wait=1 procs=1 q=7 qnz=0 pend=0 rep=7 repnz=0 repmax=0 v=0,0,0,0,0,0,0
10-04 20:39:11.280 I/hakuX-lane(16668): [occl804] f=8569 wait=1 procs=1 q=5 qnz=0 pend=0 rep=5 repnz=0 repmax=0 v=0,0,0,0,0
10-04 20:39:11.313 I/hakuX-lane(16668): [occl804] f=8570 wait=1 procs=1 q=2 qnz=0 pend=0 rep=2 repnz=0 repmax=0 v=0,0
10-04 20:39:11.347 I/hakuX-lane(16668): [occl804] f=8572 wait=1 procs=1 q=5 qnz=0 pend=0 rep=5 repnz=0 repmax=0 v=0,0,0,0,0
10-04 20:39:11.380 I/hakuX-lane(16668): [occl804] f=8574 wait=1 procs=1 q=7 qnz=0 pend=0 rep=7 repnz=0 repmax=0 v=0,0,0,0,0,0,0
10-04 20:39:11.397 I/hakuX-lane(16668): [occl804] f=8576 wait=1 procs=1 q=5 qnz=0 pend=0 rep=5 repnz=0 repmax=0 v=0,0,0,0,0
10-04 20:39:11.430 I/hakuX-lane(16668): [occl804] f=8577 wait=1 procs=1 q=2 qnz=0 pend=0 rep=2 repnz=0 repmax=0 v=0,0
10-04 20:39:11.447 I/hakuX-lane(16668): [occl804] f=8579 wait=1 procs=1 q=5 qnz=0 pend=0 rep=5 repnz=0 repmax=0 v=0,0,0,0,0
10-04 20:39:11.480 I/hakuX-lane(16668): [occl804] f=8580 wait=1 procs=1 q=2 qnz=0 pend=0 rep=2 repnz=0 repmax=0 v=0,0
10-04 20:39:11.513 I/hakuX-lane(16668): [occl804] f=8582 wait=1 procs=1 q=5 qnz=0 pend=0 rep=5 repnz=0 repmax=0 v=0,0,0,0,0
10-04 20:39:11.530 I/hakuX-lane(16668): [occl804] f=8584 wait=1 procs=1 q=2 qnz=0 pend=0 rep=2 repnz=0 repmax=0 v=0,0
10-04 20:39:11.564 I/hakuX-lane(16668): [occl804] f=8585 wait=1 procs=1 q=5 qnz=0 pend=0 rep=5 repnz=0 repmax=0 v=0,0,0,0,0
10-04 20:39:11.597 I/hakuX-lane(16668): [occl804] f=8587 wait=1 procs=1 q=7 qnz=0 pend=0 rep=7 repnz=0 repmax=0 v=0,0,0,0,0,0,0
10-04 20:39:11.613 I/hakuX-lane(16668): [occl804] f=8589 wait=1 procs=1 q=5 qnz=0 pend=0 rep=5 repnz=0 repmax=0 v=0,0,0,0,0
10-04 20:39:11.651 I/hakuX-lane(16668): [occl804] f=8590 wait=1 procs=1 q=2 qnz=0 pend=0 rep=2 repnz=0 repmax=0 v=0,0
10-04 20:39:11.681 I/hakuX-lane(16668): [occl804] f=8592 wait=1 procs=1 q=5 qnz=0 pend=0 rep=5 repnz=0 repmax=0 v=0,0,0,0,0
10-04 20:39:11.704 I/hakuX-lane(16668): [occl804] f=8593 wait=1 procs=1 q=2 qnz=0 pend=0 rep=2 repnz=0 repmax=0 v=0,0
10-04 20:39:11.717 I/hakuX-lane(16668): [occl804] f=8595 wait=1 procs=1 q=5 qnz=0 pend=0 rep=5 repnz=0 repmax=0 v=0,0,0,0,0
10-04 20:39:11.734 I/hakuX-lane(16668): [occl804] f=8596 wait=1 procs=1 q=2 qnz=0 pend=0 rep=2 repnz=0 repmax=0 v=0,0
10-04 20:39:11.770 I/hakuX-lane(16668): [occl804] f=8597 wait=1 procs=1 q=5 qnz=0 pend=0 rep=5 repnz=0 repmax=0 v=0,0,0,0,0
10-04 20:39:11.800 I/hakuX-lane(16668): [occl804] f=8599 wait=1 procs=1 q=7 qnz=0 pend=0 rep=7 repnz=0 repmax=0 v=0,0,0,0,0,0,0
10-04 20:39:11.816 I/hakuX-lane(16668): [occl804] f=8601 wait=1 procs=1 q=5 qnz=0 pend=0 rep=5 repnz=0 repmax=0 v=0,0,0,0,0
10-04 20:39:11.833 I/hakuX-lane(16668): [occl804] f=8602 wait=1 procs=1 q=2 qnz=0 pend=0 rep=2 repnz=0 repmax=0 v=0,0
10-04 20:39:11.867 I/hakuX-lane(16668): [occl804] f=8603 wait=1 procs=1 q=5 qnz=0 pend=0 rep=5 repnz=0 repmax=0 v=0,0,0,0,0
10-04 20:39:11.900 I/hakuX-lane(16668): [occl804] f=8605 wait=1 procs=1 q=7 qnz=0 pend=0 rep=7 repnz=0 repmax=0 v=0,0,0,0,0,0,0
10-04 20:39:11.933 I/hakuX-lane(16668): [occl804] f=8607 wait=1 procs=1 q=7 qnz=0 pend=0 rep=7 repnz=0 repmax=0 v=0,0,0,0,0,0,0
10-04 20:39:11.950 I/hakuX-lane(16668): [occl804] f=8609 wait=1 procs=1 q=5 qnz=0 pend=0 rep=5 repnz=0 repmax=0 v=0,0,0,0,0
10-04 20:39:11.966 I/hakuX-lane(16668): [occl804] f=8610 wait=1 procs=1 q=2 qnz=0 pend=0 rep=2 repnz=0 repmax=0 v=0,0
10-04 20:39:12.000 I/hakuX-lane(16668): [occl804] f=8611 wait=1 procs=1 q=5 qnz=0 pend=0 rep=5 repnz=0 repmax=0 v=0,0,0,0,0
10-04 20:39:12.016 I/hakuX-lane(16668): [occl804] f=8613 wait=1 procs=1 q=2 qnz=0 pend=0 rep=2 repnz=0 repmax=0 v=0,0
10-04 20:39:12.050 I/hakuX-lane(16668): [occl804] f=8614 wait=1 procs=1 q=5 qnz=0 pend=0 rep=5 repnz=0 repmax=0 v=0,0,0,0,0
10-04 20:39:12.066 I/hakuX-lane(16668): [occl804] f=8616 wait=1 procs=1 q=2 qnz=0 pend=0 rep=2 repnz=0 repmax=0 v=0,0
10-04 20:39:12.100 I/hakuX-lane(16668): [occl804] f=8617 wait=1 procs=1 q=5 qnz=0 pend=0 rep=5 repnz=0 repmax=0 v=0,0,0,0,0
10-04 20:39:12.116 I/hakuX-lane(16668): [occl804] f=8619 wait=1 procs=1 q=5 qnz=0 pend=0 rep=5 repnz=0 repmax=0 v=0,0,0,0,0
10-04 20:39:12.150 I/hakuX-lane(16668): [occl804] f=8620 wait=1 procs=1 q=2 qnz=0 pend=0 rep=2 repnz=0 repmax=0 v=0,0
10-04 20:39:12.184 I/hakuX-lane(16668): [occl804] f=8622 wait=1 procs=1 q=5 qnz=0 pend=0 rep=5 repnz=0 repmax=0 v=0,0,0,0,0
10-04 20:39:12.217 I/hakuX-lane(16668): [occl804] f=8624 wait=1 procs=1 q=7 qnz=0 pend=0 rep=7 repnz=0 repmax=0 v=0,0,0,0,0,0,0
10-04 20:39:12.233 I/hakuX-lane(16668): [occl804] f=8626 wait=1 procs=1 q=5 qnz=0 pend=0 rep=5 repnz=0 repmax=0 v=0,0,0,0,0
10-04 20:39:12.251 I/hakuX-lane(16668): [occl804] f=8627 wait=1 procs=1 q=2 qnz=0 pend=0 rep=2 repnz=0 repmax=0 v=0,0
10-04 20:39:12.283 I/hakuX-lane(16668): [occl804] f=8628 wait=1 procs=1 q=5 qnz=0 pend=0 rep=5 repnz=0 repmax=0 v=0,0,0,0,0
10-04 20:39:12.317 I/hakuX-lane(16668): [occl804] f=8630 wait=1 procs=1 q=7 qnz=0 pend=0 rep=7 repnz=0 repmax=0 v=0,0,0,0,0,0,0
10-04 20:39:12.333 I/hakuX-lane(16668): [occl804] f=8632 wait=1 procs=1 q=5 qnz=0 pend=0 rep=5 repnz=0 repmax=0 v=0,0,0,0,0
10-04 20:39:12.350 I/hakuX-lane(16668): [occl804] f=8633 wait=1 procs=1 q=2 qnz=0 pend=0 rep=2 repnz=0 repmax=0 v=0,0
10-04 20:39:12.384 I/hakuX-lane(16668): [occl804] f=8634 wait=1 procs=1 q=5 qnz=0 pend=0 rep=5 repnz=0 repmax=0 v=0,0,0,0,0
10-04 20:39:12.417 I/hakuX-lane(16668): [occl804] f=8636 wait=1 procs=1 q=7 qnz=0 pend=0 rep=7 repnz=0 repmax=0 v=0,0,0,0,0,0,0
10-04 20:39:12.433 I/hakuX-lane(16668): [occl804] f=8638 wait=1 procs=1 q=5 qnz=0 pend=0 rep=5 repnz=0 repmax=0 v=0,0,0,0,0
10-04 20:39:12.451 I/hakuX-lane(16668): [occl804] f=8639 wait=1 procs=1 q=2 qnz=0 pend=0 rep=2 repnz=0 repmax=0 v=0,0
10-04 20:39:12.484 I/hakuX-lane(16668): [occl804] f=8640 wait=1 procs=1 q=5 qnz=0 pend=0 rep=5 repnz=0 repmax=0 v=0,0,0,0,0
10-04 20:39:12.517 I/hakuX-lane(16668): [occl804] f=8642 wait=1 procs=1 q=7 qnz=0 pend=0 rep=7 repnz=0 repmax=0 v=0,0,0,0,0,0,0
10-04 20:39:12.533 I/hakuX-lane(16668): [occl804] f=8644 wait=1 procs=1 q=5 qnz=0 pend=0 rep=5 repnz=0 repmax=0 v=0,0,0,0,0
10-04 20:39:12.551 I/hakuX-lane(16668): [occl804] f=8645 wait=1 procs=1 q=2 qnz=0 pend=0 rep=2 repnz=0 repmax=0 v=0,0
10-04 20:39:12.584 I/hakuX-lane(16668): [occl804] f=8646 wait=1 procs=1 q=5 qnz=0 pend=0 rep=5 repnz=0 repmax=0 v=0,0,0,0,0
10-04 20:39:12.618 I/hakuX-lane(16668): [occl804] f=8648 wait=1 procs=1 q=7 qnz=0 pend=0 rep=7 repnz=0 repmax=0 v=0,0,0,0,0,0,0
10-04 20:39:12.634 I/hakuX-lane(16668): [occl804] f=8650 wait=1 procs=1 q=5 qnz=0 pend=0 rep=5 repnz=0 repmax=0 v=0,0,0,0,0
10-04 20:39:12.667 I/hakuX-lane(16668): [occl804] f=8651 wait=1 procs=1 q=2 qnz=0 pend=0 rep=2 repnz=0 repmax=0 v=0,0
10-04 20:39:12.684 I/hakuX-lane(16668): [occl804] f=8653 wait=1 procs=1 q=5 qnz=0 pend=0 rep=5 repnz=0 repmax=0 v=0,0,0,0,0
10-04 20:39:12.701 I/hakuX-lane(16668): [occl804] f=8654 wait=1 procs=1 q=2 qnz=0 pend=0 rep=2 repnz=0 repmax=0 v=0,0
10-04 20:39:12.734 I/hakuX-lane(16668): [occl804] f=8655 wait=1 procs=1 q=5 qnz=0 pend=0 rep=5 repnz=0 repmax=0 v=0,0,0,0,0
10-04 20:39:12.767 I/hakuX-lane(16668): [occl804] f=8657 wait=1 procs=1 q=7 qnz=0 pend=0 rep=7 repnz=0 repmax=0 v=0,0,0,0,0,0,0
10-04 20:39:12.784 I/hakuX-lane(16668): [occl804] f=8659 wait=1 procs=1 q=5 qnz=0 pend=0 rep=5 repnz=0 repmax=0 v=0,0,0,0,0
10-04 20:39:12.801 I/hakuX-lane(16668): [occl804] f=8660 wait=1 procs=1 q=2 qnz=0 pend=0 rep=2 repnz=0 repmax=0 v=0,0
10-04 20:39:12.834 I/hakuX-lane(16668): [occl804] f=8661 wait=1 procs=1 q=5 qnz=0 pend=0 rep=5 repnz=0 repmax=0 v=0,0,0,0,0
10-04 20:39:12.867 I/hakuX-lane(16668): [occl804] f=8663 wait=1 procs=1 q=7 qnz=0 pend=0 rep=7 repnz=0 repmax=0 v=0,0,0,0,0,0,0
10-04 20:39:12.884 I/hakuX-lane(16668): [occl804] f=8665 wait=1 procs=1 q=5 qnz=0 pend=0 rep=5 repnz=0 repmax=0 v=0,0,0,0,0
10-04 20:39:12.901 I/hakuX-lane(16668): [occl804] f=8666 wait=1 procs=1 q=2 qnz=0 pend=0 rep=2 repnz=0 repmax=0 v=0,0
10-04 20:39:12.934 I/hakuX-lane(16668): [occl804] f=8667 wait=1 procs=1 q=5 qnz=0 pend=0 rep=5 repnz=0 repmax=0 v=0,0,0,0,0
10-04 20:39:12.951 I/hakuX-lane(16668): [occl804] f=8669 wait=1 procs=1 q=2 qnz=0 pend=0 rep=2 repnz=0 repmax=0 v=0,0
10-04 20:39:13.002 I/hakuX-lane(16668): [occl804] f=8670 wait=1 procs=1 q=5 qnz=0 pend=0 rep=5 repnz=0 repmax=0 v=0,0,0,0,0
10-04 20:39:13.051 I/hakuX-lane(16668): [occl804] f=8673 wait=1 procs=1 q=7 qnz=0 pend=0 rep=7 repnz=0 repmax=0 v=0,0,0,0,0,0,0
10-04 20:39:13.068 I/hakuX-lane(16668): [occl804] f=8676 wait=1 procs=1 q=5 qnz=0 pend=0 rep=5 repnz=0 repmax=0 v=0,0,0,0,0
10-04 20:39:13.101 I/hakuX-lane(16668): [occl804] f=8677 wait=1 procs=1 q=2 qnz=0 pend=0 rep=2 repnz=0 repmax=0 v=0,0
10-04 20:39:13.134 I/hakuX-lane(16668): [occl804] f=8679 wait=1 procs=1 q=5 qnz=0 pend=0 rep=5 repnz=0 repmax=0 v=0,0,0,0,0
10-04 20:39:13.151 I/hakuX-lane(16668): [occl804] f=8681 wait=1 procs=1 q=2 qnz=0 pend=0 rep=2 repnz=0 repmax=0 v=0,0
10-04 20:39:13.202 I/hakuX-lane(16668): [occl804] f=8682 wait=1 procs=1 q=5 qnz=0 pend=0 rep=5 repnz=0 repmax=0 v=0,0,0,0,0
10-04 20:39:13.234 I/hakuX-lane(16668): [occl804] f=8685 wait=1 procs=1 q=7 qnz=0 pend=0 rep=7 repnz=0 repmax=0 v=0,0,0,0,0,0,0
10-04 20:39:13.251 I/hakuX-lane(16668): [occl804] f=8687 wait=1 procs=1 q=5 qnz=0 pend=0 rep=5 repnz=0 repmax=0 v=0,0,0,0,0
10-04 20:39:13.284 I/hakuX-lane(16668): [occl804] f=8688 wait=1 procs=1 q=2 qnz=0 pend=0 rep=2 repnz=0 repmax=0 v=0,0
10-04 20:39:13.318 I/hakuX-lane(16668): [occl804] f=8690 wait=1 procs=1 q=5 qnz=0 pend=0 rep=5 repnz=0 repmax=0 v=0,0,0,0,0
10-04 20:39:13.334 I/hakuX-lane(16668): [occl804] f=8692 wait=1 procs=1 q=2 qnz=0 pend=0 rep=2 repnz=0 repmax=0 v=0,0
10-04 20:39:13.368 I/hakuX-lane(16668): [occl804] f=8693 wait=1 procs=1 q=5 qnz=0 pend=0 rep=5 repnz=0 repmax=0 v=0,0,0,0,0
10-04 20:39:13.384 I/hakuX-lane(16668): [occl804] f=8695 wait=1 procs=1 q=5 qnz=0 pend=0 rep=5 repnz=0 repmax=0 v=0,0,0,0,0
10-04 20:39:13.402 I/hakuX-lane(16668): [occl804] f=8696 wait=1 procs=1 q=2 qnz=0 pend=0 rep=2 repnz=0 repmax=0 v=0,0
10-04 20:39:13.434 I/hakuX-lane(16668): [occl804] f=8697 wait=1 procs=1 q=5 qnz=0 pend=0 rep=5 repnz=0 repmax=0 v=0,0,0,0,0
10-04 20:39:13.452 I/hakuX-lane(16668): [occl804] f=8699 wait=1 procs=1 q=5 qnz=0 pend=0 rep=5 repnz=0 repmax=0 v=0,0,0,0,0
10-04 20:39:13.468 I/hakuX-lane(16668): [occl804] f=8700 wait=1 procs=1 q=2 qnz=0 pend=0 rep=2 repnz=0 repmax=0 v=0,0
10-04 20:39:13.501 I/hakuX-lane(16668): [occl804] f=8701 wait=1 procs=1 q=5 qnz=0 pend=0 rep=5 repnz=0 repmax=0 v=0,0,0,0,0
10-04 20:39:13.534 I/hakuX-lane(16668): [occl804] f=8703 wait=1 procs=1 q=7 qnz=0 pend=0 rep=7 repnz=0 repmax=0 v=0,0,0,0,0,0,0
10-04 20:39:13.551 I/hakuX-lane(16668): [occl804] f=8705 wait=1 procs=1 q=5 qnz=0 pend=0 rep=5 repnz=0 repmax=0 v=0,0,0,0,0
10-04 20:39:13.568 I/hakuX-lane(16668): [occl804] f=8706 wait=1 procs=1 q=2 qnz=0 pend=0 rep=2 repnz=0 repmax=0 v=0,0
10-04 20:39:13.601 I/hakuX-lane(16668): [occl804] f=8707 wait=1 procs=1 q=5 qnz=0 pend=0 rep=5 repnz=0 repmax=0 v=0,0,0,0,0
10-04 20:39:13.652 I/hakuX-lane(16668): [occl804] f=8709 wait=1 procs=1 q=7 qnz=0 pend=0 rep=7 repnz=0 repmax=0 v=0,0,0,0,0,0,0
10-04 20:39:13.668 I/hakuX-lane(16668): [occl804] f=8712 wait=1 procs=1 q=5 qnz=0 pend=0 rep=5 repnz=0 repmax=0 v=0,0,0,0,0
10-04 20:39:13.685 I/hakuX-lane(16668): [occl804] f=8713 wait=1 procs=1 q=2 qnz=0 pend=0 rep=2 repnz=0 repmax=0 v=0,0
10-04 20:39:13.718 I/hakuX-lane(16668): [occl804] f=8714 wait=1 procs=1 q=5 qnz=0 pend=0 rep=5 repnz=0 repmax=0 v=0,0,0,0,0
10-04 20:39:13.752 I/hakuX-lane(16668): [occl804] f=8716 wait=1 procs=1 q=7 qnz=0 pend=0 rep=7 repnz=0 repmax=0 v=0,0,0,0,0,0,0
10-04 20:39:13.768 I/hakuX-lane(16668): [occl804] f=8718 wait=1 procs=1 q=5 qnz=0 pend=0 rep=5 repnz=0 repmax=0 v=0,0,0,0,0
10-04 20:39:13.785 I/hakuX-lane(16668): [occl804] f=8719 wait=1 procs=1 q=2 qnz=0 pend=0 rep=2 repnz=0 repmax=0 v=0,0
10-04 20:39:13.819 I/hakuX-lane(16668): [occl804] f=8720 wait=1 procs=1 q=5 qnz=0 pend=0 rep=5 repnz=0 repmax=0 v=0,0,0,0,0
10-04 20:39:13.835 I/hakuX-lane(16668): [occl804] f=8722 wait=1 procs=1 q=2 qnz=0 pend=0 rep=2 repnz=0 repmax=0 v=0,0
10-04 20:39:13.885 I/hakuX-lane(16668): [occl804] f=8723 wait=1 procs=1 q=5 qnz=0 pend=0 rep=5 repnz=0 repmax=0 v=0,0,0,0,0
10-04 20:39:13.918 I/hakuX-lane(16668): [occl804] f=8726 wait=1 procs=1 q=7 qnz=0 pend=0 rep=7 repnz=0 repmax=0 v=0,0,0,0,0,0,0
10-04 20:39:13.935 I/hakuX-lane(16668): [occl804] f=8728 wait=1 procs=1 q=5 qnz=0 pend=0 rep=5 repnz=0 repmax=0 v=0,0,0,0,0
10-04 20:39:13.968 I/hakuX-lane(16668): [occl804] f=8729 wait=1 procs=1 q=2 qnz=0 pend=0 rep=2 repnz=0 repmax=0 v=0,0
10-04 20:39:13.985 I/hakuX-lane(16668): [occl804] f=8731 wait=1 procs=1 q=5 qnz=0 pend=0 rep=5 repnz=0 repmax=0 v=0,0,0,0,0
10-04 20:39:14.018 I/hakuX-lane(16668): [occl804] f=8732 wait=1 procs=1 q=2 qnz=0 pend=0 rep=2 repnz=0 repmax=0 v=0,0
10-04 20:39:14.052 I/hakuX-lane(16668): [occl804] f=8734 wait=1 procs=1 q=5 qnz=0 pend=0 rep=5 repnz=0 repmax=0 v=0,0,0,0,0
10-04 20:39:14.102 I/hakuX-lane(16668): [occl804] f=8736 wait=1 procs=1 q=7 qnz=0 pend=0 rep=7 repnz=0 repmax=0 v=0,0,0,0,0,0,0
10-04 20:39:14.118 I/hakuX-lane(16668): [occl804] f=8739 wait=1 procs=1 q=5 qnz=0 pend=0 rep=5 repnz=0 repmax=0 v=0,0,0,0,0
10-04 20:39:14.152 I/hakuX-lane(16668): [occl804] f=8740 wait=1 procs=1 q=2 qnz=0 pend=0 rep=2 repnz=0 repmax=0 v=0,0
10-04 20:39:14.168 I/hakuX-lane(16668): [occl804] f=8742 wait=1 procs=1 q=5 qnz=0 pend=0 rep=5 repnz=0 repmax=0 v=0,0,0,0,0
10-04 20:39:14.202 I/hakuX-lane(16668): [occl804] f=8743 wait=1 procs=1 q=2 qnz=0 pend=0 rep=2 repnz=0 repmax=0 v=0,0
10-04 20:39:14.237 I/hakuX-lane(16668): [occl804] f=8745 wait=1 procs=1 q=5 qnz=0 pend=0 rep=5 repnz=0 repmax=0 v=0,0,0,0,0
10-04 20:39:14.252 I/hakuX-lane(16668): [occl804] f=8747 wait=1 procs=1 q=2 qnz=0 pend=0 rep=2 repnz=0 repmax=0 v=0,0
10-04 20:39:14.285 I/hakuX-lane(16668): [occl804] f=8748 wait=1 procs=1 q=5 qnz=0 pend=0 rep=5 repnz=0 repmax=0 v=0,0,0,0,0
10-04 20:39:14.302 I/hakuX-lane(16668): [occl804] f=8750 wait=1 procs=1 q=5 qnz=0 pend=0 rep=5 repnz=0 repmax=0 v=0,0,0,0,0
10-04 20:39:14.318 I/hakuX-lane(16668): [occl804] f=8751 wait=1 procs=1 q=2 qnz=0 pend=0 rep=2 repnz=0 repmax=0 v=0,0
10-04 20:39:14.355 I/hakuX-lane(16668): [occl804] f=8752 wait=1 procs=1 q=5 qnz=0 pend=0 rep=5 repnz=0 repmax=0 v=0,0,0,0,0
10-04 20:39:14.368 I/hakuX-lane(16668): [occl804] f=8754 wait=1 procs=1 q=5 qnz=0 pend=0 rep=5 repnz=0 repmax=0 v=0,0,0,0,0
10-04 20:39:14.402 I/hakuX-lane(16668): [occl804] f=8755 wait=1 procs=1 q=2 qnz=0 pend=0 rep=2 repnz=0 repmax=0 v=0,0
10-04 20:39:14.435 I/hakuX-lane(16668): [occl804] f=8757 wait=1 procs=1 q=5 qnz=0 pend=0 rep=5 repnz=0 repmax=0 v=0,0,0,0,0
10-04 20:39:14.485 I/hakuX-lane(16668): [occl804] f=8759 wait=1 procs=1 q=7 qnz=0 pend=0 rep=7 repnz=0 repmax=0 v=0,0,0,0,0,0,0
10-04 20:39:14.502 I/hakuX-lane(16668): [occl804] f=8762 wait=1 procs=1 q=5 qnz=0 pend=0 rep=5 repnz=0 repmax=0 v=0,0,0,0,0
10-04 20:39:14.535 I/hakuX-lane(16668): [occl804] f=8763 wait=1 procs=1 q=2 qnz=0 pend=0 rep=2 repnz=0 repmax=0 v=0,0
10-04 20:39:14.568 I/hakuX-lane(16668): [occl804] f=8765 wait=1 procs=1 q=5 qnz=0 pend=0 rep=5 repnz=0 repmax=0 v=0,0,0,0,0
10-04 20:39:14.618 I/hakuX-lane(16668): [occl804] f=8767 wait=1 procs=1 q=7 qnz=0 pend=0 rep=7 repnz=0 repmax=0 v=0,0,0,0,0,0,0
10-04 20:39:14.635 I/hakuX-lane(16668): [occl804] f=8770 wait=1 procs=1 q=5 qnz=0 pend=0 rep=5 repnz=0 repmax=0 v=0,0,0,0,0
10-04 20:39:14.668 I/hakuX-lane(16668): [occl804] f=8771 wait=1 procs=1 q=2 qnz=0 pend=0 rep=2 repnz=0 repmax=0 v=0,0
10-04 20:39:14.685 I/hakuX-lane(16668): [occl804] f=8773 wait=1 procs=1 q=5 qnz=0 pend=0 rep=5 repnz=0 repmax=0 v=0,0,0,0,0
10-04 20:39:14.719 I/hakuX-lane(16668): [occl804] f=8774 wait=1 procs=1 q=2 qnz=0 pend=0 rep=2 repnz=0 repmax=0 v=0,0
10-04 20:39:14.752 I/hakuX-lane(16668): [occl804] f=8776 wait=1 procs=1 q=5 qnz=0 pend=0 rep=5 repnz=0 repmax=0 v=0,0,0,0,0
10-04 20:39:14.768 I/hakuX-lane(16668): [occl804] f=8778 wait=1 procs=1 q=2 qnz=0 pend=0 rep=2 repnz=0 repmax=0 v=0,0
10-04 20:39:14.802 I/hakuX-lane(16668): [occl804] f=8779 wait=1 procs=1 q=5 qnz=0 pend=0 rep=5 repnz=0 repmax=0 v=0,0,0,0,0
10-04 20:39:14.818 I/hakuX-lane(16668): [occl804] f=8781 wait=1 procs=1 q=5 qnz=0 pend=0 rep=5 repnz=0 repmax=0 v=0,0,0,0,0
10-04 20:39:14.835 I/hakuX-lane(16668): [occl804] f=8782 wait=1 procs=1 q=2 qnz=0 pend=0 rep=2 repnz=0 repmax=0 v=0,0
10-04 20:39:14.869 I/hakuX-lane(16668): [occl804] f=8783 wait=1 procs=1 q=5 qnz=0 pend=0 rep=5 repnz=0 repmax=0 v=0,0,0,0,0
10-04 20:39:14.902 I/hakuX-lane(16668): [occl804] f=8785 wait=1 procs=1 q=7 qnz=0 pend=0 rep=7 repnz=0 repmax=0 v=0,0,0,0,0,0,0
10-04 20:39:14.919 I/hakuX-lane(16668): [occl804] f=8787 wait=1 procs=1 q=5 qnz=0 pend=0 rep=5 repnz=0 repmax=0 v=0,0,0,0,0
10-04 20:39:14.935 I/hakuX-lane(16668): [occl804] f=8788 wait=1 procs=1 q=2 qnz=0 pend=0 rep=2 repnz=0 repmax=0 v=0,0
10-04 20:39:14.969 I/hakuX-lane(16668): [occl804] f=8789 wait=1 procs=1 q=5 qnz=0 pend=0 rep=5 repnz=0 repmax=0 v=0,0,0,0,0
10-04 20:39:15.018 I/hakuX-lane(16668): [occl804] f=8791 wait=1 procs=1 q=7 qnz=0 pend=0 rep=7 repnz=0 repmax=0 v=0,0,0,0,0,0,0
10-04 20:39:15.035 I/hakuX-lane(16668): [occl804] f=8794 wait=1 procs=1 q=5 qnz=0 pend=0 rep=5 repnz=0 repmax=0 v=0,0,0,0,0
10-04 20:39:15.069 I/hakuX-lane(16668): [occl804] f=8795 wait=1 procs=1 q=2 qnz=0 pend=0 rep=2 repnz=0 repmax=0 v=0,0
10-04 20:39:15.102 I/hakuX-lane(16668): [occl804] f=8797 wait=1 procs=1 q=5 qnz=0 pend=0 rep=5 repnz=0 repmax=0 v=0,0,0,0,0
10-04 20:39:15.135 I/hakuX-lane(16668): [occl804] f=8799 wait=1 procs=1 q=7 qnz=0 pend=0 rep=7 repnz=0 repmax=0 v=0,0,0,0,0,0,0
10-04 20:39:15.152 I/hakuX-lane(16668): [occl804] f=8801 wait=1 procs=1 q=5 qnz=0 pend=0 rep=5 repnz=0 repmax=0 v=0,0,0,0,0
10-04 20:39:15.185 I/hakuX-lane(16668): [occl804] f=8802 wait=1 procs=1 q=2 qnz=0 pend=0 rep=2 repnz=0 repmax=0 v=0,0
10-04 20:39:15.218 I/hakuX-lane(16668): [occl804] f=8804 wait=1 procs=1 q=5 qnz=0 pend=0 rep=5 repnz=0 repmax=0 v=0,0,0,0,0
10-04 20:39:15.235 I/hakuX-lane(16668): [occl804] f=8806 wait=1 procs=1 q=2 qnz=0 pend=0 rep=2 repnz=0 repmax=0 v=0,0
10-04 20:39:15.269 I/hakuX-lane(16668): [occl804] f=8807 wait=1 procs=1 q=5 qnz=0 pend=0 rep=5 repnz=0 repmax=0 v=0,0,0,0,0
10-04 20:39:15.319 I/hakuX-lane(16668): [occl804] f=8809 wait=1 procs=1 q=7 qnz=0 pend=0 rep=7 repnz=0 repmax=0 v=0,0,0,0,0,0,0
10-04 20:39:15.335 I/hakuX-lane(16668): [occl804] f=8812 wait=1 procs=1 q=5 qnz=0 pend=0 rep=5 repnz=0 repmax=0 v=0,0,0,0,0
10-04 20:39:15.369 I/hakuX-lane(16668): [occl804] f=8813 wait=1 procs=1 q=2 qnz=0 pend=0 rep=2 repnz=0 repmax=0 v=0,0
10-04 20:39:15.386 I/hakuX-lane(16668): [occl804] f=8815 wait=1 procs=1 q=5 qnz=0 pend=0 rep=5 repnz=0 repmax=0 v=0,0,0,0,0
10-04 20:39:15.402 I/hakuX-lane(16668): [occl804] f=8816 wait=1 procs=1 q=2 qnz=0 pend=0 rep=2 repnz=0 repmax=0 v=0,0
10-04 20:39:15.436 I/hakuX-lane(16668): [occl804] f=8817 wait=1 procs=1 q=5 qnz=0 pend=0 rep=5 repnz=0 repmax=0 v=0,0,0,0,0
10-04 20:39:15.485 I/hakuX-lane(16668): [occl804] f=8819 wait=1 procs=1 q=7 qnz=0 pend=0 rep=7 repnz=0 repmax=0 v=0,0,0,0,0,0,0
10-04 20:39:15.502 I/hakuX-lane(16668): [occl804] f=8822 wait=1 procs=1 q=5 qnz=0 pend=0 rep=5 repnz=0 repmax=0 v=0,0,0,0,0
10-04 20:39:15.519 I/hakuX-lane(16668): [occl804] f=8823 wait=1 procs=1 q=2 qnz=0 pend=0 rep=2 repnz=0 repmax=0 v=0,0
10-04 20:39:15.553 I/hakuX-lane(16668): [occl804] f=8824 wait=1 procs=1 q=5 qnz=0 pend=0 rep=5 repnz=0 repmax=0 v=0,0,0,0,0
10-04 20:39:15.603 I/hakuX-lane(16668): [occl804] f=8826 wait=1 procs=1 q=7 qnz=0 pend=0 rep=7 repnz=0 repmax=0 v=0,0,0,0,0,0,0
10-04 20:39:15.619 I/hakuX-lane(16668): [occl804] f=8829 wait=1 procs=1 q=5 qnz=0 pend=0 rep=5 repnz=0 repmax=0 v=0,0,0,0,0
10-04 20:39:15.653 I/hakuX-lane(16668): [occl804] f=8830 wait=1 procs=1 q=2 qnz=0 pend=0 rep=2 repnz=0 repmax=0 v=0,0
10-04 20:39:15.686 I/hakuX-lane(16668): [occl804] f=8832 wait=1 procs=1 q=5 qnz=0 pend=0 rep=5 repnz=0 repmax=0 v=0,0,0,0,0
10-04 20:39:15.703 I/hakuX-lane(16668): [occl804] f=8834 wait=1 procs=1 q=2 qnz=0 pend=0 rep=2 repnz=0 repmax=0 v=0,0
10-04 20:39:15.753 I/hakuX-lane(16668): [occl804] f=8835 wait=1 procs=1 q=5 qnz=0 pend=0 rep=5 repnz=0 repmax=0 v=0,0,0,0,0
10-04 20:39:15.803 I/hakuX-lane(16668): [occl804] f=8838 wait=1 procs=1 q=7 qnz=0 pend=0 rep=7 repnz=0 repmax=0 v=0,0,0,0,0,0,0
10-04 20:39:15.819 I/hakuX-lane(16668): [occl804] f=8841 wait=1 procs=1 q=5 qnz=0 pend=0 rep=5 repnz=0 repmax=0 v=0,0,0,0,0
10-04 20:39:15.853 I/hakuX-lane(16668): [occl804] f=8842 wait=1 procs=1 q=2 qnz=0 pend=0 rep=2 repnz=0 repmax=0 v=0,0
10-04 20:39:15.886 I/hakuX-lane(16668): [occl804] f=8844 wait=1 procs=1 q=5 qnz=0 pend=0 rep=5 repnz=0 repmax=0 v=0,0,0,0,0
10-04 20:39:15.936 I/hakuX-lane(16668): [occl804] f=8846 wait=1 procs=1 q=7 qnz=0 pend=0 rep=7 repnz=0 repmax=0 v=0,0,0,0,0,0,0
10-04 20:39:15.953 I/hakuX-lane(16668): [occl804] f=8849 wait=1 procs=1 q=5 qnz=0 pend=0 rep=5 repnz=0 repmax=0 v=0,0,0,0,0
10-04 20:39:15.986 I/hakuX-lane(16668): [occl804] f=8850 wait=1 procs=1 q=2 qnz=0 pend=0 rep=2 repnz=0 repmax=0 v=0,0
10-04 20:39:16.003 I/hakuX-lane(16668): [occl804] f=8852 wait=1 procs=1 q=5 qnz=0 pend=0 rep=5 repnz=0 repmax=0 v=0,0,0,0,0
10-04 20:39:16.025 I/hakuX-lane(16668): [occl804] f=8853 wait=1 procs=1 q=2 qnz=0 pend=0 rep=2 repnz=0 repmax=0 v=0,0
10-04 20:39:16.053 I/hakuX-lane(16668): [occl804] f=8854 wait=1 procs=1 q=5 qnz=0 pend=0 rep=5 repnz=0 repmax=0 v=0,0,0,0,0
10-04 20:39:16.069 I/hakuX-lane(16668): [occl804] f=8856 wait=1 procs=1 q=2 qnz=0 pend=0 rep=2 repnz=0 repmax=0 v=0,0
10-04 20:39:16.103 I/hakuX-lane(16668): [occl804] f=8857 wait=1 procs=1 q=5 qnz=0 pend=0 rep=5 repnz=0 repmax=0 v=0,0,0,0,0
10-04 20:39:16.136 I/hakuX-lane(16668): [occl804] f=8859 wait=1 procs=1 q=7 qnz=0 pend=0 rep=7 repnz=0 repmax=0 v=0,0,0,0,0,0,0
10-04 20:39:16.153 I/hakuX-lane(16668): [occl804] f=8861 wait=1 procs=1 q=5 qnz=0 pend=0 rep=5 repnz=0 repmax=0 v=0,0,0,0,0
10-04 20:39:16.169 I/hakuX-lane(16668): [occl804] f=8862 wait=1 procs=1 q=2 qnz=0 pend=0 rep=2 repnz=0 repmax=0 v=0,0
10-04 20:39:16.203 I/hakuX-lane(16668): [occl804] f=8863 wait=1 procs=1 q=5 qnz=0 pend=0 rep=5 repnz=0 repmax=0 v=0,0,0,0,0
10-04 20:39:16.219 I/hakuX-lane(16668): [occl804] f=8865 wait=1 procs=1 q=5 qnz=0 pend=0 rep=5 repnz=0 repmax=0 v=0,0,0,0,0
10-04 20:39:16.236 I/hakuX-lane(16668): [occl804] f=8866 wait=1 procs=1 q=2 qnz=0 pend=0 rep=2 repnz=0 repmax=0 v=0,0
10-04 20:39:16.269 I/hakuX-lane(16668): [occl804] f=8867 wait=1 procs=1 q=5 qnz=0 pend=0 rep=5 repnz=0 repmax=0 v=0,0,0,0,0
10-04 20:39:16.303 I/hakuX-lane(16668): [occl804] f=8869 wait=1 procs=1 q=7 qnz=0 pend=0 rep=7 repnz=0 repmax=0 v=0,0,0,0,0,0,0
10-04 20:39:16.341 I/hakuX-lane(16668): [occl804] f=8871 wait=1 procs=1 q=7 qnz=0 pend=0 rep=7 repnz=0 repmax=0 v=0,0,0,0,0,0,0
10-04 20:39:16.353 I/hakuX-lane(16668): [occl804] f=8873 wait=1 procs=1 q=5 qnz=0 pend=0 rep=5 repnz=0 repmax=0 v=0,0,0,0,0
10-04 20:39:16.369 I/hakuX-lane(16668): [occl804] f=8874 wait=1 procs=1 q=2 qnz=0 pend=0 rep=2 repnz=0 repmax=0 v=0,0
10-04 20:39:16.403 I/hakuX-lane(16668): [occl804] f=8875 wait=1 procs=1 q=5 qnz=0 pend=0 rep=5 repnz=0 repmax=0 v=0,0,0,0,0
10-04 20:39:16.436 I/hakuX-lane(16668): [occl804] f=8877 wait=1 procs=1 q=7 qnz=0 pend=0 rep=7 repnz=0 repmax=0 v=0,0,0,0,0,0,0
10-04 20:39:16.453 I/hakuX-lane(16668): [occl804] f=8879 wait=1 procs=1 q=5 qnz=0 pend=0 rep=5 repnz=0 repmax=0 v=0,0,0,0,0
10-04 20:39:16.486 I/hakuX-lane(16668): [occl804] f=8880 wait=1 procs=1 q=7 qnz=0 pend=0 rep=7 repnz=0 repmax=0 v=0,0,0,0,0,0,0
10-04 20:39:16.519 I/hakuX-lane(16668): [occl804] f=8882 wait=1 procs=1 q=7 qnz=0 pend=0 rep=7 repnz=0 repmax=0 v=0,0,0,0,0,0,0
10-04 20:39:16.536 I/hakuX-lane(16668): [occl804] f=8884 wait=1 procs=1 q=5 qnz=0 pend=0 rep=5 repnz=0 repmax=0 v=0,0,0,0,0
10-04 20:39:16.553 I/hakuX-lane(16668): [occl804] f=8885 wait=1 procs=1 q=2 qnz=0 pend=0 rep=2 repnz=0 repmax=0 v=0,0
10-04 20:39:16.586 I/hakuX-lane(16668): [occl804] f=8886 wait=1 procs=1 q=5 qnz=0 pend=0 rep=5 repnz=0 repmax=0 v=0,0,0,0,0
10-04 20:39:16.620 I/hakuX-lane(16668): [occl804] f=8888 wait=1 procs=1 q=7 qnz=0 pend=0 rep=7 repnz=0 repmax=0 v=0,0,0,0,0,0,0
10-04 20:39:16.636 I/hakuX-lane(16668): [occl804] f=8890 wait=1 procs=1 q=5 qnz=0 pend=0 rep=5 repnz=0 repmax=0 v=0,0,0,0,0
10-04 20:39:16.653 I/hakuX-lane(16668): [occl804] f=8891 wait=1 procs=1 q=2 qnz=0 pend=0 rep=2 repnz=0 repmax=0 v=0,0
10-04 20:39:16.686 I/hakuX-lane(16668): [occl804] f=8892 wait=1 procs=1 q=5 qnz=0 pend=0 rep=5 repnz=0 repmax=0 v=0,0,0,0,0
10-04 20:39:16.720 I/hakuX-lane(16668): [occl804] f=8894 wait=1 procs=1 q=7 qnz=0 pend=0 rep=7 repnz=0 repmax=0 v=0,0,0,0,0,0,0
10-04 20:39:16.736 I/hakuX-lane(16668): [occl804] f=8896 wait=1 procs=1 q=5 qnz=0 pend=0 rep=5 repnz=0 repmax=0 v=0,0,0,0,0
10-04 20:39:16.753 I/hakuX-lane(16668): [occl804] f=8897 wait=1 procs=1 q=2 qnz=0 pend=0 rep=2 repnz=0 repmax=0 v=0,0
10-04 20:39:16.791 I/hakuX-lane(16668): [occl804] f=8898 wait=1 procs=1 q=5 qnz=0 pend=0 rep=5 repnz=0 repmax=0 v=0,0,0,0,0
10-04 20:39:16.836 I/hakuX-lane(16668): [occl804] f=8900 wait=1 procs=1 q=7 qnz=0 pend=0 rep=7 repnz=0 repmax=0 v=0,0,0,0,0,0,0
10-04 20:39:16.869 I/hakuX-lane(16668): [occl804] f=8903 wait=1 procs=1 q=7 qnz=0 pend=0 rep=7 repnz=0 repmax=0 v=0,0,0,0,0,0,0
10-04 20:39:16.886 I/hakuX-lane(16668): [occl804] f=8905 wait=1 procs=1 q=5 qnz=0 pend=0 rep=5 repnz=0 repmax=0 v=0,0,0,0,0
10-04 20:39:16.903 I/hakuX-lane(16668): [occl804] f=8906 wait=1 procs=1 q=2 qnz=0 pend=0 rep=2 repnz=0 repmax=0 v=0,0
10-04 20:39:16.953 I/hakuX-lane(16668): [occl804] f=8907 wait=1 procs=1 q=5 qnz=0 pend=0 rep=5 repnz=0 repmax=0 v=0,0,0,0,0
10-04 20:39:16.986 I/hakuX-lane(16668): [occl804] f=8910 wait=1 procs=1 q=7 qnz=0 pend=0 rep=7 repnz=0 repmax=0 v=0,0,0,0,0,0,0
10-04 20:39:17.003 I/hakuX-lane(16668): [occl804] f=8912 wait=1 procs=1 q=5 qnz=0 pend=0 rep=5 repnz=0 repmax=0 v=0,0,0,0,0
10-04 20:39:17.020 I/hakuX-lane(16668): [occl804] f=8913 wait=1 procs=1 q=2 qnz=0 pend=0 rep=2 repnz=0 repmax=0 v=0,0
10-04 20:39:17.070 I/hakuX-lane(16668): [occl804] f=8914 wait=1 procs=1 q=5 qnz=0 pend=0 rep=5 repnz=0 repmax=0 v=0,0,0,0,0
10-04 20:39:17.121 I/hakuX-lane(16668): [occl804] f=8917 wait=1 procs=1 q=7 qnz=0 pend=0 rep=7 repnz=0 repmax=0 v=0,0,0,0,0,0,0
10-04 20:39:17.136 I/hakuX-lane(16668): [occl804] f=8920 wait=1 procs=1 q=5 qnz=0 pend=0 rep=5 repnz=0 repmax=0 v=0,0,0,0,0
10-04 20:39:17.170 I/hakuX-lane(16668): [occl804] f=8921 wait=1 procs=1 q=2 qnz=0 pend=0 rep=2 repnz=0 repmax=0 v=0,0
10-04 20:39:17.186 I/hakuX-lane(16668): [occl804] f=8923 wait=1 procs=1 q=5 qnz=0 pend=0 rep=5 repnz=0 repmax=0 v=0,0,0,0,0
10-04 20:39:17.204 I/hakuX-lane(16668): [occl804] f=8924 wait=1 procs=1 q=2 qnz=0 pend=0 rep=2 repnz=0 repmax=0 v=0,0
10-04 20:39:17.237 I/hakuX-lane(16668): [occl804] f=8925 wait=1 procs=1 q=5 qnz=0 pend=0 rep=5 repnz=0 repmax=0 v=0,0,0,0,0
10-04 20:39:17.270 I/hakuX-lane(16668): [occl804] f=8927 wait=1 procs=1 q=7 qnz=0 pend=0 rep=7 repnz=0 repmax=0 v=0,0,0,0,0,0,0
10-04 20:39:17.287 I/hakuX-lane(16668): [occl804] f=8929 wait=1 procs=1 q=5 qnz=0 pend=0 rep=5 repnz=0 repmax=0 v=0,0,0,0,0
10-04 20:39:17.304 I/hakuX-lane(16668): [occl804] f=8930 wait=1 procs=1 q=2 qnz=0 pend=0 rep=2 repnz=0 repmax=0 v=0,0
10-04 20:39:17.354 I/hakuX-lane(16668): [occl804] f=8931 wait=1 procs=1 q=5 qnz=0 pend=0 rep=5 repnz=0 repmax=0 v=0,0,0,0,0
10-04 20:39:17.387 I/hakuX-lane(16668): [occl804] f=8934 wait=1 procs=1 q=7 qnz=0 pend=0 rep=7 repnz=0 repmax=0 v=0,0,0,0,0,0,0
10-04 20:39:17.404 I/hakuX-lane(16668): [occl804] f=8936 wait=1 procs=1 q=5 qnz=0 pend=0 rep=5 repnz=0 repmax=0 v=0,0,0,0,0
10-04 20:39:17.420 I/hakuX-lane(16668): [occl804] f=8937 wait=1 procs=1 q=2 qnz=0 pend=0 rep=2 repnz=0 repmax=0 v=0,0
10-04 20:39:17.454 I/hakuX-lane(16668): [occl804] f=8938 wait=1 procs=1 q=5 qnz=0 pend=0 rep=5 repnz=0 repmax=0 v=0,0,0,0,0
10-04 20:39:17.492 I/hakuX-lane(16668): [occl804] f=8940 wait=1 procs=1 q=7 qnz=0 pend=0 rep=7 repnz=0 repmax=0 v=0,0,0,0,0,0,0
10-04 20:39:17.509 I/hakuX-lane(16668): [occl804] f=8942 wait=1 procs=1 q=5 qnz=0 pend=0 rep=5 repnz=0 repmax=0 v=0,0,0,0,0
10-04 20:39:17.527 I/hakuX-lane(16668): [occl804] f=8943 wait=1 procs=1 q=4 qnz=0 pend=0 rep=4 repnz=0 repmax=0 v=0,0,0,0
10-04 20:39:17.558 I/hakuX-lane(16668): [occl804] f=8944 wait=1 procs=1 q=5 qnz=0 pend=0 rep=5 repnz=0 repmax=0 v=0,0,0,0,0
10-04 20:39:17.591 I/hakuX-lane(16668): [occl804] f=8946 wait=1 procs=1 q=9 qnz=0 pend=0 rep=9 repnz=0 repmax=0 v=0,0,0,0,0,0,0,0,0
10-04 20:39:17.624 I/hakuX-lane(16668): [occl804] f=8948 wait=1 procs=1 q=9 qnz=0 pend=0 rep=9 repnz=0 repmax=0 v=0,0,0,0,0,0,0,0,0
10-04 20:39:17.658 I/hakuX-lane(16668): [occl804] f=8950 wait=1 procs=1 q=9 qnz=0 pend=0 rep=9 repnz=0 repmax=0 v=0,0,0,0,0,0,0,0,0
10-04 20:39:17.692 I/hakuX-lane(16668): [occl804] f=8952 wait=1 procs=1 q=9 qnz=0 pend=0 rep=9 repnz=0 repmax=0 v=0,0,0,0,0,0,0,0,0
10-04 20:39:17.708 I/hakuX-lane(16668): [occl804] f=8954 wait=1 procs=1 q=5 qnz=0 pend=0 rep=5 repnz=0 repmax=0 v=0,0,0,0,0
10-04 20:39:17.725 I/hakuX-lane(16668): [occl804] f=8955 wait=1 procs=1 q=4 qnz=0 pend=0 rep=4 repnz=0 repmax=0 v=0,0,0,0
10-04 20:39:17.758 I/hakuX-lane(16668): [occl804] f=8956 wait=1 procs=1 q=5 qnz=0 pend=0 rep=5 repnz=0 repmax=0 v=0,0,0,0,0
10-04 20:39:17.791 I/hakuX-lane(16668): [occl804] f=8958 wait=1 procs=1 q=9 qnz=0 pend=0 rep=9 repnz=0 repmax=0 v=0,0,0,0,0,0,0,0,0
10-04 20:39:17.808 I/hakuX-lane(16668): [occl804] f=8960 wait=1 procs=1 q=5 qnz=0 pend=0 rep=5 repnz=0 repmax=0 v=0,0,0,0,0
10-04 20:39:17.827 I/hakuX-lane(16668): [occl804] f=8961 wait=1 procs=1 q=4 qnz=0 pend=0 rep=4 repnz=0 repmax=0 v=0,0,0,0
10-04 20:39:17.843 I/hakuX-lane(16668): [occl804] f=8962 wait=1 procs=1 q=5 qnz=0 pend=0 rep=5 repnz=0 repmax=0 v=0,0,0,0,0
10-04 20:39:17.864 I/hakuX-lane(16668): [occl804] f=8963 wait=1 procs=1 q=2 qnz=0 pend=0 rep=2 repnz=0 repmax=0 v=0,0
10-04 20:39:17.890 I/hakuX-lane(16668): [occl804] f=8964 wait=1 procs=2 q=12 qnz=0 pend=0 rep=12 repnz=0 repmax=0 v=0,0,0,0,0,0,0,0,0,0,0,0
10-04 20:39:17.912 I/hakuX-lane(16668): [occl804] f=8965 wait=1 procs=2 q=7 qnz=0 pend=0 rep=7 repnz=0 repmax=0 v=0,0,0,0,0,0,0
10-04 20:39:17.928 I/hakuX-lane(16668): [occl804] f=8966 wait=1 procs=1 q=2 qnz=0 pend=0 rep=2 repnz=0 repmax=0 v=0,0
10-04 20:39:17.954 I/hakuX-lane(16668): [occl804] f=8967 wait=1 procs=2 q=12 qnz=0 pend=0 rep=12 repnz=0 repmax=0 v=0,0,0,0,0,0,0,0,0,0,0,0
10-04 20:39:17.976 I/hakuX-lane(16668): [occl804] f=8968 wait=1 procs=2 q=7 qnz=0 pend=0 rep=7 repnz=0 repmax=0 v=0,0,0,0,0,0,0
10-04 20:39:17.994 I/hakuX-lane(16668): [occl804] f=8969 wait=1 procs=2 q=7 qnz=0 pend=0 rep=7 repnz=0 repmax=0 v=0,0,0,0,0,0,0
10-04 20:39:18.006 I/hakuX-lane(16668): [occl804] f=8970 wait=1 procs=1 q=2 qnz=0 pend=0 rep=2 repnz=0 repmax=0 v=0,0
10-04 20:39:18.042 I/hakuX-lane(16668): [occl804] f=8971 wait=1 procs=3 q=14 qnz=0 pend=0 rep=14 repnz=0 repmax=0 v=0,0,0,0,0,0,0,0,0,0,0,0,0,0
10-04 20:39:18.047 I/hakuX-lane(16668): [occl804] f=8972 wait=1 procs=1 q=5 qnz=0 pend=0 rep=5 repnz=0 repmax=0 v=0,0,0,0,0
10-04 20:39:18.058 I/hakuX-lane(16668): [occl804] f=8973 wait=1 procs=1 q=2 qnz=0 pend=0 rep=2 repnz=0 repmax=0 v=0,0
10-04 20:39:18.080 I/hakuX-lane(16668): [occl804] f=8974 wait=1 procs=2 q=12 qnz=0 pend=0 rep=12 repnz=0 repmax=0 v=0,0,0,0,0,0,0,0,0,0,0,0
10-04 20:39:18.097 I/hakuX-lane(16668): [occl804] f=8975 wait=1 procs=2 q=7 qnz=0 pend=0 rep=7 repnz=0 repmax=0 v=0,0,0,0,0,0,0
10-04 20:39:18.110 I/hakuX-lane(16668): [occl804] f=8976 wait=1 procs=1 q=2 qnz=0 pend=0 rep=2 repnz=0 repmax=0 v=0,0
10-04 20:39:18.136 I/hakuX-lane(16668): [occl804] f=8977 wait=1 procs=2 q=12 qnz=0 pend=0 rep=12 repnz=0 repmax=0 v=0,0,0,0,0,0,0,0,0,0,0,0
10-04 20:39:18.171 I/hakuX-lane(16668): [occl804] f=8978 wait=1 procs=3 q=9 qnz=0 pend=0 rep=9 repnz=0 repmax=0 v=0,0,0,0,0,0,0,0,0
10-04 20:39:18.199 I/hakuX-lane(16668): [occl804] f=8979 wait=1 procs=2 q=7 qnz=0 pend=0 rep=7 repnz=0 repmax=0 v=0,0,0,0,0,0,0
10-04 20:39:18.217 I/hakuX-lane(16668): [occl804] f=8981 wait=1 procs=2 q=12 qnz=0 pend=0 rep=12 repnz=0 repmax=0 v=0,0,0,0,0,0,0,0,0,0,0,0
10-04 20:39:18.233 I/hakuX-lane(16668): [occl804] f=8982 wait=1 procs=2 q=7 qnz=0 pend=0 rep=7 repnz=0 repmax=0 v=0,0,0,0,0,0,0
10-04 20:39:18.251 I/hakuX-lane(16668): [occl804] f=8983 wait=1 procs=2 q=7 qnz=0 pend=0 rep=7 repnz=0 repmax=0 v=0,0,0,0,0,0,0
10-04 20:39:18.267 I/hakuX-lane(16668): [occl804] f=8984 wait=1 procs=2 q=7 qnz=0 pend=0 rep=7 repnz=0 repmax=0 v=0,0,0,0,0,0,0
10-04 20:39:18.285 I/hakuX-lane(16668): [occl804] f=8985 wait=1 procs=2 q=7 qnz=0 pend=0 rep=7 repnz=0 repmax=0 v=0,0,0,0,0,0,0
10-04 20:39:18.304 I/hakuX-lane(16668): [occl804] f=8986 wait=1 procs=2 q=7 qnz=0 pend=0 rep=7 repnz=0 repmax=0 v=0,0,0,0,0,0,0
10-04 20:39:18.321 I/hakuX-lane(16668): [occl804] f=8987 wait=1 procs=2 q=7 qnz=0 pend=0 rep=7 repnz=0 repmax=0 v=0,0,0,0,0,0,0
10-04 20:39:18.343 I/hakuX-lane(16668): [occl804] f=8988 wait=1 procs=2 q=7 qnz=0 pend=0 rep=7 repnz=0 repmax=0 v=0,0,0,0,0,0,0
10-04 20:39:18.360 I/hakuX-lane(16668): [occl804] f=8989 wait=1 procs=2 q=7 qnz=0 pend=0 rep=7 repnz=0 repmax=0 v=0,0,0,0,0,0,0
10-04 20:39:18.378 I/hakuX-lane(16668): [occl804] f=8990 wait=1 procs=2 q=7 qnz=0 pend=0 rep=7 repnz=0 repmax=0 v=0,0,0,0,0,0,0
10-04 20:39:18.397 I/hakuX-lane(16668): [occl804] f=8991 wait=1 procs=2 q=7 qnz=0 pend=0 rep=7 repnz=0 repmax=0 v=0,0,0,0,0,0,0
10-04 20:39:18.414 I/hakuX-lane(16668): [occl804] f=8992 wait=1 procs=2 q=7 qnz=0 pend=0 rep=7 repnz=0 repmax=0 v=0,0,0,0,0,0,0
10-04 20:39:18.431 I/hakuX-lane(16668): [occl804] f=8993 wait=1 procs=2 q=7 qnz=0 pend=0 rep=7 repnz=0 repmax=0 v=0,0,0,0,0,0,0
10-04 20:39:18.445 I/hakuX-lane(16668): [occl804] f=8994 wait=1 procs=2 q=7 qnz=0 pend=0 rep=7 repnz=0 repmax=0 v=0,0,0,0,0,0,0
10-04 20:39:18.463 I/hakuX-lane(16668): [occl804] f=8995 wait=1 procs=2 q=7 qnz=0 pend=0 rep=7 repnz=0 repmax=0 v=0,0,0,0,0,0,0
10-04 20:39:18.482 I/hakuX-lane(16668): [occl804] f=8996 wait=1 procs=2 q=7 qnz=0 pend=0 rep=7 repnz=0 repmax=0 v=0,0,0,0,0,0,0
10-04 20:39:18.509 I/hakuX-lane(16668): [occl804] f=8997 wait=1 procs=3 q=9 qnz=0 pend=0 rep=9 repnz=0 repmax=0 v=0,0,0,0,0,0,0,0,0
10-04 20:39:18.515 I/hakuX-lane(16668): [occl804] f=8998 wait=1 procs=1 q=5 qnz=0 pend=0 rep=5 repnz=0 repmax=0 v=0,0,0,0,0
10-04 20:39:18.543 I/hakuX-lane(16668): [occl804] f=8999 wait=1 procs=3 q=9 qnz=0 pend=0 rep=9 repnz=0 repmax=0 v=0,0,0,0,0,0,0,0,0
10-04 20:39:18.548 I/hakuX-lane(16668): [occl804] f=9000 wait=1 procs=1 q=5 qnz=0 pend=0 rep=5 repnz=0 repmax=0 v=0,0,0,0,0
10-04 20:39:18.570 I/hakuX-lane(16668): [occl804] f=9001 wait=1 procs=2 q=7 qnz=0 pend=0 rep=7 repnz=0 repmax=0 v=0,0,0,0,0,0,0
10-04 20:39:18.601 I/hakuX-lane(16668): [occl804] f=9002 wait=1 procs=3 q=9 qnz=0 pend=0 rep=9 repnz=0 repmax=0 v=0,0,0,0,0,0,0,0,0
10-04 20:39:18.614 I/hakuX-lane(16668): [occl804] f=9004 wait=1 procs=1 q=7 qnz=0 pend=0 rep=7 repnz=0 repmax=0 v=0,0,0,0,0,0,0
10-04 20:39:18.640 I/hakuX-lane(16668): [occl804] f=9005 wait=1 procs=1 q=7 qnz=0 pend=0 rep=7 repnz=0 repmax=0 v=0,0,0,0,0,0,0
10-04 20:39:18.653 I/hakuX-lane(16668): [occl804] f=9006 wait=1 procs=1 q=7 qnz=0 pend=0 rep=7 repnz=0 repmax=0 v=0,0,0,0,0,0,0
10-04 20:39:18.665 I/hakuX-lane(16668): [occl804] f=9007 wait=1 procs=1 q=2 qnz=0 pend=0 rep=2 repnz=0 repmax=0 v=0,0
10-04 20:39:18.680 I/hakuX-lane(16668): [occl804] f=9008 wait=1 procs=1 q=5 qnz=0 pend=0 rep=5 repnz=0 repmax=0 v=0,0,0,0,0
10-04 20:39:18.704 I/hakuX-lane(16668): [occl804] f=9009 wait=1 procs=1 q=9 qnz=0 pend=0 rep=9 repnz=0 repmax=0 v=0,0,0,0,0,0,0,0,0
10-04 20:39:18.716 I/hakuX-lane(16668): [occl804] f=9010 wait=1 procs=1 q=5 qnz=0 pend=0 rep=5 repnz=0 repmax=0 v=0,0,0,0,0
10-04 20:39:18.729 I/hakuX-lane(16668): [occl804] f=9011 wait=1 procs=1 q=4 qnz=0 pend=0 rep=4 repnz=0 repmax=0 v=0,0,0,0
10-04 20:39:18.762 I/hakuX-lane(16668): [occl804] f=9012 wait=1 procs=2 q=10 qnz=0 pend=0 rep=10 repnz=0 repmax=0 v=0,0,0,0,0,0,0,0,0,0
10-04 20:39:18.793 I/hakuX-lane(16668): [occl804] f=9013 wait=1 procs=2 q=9 qnz=0 pend=0 rep=9 repnz=0 repmax=0 v=0,0,0,0,0,0,0,0,0
10-04 20:39:18.797 I/hakuX-lane(16668): [occl804] f=9014 wait=1 procs=1 q=5 qnz=0 pend=0 rep=5 repnz=0 repmax=0 v=0,0,0,0,0
10-04 20:39:18.828 I/hakuX-lane(16668): [occl804] f=9015 wait=1 procs=2 q=9 qnz=0 pend=0 rep=9 repnz=0 repmax=0 v=0,0,0,0,0,0,0,0,0
10-04 20:39:18.835 I/hakuX-lane(16668): [occl804] f=9016 wait=1 procs=1 q=5 qnz=0 pend=0 rep=5 repnz=0 repmax=0 v=0,0,0,0,0
10-04 20:39:18.847 I/hakuX-lane(16668): [occl804] f=9017 wait=1 procs=1 q=4 qnz=0 pend=0 rep=4 repnz=0 repmax=0 v=0,0,0,0
10-04 20:39:18.870 I/hakuX-lane(16668): [occl804] f=9018 wait=1 procs=2 q=10 qnz=0 pend=0 rep=10 repnz=0 repmax=0 v=0,0,0,0,0,0,0,0,0,0
10-04 20:39:18.904 I/hakuX-lane(16668): [occl804] f=9019 wait=1 procs=2 q=9 qnz=0 pend=0 rep=9 repnz=0 repmax=0 v=0,0,0,0,0,0,0,0,0
10-04 20:39:18.911 I/hakuX-lane(16668): [occl804] f=9020 wait=1 procs=1 q=5 qnz=0 pend=0 rep=5 repnz=0 repmax=0 v=0,0,0,0,0
10-04 20:39:18.942 I/hakuX-lane(16668): [occl804] f=9021 wait=1 procs=2 q=9 qnz=0 pend=0 rep=9 repnz=0 repmax=0 v=0,0,0,0,0,0,0,0,0
10-04 20:39:18.946 I/hakuX-lane(16668): [occl804] f=9022 wait=1 procs=1 q=5 qnz=0 pend=0 rep=5 repnz=0 repmax=0 v=0,0,0,0,0
10-04 20:39:18.974 I/hakuX-lane(16668): [occl804] f=9023 wait=1 procs=2 q=9 qnz=0 pend=0 rep=9 repnz=0 repmax=0 v=0,0,0,0,0,0,0,0,0
10-04 20:39:18.981 I/hakuX-lane(16668): [occl804] f=9024 wait=1 procs=1 q=5 qnz=0 pend=0 rep=5 repnz=0 repmax=0 v=0,0,0,0,0
10-04 20:39:19.005 I/hakuX-lane(16668): [occl804] f=9025 wait=1 procs=2 q=9 qnz=0 pend=0 rep=9 repnz=0 repmax=0 v=0,0,0,0,0,0,0,0,0
10-04 20:39:19.016 I/hakuX-lane(16668): [occl804] f=9026 wait=1 procs=1 q=5 qnz=0 pend=0 rep=5 repnz=0 repmax=0 v=0,0,0,0,0
10-04 20:39:19.044 I/hakuX-lane(16668): [occl804] f=9027 wait=1 procs=2 q=9 qnz=0 pend=0 rep=9 repnz=0 repmax=0 v=0,0,0,0,0,0,0,0,0
10-04 20:39:19.062 I/hakuX-lane(16668): [occl804] f=9028 wait=1 procs=2 q=9 qnz=0 pend=0 rep=9 repnz=0 repmax=0 v=0,0,0,0,0,0,0,0,0
10-04 20:39:19.079 I/hakuX-lane(16668): [occl804] f=9030 wait=1 procs=1 q=5 qnz=0 pend=0 rep=5 repnz=0 repmax=0 v=0,0,0,0,0
10-04 20:39:19.113 I/hakuX-lane(16668): [occl804] f=9031 wait=1 procs=2 q=14 qnz=0 pend=0 rep=14 repnz=0 repmax=0 v=0,0,0,0,0,0,0,0,0,0,0,0,0,0
10-04 20:39:19.146 I/hakuX-lane(16668): [occl804] f=9033 wait=1 procs=2 q=14 qnz=0 pend=0 rep=14 repnz=0 repmax=0 v=0,0,0,0,0,0,0,0,0,0,0,0,0,0
10-04 20:39:19.154 I/hakuX-lane(16668): [occl804] f=9034 wait=1 procs=1 q=5 qnz=0 pend=0 rep=5 repnz=0 repmax=0 v=0,0,0,0,0
10-04 20:39:19.181 I/hakuX-lane(16668): [occl804] f=9035 wait=1 procs=2 q=9 qnz=0 pend=0 rep=9 repnz=0 repmax=0 v=0,0,0,0,0,0,0,0,0
10-04 20:39:19.187 I/hakuX-lane(16668): [occl804] f=9036 wait=1 procs=1 q=5 qnz=0 pend=0 rep=5 repnz=0 repmax=0 v=0,0,0,0,0
10-04 20:39:19.214 I/hakuX-lane(16668): [occl804] f=9037 wait=1 procs=2 q=9 qnz=0 pend=0 rep=9 repnz=0 repmax=0 v=0,0,0,0,0,0,0,0,0
10-04 20:39:19.243 I/hakuX-lane(16668): [occl804] f=9039 wait=1 procs=2 q=14 qnz=0 pend=0 rep=14 repnz=0 repmax=0 v=0,0,0,0,0,0,0,0,0,0,0,0,0,0
10-04 20:39:19.250 I/hakuX-lane(16668): [occl804] f=9040 wait=1 procs=1 q=5 qnz=0 pend=0 rep=5 repnz=0 repmax=0 v=0,0,0,0,0
10-04 20:39:19.263 I/hakuX-lane(16668): [occl804] f=9041 wait=1 procs=1 q=4 qnz=0 pend=0 rep=4 repnz=0 repmax=0 v=0,0,0,0
10-04 20:39:19.298 I/hakuX-lane(16668): [occl804] f=9042 wait=1 procs=3 q=14 qnz=0 pend=0 rep=14 repnz=0 repmax=0 v=0,0,0,0,0,0,0,0,0,0,0,0,0,0
10-04 20:39:19.314 I/hakuX-lane(16668): [occl804] f=9043 wait=1 procs=1 q=5 qnz=0 pend=0 rep=5 repnz=0 repmax=0 v=0,0,0,0,0
10-04 20:39:19.326 I/hakuX-lane(16668): [occl804] f=9044 wait=1 procs=1 q=5 qnz=0 pend=0 rep=5 repnz=0 repmax=0 v=0,0,0,0,0
10-04 20:39:19.337 I/hakuX-lane(16668): [occl804] f=9045 wait=1 procs=1 q=4 qnz=0 pend=0 rep=4 repnz=0 repmax=0 v=0,0,0,0
10-04 20:39:19.354 I/hakuX-lane(16668): [occl804] f=9046 wait=1 procs=1 q=5 qnz=0 pend=0 rep=5 repnz=0 repmax=0 v=0,0,0,0,0
10-04 20:39:19.366 I/hakuX-lane(16668): [occl804] f=9047 wait=1 procs=1 q=9 qnz=0 pend=0 rep=9 repnz=0 repmax=0 v=0,0,0,0,0,0,0,0,0
10-04 20:39:19.382 I/hakuX-lane(16668): [occl804] f=9048 wait=1 procs=1 q=5 qnz=0 pend=0 rep=5 repnz=0 repmax=0 v=0,0,0,0,0
10-04 20:39:19.397 I/hakuX-lane(16668): [occl804] f=9049 wait=1 procs=1 q=9 qnz=0 pend=0 rep=9 repnz=0 repmax=0 v=0,0,0,0,0,0,0,0,0
10-04 20:39:19.419 I/hakuX-lane(16668): [occl804] f=9050 wait=1 procs=1 q=5 qnz=0 pend=0 rep=5 repnz=0 repmax=0 v=0,0,0,0,0
10-04 20:39:19.435 I/hakuX-lane(16668): [occl804] f=9051 wait=1 procs=1 q=9 qnz=0 pend=0 rep=9 repnz=0 repmax=0 v=0,0,0,0,0,0,0,0,0
10-04 20:39:19.451 I/hakuX-lane(16668): [occl804] f=9052 wait=1 procs=1 q=5 qnz=0 pend=0 rep=5 repnz=0 repmax=0 v=0,0,0,0,0
10-04 20:39:19.466 I/hakuX-lane(16668): [occl804] f=9053 wait=1 procs=1 q=9 qnz=0 pend=0 rep=9 repnz=0 repmax=0 v=0,0,0,0,0,0,0,0,0
10-04 20:39:19.483 I/hakuX-lane(16668): [occl804] f=9054 wait=1 procs=1 q=5 qnz=0 pend=0 rep=5 repnz=0 repmax=0 v=0,0,0,0,0
10-04 20:39:19.499 I/hakuX-lane(16668): [occl804] f=9055 wait=1 procs=1 q=9 qnz=0 pend=0 rep=9 repnz=0 repmax=0 v=0,0,0,0,0,0,0,0,0
10-04 20:39:19.515 I/hakuX-lane(16668): [occl804] f=9056 wait=1 procs=1 q=5 qnz=0 pend=0 rep=5 repnz=0 repmax=0 v=0,0,0,0,0
10-04 20:39:19.532 I/hakuX-lane(16668): [occl804] f=9057 wait=1 procs=1 q=9 qnz=0 pend=0 rep=9 repnz=0 repmax=0 v=0,0,0,0,0,0,0,0,0
10-04 20:39:19.546 I/hakuX-lane(16668): [occl804] f=9058 wait=1 procs=1 q=5 qnz=0 pend=0 rep=5 repnz=0 repmax=0 v=0,0,0,0,0
10-04 20:39:19.562 I/hakuX-lane(16668): [occl804] f=9059 wait=1 procs=1 q=9 qnz=0 pend=0 rep=9 repnz=0 repmax=0 v=0,0,0,0,0,0,0,0,0
10-04 20:39:19.579 I/hakuX-lane(16668): [occl804] f=9060 wait=1 procs=1 q=5 qnz=0 pend=0 rep=5 repnz=0 repmax=0 v=0,0,0,0,0
10-04 20:39:19.596 I/hakuX-lane(16668): [occl804] f=9061 wait=1 procs=1 q=9 qnz=0 pend=0 rep=9 repnz=0 repmax=0 v=0,0,0,0,0,0,0,0,0
10-04 20:39:19.620 I/hakuX-lane(16668): [occl804] f=9062 wait=1 procs=1 q=5 qnz=0 pend=0 rep=5 repnz=0 repmax=0 v=0,0,0,0,0
10-04 20:39:19.636 I/hakuX-lane(16668): [occl804] f=9063 wait=1 procs=1 q=9 qnz=0 pend=0 rep=9 repnz=0 repmax=0 v=0,0,0,0,0,0,0,0,0
10-04 20:39:19.653 I/hakuX-lane(16668): [occl804] f=9064 wait=1 procs=1 q=5 qnz=0 pend=0 rep=5 repnz=0 repmax=0 v=0,0,0,0,0
10-04 20:39:19.687 I/hakuX-lane(16668): [occl804] f=9065 wait=1 procs=1 q=9 qnz=0 pend=0 rep=9 repnz=0 repmax=0 v=0,0,0,0,0,0,0,0,0
10-04 20:39:19.704 I/hakuX-lane(16668): [occl804] f=9067 wait=1 procs=1 q=9 qnz=0 pend=0 rep=9 repnz=0 repmax=0 v=0,0,0,0,0,0,0,0,0
10-04 20:39:19.719 I/hakuX-lane(16668): [occl804] f=9068 wait=1 procs=1 q=5 qnz=0 pend=0 rep=5 repnz=0 repmax=0 v=0,0,0,0,0
10-04 20:39:19.737 I/hakuX-lane(16668): [occl804] f=9069 wait=1 procs=1 q=4 qnz=0 pend=0 rep=4 repnz=0 repmax=0 v=0,0,0,0
10-04 20:39:19.780 I/hakuX-lane(16668): [occl804] f=9070 wait=1 procs=2 q=10 qnz=0 pend=0 rep=10 repnz=0 repmax=0 v=0,0,0,0,0,0,0,0,0,0
10-04 20:39:19.785 I/hakuX-lane(16668): [occl804] f=9071 wait=1 procs=1 q=5 qnz=0 pend=0 rep=5 repnz=0 repmax=0 v=0,0,0,0,0
10-04 20:39:19.818 I/hakuX-lane(16668): [occl804] f=9072 wait=1 procs=2 q=9 qnz=0 pend=0 rep=9 repnz=0 repmax=0 v=0,0,0,0,0,0,0,0,0
10-04 20:39:19.829 I/hakuX-lane(16668): [occl804] f=9073 wait=1 procs=1 q=5 qnz=0 pend=0 rep=5 repnz=0 repmax=0 v=0,0,0,0,0
10-04 20:39:19.869 I/hakuX-lane(16668): [occl804] f=9074 wait=1 procs=2 q=9 qnz=0 pend=0 rep=9 repnz=0 repmax=0 v=0,0,0,0,0,0,0,0,0
10-04 20:39:19.874 I/hakuX-lane(16668): [occl804] f=9075 wait=1 procs=1 q=5 qnz=0 pend=0 rep=5 repnz=0 repmax=0 v=0,0,0,0,0
10-04 20:39:19.907 I/hakuX-lane(16668): [occl804] f=9076 wait=1 procs=2 q=9 qnz=0 pend=0 rep=9 repnz=0 repmax=0 v=0,0,0,0,0,0,0,0,0
10-04 20:39:19.912 I/hakuX-lane(16668): [occl804] f=9077 wait=1 procs=1 q=5 qnz=0 pend=0 rep=5 repnz=0 repmax=0 v=0,0,0,0,0
10-04 20:39:19.926 I/hakuX-lane(16668): [occl804] f=9078 wait=1 procs=1 q=4 qnz=0 pend=0 rep=4 repnz=0 repmax=0 v=0,0,0,0
10-04 20:39:19.952 I/hakuX-lane(16668): [occl804] f=9079 wait=1 procs=2 q=10 qnz=0 pend=0 rep=10 repnz=0 repmax=0 v=0,0,0,0,0,0,0,0,0,0
10-04 20:39:19.981 I/hakuX-lane(16668): [occl804] f=9080 wait=1 procs=2 q=9 qnz=0 pend=0 rep=9 repnz=0 repmax=0 v=0,0,0,0,0,0,0,0,0
10-04 20:39:19.987 I/hakuX-lane(16668): [occl804] f=9081 wait=1 procs=1 q=5 qnz=0 pend=0 rep=5 repnz=0 repmax=0 v=0,0,0,0,0
10-04 20:39:20.016 I/hakuX-lane(16668): [occl804] f=9082 wait=1 procs=2 q=9 qnz=0 pend=0 rep=9 repnz=0 repmax=0 v=0,0,0,0,0,0,0,0,0
10-04 20:39:20.033 I/hakuX-lane(16668): [occl804] f=9083 wait=1 procs=2 q=9 qnz=0 pend=0 rep=9 repnz=0 repmax=0 v=0,0,0,0,0,0,0,0,0
10-04 20:39:20.050 I/hakuX-lane(16668): [occl804] f=9084 wait=1 procs=1 q=5 qnz=0 pend=0 rep=5 repnz=0 repmax=0 v=0,0,0,0,0
10-04 20:39:20.085 I/hakuX-lane(16668): [occl804] f=9086 wait=1 procs=2 q=14 qnz=0 pend=0 rep=14 repnz=0 repmax=0 v=0,0,0,0,0,0,0,0,0,0,0,0,0,0
10-04 20:39:20.104 I/hakuX-lane(16668): [occl804] f=9088 wait=1 procs=1 q=9 qnz=0 pend=0 rep=9 repnz=0 repmax=0 v=0,0,0,0,0,0,0,0,0
10-04 20:39:20.126 I/hakuX-lane(16668): [occl804] f=9089 wait=1 procs=2 q=10 qnz=0 pend=0 rep=10 repnz=0 repmax=0 v=0,0,0,0,0,0,0,0,0,0
10-04 20:39:20.155 I/hakuX-lane(16668): [occl804] f=9090 wait=1 procs=2 q=9 qnz=0 pend=0 rep=9 repnz=0 repmax=0 v=0,0,0,0,0,0,0,0,0
10-04 20:39:20.162 I/hakuX-lane(16668): [occl804] f=9091 wait=1 procs=1 q=5 qnz=0 pend=0 rep=5 repnz=0 repmax=0 v=0,0,0,0,0
10-04 20:39:20.192 I/hakuX-lane(16668): [occl804] f=9092 wait=1 procs=2 q=9 qnz=0 pend=0 rep=9 repnz=0 repmax=0 v=0,0,0,0,0,0,0,0,0
10-04 20:39:20.196 I/hakuX-lane(16668): [occl804] f=9093 wait=1 procs=1 q=5 qnz=0 pend=0 rep=5 repnz=0 repmax=0 v=0,0,0,0,0
10-04 20:39:20.230 I/hakuX-lane(16668): [occl804] f=9094 wait=1 procs=6 q=9 qnz=0 pend=0 rep=9 repnz=0 repmax=0 v=0,0,0,0,0,0,0,0,0
10-04 20:39:20.234 I/hakuX-lane(16668): [occl804] f=9095 wait=1 procs=1 q=5 qnz=0 pend=0 rep=5 repnz=0 repmax=0 v=0,0,0,0,0
10-04 20:39:20.262 I/hakuX-lane(16668): [occl804] f=9096 wait=1 procs=2 q=9 qnz=0 pend=0 rep=9 repnz=0 repmax=0 v=0,0,0,0,0,0,0,0,0
10-04 20:39:20.300 I/hakuX-lane(16668): [occl804] f=9098 wait=1 procs=2 q=14 qnz=0 pend=0 rep=14 repnz=0 repmax=0 v=0,0,0,0,0,0,0,0,0,0,0,0,0,0
10-04 20:39:20.335 I/hakuX-lane(16668): [occl804] f=9100 wait=1 procs=2 q=14 qnz=0 pend=0 rep=14 repnz=0 repmax=0 v=0,0,0,0,0,0,0,0,0,0,0,0,0,0
10-04 20:39:20.340 I/hakuX-lane(16668): [occl804] f=9101 wait=1 procs=1 q=5 qnz=0 pend=0 rep=5 repnz=0 repmax=0 v=0,0,0,0,0
10-04 20:39:20.365 I/hakuX-lane(16668): [occl804] f=9102 wait=1 procs=2 q=9 qnz=0 pend=0 rep=9 repnz=0 repmax=0 v=0,0,0,0,0,0,0,0,0
10-04 20:39:20.387 I/hakuX-lane(16668): [occl804] f=9103 wait=1 procs=2 q=9 qnz=0 pend=0 rep=9 repnz=0 repmax=0 v=0,0,0,0,0,0,0,0,0
10-04 20:39:20.405 I/hakuX-lane(16668): [occl804] f=9104 wait=1 procs=1 q=5 qnz=0 pend=0 rep=5 repnz=0 repmax=0 v=0,0,0,0,0
10-04 20:39:20.409 I/hakuX-lane(16668): [occl804] f=9105 wait=1 procs=1 q=5 qnz=0 pend=0 rep=5 repnz=0 repmax=0 v=0,0,0,0,0
10-04 20:39:20.442 I/hakuX-lane(16668): [occl804] f=9106 wait=1 procs=2 q=9 qnz=0 pend=0 rep=9 repnz=0 repmax=0 v=0,0,0,0,0,0,0,0,0
10-04 20:39:20.458 I/hakuX-lane(16668): [occl804] f=9107 wait=1 procs=2 q=9 qnz=0 pend=0 rep=9 repnz=0 repmax=0 v=0,0,0,0,0,0,0,0,0
10-04 20:39:20.476 I/hakuX-lane(16668): [occl804] f=9108 wait=1 procs=1 q=5 qnz=0 pend=0 rep=5 repnz=0 repmax=0 v=0,0,0,0,0
10-04 20:39:20.481 I/hakuX-lane(16668): [occl804] f=9109 wait=1 procs=1 q=5 qnz=0 pend=0 rep=5 repnz=0 repmax=0 v=0,0,0,0,0
10-04 20:39:20.510 I/hakuX-lane(16668): [occl804] f=9110 wait=1 procs=2 q=9 qnz=0 pend=0 rep=9 repnz=0 repmax=0 v=0,0,0,0,0,0,0,0,0
10-04 20:39:20.515 I/hakuX-lane(16668): [occl804] f=9111 wait=1 procs=1 q=5 qnz=0 pend=0 rep=5 repnz=0 repmax=0 v=0,0,0,0,0
10-04 20:39:20.546 I/hakuX-lane(16668): [occl804] f=9112 wait=1 procs=2 q=9 qnz=0 pend=0 rep=9 repnz=0 repmax=0 v=0,0,0,0,0,0,0,0,0
10-04 20:39:20.561 I/hakuX-lane(16668): [occl804] f=9113 wait=1 procs=2 q=9 qnz=0 pend=0 rep=9 repnz=0 repmax=0 v=0,0,0,0,0,0,0,0,0
10-04 20:39:20.581 I/hakuX-lane(16668): [occl804] f=9114 wait=1 procs=1 q=5 qnz=0 pend=0 rep=5 repnz=0 repmax=0 v=0,0,0,0,0
10-04 20:39:20.585 I/hakuX-lane(16668): [occl804] f=9115 wait=1 procs=1 q=5 qnz=0 pend=0 rep=5 repnz=0 repmax=0 v=0,0,0,0,0
10-04 20:39:20.616 I/hakuX-lane(16668): [occl804] f=9116 wait=1 procs=2 q=9 qnz=0 pend=0 rep=9 repnz=0 repmax=0 v=0,0,0,0,0,0,0,0,0
10-04 20:39:20.634 I/hakuX-lane(16668): [occl804] f=9117 wait=1 procs=2 q=9 qnz=0 pend=0 rep=9 repnz=0 repmax=0 v=0,0,0,0,0,0,0,0,0
10-04 20:39:20.647 I/hakuX-lane(16668): [occl804] f=9118 wait=1 procs=1 q=5 qnz=0 pend=0 rep=5 repnz=0 repmax=0 v=0,0,0,0,0
10-04 20:39:20.668 I/hakuX-lane(16668): [occl804] f=9119 wait=1 procs=2 q=9 qnz=0 pend=0 rep=9 repnz=0 repmax=0 v=0,0,0,0,0,0,0,0,0
10-04 20:39:20.690 I/hakuX-lane(16668): [occl804] f=9120 wait=1 procs=1 q=5 qnz=0 pend=0 rep=5 repnz=0 repmax=0 v=0,0,0,0,0
10-04 20:39:20.694 I/hakuX-lane(16668): [occl804] f=9121 wait=1 procs=1 q=5 qnz=0 pend=0 rep=5 repnz=0 repmax=0 v=0,0,0,0,0
10-04 20:39:20.707 I/hakuX-lane(16668): [occl804] f=9122 wait=1 procs=1 q=4 qnz=0 pend=0 rep=4 repnz=0 repmax=0 v=0,0,0,0
10-04 20:39:20.734 I/hakuX-lane(16668): [occl804] f=9123 wait=1 procs=1 q=5 qnz=0 pend=0 rep=5 repnz=0 repmax=0 v=0,0,0,0,0
10-04 20:39:20.745 I/hakuX-lane(16668): [occl804] f=9124 wait=1 procs=1 q=9 qnz=0 pend=0 rep=9 repnz=0 repmax=0 v=0,0,0,0,0,0,0,0,0
10-04 20:39:20.758 I/hakuX-lane(16668): [occl804] f=9125 wait=1 procs=1 q=5 qnz=0 pend=0 rep=5 repnz=0 repmax=0 v=0,0,0,0,0
10-04 20:39:20.774 I/hakuX-lane(16668): [occl804] f=9126 wait=1 procs=1 q=9 qnz=0 pend=0 rep=9 repnz=0 repmax=0 v=0,0,0,0,0,0,0,0,0
10-04 20:39:20.796 I/hakuX-lane(16668): [occl804] f=9127 wait=1 procs=1 q=5 qnz=0 pend=0 rep=5 repnz=0 repmax=0 v=0,0,0,0,0
10-04 20:39:20.811 I/hakuX-lane(16668): [occl804] f=9128 wait=1 procs=1 q=9 qnz=0 pend=0 rep=9 repnz=0 repmax=0 v=0,0,0,0,0,0,0,0,0
10-04 20:39:20.828 I/hakuX-lane(16668): [occl804] f=9129 wait=1 procs=1 q=5 qnz=0 pend=0 rep=5 repnz=0 repmax=0 v=0,0,0,0,0
10-04 20:39:20.843 I/hakuX-lane(16668): [occl804] f=9130 wait=1 procs=1 q=9 qnz=0 pend=0 rep=9 repnz=0 repmax=0 v=0,0,0,0,0,0,0,0,0
10-04 20:39:20.859 I/hakuX-lane(16668): [occl804] f=9131 wait=1 procs=1 q=5 qnz=0 pend=0 rep=5 repnz=0 repmax=0 v=0,0,0,0,0
10-04 20:39:20.876 I/hakuX-lane(16668): [occl804] f=9132 wait=1 procs=1 q=9 qnz=0 pend=0 rep=9 repnz=0 repmax=0 v=0,0,0,0,0,0,0,0,0
10-04 20:39:20.892 I/hakuX-lane(16668): [occl804] f=9133 wait=1 procs=1 q=5 qnz=0 pend=0 rep=5 repnz=0 repmax=0 v=0,0,0,0,0
10-04 20:39:20.908 I/hakuX-lane(16668): [occl804] f=9134 wait=1 procs=1 q=9 qnz=0 pend=0 rep=9 repnz=0 repmax=0 v=0,0,0,0,0,0,0,0,0
10-04 20:39:20.924 I/hakuX-lane(16668): [occl804] f=9135 wait=1 procs=1 q=5 qnz=0 pend=0 rep=5 repnz=0 repmax=0 v=0,0,0,0,0
10-04 20:39:20.940 I/hakuX-lane(16668): [occl804] f=9136 wait=1 procs=1 q=9 qnz=0 pend=0 rep=9 repnz=0 repmax=0 v=0,0,0,0,0,0,0,0,0
10-04 20:39:20.956 I/hakuX-lane(16668): [occl804] f=9137 wait=1 procs=1 q=5 qnz=0 pend=0 rep=5 repnz=0 repmax=0 v=0,0,0,0,0
10-04 20:39:20.976 I/hakuX-lane(16668): [occl804] f=9138 wait=1 procs=1 q=9 qnz=0 pend=0 rep=9 repnz=0 repmax=0 v=0,0,0,0,0,0,0,0,0
10-04 20:39:21.003 I/hakuX-lane(16668): [occl804] f=9139 wait=1 procs=1 q=5 qnz=0 pend=0 rep=5 repnz=0 repmax=0 v=0,0,0,0,0
10-04 20:39:21.019 I/hakuX-lane(16668): [occl804] f=9140 wait=1 procs=1 q=9 qnz=0 pend=0 rep=9 repnz=0 repmax=0 v=0,0,0,0,0,0,0,0,0
10-04 20:39:21.055 I/hakuX-lane(16668): [occl804] f=9141 wait=1 procs=2 q=10 qnz=0 pend=0 rep=10 repnz=0 repmax=0 v=0,0,0,0,0,0,0,0,0,0
10-04 20:39:21.095 I/hakuX-lane(16668): [occl804] f=9142 wait=1 procs=2 q=9 qnz=0 pend=0 rep=9 repnz=0 repmax=0 v=0,0,0,0,0,0,0,0,0
10-04 20:39:21.101 I/hakuX-lane(16668): [occl804] f=9143 wait=1 procs=1 q=5 qnz=0 pend=0 rep=5 repnz=0 repmax=0 v=0,0,0,0,0
10-04 20:39:21.137 I/hakuX-lane(16668): [occl804] f=9144 wait=1 procs=2 q=9 qnz=0 pend=0 rep=9 repnz=0 repmax=0 v=0,0,0,0,0,0,0,0,0
10-04 20:39:21.169 I/hakuX-lane(16668): [occl804] f=9146 wait=1 procs=2 q=14 qnz=0 pend=0 rep=14 repnz=0 repmax=0 v=0,0,0,0,0,0,0,0,0,0,0,0,0,0
10-04 20:39:21.198 I/hakuX-lane(16668): [occl804] f=9148 wait=1 procs=2 q=14 qnz=0 pend=0 rep=14 repnz=0 repmax=0 v=0,0,0,0,0,0,0,0,0,0,0,0,0,0
10-04 20:39:21.202 I/hakuX-lane(16668): [occl804] f=9149 wait=1 procs=1 q=5 qnz=0 pend=0 rep=5 repnz=0 repmax=0 v=0,0,0,0,0
10-04 20:39:21.216 I/hakuX-lane(16668): [occl804] f=9150 wait=1 procs=1 q=4 qnz=0 pend=0 rep=4 repnz=0 repmax=0 v=0,0,0,0
10-04 20:39:21.234 I/hakuX-lane(16668): [occl804] f=9151 wait=1 procs=2 q=10 qnz=0 pend=0 rep=10 repnz=0 repmax=0 v=0,0,0,0,0,0,0,0,0,0
10-04 20:39:21.262 I/hakuX-lane(16668): [occl804] f=9152 wait=1 procs=2 q=9 qnz=0 pend=0 rep=9 repnz=0 repmax=0 v=0,0,0,0,0,0,0,0,0
10-04 20:39:21.268 I/hakuX-lane(16668): [occl804] f=9153 wait=1 procs=1 q=5 qnz=0 pend=0 rep=5 repnz=0 repmax=0 v=0,0,0,0,0
10-04 20:39:21.292 I/hakuX-lane(16668): [occl804] f=9154 wait=1 procs=2 q=9 qnz=0 pend=0 rep=9 repnz=0 repmax=0 v=0,0,0,0,0,0,0,0,0
10-04 20:39:21.300 I/hakuX-lane(16668): [occl804] f=9155 wait=1 procs=1 q=5 qnz=0 pend=0 rep=5 repnz=0 repmax=0 v=0,0,0,0,0
10-04 20:39:21.312 I/hakuX-lane(16668): [occl804] f=9156 wait=1 procs=1 q=4 qnz=0 pend=0 rep=4 repnz=0 repmax=0 v=0,0,0,0
10-04 20:39:21.331 I/hakuX-lane(16668): [occl804] f=9157 wait=1 procs=1 q=5 qnz=0 pend=0 rep=5 repnz=0 repmax=0 v=0,0,0,0,0
10-04 20:39:21.345 I/hakuX-lane(16668): [occl804] f=9158 wait=1 procs=1 q=9 qnz=0 pend=0 rep=9 repnz=0 repmax=0 v=0,0,0,0,0,0,0,0,0
10-04 20:39:21.367 I/hakuX-lane(16668): [occl804] f=9159 wait=1 procs=1 q=5 qnz=0 pend=0 rep=5 repnz=0 repmax=0 v=0,0,0,0,0
10-04 20:39:21.382 I/hakuX-lane(16668): [occl804] f=9160 wait=1 procs=1 q=9 qnz=0 pend=0 rep=9 repnz=0 repmax=0 v=0,0,0,0,0,0,0,0,0
10-04 20:39:21.398 I/hakuX-lane(16668): [occl804] f=9161 wait=1 procs=1 q=5 qnz=0 pend=0 rep=5 repnz=0 repmax=0 v=0,0,0,0,0
10-04 20:39:21.414 I/hakuX-lane(16668): [occl804] f=9162 wait=1 procs=1 q=9 qnz=0 pend=0 rep=9 repnz=0 repmax=0 v=0,0,0,0,0,0,0,0,0
10-04 20:39:21.429 I/hakuX-lane(16668): [occl804] f=9163 wait=1 procs=1 q=5 qnz=0 pend=0 rep=5 repnz=0 repmax=0 v=0,0,0,0,0
10-04 20:39:21.452 I/hakuX-lane(16668): [occl804] f=9164 wait=1 procs=1 q=9 qnz=0 pend=0 rep=9 repnz=0 repmax=0 v=0,0,0,0,0,0,0,0,0
10-04 20:39:21.472 I/hakuX-lane(16668): [occl804] f=9165 wait=1 procs=2 q=10 qnz=0 pend=0 rep=10 repnz=0 repmax=0 v=0,0,0,0,0,0,0,0,0,0
10-04 20:39:21.506 I/hakuX-lane(16668): [occl804] f=9166 wait=1 procs=2 q=9 qnz=0 pend=0 rep=9 repnz=0 repmax=0 v=0,0,0,0,0,0,0,0,0
10-04 20:39:21.540 I/hakuX-lane(16668): [occl804] f=9168 wait=1 procs=2 q=14 qnz=0 pend=0 rep=14 repnz=0 repmax=0 v=0,0,0,0,0,0,0,0,0,0,0,0,0,0
10-04 20:39:21.555 I/hakuX-lane(16668): [occl804] f=9170 wait=1 procs=1 q=9 qnz=0 pend=0 rep=9 repnz=0 repmax=0 v=0,0,0,0,0,0,0,0,0
10-04 20:39:21.580 I/hakuX-lane(16668): [occl804] f=9171 wait=1 procs=1 q=5 qnz=0 pend=0 rep=5 repnz=0 repmax=0 v=0,0,0,0,0
10-04 20:39:21.597 I/hakuX-lane(16668): [occl804] f=9172 wait=1 procs=1 q=9 qnz=0 pend=0 rep=9 repnz=0 repmax=0 v=0,0,0,0,0,0,0,0,0
10-04 20:39:21.613 I/hakuX-lane(16668): [occl804] f=9173 wait=1 procs=1 q=5 qnz=0 pend=0 rep=5 repnz=0 repmax=0 v=0,0,0,0,0
10-04 20:39:21.641 I/hakuX-lane(16668): [occl804] f=9174 wait=1 procs=1 q=9 qnz=0 pend=0 rep=9 repnz=0 repmax=0 v=0,0,0,0,0,0,0,0,0
10-04 20:39:21.661 I/hakuX-lane(16668): [occl804] f=9175 wait=1 procs=2 q=10 qnz=0 pend=0 rep=10 repnz=0 repmax=0 v=0,0,0,0,0,0,0,0,0,0
10-04 20:39:21.676 I/hakuX-lane(16668): [occl804] f=9176 wait=1 procs=1 q=4 qnz=0 pend=0 rep=4 repnz=0 repmax=0 v=0,0,0,0
10-04 20:39:21.701 I/hakuX-lane(16668): [occl804] f=9177 wait=1 procs=1 q=5 qnz=0 pend=0 rep=5 repnz=0 repmax=0 v=0,0,0,0,0
10-04 20:39:21.731 I/hakuX-lane(16668): [occl804] f=9178 wait=1 procs=2 q=14 qnz=0 pend=0 rep=14 repnz=0 repmax=0 v=0,0,0,0,0,0,0,0,0,0,0,0,0,0
10-04 20:39:21.756 I/hakuX-lane(16668): [occl804] f=9180 wait=1 procs=1 q=9 qnz=0 pend=0 rep=9 repnz=0 repmax=0 v=0,0,0,0,0,0,0,0,0
10-04 20:39:21.781 I/hakuX-lane(16668): [occl804] f=9181 wait=1 procs=2 q=10 qnz=0 pend=0 rep=10 repnz=0 repmax=0 v=0,0,0,0,0,0,0,0,0,0
10-04 20:39:21.824 I/hakuX-lane(16668): [occl804] f=9182 wait=1 procs=2 q=9 qnz=0 pend=0 rep=9 repnz=0 repmax=0 v=0,0,0,0,0,0,0,0,0
10-04 20:39:21.831 I/hakuX-lane(16668): [occl804] f=9183 wait=1 procs=1 q=5 qnz=0 pend=0 rep=5 repnz=0 repmax=0 v=0,0,0,0,0
10-04 20:39:21.862 I/hakuX-lane(16668): [occl804] f=9184 wait=1 procs=2 q=9 qnz=0 pend=0 rep=9 repnz=0 repmax=0 v=0,0,0,0,0,0,0,0,0
10-04 20:39:21.867 I/hakuX-lane(16668): [occl804] f=9185 wait=1 procs=1 q=5 qnz=0 pend=0 rep=5 repnz=0 repmax=0 v=0,0,0,0,0
10-04 20:39:21.895 I/hakuX-lane(16668): [occl804] f=9186 wait=1 procs=2 q=9 qnz=0 pend=0 rep=9 repnz=0 repmax=0 v=0,0,0,0,0,0,0,0,0
10-04 20:39:21.921 I/hakuX-lane(16668): [occl804] f=9188 wait=1 procs=1 q=9 qnz=0 pend=0 rep=9 repnz=0 repmax=0 v=0,0,0,0,0,0,0,0,0
10-04 20:39:21.934 I/hakuX-lane(16668): [occl804] f=9189 wait=1 procs=1 q=5 qnz=0 pend=0 rep=5 repnz=0 repmax=0 v=0,0,0,0,0
10-04 20:39:21.948 I/hakuX-lane(16668): [occl804] f=9190 wait=1 procs=1 q=9 qnz=0 pend=0 rep=9 repnz=0 repmax=0 v=0,0,0,0,0,0,0,0,0
10-04 20:39:21.965 I/hakuX-lane(16668): [occl804] f=9191 wait=1 procs=1 q=5 qnz=0 pend=0 rep=5 repnz=0 repmax=0 v=0,0,0,0,0
10-04 20:39:21.995 I/hakuX-lane(16668): [occl804] f=9192 wait=1 procs=2 q=14 qnz=0 pend=0 rep=14 repnz=0 repmax=0 v=0,0,0,0,0,0,0,0,0,0,0,0,0,0
