suite,file,golden,golden_px,golden_max,calib,calib_px,hakux_px,hakux_max
2D_Lines,2DLine-15-C000003E0-400_200-400_400.png,identical,,,identical,,200,255
2D_Lines,2DLine-16-C000007E0-400_200-400_400.png,identical,,,identical,,200,255
2D_Lines,2DLine-24-C00000000-400_200-400_400.png,identical,,,identical,,200,68
2D_Lines,2DLine-24-C0000FF00-400_200-400_400.png,identical,,,identical,,200,255
2D_Lines,2DLine-24-C0000FF00-444_222-444_444.png,identical,,,identical,,222,255
2D_Lines,2DLine-24-C00FF0000-400_200-400_400.png,identical,,,identical,,200,187
2D_Lines,2DLine-24-C00FFFFFF-0_0-639_479.png,identical,,,identical,,627,255
2D_Lines,2DLine-24-C00FFFFFF-222_222-222_222.png,identical,,,identical,,0,0
2D_Lines,2DLine-24-C00FFFFFF-400_0-400_479.png,identical,,,identical,,479,255
2D_Lines,2DLine-24-C00FFFFFF-400_300-400_301.png,identical,,,identical,,1,255
2D_Lines,2DLine-24-C00FFFFFF-400_300-401_300.png,identical,,,identical,,1,255
2D_Lines,2DLine-24-C00FFFFFF-639_479-0_0.png,identical,,,identical,,627,255
2D_Lines,2DLine-24-CFFFFFFFF-100_100-100_400.png,identical,,,identical,,300,255
3D_primitive,LineLoop-inlinearrays-ls-ps.png,identical,,,identical,,4678,193
3D_primitive,LineLoop-inlinearrays-ls.png,differs,4546,100,identical,,4678,241
3D_primitive,LineLoop-inlinearrays-ps.png,identical,,,identical,,1215,255
3D_primitive,LineLoop-inlinearrays.png,identical,,,identical,,1418,255
3D_primitive,LineLoop-inlinebuf-ls-ps.png,identical,,,identical,,4678,193
3D_primitive,LineLoop-inlinebuf-ls.png,identical,,,identical,,4678,224
3D_primitive,LineLoop-inlinebuf-ps.png,identical,,,identical,,1215,255
3D_primitive,LineLoop-inlinebuf.png,identical,,,identical,,1418,255
3D_primitive,LineLoop-inlineelements-ls-ps.png,identical,,,identical,,4678,193
3D_primitive,LineLoop-inlineelements-ls.png,identical,,,identical,,4678,224
3D_primitive,LineLoop-inlineelements-ps.png,identical,,,identical,,1215,255
3D_primitive,LineLoop-inlineelements.png,identical,,,identical,,1418,255
3D_primitive,LineLoop-ls-ps.png,identical,,,identical,,4678,224
3D_primitive,LineLoop-ls.png,identical,,,identical,,4678,234
3D_primitive,LineLoop-ps.png,identical,,,identical,,1215,255
3D_primitive,LineLoop.png,identical,,,identical,,1418,255
3D_primitive,LineStrip-inlinearrays-ls-ps.png,identical,,,identical,,4120,193
3D_primitive,LineStrip-inlinearrays-ls.png,identical,,,identical,,4120,193
3D_primitive,LineStrip-inlinearrays-ps.png,identical,,,identical,,1052,255
3D_primitive,LineStrip-inlinearrays.png,identical,,,identical,,1228,255
3D_primitive,LineStrip-inlinebuf-ls-ps.png,identical,,,identical,,4120,193
3D_primitive,LineStrip-inlinebuf-ls.png,identical,,,identical,,4120,224
3D_primitive,LineStrip-inlinebuf-ps.png,identical,,,identical,,1052,255
3D_primitive,LineStrip-inlinebuf.png,identical,,,identical,,1228,255
3D_primitive,LineStrip-inlineelements-ls-ps.png,identical,,,identical,,4120,193
3D_primitive,LineStrip-inlineelements-ls.png,identical,,,identical,,4120,224
3D_primitive,LineStrip-inlineelements-ps.png,identical,,,identical,,1052,255
3D_primitive,LineStrip-inlineelements.png,identical,,,identical,,1228,255
3D_primitive,LineStrip-ls-ps.png,identical,,,identical,,4120,224
3D_primitive,LineStrip-ls.png,identical,,,identical,,4120,234
3D_primitive,LineStrip-ps.png,identical,,,identical,,1052,255
3D_primitive,LineStrip.png,identical,,,identical,,1228,255
3D_primitive,Lines-inlinearrays-ls-ps.png,identical,,,identical,,2332,185
3D_primitive,Lines-inlinearrays-ls.png,identical,,,identical,,2332,185
3D_primitive,Lines-inlinearrays-ps.png,identical,,,identical,,671,207
3D_primitive,Lines-inlinearrays.png,identical,,,identical,,795,255
3D_primitive,Lines-inlinebuf-ls-ps.png,identical,,,identical,,2332,185
3D_primitive,Lines-inlinebuf-ls.png,identical,,,identical,,2332,224
3D_primitive,Lines-inlinebuf-ps.png,identical,,,identical,,671,207
3D_primitive,Lines-inlinebuf.png,identical,,,identical,,795,255
3D_primitive,Lines-inlineelements-ls-ps.png,identical,,,identical,,2332,185
3D_primitive,Lines-inlineelements-ls.png,identical,,,identical,,2332,224
3D_primitive,Lines-inlineelements-ps.png,identical,,,identical,,671,207
3D_primitive,Lines-inlineelements.png,identical,,,identical,,795,255
3D_primitive,Lines-ls-ps.png,identical,,,identical,,2332,224
3D_primitive,Lines-ls.png,identical,,,identical,,2332,234
3D_primitive,Lines-ps.png,identical,,,identical,,671,207
3D_primitive,Lines.png,identical,,,identical,,795,255
3D_primitive,Points-inlinearrays-ls-ps.png,identical,,,identical,,7,207
3D_primitive,Points-inlinearrays-ls.png,identical,,,identical,,7,207
3D_primitive,Points-inlinearrays-ps.png,identical,,,identical,,7,207
3D_primitive,Points-inlinearrays.png,identical,,,identical,,0,0
3D_primitive,Points-inlinebuf-ls-ps.png,identical,,,identical,,7,207
3D_primitive,Points-inlinebuf-ls.png,identical,,,identical,,7,207
3D_primitive,Points-inlinebuf-ps.png,identical,,,identical,,7,207
3D_primitive,Points-inlinebuf.png,identical,,,identical,,0,0
3D_primitive,Points-inlineelements-ls-ps.png,identical,,,identical,,7,207
3D_primitive,Points-inlineelements-ls.png,identical,,,identical,,7,207
3D_primitive,Points-inlineelements-ps.png,identical,,,identical,,7,207
3D_primitive,Points-inlineelements.png,identical,,,identical,,0,0
3D_primitive,Points-ls-ps.png,identical,,,identical,,7,207
3D_primitive,Points-ls.png,identical,,,identical,,7,207
3D_primitive,Points-ps.png,identical,,,identical,,7,207
3D_primitive,Points.png,identical,,,identical,,0,0
3D_primitive,Polygon-inlinearrays-ls-ps.png,identical,,,identical,,39780,144
3D_primitive,Polygon-inlinearrays-ls.png,identical,,,identical,,39065,181
3D_primitive,Polygon-inlinearrays-ps.png,identical,,,identical,,39780,144
3D_primitive,Polygon-inlinearrays.png,identical,,,identical,,35644,1
3D_primitive,Polygon-inlinebuf-ls-ps.png,identical,,,identical,,39780,156
3D_primitive,Polygon-inlinebuf-ls.png,identical,,,identical,,39065,181
3D_primitive,Polygon-inlinebuf-ps.png,identical,,,identical,,39780,144
3D_primitive,Polygon-inlinebuf.png,identical,,,identical,,35644,1
3D_primitive,Polygon-inlineelements-ls-ps.png,identical,,,identical,,39780,156
3D_primitive,Polygon-inlineelements-ls.png,identical,,,identical,,39065,181
3D_primitive,Polygon-inlineelements-ps.png,identical,,,identical,,39780,144
3D_primitive,Polygon-inlineelements.png,identical,,,identical,,35644,1
3D_primitive,Polygon-ls-ps.png,identical,,,identical,,39780,158
3D_primitive,Polygon-ls.png,identical,,,identical,,39065,181
3D_primitive,Polygon-ps.png,identical,,,identical,,39780,156
3D_primitive,Polygon.png,identical,,,identical,,35644,1
3D_primitive,QuadStrip-inlinearrays-ls-ps.png,identical,,,identical,,73579,159
3D_primitive,QuadStrip-inlinearrays-ls.png,identical,,,identical,,72989,206
3D_primitive,QuadStrip-inlinearrays-ps.png,identical,,,identical,,73579,159
3D_primitive,QuadStrip-inlinearrays.png,identical,,,identical,,69158,2
3D_primitive,QuadStrip-inlinebuf-ls-ps.png,identical,,,identical,,73579,176
3D_primitive,QuadStrip-inlinebuf-ls.png,identical,,,identical,,72989,206
3D_primitive,QuadStrip-inlinebuf-ps.png,identical,,,identical,,73579,159
3D_primitive,QuadStrip-inlinebuf.png,identical,,,identical,,69158,2
3D_primitive,QuadStrip-inlineelements-ls-ps.png,identical,,,identical,,73579,176
3D_primitive,QuadStrip-inlineelements-ls.png,identical,,,identical,,72989,206
3D_primitive,QuadStrip-inlineelements-ps.png,identical,,,identical,,73579,159
3D_primitive,QuadStrip-inlineelements.png,identical,,,identical,,69158,2
3D_primitive,QuadStrip-ls-ps.png,identical,,,identical,,73579,178
3D_primitive,QuadStrip-ls.png,identical,,,identical,,72989,206
3D_primitive,QuadStrip-ps.png,identical,,,identical,,73579,176
3D_primitive,QuadStrip.png,identical,,,identical,,69158,2
3D_primitive,Quads-inlinearrays-ls-ps.png,identical,,,identical,,15981,165
3D_primitive,Quads-inlinearrays-ls.png,identical,,,identical,,14858,207
3D_primitive,Quads-inlinearrays-ps.png,identical,,,identical,,15981,165
3D_primitive,Quads-inlinearrays.png,identical,,,identical,,20499,2
3D_primitive,Quads-inlinebuf-ls-ps.png,identical,,,identical,,15981,180
3D_primitive,Quads-inlinebuf-ls.png,identical,,,identical,,14858,207
3D_primitive,Quads-inlinebuf-ps.png,identical,,,identical,,15981,165
3D_primitive,Quads-inlinebuf.png,identical,,,identical,,20499,2
3D_primitive,Quads-inlineelements-ls-ps.png,identical,,,identical,,15981,180
3D_primitive,Quads-inlineelements-ls.png,identical,,,identical,,14858,207
3D_primitive,Quads-inlineelements-ps.png,identical,,,identical,,15981,165
3D_primitive,Quads-inlineelements.png,identical,,,identical,,20499,2
3D_primitive,Quads-ls-ps.png,identical,,,identical,,15981,182
3D_primitive,Quads-ls.png,identical,,,identical,,14858,207
3D_primitive,Quads-ps.png,identical,,,identical,,15981,180
3D_primitive,Quads.png,identical,,,identical,,20499,2
3D_primitive,TriFan-inlinearrays-ls-ps.png,identical,,,identical,,34743,163
3D_primitive,TriFan-inlinearrays-ls.png,identical,,,identical,,34191,207
3D_primitive,TriFan-inlinearrays-ps.png,identical,,,identical,,34743,163
3D_primitive,TriFan-inlinearrays.png,identical,,,identical,,29515,2
3D_primitive,TriFan-inlinebuf-ls-ps.png,identical,,,identical,,34743,177
3D_primitive,TriFan-inlinebuf-ls.png,identical,,,identical,,34191,207
3D_primitive,TriFan-inlinebuf-ps.png,identical,,,identical,,34743,163
3D_primitive,TriFan-inlinebuf.png,identical,,,identical,,29515,2
3D_primitive,TriFan-inlineelements-ls-ps.png,identical,,,identical,,34743,177
3D_primitive,TriFan-inlineelements-ls.png,identical,,,identical,,34191,207
3D_primitive,TriFan-inlineelements-ps.png,identical,,,identical,,34743,163
3D_primitive,TriFan-inlineelements.png,identical,,,identical,,29515,2
3D_primitive,TriFan-ls-ps.png,identical,,,identical,,34743,179
3D_primitive,TriFan-ls.png,identical,,,identical,,34191,207
3D_primitive,TriFan-ps.png,identical,,,identical,,34743,177
3D_primitive,TriFan.png,identical,,,identical,,29515,2
3D_primitive,TriStrip-inlinearrays-ls-ps.png,identical,,,identical,,44467,176
3D_primitive,TriStrip-inlinearrays-ls.png,identical,,,identical,,43876,205
3D_primitive,TriStrip-inlinearrays-ps.png,identical,,,identical,,44467,176
3D_primitive,TriStrip-inlinearrays.png,identical,,,identical,,31170,2
3D_primitive,TriStrip-inlinebuf-ls-ps.png,identical,,,identical,,44467,179
3D_primitive,TriStrip-inlinebuf-ls.png,identical,,,identical,,43876,205
3D_primitive,TriStrip-inlinebuf-ps.png,identical,,,identical,,44467,176
3D_primitive,TriStrip-inlinebuf.png,identical,,,identical,,31170,2
3D_primitive,TriStrip-inlineelements-ls-ps.png,identical,,,identical,,44467,179
3D_primitive,TriStrip-inlineelements-ls.png,identical,,,identical,,43876,205
3D_primitive,TriStrip-inlineelements-ps.png,identical,,,identical,,44467,176
3D_primitive,TriStrip-inlineelements.png,identical,,,identical,,31170,2
3D_primitive,TriStrip-ls-ps.png,identical,,,identical,,44467,181
3D_primitive,TriStrip-ls.png,identical,,,identical,,43876,205
3D_primitive,TriStrip-ps.png,identical,,,identical,,44467,179
3D_primitive,TriStrip.png,identical,,,identical,,31170,2
3D_primitive,Triangles-inlinearrays-ls-ps.png,identical,,,identical,,10411,144
3D_primitive,Triangles-inlinearrays-ls.png,identical,,,identical,,9517,186
3D_primitive,Triangles-inlinearrays-ps.png,identical,,,identical,,10411,144
3D_primitive,Triangles-inlinearrays.png,identical,,,identical,,8411,2
3D_primitive,Triangles-inlinebuf-ls-ps.png,identical,,,identical,,10411,142
3D_primitive,Triangles-inlinebuf-ls.png,identical,,,identical,,9517,186
3D_primitive,Triangles-inlinebuf-ps.png,identical,,,identical,,10411,144
3D_primitive,Triangles-inlinebuf.png,identical,,,identical,,8411,2
3D_primitive,Triangles-inlineelements-ls-ps.png,identical,,,identical,,10411,142
3D_primitive,Triangles-inlineelements-ls.png,identical,,,identical,,9517,186
3D_primitive,Triangles-inlineelements-ps.png,identical,,,identical,,10411,144
3D_primitive,Triangles-inlineelements.png,identical,,,identical,,8411,2
3D_primitive,Triangles-ls-ps.png,identical,,,identical,,10411,142
3D_primitive,Triangles-ls.png,identical,,,identical,,9517,186
3D_primitive,Triangles-ps.png,identical,,,identical,,10411,142
3D_primitive,Triangles.png,identical,,,identical,,8411,2
Alpha_func,AlphaFuncAlways_Disabled.png,identical,,,identical,,32050,1
Alpha_func,AlphaFuncAlways_Enabled.png,identical,,,identical,,32050,1
Alpha_func,AlphaFuncEqual_Disabled.png,identical,,,identical,,32050,1
Alpha_func,AlphaFuncEqual_Enabled.png,identical,,,identical,,448,110
Alpha_func,AlphaFuncGreaterThanOrEqual_Disabled.png,identical,,,identical,,32050,1
Alpha_func,AlphaFuncGreaterThanOrEqual_Enabled.png,identical,,,identical,,16640,110
Alpha_func,AlphaFuncGreaterThan_Disabled.png,identical,,,identical,,32050,1
Alpha_func,AlphaFuncGreaterThan_Enabled.png,identical,,,identical,,16576,111
Alpha_func,AlphaFuncLessThanOrEqual_Disabled.png,identical,,,identical,,32050,1
Alpha_func,AlphaFuncLessThanOrEqual_Enabled.png,identical,,,identical,,15858,110
Alpha_func,AlphaFuncLessThan_Disabled.png,identical,,,identical,,32050,1
Alpha_func,AlphaFuncLessThan_Enabled.png,identical,,,identical,,15602,109
Alpha_func,AlphaFuncNever_Disabled.png,identical,,,identical,,32050,1
Alpha_func,AlphaFuncNever_Enabled.png,identical,,,identical,,0,0
Alpha_func,AlphaFuncNotEqual_Disabled.png,identical,,,identical,,32050,1
Alpha_func,AlphaFuncNotEqual_Enabled.png,identical,,,identical,,32178,111
Antialiasing_tests,AAOnThenOffCPUWrite.png,identical,,,identical,,0,0
Antialiasing_tests,CPUWriteIgnoresSurfaceConfig.png,identical,,,identical,,4560,202
Antialiasing_tests,CreateSurfaceWithCenter1.png,identical,,,identical,,78496,204
Antialiasing_tests,CreateSurfaceWithCenterCorner2.png,identical,,,identical,,78496,204
Antialiasing_tests,CreateSurfaceWithSquareOffset4.png,identical,,,identical,,78496,204
Antialiasing_tests,FBSurfaceWithCenter1.png,identical,,,identical,,0,0
Antialiasing_tests,FBSurfaceWithCenterCorner2.png,identical,,,identical,,352,237
Antialiasing_tests,FramebufferNotModifiedBySurfaceState.png,identical,,,identical,,0,0
Antialiasing_tests,GPUAAWriteAfterCPUWrite.png,identical,,,identical,,2674,255
Antialiasing_tests,NonAACPURoundTrip.png,identical,,,identical,,0,0
Antialiasing_tests,SurfaceStatesAreIndependent.png,identical,,,identical,,0,0
Attrib_carryover,L-bd0.1_0.0_1.0_1.0-da.png,identical,,,identical,,1536,187
Attrib_carryover,L-bd0.2_0.0_0.6_1.0-ie.png,identical,,,identical,,1536,187
Attrib_carryover,L-bd0.5_0.0_0.0_1.0-ia.png,identical,,,identical,,1536,187
Attrib_carryover,L-bd0.8_0.0_0.0_1.0-ib.png,identical,,,identical,,1536,187
Attrib_carryover,L-bs0.1_0.0_1.0_1.0-da.png,identical,,,identical,,1536,187
Attrib_carryover,L-bs0.2_0.0_0.6_1.0-ie.png,identical,,,identical,,1536,187
Attrib_carryover,L-bs0.5_0.0_0.0_1.0-ia.png,identical,,,identical,,1536,187
Attrib_carryover,L-bs0.8_0.0_0.0_1.0-ib.png,identical,,,identical,,1536,187
Attrib_carryover,L-d0.1_0.0_1.0_1.0-da.png,identical,,,identical,,1536,187
Attrib_carryover,L-d0.2_0.0_0.6_1.0-ie.png,identical,,,identical,,1536,187
Attrib_carryover,L-d0.5_0.0_0.0_1.0-ia.png,identical,,,identical,,1536,187
Attrib_carryover,L-d0.8_0.0_0.0_1.0-ib.png,identical,,,identical,,1536,187
Attrib_carryover,L-fc0.1_0.0_1.0_1.0-da.png,identical,,,identical,,1536,187
Attrib_carryover,L-fc0.2_0.0_0.6_1.0-ie.png,identical,,,identical,,1536,187
Attrib_carryover,L-fc0.5_0.0_0.0_1.0-ia.png,identical,,,identical,,1536,187
Attrib_carryover,L-fc0.8_0.0_0.0_1.0-ib.png,identical,,,identical,,1536,187
Attrib_carryover,L-n0.1_0.0_1.0_1.0-da.png,identical,,,identical,,1536,187
Attrib_carryover,L-n0.2_0.0_0.6_1.0-ie.png,identical,,,identical,,1536,187
Attrib_carryover,L-n0.5_0.0_0.0_1.0-ia.png,identical,,,identical,,1536,187
Attrib_carryover,L-n0.8_0.0_0.0_1.0-ib.png,identical,,,identical,,1536,187
Attrib_carryover,L-ps0.1_0.0_1.0_1.0-da.png,identical,,,identical,,1536,187
Attrib_carryover,L-ps0.2_0.0_0.6_1.0-ie.png,identical,,,identical,,1536,187
Attrib_carryover,L-ps0.5_0.0_0.0_1.0-ia.png,identical,,,identical,,1536,187
Attrib_carryover,L-ps0.8_0.0_0.0_1.0-ib.png,identical,,,identical,,1536,187
Attrib_carryover,L-s0.1_0.0_1.0_1.0-da.png,identical,,,identical,,1536,187
Attrib_carryover,L-s0.2_0.0_0.6_1.0-ie.png,identical,,,identical,,1536,187
Attrib_carryover,L-s0.5_0.0_0.0_1.0-ia.png,identical,,,identical,,1536,187
Attrib_carryover,L-s0.8_0.0_0.0_1.0-ib.png,identical,,,identical,,1536,187
Attrib_carryover,L-t00.1_0.0_1.0_1.0-da.png,identical,,,identical,,1536,187
Attrib_carryover,L-t00.2_0.0_0.6_1.0-ie.png,identical,,,identical,,1536,187
Attrib_carryover,L-t00.5_0.0_0.0_1.0-ia.png,identical,,,identical,,1536,187
Attrib_carryover,L-t00.8_0.0_0.0_1.0-ib.png,identical,,,identical,,1536,187
Attrib_carryover,L-t10.1_0.0_1.0_1.0-da.png,identical,,,identical,,1536,187
Attrib_carryover,L-t10.2_0.0_0.6_1.0-ie.png,identical,,,identical,,1536,187
Attrib_carryover,L-t10.5_0.0_0.0_1.0-ia.png,identical,,,identical,,1536,187
Attrib_carryover,L-t10.8_0.0_0.0_1.0-ib.png,identical,,,identical,,1536,187
Attrib_carryover,L-t20.1_0.0_1.0_1.0-da.png,identical,,,identical,,1536,187
Attrib_carryover,L-t20.2_0.0_0.6_1.0-ie.png,identical,,,identical,,1536,187
Attrib_carryover,L-t20.5_0.0_0.0_1.0-ia.png,identical,,,identical,,1536,187
Attrib_carryover,L-t20.8_0.0_0.0_1.0-ib.png,identical,,,identical,,1536,187
Attrib_carryover,L-t30.1_0.0_1.0_1.0-da.png,identical,,,identical,,1536,187
Attrib_carryover,L-t30.2_0.0_0.6_1.0-ie.png,identical,,,identical,,1536,187
Attrib_carryover,L-t30.5_0.0_0.0_1.0-ia.png,identical,,,identical,,1536,187
Attrib_carryover,L-t30.8_0.0_0.0_1.0-ib.png,identical,,,identical,,1536,187
Attrib_carryover,L-w0.1_0.0_1.0_1.0-da.png,identical,,,identical,,1536,187
Attrib_carryover,L-w0.2_0.0_0.6_1.0-ie.png,identical,,,identical,,1536,187
Attrib_carryover,L-w0.5_0.0_0.0_1.0-ia.png,identical,,,identical,,1536,187
Attrib_carryover,L-w0.8_0.0_0.0_1.0-ib.png,identical,,,identical,,1536,187
Attrib_carryover,T-bd0.1_0.0_1.0_1.0-da.png,identical,,,identical,,27519,2
Attrib_carryover,T-bd0.2_0.0_0.6_1.0-ie.png,identical,,,identical,,20869,1
Attrib_carryover,T-bd0.5_0.0_0.0_1.0-ia.png,identical,,,identical,,27519,2
Attrib_carryover,T-bd0.8_0.0_0.0_1.0-ib.png,identical,,,identical,,27519,2
Attrib_carryover,T-bs0.1_0.0_1.0_1.0-da.png,identical,,,identical,,27519,2
Attrib_carryover,T-bs0.2_0.0_0.6_1.0-ie.png,identical,,,identical,,20869,1
Attrib_carryover,T-bs0.5_0.0_0.0_1.0-ia.png,identical,,,identical,,27519,2
Attrib_carryover,T-bs0.8_0.0_0.0_1.0-ib.png,identical,,,identical,,27519,2
Attrib_carryover,T-d0.1_0.0_1.0_1.0-da.png,identical,,,identical,,28275,2
Attrib_carryover,T-d0.2_0.0_0.6_1.0-ie.png,identical,,,identical,,27573,2
Attrib_carryover,T-d0.5_0.0_0.0_1.0-ia.png,identical,,,identical,,26113,2
Attrib_carryover,T-d0.8_0.0_0.0_1.0-ib.png,identical,,,identical,,26204,2
Attrib_carryover,T-fc0.1_0.0_1.0_1.0-da.png,identical,,,identical,,27519,2
Attrib_carryover,T-fc0.2_0.0_0.6_1.0-ie.png,identical,,,identical,,20869,1
Attrib_carryover,T-fc0.5_0.0_0.0_1.0-ia.png,identical,,,identical,,27519,2
Attrib_carryover,T-fc0.8_0.0_0.0_1.0-ib.png,identical,,,identical,,27519,2
Attrib_carryover,T-n0.1_0.0_1.0_1.0-da.png,identical,,,identical,,27519,2
Attrib_carryover,T-n0.2_0.0_0.6_1.0-ie.png,identical,,,identical,,20869,1
Attrib_carryover,T-n0.5_0.0_0.0_1.0-ia.png,identical,,,identical,,27519,2
Attrib_carryover,T-n0.8_0.0_0.0_1.0-ib.png,identical,,,identical,,27519,2
Attrib_carryover,T-ps0.1_0.0_1.0_1.0-da.png,identical,,,identical,,27519,2
Attrib_carryover,T-ps0.2_0.0_0.6_1.0-ie.png,identical,,,identical,,20869,1
Attrib_carryover,T-ps0.5_0.0_0.0_1.0-ia.png,identical,,,identical,,27519,2
Attrib_carryover,T-ps0.8_0.0_0.0_1.0-ib.png,identical,,,identical,,27519,2
Attrib_carryover,T-s0.1_0.0_1.0_1.0-da.png,identical,,,identical,,27519,2
Attrib_carryover,T-s0.2_0.0_0.6_1.0-ie.png,identical,,,identical,,20869,1
Attrib_carryover,T-s0.5_0.0_0.0_1.0-ia.png,identical,,,identical,,27519,2
Attrib_carryover,T-s0.8_0.0_0.0_1.0-ib.png,identical,,,identical,,27519,2
Attrib_carryover,T-t00.1_0.0_1.0_1.0-da.png,identical,,,identical,,27519,2
Attrib_carryover,T-t00.2_0.0_0.6_1.0-ie.png,identical,,,identical,,20869,1
Attrib_carryover,T-t00.5_0.0_0.0_1.0-ia.png,identical,,,identical,,27519,2
Attrib_carryover,T-t00.8_0.0_0.0_1.0-ib.png,identical,,,identical,,27519,2
Attrib_carryover,T-t10.1_0.0_1.0_1.0-da.png,identical,,,identical,,27519,2
Attrib_carryover,T-t10.2_0.0_0.6_1.0-ie.png,identical,,,identical,,20869,1
Attrib_carryover,T-t10.5_0.0_0.0_1.0-ia.png,identical,,,identical,,27519,2
Attrib_carryover,T-t10.8_0.0_0.0_1.0-ib.png,identical,,,identical,,27519,2
Attrib_carryover,T-t20.1_0.0_1.0_1.0-da.png,identical,,,identical,,27519,2
Attrib_carryover,T-t20.2_0.0_0.6_1.0-ie.png,identical,,,identical,,20869,1
Attrib_carryover,T-t20.5_0.0_0.0_1.0-ia.png,identical,,,identical,,27519,2
Attrib_carryover,T-t20.8_0.0_0.0_1.0-ib.png,identical,,,identical,,27519,2
Attrib_carryover,T-t30.1_0.0_1.0_1.0-da.png,identical,,,identical,,27519,2
Attrib_carryover,T-t30.2_0.0_0.6_1.0-ie.png,identical,,,identical,,20869,1
Attrib_carryover,T-t30.5_0.0_0.0_1.0-ia.png,identical,,,identical,,27519,2
Attrib_carryover,T-t30.8_0.0_0.0_1.0-ib.png,identical,,,identical,,27519,2
Attrib_carryover,T-w0.1_0.0_1.0_1.0-da.png,identical,,,identical,,27519,2
Attrib_carryover,T-w0.2_0.0_0.6_1.0-ie.png,identical,,,identical,,20869,1
Attrib_carryover,T-w0.5_0.0_0.0_1.0-ia.png,identical,,,identical,,27519,2
Attrib_carryover,T-w0.8_0.0_0.0_1.0-ib.png,identical,,,identical,,27519,2
Attrib_float,-1_1.png,identical,,,identical,,24891,1
Attrib_float,-8_1.png,identical,,,identical,,24891,1
Attrib_float,-INF_INF.png,identical,,,identical,,24891,1
Attrib_float,-MaxSN_MaxSN.png,identical,,,identical,,0,0
Attrib_float,-Max_Max.png,identical,,,identical,,24891,1
Attrib_float,-MinN_MinN.png,identical,,,identical,,12445,1
Attrib_float,-Min_Min.png,identical,,,identical,,0,0
Attrib_float,-NaNq_NaNq.png,identical,,,identical,,14637,255
Attrib_float,-NaNs_NaNs.png,differs,60,255,identical,,14637,255
Attrib_float,0_1.png,identical,,,identical,,31115,1
Attrib_float,0_8.png,identical,,,identical,,31115,1
Attrib_float,Colors.png,identical,,,identical,,0,0
Attrib_setter,Setters-alpha.png,identical,,,identical,,17583,3
Attrib_setter,Setters-visible.png,identical,,,identical,,17612,3
Blend_surface,1-DstAlpha_ARGB8.png,identical,,,identical,,0,0
Blend_surface,1-DstAlpha_R5G6B5.png,identical,,,identical,,0,0
Blend_surface,1-DstAlpha_XA_O1A7RGB8.png,identical,,,identical,,81920,74
Blend_surface,1-DstAlpha_XA_Z1A7RGB8.png,identical,,,identical,,65536,13
Blend_surface,1-DstAlpha_X_O1RGB5.png,identical,,,identical,,0,0
Blend_surface,1-DstAlpha_X_ORGB8.png,identical,,,identical,,0,0
Blend_surface,1-DstAlpha_X_Z1RGB5.png,identical,,,identical,,0,0
Blend_surface,1-DstAlpha_X_ZRGB8.png,identical,,,identical,,0,0
Blend_surface,ARGB8_Add_SrcA_1-SrcA.png,identical,,,identical,,0,0
Blend_surface,ARGB8_Add_SrcA_DstA.png,identical,,,identical,,0,0
Blend_surface,DstAlpha_ARGB8.png,identical,,,identical,,0,0
Blend_surface,DstAlpha_R5G6B5.png,identical,,,identical,,0,0
Blend_surface,DstAlpha_XA_O1A7RGB8.png,identical,,,identical,,81920,74
Blend_surface,DstAlpha_XA_Z1A7RGB8.png,identical,,,identical,,65536,13
Blend_surface,DstAlpha_X_O1RGB5.png,identical,,,identical,,0,0
Blend_surface,DstAlpha_X_ORGB8.png,identical,,,identical,,0,0
Blend_surface,DstAlpha_X_Z1RGB5.png,identical,,,identical,,0,0
Blend_surface,DstAlpha_X_ZRGB8.png,identical,,,identical,,0,0
Blend_surface,R5G6B5_Add_SrcA_1-SrcA.png,identical,,,identical,,12490,25
Blend_surface,R5G6B5_Add_SrcA_DstA.png,identical,,,identical,,14833,239
Blend_surface,XA_O1A7RGB8_Add_SrcA_1-SrcA.png,identical,,,identical,,0,0
Blend_surface,XA_O1A7RGB8_Add_SrcA_DstA.png,identical,,,identical,,37007,5
Blend_surface,XA_Z1A7RGB8_Add_SrcA_1-SrcA.png,identical,,,identical,,0,0
Blend_surface,XA_Z1A7RGB8_Add_SrcA_DstA.png,identical,,,identical,,37007,5
Blend_surface,X_O1RGB5_Add_SrcA_1-SrcA.png,identical,,,identical,,12374,25
Blend_surface,X_O1RGB5_Add_SrcA_DstA.png,identical,,,identical,,15016,239
Blend_surface,X_ORGB8_Add_SrcA_1-SrcA.png,identical,,,identical,,0,0
Blend_surface,X_ORGB8_Add_SrcA_DstA.png,identical,,,identical,,0,0
Blend_surface,X_Z1RGB5_Add_SrcA_1-SrcA.png,identical,,,identical,,12374,25
Blend_surface,X_Z1RGB5_Add_SrcA_DstA.png,identical,,,identical,,15016,239
Blend_surface,X_ZRGB8_Add_SrcA_1-SrcA.png,identical,,,identical,,0,0
Blend_surface,X_ZRGB8_Add_SrcA_DstA.png,identical,,,identical,,0,0
Blend_tests,#spot_0_ADD.png,identical,,,identical,,0,0
Blend_tests,#spot_0_MAX.png,identical,,,identical,,0,0
Blend_tests,#spot_0_MIN.png,identical,,,identical,,0,0
Blend_tests,#spot_0_REVSUB.png,identical,,,identical,,0,0
Blend_tests,#spot_0_SADD.png,identical,,,identical,,0,0
Blend_tests,#spot_0_SREVSUB.png,identical,,,identical,,0,0
Blend_tests,#spot_0_SUB.png,identical,,,identical,,0,0
Blend_tests,#spot_1-cA_ADD.png,identical,,,identical,,0,0
Blend_tests,#spot_1-cA_MAX.png,identical,,,identical,,0,0
Blend_tests,#spot_1-cA_MIN.png,identical,,,identical,,0,0
Blend_tests,#spot_1-cA_REVSUB.png,identical,,,identical,,0,0
Blend_tests,#spot_1-cA_SADD.png,identical,,,identical,,0,0
Blend_tests,#spot_1-cA_SREVSUB.png,identical,,,identical,,0,0
Blend_tests,#spot_1-cA_SUB.png,identical,,,identical,,0,0
Blend_tests,#spot_1-cRGB_ADD.png,identical,,,identical,,0,0
Blend_tests,#spot_1-cRGB_MAX.png,identical,,,identical,,0,0
Blend_tests,#spot_1-cRGB_MIN.png,identical,,,identical,,0,0
Blend_tests,#spot_1-cRGB_REVSUB.png,identical,,,identical,,0,0
Blend_tests,#spot_1-cRGB_SADD.png,identical,,,identical,,0,0
Blend_tests,#spot_1-cRGB_SREVSUB.png,identical,,,identical,,0,0
Blend_tests,#spot_1-cRGB_SUB.png,identical,,,identical,,0,0
Blend_tests,#spot_1-dstA_ADD.png,identical,,,identical,,0,0
Blend_tests,#spot_1-dstA_MAX.png,identical,,,identical,,0,0
Blend_tests,#spot_1-dstA_MIN.png,identical,,,identical,,0,0
Blend_tests,#spot_1-dstA_REVSUB.png,identical,,,identical,,0,0
Blend_tests,#spot_1-dstA_SADD.png,identical,,,identical,,0,0
Blend_tests,#spot_1-dstA_SREVSUB.png,identical,,,identical,,0,0
Blend_tests,#spot_1-dstA_SUB.png,identical,,,identical,,0,0
Blend_tests,#spot_1-dstRGB_ADD.png,identical,,,identical,,0,0
Blend_tests,#spot_1-dstRGB_MAX.png,identical,,,identical,,0,0
Blend_tests,#spot_1-dstRGB_MIN.png,identical,,,identical,,0,0
Blend_tests,#spot_1-dstRGB_REVSUB.png,identical,,,identical,,0,0
Blend_tests,#spot_1-dstRGB_SADD.png,identical,,,identical,,0,0
Blend_tests,#spot_1-dstRGB_SREVSUB.png,identical,,,identical,,0,0
Blend_tests,#spot_1-dstRGB_SUB.png,identical,,,identical,,0,0
Blend_tests,#spot_1-srcA_ADD.png,identical,,,identical,,0,0
Blend_tests,#spot_1-srcA_MAX.png,identical,,,identical,,0,0
Blend_tests,#spot_1-srcA_MIN.png,identical,,,identical,,0,0
Blend_tests,#spot_1-srcA_REVSUB.png,identical,,,identical,,0,0
Blend_tests,#spot_1-srcA_SADD.png,identical,,,identical,,0,0
Blend_tests,#spot_1-srcA_SREVSUB.png,identical,,,identical,,0,0
Blend_tests,#spot_1-srcA_SUB.png,identical,,,identical,,0,0
Blend_tests,#spot_1-srcRGB_ADD.png,identical,,,identical,,0,0
Blend_tests,#spot_1-srcRGB_MAX.png,identical,,,identical,,0,0
Blend_tests,#spot_1-srcRGB_MIN.png,identical,,,identical,,0,0
Blend_tests,#spot_1-srcRGB_REVSUB.png,identical,,,identical,,0,0
Blend_tests,#spot_1-srcRGB_SADD.png,identical,,,identical,,0,0
Blend_tests,#spot_1-srcRGB_SREVSUB.png,identical,,,identical,,0,0
Blend_tests,#spot_1-srcRGB_SUB.png,identical,,,identical,,0,0
Blend_tests,#spot_1_ADD.png,identical,,,identical,,0,0
Blend_tests,#spot_1_MAX.png,identical,,,identical,,0,0
Blend_tests,#spot_1_MIN.png,identical,,,identical,,0,0
Blend_tests,#spot_1_REVSUB.png,identical,,,identical,,0,0
Blend_tests,#spot_1_SADD.png,identical,,,identical,,0,0
Blend_tests,#spot_1_SREVSUB.png,identical,,,identical,,0,0
Blend_tests,#spot_1_SUB.png,identical,,,identical,,0,0
Blend_tests,#spot_cA_ADD.png,identical,,,identical,,0,0
Blend_tests,#spot_cA_MAX.png,identical,,,identical,,0,0
Blend_tests,#spot_cA_MIN.png,identical,,,identical,,0,0
Blend_tests,#spot_cA_REVSUB.png,identical,,,identical,,0,0
Blend_tests,#spot_cA_SADD.png,identical,,,identical,,0,0
Blend_tests,#spot_cA_SREVSUB.png,identical,,,identical,,0,0
Blend_tests,#spot_cA_SUB.png,identical,,,identical,,0,0
Blend_tests,#spot_cRGB_ADD.png,identical,,,identical,,0,0
Blend_tests,#spot_cRGB_MAX.png,identical,,,identical,,0,0
Blend_tests,#spot_cRGB_MIN.png,identical,,,identical,,0,0
Blend_tests,#spot_cRGB_REVSUB.png,identical,,,identical,,0,0
Blend_tests,#spot_cRGB_SADD.png,identical,,,identical,,0,0
Blend_tests,#spot_cRGB_SREVSUB.png,identical,,,identical,,0,0
Blend_tests,#spot_cRGB_SUB.png,identical,,,identical,,0,0
Blend_tests,#spot_dstA_ADD.png,identical,,,identical,,0,0
Blend_tests,#spot_dstA_MAX.png,identical,,,identical,,0,0
Blend_tests,#spot_dstA_MIN.png,identical,,,identical,,0,0
Blend_tests,#spot_dstA_REVSUB.png,identical,,,identical,,0,0
Blend_tests,#spot_dstA_SADD.png,identical,,,identical,,0,0
Blend_tests,#spot_dstA_SREVSUB.png,identical,,,identical,,0,0
Blend_tests,#spot_dstA_SUB.png,identical,,,identical,,0,0
Blend_tests,#spot_dstRGB_ADD.png,identical,,,identical,,0,0
Blend_tests,#spot_dstRGB_MAX.png,identical,,,identical,,0,0
Blend_tests,#spot_dstRGB_MIN.png,identical,,,identical,,0,0
Blend_tests,#spot_dstRGB_REVSUB.png,identical,,,identical,,0,0
Blend_tests,#spot_dstRGB_SADD.png,identical,,,identical,,0,0
Blend_tests,#spot_dstRGB_SREVSUB.png,identical,,,identical,,0,0
Blend_tests,#spot_dstRGB_SUB.png,identical,,,identical,,0,0
Blend_tests,#spot_srcA_ADD.png,identical,,,identical,,0,0
Blend_tests,#spot_srcA_MAX.png,identical,,,identical,,0,0
Blend_tests,#spot_srcA_MIN.png,identical,,,identical,,0,0
Blend_tests,#spot_srcA_REVSUB.png,identical,,,identical,,0,0
Blend_tests,#spot_srcA_SADD.png,identical,,,identical,,0,0
Blend_tests,#spot_srcA_SREVSUB.png,identical,,,identical,,0,0
Blend_tests,#spot_srcA_SUB.png,identical,,,identical,,0,0
Blend_tests,#spot_srcAsat_ADD.png,identical,,,identical,,0,0
Blend_tests,#spot_srcAsat_MAX.png,identical,,,identical,,0,0
Blend_tests,#spot_srcAsat_MIN.png,identical,,,identical,,0,0
Blend_tests,#spot_srcAsat_REVSUB.png,identical,,,identical,,0,0
Blend_tests,#spot_srcAsat_SADD.png,identical,,,identical,,0,0
Blend_tests,#spot_srcAsat_SREVSUB.png,identical,,,identical,,0,0
Blend_tests,#spot_srcAsat_SUB.png,identical,,,identical,,0,0
Blend_tests,#spot_srcRGB_ADD.png,identical,,,identical,,0,0
Blend_tests,#spot_srcRGB_MAX.png,identical,,,identical,,0,0
Blend_tests,#spot_srcRGB_MIN.png,identical,,,identical,,0,0
Blend_tests,#spot_srcRGB_REVSUB.png,identical,,,identical,,0,0
Blend_tests,#spot_srcRGB_SADD.png,identical,,,identical,,0,0
Blend_tests,#spot_srcRGB_SREVSUB.png,identical,,,identical,,0,0
Blend_tests,#spot_srcRGB_SUB.png,identical,,,identical,,0,0
Bump_env_lum,BumpEnvLum_A1R5G5B5.png,identical,,,identical,,42313,110
Bump_env_lum,BumpEnvLum_A1R5G5B5_L.png,identical,,,identical,,42313,110
Bump_env_lum,BumpEnvLum_A4R4G4B4.png,identical,,,identical,,53014,110
Bump_env_lum,BumpEnvLum_A4R4G4B4_L.png,identical,,,identical,,53014,110
Bump_env_lum,BumpEnvLum_A8.png,identical,,,identical,,1576,110
Bump_env_lum,BumpEnvLum_A8B8G8R8.png,identical,,,identical,,52764,110
Bump_env_lum,BumpEnvLum_A8B8G8R8_L.png,identical,,,identical,,52764,110
Bump_env_lum,BumpEnvLum_A8R8G8B8.png,identical,,,identical,,52764,110
Bump_env_lum,BumpEnvLum_A8R8G8B8_L.png,identical,,,identical,,52764,110
Bump_env_lum,BumpEnvLum_A8Y8.png,identical,,,identical,,29382,47
Bump_env_lum,BumpEnvLum_A8_L.png,identical,,,identical,,1576,110
Bump_env_lum,BumpEnvLum_AY8.png,identical,,,identical,,29382,47
Bump_env_lum,BumpEnvLum_AY8_L.png,identical,,,identical,,29382,47
Bump_env_lum,BumpEnvLum_B8G8R8A8.png,identical,,,identical,,52764,110
Bump_env_lum,BumpEnvLum_B8G8R8A8_L.png,identical,,,identical,,52764,110
Bump_env_lum,BumpEnvLum_DXT1.png,identical,,,identical,,1924,33
Bump_env_lum,BumpEnvLum_G8B8.png,identical,,,identical,,56962,54
Bump_env_lum,BumpEnvLum_G8B8_L.png,identical,,,identical,,56962,54
Bump_env_lum,BumpEnvLum_R16B16.png,identical,,,identical,,83904,121
Bump_env_lum,BumpEnvLum_R16B16_L.png,identical,,,identical,,83904,121
Bump_env_lum,BumpEnvLum_R5G6B5.png,identical,,,identical,,42313,110
Bump_env_lum,BumpEnvLum_R5G6B5_L.png,identical,,,identical,,42313,110
Bump_env_lum,BumpEnvLum_R6G5B5.png,identical,,,identical,,38153,110
Bump_env_lum,BumpEnvLum_R6G5B5_B.png,identical,,,identical,,30602,110
Bump_env_lum,BumpEnvLum_R6G5B5_B_R90.png,identical,,,identical,,28387,110
Bump_env_lum,BumpEnvLum_R6G5B5_R90.png,identical,,,identical,,36972,72
Bump_env_lum,BumpEnvLum_R8B8.png,identical,,,identical,,53791,110
Bump_env_lum,BumpEnvLum_R8G8B8A8.png,identical,,,identical,,52764,110
Bump_env_lum,BumpEnvLum_R8G8B8A8_L.png,identical,,,identical,,52764,110
Bump_env_lum,BumpEnvLum_UYVY_L.png,identical,,,identical,,111496,127
Bump_env_lum,BumpEnvLum_X1R5G5B5.png,identical,,,identical,,42313,110
Bump_env_lum,BumpEnvLum_X1R5G5B5_L.png,identical,,,identical,,42313,110
Bump_env_lum,BumpEnvLum_X8R8G8B8.png,identical,,,identical,,52764,110
Bump_env_lum,BumpEnvLum_X8R8G8B8_B.png,identical,,,identical,,30565,110
Bump_env_lum,BumpEnvLum_X8R8G8B8_B_R90.png,identical,,,identical,,28651,110
Bump_env_lum,BumpEnvLum_X8R8G8B8_L.png,identical,,,identical,,52764,110
Bump_env_lum,BumpEnvLum_X8R8G8B8_R90.png,identical,,,identical,,51560,71
Bump_env_lum,BumpEnvLum_Y16.png,identical,,,identical,,1576,110
Bump_env_lum,BumpEnvLum_Y16_L.png,identical,,,identical,,1576,110
Bump_env_lum,BumpEnvLum_Y8.png,identical,,,identical,,29382,47
Bump_env_lum,BumpEnvLum_Y8_L.png,identical,,,identical,,29382,47
Bump_env_lum,BumpEnvLum_YUY2_L.png,identical,,,identical,,111496,127
Bump_map,BumpMap_A1R5G5B5.png,identical,,,identical,,2784,221
Bump_map,BumpMap_A1R5G5B5_L.png,identical,,,identical,,2784,221
Bump_map,BumpMap_A4R4G4B4.png,identical,,,identical,,2852,221
Bump_map,BumpMap_A4R4G4B4_L.png,identical,,,identical,,2852,221
Bump_map,BumpMap_A8.png,identical,,,identical,,1576,221
Bump_map,BumpMap_A8B8G8R8.png,identical,,,identical,,3895,221
Bump_map,BumpMap_A8B8G8R8_L.png,identical,,,identical,,3895,221
Bump_map,BumpMap_A8R8G8B8.png,identical,,,identical,,3895,221
Bump_map,BumpMap_A8R8G8B8_L.png,identical,,,identical,,3895,221
Bump_map,BumpMap_A8Y8.png,identical,,,identical,,1576,221
Bump_map,BumpMap_A8_L.png,identical,,,identical,,1576,221
Bump_map,BumpMap_AY8.png,identical,,,identical,,1576,221
Bump_map,BumpMap_AY8_L.png,identical,,,identical,,1576,221
Bump_map,BumpMap_B8G8R8A8.png,identical,,,identical,,3895,221
Bump_map,BumpMap_B8G8R8A8_L.png,identical,,,identical,,3895,221
Bump_map,BumpMap_DXT1.png,identical,,,identical,,1924,221
Bump_map,BumpMap_G8B8.png,identical,,,identical,,3895,221
Bump_map,BumpMap_G8B8_B.png,identical,,,identical,,2860,221
Bump_map,BumpMap_G8B8_B_R90.png,identical,,,identical,,1998,221
Bump_map,BumpMap_G8B8_L.png,identical,,,identical,,3895,221
Bump_map,BumpMap_G8B8_R90.png,identical,,,identical,,1845,221
Bump_map,BumpMap_R16B16.png,identical,,,identical,,668,221
Bump_map,BumpMap_R16B16_B.png,identical,,,identical,,711,221
Bump_map,BumpMap_R16B16_L.png,identical,,,identical,,1576,221
Bump_map,BumpMap_R5G6B5.png,identical,,,identical,,3416,221
Bump_map,BumpMap_R5G6B5_L.png,identical,,,identical,,3416,221
Bump_map,BumpMap_R6G5B5.png,identical,,,identical,,2784,221
Bump_map,BumpMap_R8B8.png,identical,,,identical,,1576,221
Bump_map,BumpMap_R8G8B8A8.png,identical,,,identical,,3895,221
Bump_map,BumpMap_R8G8B8A8_L.png,identical,,,identical,,3895,221
Bump_map,BumpMap_UYVY_L.png,identical,,,identical,,111496,255
Bump_map,BumpMap_X1R5G5B5.png,identical,,,identical,,2784,221
Bump_map,BumpMap_X1R5G5B5_L.png,identical,,,identical,,2784,221
Bump_map,BumpMap_X8R8G8B8.png,identical,,,identical,,3895,221
Bump_map,BumpMap_X8R8G8B8_L.png,identical,,,identical,,3895,221
Bump_map,BumpMap_Y16.png,identical,,,identical,,22374,221
Bump_map,BumpMap_Y16_L.png,identical,,,identical,,22374,221
Bump_map,BumpMap_Y8.png,identical,,,identical,,1576,221
Bump_map,BumpMap_Y8_L.png,identical,,,identical,,1576,221
Bump_map,BumpMap_YUY2_L.png,identical,,,identical,,111496,255
Clear,C00000000_Depth_n.png,identical,,,identical,,0,0
Clear,C00000000_Depth_n_ZB.png,identical,,,identical,,0,0
Clear,C00000000_Depth_y.png,identical,,,identical,,0,0
Clear,C00000000_Depth_y_ZB.png,identical,,,identical,,0,0
Clear,C00000001_Depth_n.png,identical,,,identical,,0,0
Clear,C00000001_Depth_n_ZB.png,identical,,,identical,,0,0
Clear,C00000001_Depth_y.png,identical,,,identical,,0,0
Clear,C00000001_Depth_y_ZB.png,identical,,,identical,,0,0
Clear,C00000100_Depth_n.png,identical,,,identical,,0,0
Clear,C00000100_Depth_n_ZB.png,identical,,,identical,,0,0
Clear,C00000100_Depth_y.png,identical,,,identical,,0,0
Clear,C00000100_Depth_y_ZB.png,identical,,,identical,,0,0
Clear,C00010000_Depth_n.png,identical,,,identical,,0,0
Clear,C00010000_Depth_n_ZB.png,identical,,,identical,,0,0
Clear,C00010000_Depth_y.png,identical,,,identical,,0,0
Clear,C00010000_Depth_y_ZB.png,identical,,,identical,,0,0
Clear,C01000000_Depth_n.png,identical,,,identical,,0,0
Clear,C01000000_Depth_n_ZB.png,identical,,,identical,,0,0
Clear,C01000000_Depth_y.png,identical,,,identical,,0,0
Clear,C01000000_Depth_y_ZB.png,identical,,,identical,,0,0
Clear,C01010101_Depth_n.png,identical,,,identical,,0,0
Clear,C01010101_Depth_n_ZB.png,identical,,,identical,,0,0
Clear,C01010101_Depth_y.png,identical,,,identical,,0,0
Clear,C01010101_Depth_y_ZB.png,identical,,,identical,,0,0
Clear,SCF_R5G6B5.png,differs,281772,255,differs,281772,40920,159
Clear,SCF_X1A7R8G8B8_O1A7R8G8B8.png,differs,235430,255,differs,235430,98208,255
Clear,SCF_X1A7R8G8B8_Z1A7R8G8B8.png,differs,255912,255,differs,255912,73752,204
Clear,SCF_X1R5G5B5_O1R5G5B5.png,differs,280822,255,differs,280822,40920,158
Clear,SCF_X8R8G8B8_O8R8G8B8.png,differs,207034,255,differs,207034,81840,204
Clear,SCF_X8R8G8B8_Z8R8G8B8.png,differs,256196,255,differs,256196,40920,204
Clear,SFC_A8R8G8B8.png,differs,244700,255,differs,244700,81840,255
Clear,SFC_X1R5G5B5_Z1R5G5B5.png,differs,280832,255,differs,280832,40920,158
Color_Zeta_Disable,MaskOff_ZB.png,identical,,,identical,,0,0
Color_key,FixedTex_Alpha.png,identical,,,identical,,242,247
Color_key,FixedTex_AlphaColor.png,identical,,,identical,,242,247
Color_key,FixedTex_Color.png,identical,,,identical,,242,247
Color_key,FixedTex_Disabled.png,identical,,,identical,,242,152
Color_key,IgnAlphaCh_FixedTex_Alpha.png,identical,,,identical,,242,153
Color_key,IgnAlphaCh_FixedTex_AlphaColor.png,identical,,,identical,,242,255
Color_key,IgnAlphaCh_FixedTex_Color.png,identical,,,identical,,242,255
Color_key,IgnAlphaCh_FixedTex_Disabled.png,identical,,,identical,,242,153
Color_key,IgnAlphaCh_ProgTex_Alpha.png,identical,,,identical,,0,0
Color_key,IgnAlphaCh_ProgTex_AlphaColor.png,identical,,,identical,,0,0
Color_key,IgnAlphaCh_ProgTex_Color.png,identical,,,identical,,0,0
Color_key,IgnAlphaCh_ProgTex_Disabled.png,identical,,,identical,,0,0
Color_key,ProgTex_Alpha.png,identical,,,identical,,0,0
Color_key,ProgTex_AlphaColor.png,identical,,,identical,,0,0
Color_key,ProgTex_Color.png,identical,,,identical,,0,0
Color_key,ProgTex_Disabled.png,identical,,,identical,,0,0
Color_key,UnsampledTex.png,identical,,,identical,,0,0
Color_key,XAlphaFormat.png,identical,,,identical,,0,0
Color_mask_blend,C00010101_O32774_S772_D0.png,identical,,,identical,,17633,2
Color_zeta_overlap,AdjacentWithAA.png,identical,,,identical,,0,0
Color_zeta_overlap,AdjacentWithClipOffset_l.png,identical,,,identical,,0,0
Color_zeta_overlap,AdjacentWithClipOffset_sz.png,identical,,,identical,,0,0
Color_zeta_overlap,ColorIntoZeta.png,identical,,,identical,,0,0
Color_zeta_overlap,ColorIntoZeta_ZB.png,differs,6964,220,differs,9376,131495,220
Color_zeta_overlap,Swap.png,identical,,,identical,,165447,4
Color_zeta_overlap,Swap_ZB.png,identical,,,identical,,141125,255
Color_zeta_overlap,ZetaIntoColor.png,differs,29310,84,differs,16664,102255,219
Color_zeta_overlap,ZetaIntoColor_ZB.png,identical,,,identical,,0,0
Combiner,AlphaFromBlue.png,identical,,,identical,,5725,17
Combiner,ColorAlphaIndependence.png,identical,,,identical,,0,0
Combiner,CombinerOps.png,identical,,,identical,,13689,17
Combiner,Flags.png,identical,,,identical,,0,0
Combiner,Independence.png,identical,,,identical,,0,0
Combiner,Mux.png,identical,,,identical,,0,0
Combiner,SpecialInputs.png,identical,,,identical,,5487,17
Combiner,UnboundTexSampler.png,identical,,,identical,,0,0
Context_switch,GRZero.png,identical,,,identical,,70444,2
DMA_corruption_around_surfaces,DMAOverlap.png,identical,,,identical,,0,0
DMA_corruption_around_surfaces,xemuReadFromFileIntoSurface.png,identical,,,identical,,90912,255
DMA_corruption_around_surfaces,xemuReadFromFileIntoTexture.png,identical,,,identical,,0,0
Degenerate_begin_end,BeginWithoutEnd.png,identical,,,identical,,8429,2
Depth_Clamp,depth_clamp_W0_C0_ZB0_FR0_VSH0.png,identical,,,identical,,57,255
Depth_Clamp,depth_clamp_W0_C0_ZB0_FR0_VSH1.png,identical,,,identical,,57,255
Depth_Clamp,depth_clamp_W0_C0_ZB0_FR1_VSH0.png,identical,,,identical,,58,255
Depth_Clamp,depth_clamp_W0_C0_ZB0_FR1_VSH1.png,identical,,,identical,,58,255
Depth_Clamp,depth_clamp_W0_C0_ZB1_FR0_VSH0.png,identical,,,identical,,18,255
Depth_Clamp,depth_clamp_W0_C0_ZB1_FR0_VSH1.png,identical,,,identical,,18,255
Depth_Clamp,depth_clamp_W0_C0_ZB1_FR1_VSH0.png,identical,,,identical,,66,255
Depth_Clamp,depth_clamp_W0_C0_ZB1_FR1_VSH1.png,identical,,,identical,,66,255
Depth_Clamp,depth_clamp_W0_C1_ZB0_FR0_VSH0.png,identical,,,identical,,60,255
Depth_Clamp,depth_clamp_W0_C1_ZB0_FR0_VSH1.png,identical,,,identical,,60,255
Depth_Clamp,depth_clamp_W0_C1_ZB0_FR1_VSH0.png,identical,,,identical,,58,255
Depth_Clamp,depth_clamp_W0_C1_ZB0_FR1_VSH1.png,identical,,,identical,,58,255
Depth_Clamp,depth_clamp_W0_C1_ZB1_FR0_VSH0.png,identical,,,identical,,60,255
Depth_Clamp,depth_clamp_W0_C1_ZB1_FR0_VSH1.png,identical,,,identical,,60,255
Depth_Clamp,depth_clamp_W0_C1_ZB1_FR1_VSH0.png,identical,,,identical,,66,255
Depth_Clamp,depth_clamp_W0_C1_ZB1_FR1_VSH1.png,identical,,,identical,,66,255
Depth_Clamp,depth_clamp_W1_C0_ZB0_FR0_VSH0.png,identical,,,identical,,57,255
Depth_Clamp,depth_clamp_W1_C0_ZB0_FR0_VSH1.png,identical,,,identical,,57,255
Depth_Clamp,depth_clamp_W1_C0_ZB0_FR1_VSH0.png,identical,,,identical,,58,255
Depth_Clamp,depth_clamp_W1_C0_ZB0_FR1_VSH1.png,identical,,,identical,,58,255
Depth_Clamp,depth_clamp_W1_C0_ZB1_FR0_VSH0.png,identical,,,identical,,9,255
Depth_Clamp,depth_clamp_W1_C0_ZB1_FR0_VSH1.png,identical,,,identical,,9,255
Depth_Clamp,depth_clamp_W1_C0_ZB1_FR1_VSH0.png,identical,,,identical,,66,255
Depth_Clamp,depth_clamp_W1_C0_ZB1_FR1_VSH1.png,identical,,,identical,,66,255
Depth_Clamp,depth_clamp_W1_C1_ZB0_FR0_VSH0.png,identical,,,identical,,60,255
Depth_Clamp,depth_clamp_W1_C1_ZB0_FR0_VSH1.png,identical,,,identical,,60,255
Depth_Clamp,depth_clamp_W1_C1_ZB0_FR1_VSH0.png,identical,,,identical,,58,255
Depth_Clamp,depth_clamp_W1_C1_ZB0_FR1_VSH1.png,identical,,,identical,,58,255
Depth_Clamp,depth_clamp_W1_C1_ZB1_FR0_VSH0.png,identical,,,identical,,60,255
Depth_Clamp,depth_clamp_W1_C1_ZB1_FR0_VSH1.png,identical,,,identical,,60,255
Depth_Clamp,depth_clamp_W1_C1_ZB1_FR1_VSH0.png,identical,,,identical,,66,255
Depth_Clamp,depth_clamp_W1_C1_ZB1_FR1_VSH1.png,identical,,,identical,,66,255
Depth_Clamp,depth_equal_Ofs0.685.png,identical,,,identical,,0,0
Depth_Clamp,depth_equal_Ofs0.822.png,identical,,,identical,,0,0
Depth_Clamp,depth_equal_Ofs3.015.png,identical,,,identical,,0,0
Depth_Clamp,depth_equal_Ofs3.216.png,identical,,,identical,,0,0
Depth_Clamp,depth_equal_WBuf_Ofs0.685.png,identical,,,identical,,0,0
Depth_Clamp,depth_equal_WBuf_Ofs0.822.png,identical,,,identical,,0,0
Depth_Clamp,depth_equal_WBuf_Ofs3.015.png,identical,,,identical,,0,0
Depth_Clamp,depth_equal_WBuf_Ofs3.216.png,identical,,,identical,,0,0
Depth_buffer,DepthFmt_z16_Cn_FZn_M00000f.png,identical,,,identical,,0,0
Depth_buffer,DepthFmt_z16_Cn_FZn_M00000f_ZB.png,identical,,,identical,,0,0
Depth_buffer,DepthFmt_z16_Cn_FZn_M000564.png,identical,,,identical,,60,1
Depth_buffer,DepthFmt_z16_Cn_FZn_M000564_ZB.png,identical,,,identical,,0,0
Depth_buffer,DepthFmt_z16_Cn_FZn_M000ab9.png,identical,,,identical,,131,1
Depth_buffer,DepthFmt_z16_Cn_FZn_M000ab9_ZB.png,identical,,,identical,,0,0
Depth_buffer,DepthFmt_z16_Cn_FZn_M00400b.png,identical,,,identical,,916,2
Depth_buffer,DepthFmt_z16_Cn_FZn_M00400b_ZB.png,identical,,,identical,,0,0
Depth_buffer,DepthFmt_z16_Cn_FZn_M008007.png,identical,,,identical,,1976,2
Depth_buffer,DepthFmt_z16_Cn_FZn_M008007_ZB.png,identical,,,identical,,0,0
Depth_buffer,DepthFmt_z16_Cn_FZn_M00c003.png,identical,,,identical,,19902,2
Depth_buffer,DepthFmt_z16_Cn_FZn_M00c003_ZB.png,identical,,,identical,,0,0
Depth_buffer,DepthFmt_z16_Cn_FZn_M00f555.png,identical,,,identical,,61117,2
Depth_buffer,DepthFmt_z16_Cn_FZn_M00f555_ZB.png,identical,,,identical,,0,0
Depth_buffer,DepthFmt_z16_Cn_FZn_M00faaa.png,identical,,,identical,,65112,2
Depth_buffer,DepthFmt_z16_Cn_FZn_M00faaa_ZB.png,identical,,,identical,,0,0
Depth_buffer,DepthFmt_z16_Cn_FZn_M00ffff.png,identical,,,identical,,69656,2
Depth_buffer,DepthFmt_z16_Cn_FZn_M00ffff_ZB.png,identical,,,identical,,0,0
Depth_buffer,DepthFmt_z16_Cn_FZy_M00000f.png,identical,,,identical,,0,0
Depth_buffer,DepthFmt_z16_Cn_FZy_M00000f_ZB.png,identical,,,identical,,0,0
Depth_buffer,DepthFmt_z16_Cn_FZy_M000564.png,identical,,,identical,,0,0
Depth_buffer,DepthFmt_z16_Cn_FZy_M000564_ZB.png,identical,,,identical,,0,0
Depth_buffer,DepthFmt_z16_Cn_FZy_M000ab9.png,identical,,,identical,,0,0
Depth_buffer,DepthFmt_z16_Cn_FZy_M000ab9_ZB.png,identical,,,identical,,0,0
Depth_buffer,DepthFmt_z16_Cn_FZy_M00400b.png,identical,,,identical,,56,1
Depth_buffer,DepthFmt_z16_Cn_FZy_M00400b_ZB.png,identical,,,identical,,4,255
Depth_buffer,DepthFmt_z16_Cn_FZy_M008007.png,identical,,,identical,,1570,1
Depth_buffer,DepthFmt_z16_Cn_FZy_M008007_ZB.png,identical,,,identical,,78,255
Depth_buffer,DepthFmt_z16_Cn_FZy_M00c003.png,identical,,,identical,,5827,2
Depth_buffer,DepthFmt_z16_Cn_FZy_M00c003_ZB.png,identical,,,identical,,159,255
Depth_buffer,DepthFmt_z16_Cn_FZy_M00f555.png,identical,,,identical,,47445,2
Depth_buffer,DepthFmt_z16_Cn_FZy_M00f555_ZB.png,identical,,,identical,,159,255
Depth_buffer,DepthFmt_z16_Cn_FZy_M00faaa.png,identical,,,identical,,58809,2
Depth_buffer,DepthFmt_z16_Cn_FZy_M00faaa_ZB.png,identical,,,identical,,159,255
Depth_buffer,DepthFmt_z16_Cn_FZy_M00ffff.png,identical,,,identical,,69440,2
Depth_buffer,DepthFmt_z16_Cn_FZy_M00ffff_ZB.png,identical,,,identical,,159,255
Depth_buffer,DepthFmt_z16_Cy_FZn_M00000f.png,identical,,,identical,,0,0
Depth_buffer,DepthFmt_z16_Cy_FZn_M00000f_ZB.png,identical,,,identical,,0,0
Depth_buffer,DepthFmt_z16_Cy_FZn_M000564.png,identical,,,identical,,60,1
Depth_buffer,DepthFmt_z16_Cy_FZn_M000564_ZB.png,identical,,,identical,,0,0
Depth_buffer,DepthFmt_z16_Cy_FZn_M000ab9.png,identical,,,identical,,131,1
Depth_buffer,DepthFmt_z16_Cy_FZn_M000ab9_ZB.png,identical,,,identical,,0,0
Depth_buffer,DepthFmt_z16_Cy_FZn_M00400b.png,identical,,,identical,,916,2
Depth_buffer,DepthFmt_z16_Cy_FZn_M00400b_ZB.png,identical,,,identical,,0,0
Depth_buffer,DepthFmt_z16_Cy_FZn_M008007.png,identical,,,identical,,1976,2
Depth_buffer,DepthFmt_z16_Cy_FZn_M008007_ZB.png,identical,,,identical,,0,0
Depth_buffer,DepthFmt_z16_Cy_FZn_M00c003.png,identical,,,identical,,19902,2
Depth_buffer,DepthFmt_z16_Cy_FZn_M00c003_ZB.png,identical,,,identical,,0,0
Depth_buffer,DepthFmt_z16_Cy_FZn_M00f555.png,identical,,,identical,,61117,2
Depth_buffer,DepthFmt_z16_Cy_FZn_M00f555_ZB.png,identical,,,identical,,0,0
Depth_buffer,DepthFmt_z16_Cy_FZn_M00faaa.png,identical,,,identical,,65112,2
Depth_buffer,DepthFmt_z16_Cy_FZn_M00faaa_ZB.png,identical,,,identical,,0,0
Depth_buffer,DepthFmt_z16_Cy_FZn_M00ffff.png,identical,,,identical,,69656,2
Depth_buffer,DepthFmt_z16_Cy_FZn_M00ffff_ZB.png,identical,,,identical,,0,0
Depth_buffer,DepthFmt_z16_Cy_FZy_M00000f.png,identical,,,identical,,0,0
Depth_buffer,DepthFmt_z16_Cy_FZy_M00000f_ZB.png,identical,,,identical,,0,0
Depth_buffer,DepthFmt_z16_Cy_FZy_M000564.png,identical,,,identical,,0,0
Depth_buffer,DepthFmt_z16_Cy_FZy_M000564_ZB.png,identical,,,identical,,0,0
Depth_buffer,DepthFmt_z16_Cy_FZy_M000ab9.png,identical,,,identical,,0,0
Depth_buffer,DepthFmt_z16_Cy_FZy_M000ab9_ZB.png,identical,,,identical,,0,0
Depth_buffer,DepthFmt_z16_Cy_FZy_M00400b.png,identical,,,identical,,56,1
Depth_buffer,DepthFmt_z16_Cy_FZy_M00400b_ZB.png,identical,,,identical,,4,255
Depth_buffer,DepthFmt_z16_Cy_FZy_M008007.png,identical,,,identical,,1570,1
Depth_buffer,DepthFmt_z16_Cy_FZy_M008007_ZB.png,identical,,,identical,,78,255
Depth_buffer,DepthFmt_z16_Cy_FZy_M00c003.png,identical,,,identical,,5827,2
Depth_buffer,DepthFmt_z16_Cy_FZy_M00c003_ZB.png,identical,,,identical,,159,255
Depth_buffer,DepthFmt_z16_Cy_FZy_M00f555.png,identical,,,identical,,47445,2
Depth_buffer,DepthFmt_z16_Cy_FZy_M00f555_ZB.png,identical,,,identical,,159,255
Depth_buffer,DepthFmt_z16_Cy_FZy_M00faaa.png,identical,,,identical,,58809,2
Depth_buffer,DepthFmt_z16_Cy_FZy_M00faaa_ZB.png,identical,,,identical,,159,255
Depth_buffer,DepthFmt_z16_Cy_FZy_M00ffff.png,identical,,,identical,,69440,2
Depth_buffer,DepthFmt_z16_Cy_FZy_M00ffff_ZB.png,identical,,,identical,,159,255
Depth_buffer,DepthFmt_z24_Cn_FZn_M00000f.png,identical,,,identical,,0,0
Depth_buffer,DepthFmt_z24_Cn_FZn_M00000f_ZB.png,identical,,,identical,,0,0
Depth_buffer,DepthFmt_z24_Cn_FZn_M055564.png,identical,,,identical,,60,1
Depth_buffer,DepthFmt_z24_Cn_FZn_M055564_ZB.png,identical,,,identical,,5,1
Depth_buffer,DepthFmt_z24_Cn_FZn_M0aaab9.png,identical,,,identical,,131,1
Depth_buffer,DepthFmt_z24_Cn_FZn_M0aaab9_ZB.png,identical,,,identical,,21,1
Depth_buffer,DepthFmt_z24_Cn_FZn_M40000b.png,identical,,,identical,,916,2
Depth_buffer,DepthFmt_z24_Cn_FZn_M40000b_ZB.png,identical,,,identical,,227,1
Depth_buffer,DepthFmt_z24_Cn_FZn_M800007.png,identical,,,identical,,1976,2
Depth_buffer,DepthFmt_z24_Cn_FZn_M800007_ZB.png,identical,,,identical,,654,1
Depth_buffer,DepthFmt_z24_Cn_FZn_Mc00003.png,identical,,,identical,,19902,2
Depth_buffer,DepthFmt_z24_Cn_FZn_Mc00003_ZB.png,identical,,,identical,,1221,1
Depth_buffer,DepthFmt_z24_Cn_FZn_Mf55555.png,identical,,,identical,,61117,2
Depth_buffer,DepthFmt_z24_Cn_FZn_Mf55555_ZB.png,identical,,,identical,,6177,1
Depth_buffer,DepthFmt_z24_Cn_FZn_Mfaaaaa.png,identical,,,identical,,65112,2
Depth_buffer,DepthFmt_z24_Cn_FZn_Mfaaaaa_ZB.png,identical,,,identical,,6770,1
Depth_buffer,DepthFmt_z24_Cn_FZn_Mffffff.png,identical,,,identical,,69656,2
Depth_buffer,DepthFmt_z24_Cn_FZn_Mffffff_ZB.png,identical,,,identical,,6770,1
Depth_buffer,DepthFmt_z24_Cn_FZy_M00002f.png,identical,,,identical,,0,0
Depth_buffer,DepthFmt_z24_Cn_FZy_M00002f_ZB.png,identical,,,identical,,0,0
Depth_buffer,DepthFmt_z24_Cn_FZy_M05502e.png,identical,,,identical,,0,0
Depth_buffer,DepthFmt_z24_Cn_FZy_M05502e_ZB.png,identical,,,identical,,616,216
Depth_buffer,DepthFmt_z24_Cn_FZy_M0aa02d.png,identical,,,identical,,0,0
Depth_buffer,DepthFmt_z24_Cn_FZy_M0aa02d_ZB.png,identical,,,identical,,752,216
Depth_buffer,DepthFmt_z24_Cn_FZy_M3fc023.png,identical,,,identical,,0,0
Depth_buffer,DepthFmt_z24_Cn_FZy_M3fc023_ZB.png,identical,,,identical,,752,216
Depth_buffer,DepthFmt_z24_Cn_FZy_M7f8017.png,identical,,,identical,,1520,1
Depth_buffer,DepthFmt_z24_Cn_FZy_M7f8017_ZB.png,identical,,,identical,,784,216
Depth_buffer,DepthFmt_z24_Cn_FZy_Mbf400b.png,identical,,,identical,,2892,2
Depth_buffer,DepthFmt_z24_Cn_FZy_Mbf400b_ZB.png,identical,,,identical,,876,216
Depth_buffer,DepthFmt_z24_Cn_FZy_Mf46001.png,identical,,,identical,,2892,2
Depth_buffer,DepthFmt_z24_Cn_FZy_Mf46001_ZB.png,identical,,,identical,,876,216
Depth_buffer,DepthFmt_z24_Cn_FZy_Mf9b000.png,identical,,,identical,,2892,2
Depth_buffer,DepthFmt_z24_Cn_FZy_Mf9b000_ZB.png,identical,,,identical,,876,216
Depth_buffer,DepthFmt_z24_Cn_FZy_Mfeffff.png,identical,,,identical,,2892,2
Depth_buffer,DepthFmt_z24_Cn_FZy_Mfeffff_ZB.png,identical,,,identical,,876,216
Depth_buffer,DepthFmt_z24_Cy_FZn_M00000f.png,identical,,,identical,,0,0
Depth_buffer,DepthFmt_z24_Cy_FZn_M00000f_ZB.png,identical,,,identical,,0,0
Depth_buffer,DepthFmt_z24_Cy_FZn_M055564.png,identical,,,identical,,60,1
Depth_buffer,DepthFmt_z24_Cy_FZn_M055564_ZB.png,identical,,,identical,,5,1
Depth_buffer,DepthFmt_z24_Cy_FZn_M0aaab9.png,identical,,,identical,,131,1
Depth_buffer,DepthFmt_z24_Cy_FZn_M0aaab9_ZB.png,identical,,,identical,,21,1
Depth_buffer,DepthFmt_z24_Cy_FZn_M40000b.png,identical,,,identical,,916,2
Depth_buffer,DepthFmt_z24_Cy_FZn_M40000b_ZB.png,identical,,,identical,,227,1
Depth_buffer,DepthFmt_z24_Cy_FZn_M800007.png,identical,,,identical,,1976,2
Depth_buffer,DepthFmt_z24_Cy_FZn_M800007_ZB.png,identical,,,identical,,654,1
Depth_buffer,DepthFmt_z24_Cy_FZn_Mc00003.png,identical,,,identical,,19902,2
Depth_buffer,DepthFmt_z24_Cy_FZn_Mc00003_ZB.png,identical,,,identical,,1221,1
Depth_buffer,DepthFmt_z24_Cy_FZn_Mf55555.png,identical,,,identical,,61117,2
Depth_buffer,DepthFmt_z24_Cy_FZn_Mf55555_ZB.png,identical,,,identical,,6177,1
Depth_buffer,DepthFmt_z24_Cy_FZn_Mfaaaaa.png,identical,,,identical,,65112,2
Depth_buffer,DepthFmt_z24_Cy_FZn_Mfaaaaa_ZB.png,identical,,,identical,,6770,1
Depth_buffer,DepthFmt_z24_Cy_FZn_Mffffff.png,identical,,,identical,,69656,2
Depth_buffer,DepthFmt_z24_Cy_FZn_Mffffff_ZB.png,identical,,,identical,,6770,1
Depth_buffer,DepthFmt_z24_Cy_FZy_M00002f.png,identical,,,identical,,0,0
Depth_buffer,DepthFmt_z24_Cy_FZy_M00002f_ZB.png,identical,,,identical,,0,0
Depth_buffer,DepthFmt_z24_Cy_FZy_M05502e.png,identical,,,identical,,0,0
Depth_buffer,DepthFmt_z24_Cy_FZy_M05502e_ZB.png,identical,,,identical,,616,216
Depth_buffer,DepthFmt_z24_Cy_FZy_M0aa02d.png,identical,,,identical,,0,0
Depth_buffer,DepthFmt_z24_Cy_FZy_M0aa02d_ZB.png,identical,,,identical,,752,216
Depth_buffer,DepthFmt_z24_Cy_FZy_M3fc023.png,identical,,,identical,,0,0
Depth_buffer,DepthFmt_z24_Cy_FZy_M3fc023_ZB.png,identical,,,identical,,752,216
Depth_buffer,DepthFmt_z24_Cy_FZy_M7f8017.png,identical,,,identical,,1520,1
Depth_buffer,DepthFmt_z24_Cy_FZy_M7f8017_ZB.png,identical,,,identical,,784,216
Depth_buffer,DepthFmt_z24_Cy_FZy_Mbf400b.png,identical,,,identical,,2892,2
Depth_buffer,DepthFmt_z24_Cy_FZy_Mbf400b_ZB.png,identical,,,identical,,876,216
Depth_buffer,DepthFmt_z24_Cy_FZy_Mf46001.png,identical,,,identical,,2892,2
Depth_buffer,DepthFmt_z24_Cy_FZy_Mf46001_ZB.png,identical,,,identical,,876,216
Depth_buffer,DepthFmt_z24_Cy_FZy_Mf9b000.png,identical,,,identical,,2892,2
Depth_buffer,DepthFmt_z24_Cy_FZy_Mf9b000_ZB.png,identical,,,identical,,876,216
Depth_buffer,DepthFmt_z24_Cy_FZy_Mfeffff.png,identical,,,identical,,2892,2
Depth_buffer,DepthFmt_z24_Cy_FZy_Mfeffff_ZB.png,identical,,,identical,,876,216
Depth_buffer_fixed_function,z16_Cn_FZn_M000003.png,identical,,,identical,,3,1
Depth_buffer_fixed_function,z16_Cn_FZn_M000003_ZB.png,identical,,,identical,,0,0
Depth_buffer_fixed_function,z16_Cn_FZn_M004002.png,identical,,,identical,,566,1
Depth_buffer_fixed_function,z16_Cn_FZn_M004002_ZB.png,identical,,,identical,,16,8
Depth_buffer_fixed_function,z16_Cn_FZn_M008001.png,identical,,,identical,,1132,1
Depth_buffer_fixed_function,z16_Cn_FZn_M008001_ZB.png,identical,,,identical,,32,8
Depth_buffer_fixed_function,z16_Cn_FZn_M00c000.png,identical,,,identical,,1840,1
Depth_buffer_fixed_function,z16_Cn_FZn_M00c000_ZB.png,identical,,,identical,,32,8
Depth_buffer_fixed_function,z16_Cn_FZn_M00ffff.png,identical,,,identical,,42966,251
Depth_buffer_fixed_function,z16_Cn_FZn_M00ffff_ZB.png,identical,,,identical,,2840,255
Depth_buffer_fixed_function,z16_Cn_FZy_M000003.png,identical,,,identical,,3,1
Depth_buffer_fixed_function,z16_Cn_FZy_M000003_ZB.png,identical,,,identical,,0,0
Depth_buffer_fixed_function,z16_Cn_FZy_M004002.png,identical,,,identical,,3,1
Depth_buffer_fixed_function,z16_Cn_FZy_M004002_ZB.png,identical,,,identical,,0,0
Depth_buffer_fixed_function,z16_Cn_FZy_M008001.png,identical,,,identical,,5,1
Depth_buffer_fixed_function,z16_Cn_FZy_M008001_ZB.png,identical,,,identical,,13,8
Depth_buffer_fixed_function,z16_Cn_FZy_M00c000.png,identical,,,identical,,137,1
Depth_buffer_fixed_function,z16_Cn_FZy_M00c000_ZB.png,identical,,,identical,,34,8
Depth_buffer_fixed_function,z16_Cn_FZy_M00ffff.png,identical,,,identical,,42731,251
Depth_buffer_fixed_function,z16_Cn_FZy_M00ffff_ZB.png,identical,,,identical,,495,9
Depth_buffer_fixed_function,z16_Cy_FZn_M000003.png,identical,,,identical,,3,1
Depth_buffer_fixed_function,z16_Cy_FZn_M000003_ZB.png,identical,,,identical,,0,0
Depth_buffer_fixed_function,z16_Cy_FZn_M004002.png,identical,,,identical,,566,1
Depth_buffer_fixed_function,z16_Cy_FZn_M004002_ZB.png,identical,,,identical,,16,8
Depth_buffer_fixed_function,z16_Cy_FZn_M008001.png,identical,,,identical,,1132,1
Depth_buffer_fixed_function,z16_Cy_FZn_M008001_ZB.png,identical,,,identical,,32,8
Depth_buffer_fixed_function,z16_Cy_FZn_M00c000.png,identical,,,identical,,1840,1
Depth_buffer_fixed_function,z16_Cy_FZn_M00c000_ZB.png,identical,,,identical,,32,8
Depth_buffer_fixed_function,z16_Cy_FZn_M00ffff.png,identical,,,identical,,42966,251
Depth_buffer_fixed_function,z16_Cy_FZn_M00ffff_ZB.png,identical,,,identical,,2840,255
Depth_buffer_fixed_function,z16_Cy_FZy_M000003.png,identical,,,identical,,3,1
Depth_buffer_fixed_function,z16_Cy_FZy_M000003_ZB.png,identical,,,identical,,0,0
Depth_buffer_fixed_function,z16_Cy_FZy_M004002.png,identical,,,identical,,3,1
Depth_buffer_fixed_function,z16_Cy_FZy_M004002_ZB.png,identical,,,identical,,0,0
Depth_buffer_fixed_function,z16_Cy_FZy_M008001.png,identical,,,identical,,5,1
Depth_buffer_fixed_function,z16_Cy_FZy_M008001_ZB.png,identical,,,identical,,13,8
Depth_buffer_fixed_function,z16_Cy_FZy_M00c000.png,identical,,,identical,,137,1
Depth_buffer_fixed_function,z16_Cy_FZy_M00c000_ZB.png,identical,,,identical,,34,8
Depth_buffer_fixed_function,z16_Cy_FZy_M00ffff.png,identical,,,identical,,42731,251
Depth_buffer_fixed_function,z16_Cy_FZy_M00ffff_ZB.png,identical,,,identical,,495,9
Depth_buffer_fixed_function,z24_Cn_FZn_M000003.png,identical,,,identical,,24,128
Depth_buffer_fixed_function,z24_Cn_FZn_M000003_ZB.png,identical,,,identical,,24,3
Depth_buffer_fixed_function,z24_Cn_FZn_M400002.png,identical,,,identical,,566,1
Depth_buffer_fixed_function,z24_Cn_FZn_M400002_ZB.png,identical,,,identical,,1506,251
Depth_buffer_fixed_function,z24_Cn_FZn_M800001.png,identical,,,identical,,1132,1
Depth_buffer_fixed_function,z24_Cn_FZn_M800001_ZB.png,identical,,,identical,,2868,252
Depth_buffer_fixed_function,z24_Cn_FZn_Mc00000.png,identical,,,identical,,1840,1
Depth_buffer_fixed_function,z24_Cn_FZn_Mc00000_ZB.png,identical,,,identical,,4834,254
Depth_buffer_fixed_function,z24_Cn_FZn_Mffffff.png,identical,,,identical,,43005,247
Depth_buffer_fixed_function,z24_Cn_FZn_Mffffff_ZB.png,identical,,,identical,,144566,255
Depth_buffer_fixed_function,z24_Cn_FZy_M000003.png,identical,,,identical,,24,128
Depth_buffer_fixed_function,z24_Cn_FZy_M000003_ZB.png,identical,,,identical,,24,3
Depth_buffer_fixed_function,z24_Cn_FZy_M3fc002.png,identical,,,identical,,24,128
Depth_buffer_fixed_function,z24_Cn_FZy_M3fc002_ZB.png,identical,,,identical,,24,192
Depth_buffer_fixed_function,z24_Cn_FZy_M7f8001.png,identical,,,identical,,24,128
Depth_buffer_fixed_function,z24_Cn_FZy_M7f8001_ZB.png,identical,,,identical,,24,128
Depth_buffer_fixed_function,z24_Cn_FZy_Mbf4000.png,identical,,,identical,,24,128
Depth_buffer_fixed_function,z24_Cn_FZy_Mbf4000_ZB.png,identical,,,identical,,24,191
Depth_buffer_fixed_function,z24_Cn_FZy_Mfeffff.png,identical,,,identical,,24,128
Depth_buffer_fixed_function,z24_Cn_FZy_Mfeffff_ZB.png,identical,,,identical,,24,255
Depth_buffer_fixed_function,z24_Cy_FZn_M000003.png,identical,,,identical,,24,128
Depth_buffer_fixed_function,z24_Cy_FZn_M000003_ZB.png,identical,,,identical,,24,3
Depth_buffer_fixed_function,z24_Cy_FZn_M400002.png,identical,,,identical,,566,1
Depth_buffer_fixed_function,z24_Cy_FZn_M400002_ZB.png,identical,,,identical,,1506,251
Depth_buffer_fixed_function,z24_Cy_FZn_M800001.png,identical,,,identical,,1132,1
Depth_buffer_fixed_function,z24_Cy_FZn_M800001_ZB.png,identical,,,identical,,2868,252
Depth_buffer_fixed_function,z24_Cy_FZn_Mc00000.png,identical,,,identical,,1840,1
Depth_buffer_fixed_function,z24_Cy_FZn_Mc00000_ZB.png,identical,,,identical,,4834,254
Depth_buffer_fixed_function,z24_Cy_FZn_Mffffff.png,identical,,,identical,,43005,247
Depth_buffer_fixed_function,z24_Cy_FZn_Mffffff_ZB.png,identical,,,identical,,144566,255
Depth_buffer_fixed_function,z24_Cy_FZy_M000003.png,identical,,,identical,,24,128
Depth_buffer_fixed_function,z24_Cy_FZy_M000003_ZB.png,identical,,,identical,,24,3
Depth_buffer_fixed_function,z24_Cy_FZy_M3fc002.png,identical,,,identical,,24,128
Depth_buffer_fixed_function,z24_Cy_FZy_M3fc002_ZB.png,identical,,,identical,,24,192
Depth_buffer_fixed_function,z24_Cy_FZy_M7f8001.png,identical,,,identical,,24,128
Depth_buffer_fixed_function,z24_Cy_FZy_M7f8001_ZB.png,identical,,,identical,,24,128
Depth_buffer_fixed_function,z24_Cy_FZy_Mbf4000.png,identical,,,identical,,24,128
Depth_buffer_fixed_function,z24_Cy_FZy_Mbf4000_ZB.png,identical,,,identical,,24,191
Depth_buffer_fixed_function,z24_Cy_FZy_Mfeffff.png,identical,,,identical,,24,128
Depth_buffer_fixed_function,z24_Cy_FZy_Mfeffff_ZB.png,identical,,,identical,,24,255
Depth_function,DepthFunc.png,identical,,,identical,,0,0
Depth_function,DepthFunc_ZB.png,identical,,,identical,,0,0
Edge_flag,Disabled.png,identical,,,identical,,2651,207
Edge_flag,Enabled.png,identical,,,identical,,1797,207
Fog,AFF-exp-planar.png,identical,,,identical,,23049,2
Fog,AFF-exp2-planar.png,identical,,,identical,,5027,1
Fog,AFF-exp2_abs-planar.png,identical,,,identical,,5027,1
Fog,AFF-exp_abs-planar.png,identical,,,identical,,23049,2
Fog,AFF-linear-planar.png,identical,,,identical,,268,1
Fog,AFF-linear_abs-planar.png,identical,,,identical,,268,1
Fog_carryover,CarryoverLineLoop.png,identical,,,identical,,32,170
Fog_carryover,CarryoverLineStrip.png,identical,,,identical,,32,170
Fog_carryover,CarryoverLines.png,identical,,,identical,,32,170
Fog_carryover,CarryoverPoints.png,identical,,,identical,,0,0
Fog_carryover,CarryoverPoly.png,identical,,,identical,,0,0
Fog_carryover,CarryoverQuadStrip.png,identical,,,identical,,0,0
Fog_carryover,CarryoverQuads.png,identical,,,identical,,0,0
Fog_carryover,CarryoverTriFan.png,identical,,,identical,,0,0
Fog_carryover,CarryoverTriStrip.png,identical,,,identical,,0,0
Fog_carryover,CarryoverTris.png,identical,,,identical,,0,0
Fog_carryover,FogCarryover.png,identical,,,identical,,0,0
Fog_coord_vec4,CoordNotSet.png,identical,,,identical,,3,223
Fog_coord_vec4,W-0.00_0.25_0.00_0.00.png,identical,,,identical,,3,207
Fog_coord_vec4,W-0.30_0.30_0.30_1.00.png,identical,,,identical,,3,207
Fog_coord_vec4,W-0.50_0.50_0.00_0.00.png,identical,,,identical,,3,207
Fog_coord_vec4,W-1.00_0.00_0.00_0.50.png,identical,,,identical,,3,207
Fog_coord_vec4,W_X-0.25_0.00_0.00_0.50.png,identical,,,identical,,3,207
Fog_coord_vec4,W_X-0.65_0.00_0.00_0.00.png,identical,,,identical,,3,207
Fog_coord_vec4,W_Y-0.00_0.75_0.75_0.25.png,identical,,,identical,,3,207
Fog_coord_vec4,W_Y-1.00_0.00_1.00_0.75.png,identical,,,identical,,3,207
Fog_coord_vec4,W_Z_Y_X-0.25_0.50_0.75_1.00.png,identical,,,identical,,3,207
Fog_coord_vec4,W_Z_Y_X-1.00_0.75_0.50_0.25.png,identical,,,identical,,3,207
Fog_coord_vec4,X-0.00_0.00_0.00_0.00.png,identical,,,identical,,3,207
Fog_coord_vec4,X-0.90_0.00_0.00_0.00.png,identical,,,identical,,3,207
Fog_coord_vec4,XW-0.25_0.00_0.00_0.50.png,identical,,,identical,,3,207
Fog_coord_vec4,XW-0.65_0.00_0.00_0.00.png,identical,,,identical,,3,207
Fog_coord_vec4,XY-0.25_0.50_0.00_0.00.png,identical,,,identical,,3,207
Fog_coord_vec4,XY-0.65_0.75_0.00_0.00.png,identical,,,identical,,3,207
Fog_coord_vec4,XYZ-0.25_0.50_0.75_0.00.png,identical,,,identical,,3,207
Fog_coord_vec4,XYZ-0.65_0.75_0.33_0.00.png,identical,,,identical,,3,207
Fog_coord_vec4,XYZW-0.25_0.50_0.75_1.00.png,identical,,,identical,,3,207
Fog_coord_vec4,XYZW-0.65_0.75_0.33_0.00.png,identical,,,identical,,3,207
Fog_coord_vec4,XZ-0.25_0.00_0.75_0.00.png,identical,,,identical,,3,207
Fog_coord_vec4,XZ-0.65_0.00_0.33_0.00.png,identical,,,identical,,3,207
Fog_coord_vec4,XZW-0.25_0.00_0.75_1.00.png,identical,,,identical,,3,207
Fog_coord_vec4,XZW-0.65_0.00_0.33_0.00.png,identical,,,identical,,3,207
Fog_coord_vec4,X_Y_Z_W-0.00_0.33_0.66_0.90.png,identical,,,identical,,3,207
Fog_coord_vec4,X_Y_Z_W-1.00_0.25_0.75_0.50.png,identical,,,identical,,3,207
Fog_coord_vec4,Y-0.00_0.00_0.00_0.00.png,identical,,,identical,,3,207
Fog_coord_vec4,Y-0.00_0.10_0.00_0.00.png,identical,,,identical,,3,207
Fog_coord_vec4,Y-0.00_0.60_0.00_0.00.png,identical,,,identical,,3,207
Fog_coord_vec4,YW-0.00_0.50_0.00_1.00.png,identical,,,identical,,3,207
Fog_coord_vec4,YW-0.00_0.75_0.00_0.00.png,identical,,,identical,,3,207
Fog_coord_vec4,YZ-0.00_0.50_0.75_0.00.png,identical,,,identical,,3,207
Fog_coord_vec4,YZ-0.00_0.75_0.33_0.00.png,identical,,,identical,,3,207
Fog_coord_vec4,YZW-0.00_0.50_0.75_1.00.png,identical,,,identical,,3,207
Fog_coord_vec4,YZW-0.00_0.75_0.33_0.00.png,identical,,,identical,,3,207
Fog_coord_vec4,Z-0.00_0.00_0.00_0.00.png,identical,,,identical,,3,207
Fog_coord_vec4,Z-0.00_0.00_0.20_0.00.png,identical,,,identical,,3,207
Fog_coord_vec4,Z-0.00_0.00_0.80_0.00.png,identical,,,identical,,3,207
Fog_coord_vec4,ZW-0.00_0.00_0.33_0.00.png,identical,,,identical,,3,207
Fog_coord_vec4,ZW-0.00_0.00_0.75_1.00.png,identical,,,identical,,3,207
Fog_exceptional_value,FogExc-exp-abs_planar.png,identical,,,identical,,38719,2
Fog_exceptional_value,FogExc-exp-fog_x.png,identical,,,identical,,38719,2
Fog_exceptional_value,FogExc-exp-planar.png,identical,,,identical,,38719,2
Fog_exceptional_value,FogExc-exp-spec_alpha.png,identical,,,identical,,38719,2
Fog_exceptional_value,FogExc-exp2-abs_planar.png,identical,,,identical,,23839,2
Fog_exceptional_value,FogExc-exp2-fog_x.png,identical,,,identical,,23839,2
Fog_exceptional_value,FogExc-exp2-planar.png,identical,,,identical,,23839,2
Fog_exceptional_value,FogExc-exp2-spec_alpha.png,identical,,,identical,,23839,2
Fog_exceptional_value,FogExc-exp2_abs-abs_planar.png,identical,,,identical,,23839,2
Fog_exceptional_value,FogExc-exp2_abs-fog_x.png,identical,,,identical,,23839,2
Fog_exceptional_value,FogExc-exp2_abs-planar.png,identical,,,identical,,23839,2
Fog_exceptional_value,FogExc-exp2_abs-spec_alpha.png,identical,,,identical,,23839,2
Fog_exceptional_value,FogExc-exp_abs-abs_planar.png,identical,,,identical,,27229,2
Fog_exceptional_value,FogExc-exp_abs-fog_x.png,identical,,,identical,,27229,2
Fog_exceptional_value,FogExc-exp_abs-planar.png,identical,,,identical,,27229,2
Fog_exceptional_value,FogExc-exp_abs-spec_alpha.png,identical,,,identical,,27229,2
Fog_exceptional_value,FogExc-linear-abs_planar.png,identical,,,identical,,37639,2
Fog_exceptional_value,FogExc-linear-fog_x.png,identical,,,identical,,37639,2
Fog_exceptional_value,FogExc-linear-planar.png,identical,,,identical,,37639,2
Fog_exceptional_value,FogExc-linear-spec_alpha.png,identical,,,identical,,37639,2
Fog_exceptional_value,FogExc-linear_abs-abs_planar.png,identical,,,identical,,36562,2
Fog_exceptional_value,FogExc-linear_abs-fog_x.png,identical,,,identical,,36562,2
Fog_exceptional_value,FogExc-linear_abs-planar.png,identical,,,identical,,36562,2
Fog_exceptional_value,FogExc-linear_abs-spec_alpha.png,identical,,,identical,,36562,2
Fog_exceptional_value,INF-FogExc-exp-abs_planar.png,identical,,,identical,,52312,254
Fog_exceptional_value,INF-FogExc-exp-fog_x.png,identical,,,identical,,52312,254
Fog_exceptional_value,INF-FogExc-exp-planar.png,identical,,,identical,,52312,254
Fog_exceptional_value,INF-FogExc-exp-spec_alpha.png,identical,,,identical,,52312,254
Fog_exceptional_value,INF-FogExc-exp2-abs_planar.png,identical,,,identical,,4096,254
Fog_exceptional_value,INF-FogExc-exp2-fog_x.png,identical,,,identical,,4096,254
Fog_exceptional_value,INF-FogExc-exp2-planar.png,identical,,,identical,,4096,254
Fog_exceptional_value,INF-FogExc-exp2-spec_alpha.png,identical,,,identical,,4096,254
Fog_exceptional_value,INF-FogExc-exp2_abs-abs_planar.png,identical,,,identical,,4096,254
Fog_exceptional_value,INF-FogExc-exp2_abs-fog_x.png,identical,,,identical,,4096,254
Fog_exceptional_value,INF-FogExc-exp2_abs-planar.png,identical,,,identical,,4096,254
Fog_exceptional_value,INF-FogExc-exp2_abs-spec_alpha.png,identical,,,identical,,4096,254
Fog_exceptional_value,INF-FogExc-exp_abs-abs_planar.png,identical,,,identical,,4096,254
Fog_exceptional_value,INF-FogExc-exp_abs-fog_x.png,identical,,,identical,,4096,254
Fog_exceptional_value,INF-FogExc-exp_abs-planar.png,identical,,,identical,,4096,254
Fog_exceptional_value,INF-FogExc-exp_abs-spec_alpha.png,identical,,,identical,,4096,254
Fog_exceptional_value,INF-FogExc-linear-abs_planar.png,identical,,,identical,,47955,2
Fog_exceptional_value,INF-FogExc-linear-fog_x.png,identical,,,identical,,47955,2
Fog_exceptional_value,INF-FogExc-linear-planar.png,identical,,,identical,,47955,2
Fog_exceptional_value,INF-FogExc-linear-spec_alpha.png,identical,,,identical,,47955,2
Fog_exceptional_value,INF-FogExc-linear_abs-abs_planar.png,identical,,,identical,,47955,2
Fog_exceptional_value,INF-FogExc-linear_abs-fog_x.png,identical,,,identical,,47955,2
Fog_exceptional_value,INF-FogExc-linear_abs-planar.png,identical,,,identical,,47955,2
Fog_exceptional_value,INF-FogExc-linear_abs-spec_alpha.png,identical,,,identical,,47955,2
Fog_exceptional_value,NaN-FogExc-exp-abs_planar.png,identical,,,identical,,47955,2
Fog_exceptional_value,NaN-FogExc-exp-fog_x.png,identical,,,identical,,47955,2
Fog_exceptional_value,NaN-FogExc-exp-planar.png,identical,,,identical,,47955,2
Fog_exceptional_value,NaN-FogExc-exp-spec_alpha.png,identical,,,identical,,47955,2
Fog_exceptional_value,NaN-FogExc-exp2-abs_planar.png,identical,,,identical,,0,0
Fog_exceptional_value,NaN-FogExc-exp2-fog_x.png,identical,,,identical,,0,0
Fog_exceptional_value,NaN-FogExc-exp2-planar.png,identical,,,identical,,0,0
Fog_exceptional_value,NaN-FogExc-exp2-spec_alpha.png,identical,,,identical,,0,0
Fog_exceptional_value,NaN-FogExc-exp2_abs-abs_planar.png,identical,,,identical,,0,0
Fog_exceptional_value,NaN-FogExc-exp2_abs-fog_x.png,identical,,,identical,,0,0
Fog_exceptional_value,NaN-FogExc-exp2_abs-planar.png,identical,,,identical,,0,0
Fog_exceptional_value,NaN-FogExc-exp2_abs-spec_alpha.png,identical,,,identical,,0,0
Fog_exceptional_value,NaN-FogExc-exp_abs-abs_planar.png,identical,,,identical,,0,0
Fog_exceptional_value,NaN-FogExc-exp_abs-fog_x.png,identical,,,identical,,0,0
Fog_exceptional_value,NaN-FogExc-exp_abs-planar.png,identical,,,identical,,0,0
Fog_exceptional_value,NaN-FogExc-exp_abs-spec_alpha.png,identical,,,identical,,0,0
Fog_exceptional_value,NaN-FogExc-linear-abs_planar.png,identical,,,identical,,47955,2
Fog_exceptional_value,NaN-FogExc-linear-fog_x.png,identical,,,identical,,47955,2
Fog_exceptional_value,NaN-FogExc-linear-planar.png,identical,,,identical,,47955,2
Fog_exceptional_value,NaN-FogExc-linear-spec_alpha.png,identical,,,identical,,47955,2
Fog_exceptional_value,NaN-FogExc-linear_abs-abs_planar.png,identical,,,identical,,47955,2
Fog_exceptional_value,NaN-FogExc-linear_abs-fog_x.png,identical,,,identical,,47955,2
Fog_exceptional_value,NaN-FogExc-linear_abs-planar.png,identical,,,identical,,47955,2
Fog_exceptional_value,NaN-FogExc-linear_abs-spec_alpha.png,identical,,,identical,,47955,2
Fog_exceptional_value,RCP-FogExc-exp-abs_planar.png,identical,,,identical,,45932,3
Fog_exceptional_value,RCP-FogExc-exp-fog_x.png,identical,,,identical,,45932,3
Fog_exceptional_value,RCP-FogExc-exp-planar.png,identical,,,identical,,45932,3
Fog_exceptional_value,RCP-FogExc-exp-spec_alpha.png,identical,,,identical,,45932,3
Fog_exceptional_value,RCP-FogExc-exp2-abs_planar.png,identical,,,identical,,20256,2
Fog_exceptional_value,RCP-FogExc-exp2-fog_x.png,identical,,,identical,,20256,2
Fog_exceptional_value,RCP-FogExc-exp2-planar.png,identical,,,identical,,20256,2
Fog_exceptional_value,RCP-FogExc-exp2-spec_alpha.png,identical,,,identical,,20256,2
Fog_exceptional_value,RCP-FogExc-exp2_abs-abs_planar.png,identical,,,identical,,20256,2
Fog_exceptional_value,RCP-FogExc-exp2_abs-fog_x.png,identical,,,identical,,20256,2
Fog_exceptional_value,RCP-FogExc-exp2_abs-planar.png,identical,,,identical,,20256,2
Fog_exceptional_value,RCP-FogExc-exp2_abs-spec_alpha.png,identical,,,identical,,20256,2
Fog_exceptional_value,RCP-FogExc-exp_abs-abs_planar.png,identical,,,identical,,29250,3
Fog_exceptional_value,RCP-FogExc-exp_abs-fog_x.png,identical,,,identical,,29250,3
Fog_exceptional_value,RCP-FogExc-exp_abs-planar.png,identical,,,identical,,29250,3
Fog_exceptional_value,RCP-FogExc-exp_abs-spec_alpha.png,identical,,,identical,,29250,3
Fog_exceptional_value,RCP-FogExc-linear-abs_planar.png,identical,,,identical,,39791,2
Fog_exceptional_value,RCP-FogExc-linear-fog_x.png,identical,,,identical,,39791,2
Fog_exceptional_value,RCP-FogExc-linear-planar.png,identical,,,identical,,39791,2
Fog_exceptional_value,RCP-FogExc-linear-spec_alpha.png,identical,,,identical,,39791,2
Fog_exceptional_value,RCP-FogExc-linear_abs-abs_planar.png,identical,,,identical,,37816,2
Fog_exceptional_value,RCP-FogExc-linear_abs-fog_x.png,identical,,,identical,,37816,2
Fog_exceptional_value,RCP-FogExc-linear_abs-planar.png,identical,,,identical,,37816,2
Fog_exceptional_value,RCP-FogExc-linear_abs-spec_alpha.png,identical,,,identical,,37816,2
Fog_gen,FogGen_FF-exp-abs_planar.png,identical,,,identical,,35643,1
Fog_gen,FogGen_FF-exp-fog_x.png,identical,,,identical,,35816,1
Fog_gen,FogGen_FF-exp-planar.png,identical,,,identical,,35643,1
Fog_gen,FogGen_FF-exp-radial.png,identical,,,identical,,43579,2
Fog_gen,FogGen_FF-exp-spec_alpha.png,identical,,,identical,,0,0
Fog_gen,FogGen_FF-exp2-abs_planar.png,identical,,,identical,,12610,1
Fog_gen,FogGen_FF-exp2-fog_x.png,identical,,,identical,,32912,1
Fog_gen,FogGen_FF-exp2-planar.png,identical,,,identical,,12610,1
Fog_gen,FogGen_FF-exp2-radial.png,identical,,,identical,,31152,1
Fog_gen,FogGen_FF-exp2-spec_alpha.png,identical,,,identical,,0,0
Fog_gen,FogGen_FF-exp2_abs-abs_planar.png,identical,,,identical,,12610,1
Fog_gen,FogGen_FF-exp2_abs-fog_x.png,identical,,,identical,,32912,1
Fog_gen,FogGen_FF-exp2_abs-planar.png,identical,,,identical,,12610,1
Fog_gen,FogGen_FF-exp2_abs-radial.png,identical,,,identical,,31152,1
Fog_gen,FogGen_FF-exp2_abs-spec_alpha.png,identical,,,identical,,0,0
Fog_gen,FogGen_FF-exp_abs-abs_planar.png,identical,,,identical,,35643,1
Fog_gen,FogGen_FF-exp_abs-fog_x.png,identical,,,identical,,71148,2
Fog_gen,FogGen_FF-exp_abs-planar.png,identical,,,identical,,35643,1
Fog_gen,FogGen_FF-exp_abs-radial.png,identical,,,identical,,43579,2
Fog_gen,FogGen_FF-exp_abs-spec_alpha.png,identical,,,identical,,0,0
Fog_gen,FogGen_FF-linear-abs_planar.png,identical,,,identical,,1716,1
Fog_gen,FogGen_FF-linear-fog_x.png,identical,,,identical,,1936,1
Fog_gen,FogGen_FF-linear-planar.png,identical,,,identical,,1716,1
Fog_gen,FogGen_FF-linear-radial.png,identical,,,identical,,2603,1
Fog_gen,FogGen_FF-linear-spec_alpha.png,identical,,,identical,,1056,1
Fog_gen,FogGen_FF-linear_abs-abs_planar.png,identical,,,identical,,1716,1
Fog_gen,FogGen_FF-linear_abs-fog_x.png,identical,,,identical,,3388,1
Fog_gen,FogGen_FF-linear_abs-planar.png,identical,,,identical,,1716,1
Fog_gen,FogGen_FF-linear_abs-radial.png,identical,,,identical,,2603,1
Fog_gen,FogGen_FF-linear_abs-spec_alpha.png,identical,,,identical,,1056,1
Fog_gen,FogGen_VS-exp-abs_planar.png,identical,,,identical,,35816,1
Fog_gen,FogGen_VS-exp-fog_x.png,identical,,,identical,,35816,1
Fog_gen,FogGen_VS-exp-planar.png,identical,,,identical,,35816,1
Fog_gen,FogGen_VS-exp-radial.png,identical,,,identical,,0,0
Fog_gen,FogGen_VS-exp-spec_alpha.png,identical,,,identical,,35816,1
Fog_gen,FogGen_VS-exp2-abs_planar.png,identical,,,identical,,32912,1
Fog_gen,FogGen_VS-exp2-fog_x.png,identical,,,identical,,32912,1
Fog_gen,FogGen_VS-exp2-planar.png,identical,,,identical,,32912,1
Fog_gen,FogGen_VS-exp2-radial.png,identical,,,identical,,0,0
Fog_gen,FogGen_VS-exp2-spec_alpha.png,identical,,,identical,,32912,1
Fog_gen,FogGen_VS-exp2_abs-abs_planar.png,identical,,,identical,,32912,1
Fog_gen,FogGen_VS-exp2_abs-fog_x.png,identical,,,identical,,32912,1
Fog_gen,FogGen_VS-exp2_abs-planar.png,identical,,,identical,,32912,1
Fog_gen,FogGen_VS-exp2_abs-radial.png,identical,,,identical,,0,0
Fog_gen,FogGen_VS-exp2_abs-spec_alpha.png,identical,,,identical,,32912,1
Fog_gen,FogGen_VS-exp_abs-abs_planar.png,identical,,,identical,,71148,2
Fog_gen,FogGen_VS-exp_abs-fog_x.png,identical,,,identical,,71148,2
Fog_gen,FogGen_VS-exp_abs-planar.png,identical,,,identical,,71148,2
Fog_gen,FogGen_VS-exp_abs-radial.png,identical,,,identical,,0,0
Fog_gen,FogGen_VS-exp_abs-spec_alpha.png,identical,,,identical,,71148,2
Fog_gen,FogGen_VS-linear-abs_planar.png,identical,,,identical,,1936,1
Fog_gen,FogGen_VS-linear-fog_x.png,identical,,,identical,,1936,1
Fog_gen,FogGen_VS-linear-planar.png,identical,,,identical,,1936,1
Fog_gen,FogGen_VS-linear-radial.png,identical,,,identical,,0,0
Fog_gen,FogGen_VS-linear-spec_alpha.png,identical,,,identical,,1936,1
Fog_gen,FogGen_VS-linear_abs-abs_planar.png,identical,,,identical,,3388,1
Fog_gen,FogGen_VS-linear_abs-fog_x.png,identical,,,identical,,3388,1
Fog_gen,FogGen_VS-linear_abs-planar.png,identical,,,identical,,3388,1
Fog_gen,FogGen_VS-linear_abs-radial.png,identical,,,identical,,0,0
Fog_gen,FogGen_VS-linear_abs-spec_alpha.png,identical,,,identical,,3388,1
Fog_inf_coord,AFF-exp-planar.png,identical,,,identical,,3,207
Fog_inf_coord,AFF-exp2-planar.png,identical,,,identical,,3,79
Fog_inf_coord,AFF-exp2_abs-planar.png,identical,,,identical,,3,79
Fog_inf_coord,AFF-exp_abs-planar.png,identical,,,identical,,3,79
Fog_inf_coord,AFF-linear-planar.png,identical,,,identical,,3,207
Fog_inf_coord,AFF-linear_abs-planar.png,identical,,,identical,,3,207
Fog_param,FogParam-0.25-exp.png,identical,,,identical,,23616,1
Fog_param,FogParam-0.25-exp2.png,identical,,,identical,,35136,1
Fog_param,FogParam-0.25-exp2_abs.png,identical,,,identical,,35136,1
Fog_param,FogParam-0.25-exp_abs.png,identical,,,identical,,54720,2
Fog_param,FogParam-0.25-lin.png,identical,,,identical,,1152,1
Fog_param,FogParam-0.25-lin_abs.png,identical,,,identical,,2304,1
Fog_param,FogParam-0.50-exp.png,identical,,,identical,,21312,1
Fog_param,FogParam-0.50-exp2.png,identical,,,identical,,30528,1
Fog_param,FogParam-0.50-exp2_abs.png,identical,,,identical,,30528,1
Fog_param,FogParam-0.50-exp_abs.png,identical,,,identical,,38016,2
Fog_param,FogParam-0.50-lin.png,identical,,,identical,,1152,1
Fog_param,FogParam-0.50-lin_abs.png,identical,,,identical,,2304,1
Fog_param,FogParam-1.00-exp.png,identical,,,identical,,10368,1
Fog_param,FogParam-1.00-exp2.png,identical,,,identical,,18432,1
Fog_param,FogParam-1.00-exp2_abs.png,identical,,,identical,,18432,1
Fog_param,FogParam-1.00-exp_abs.png,identical,,,identical,,17856,1
Fog_param,FogParam-1.00-lin.png,identical,,,identical,,576,1
Fog_param,FogParam-1.00-lin_abs.png,identical,,,identical,,1152,1
Fog_param,FogParam-2.00-exp.png,identical,,,identical,,5760,1
Fog_param,FogParam-2.00-exp2.png,identical,,,identical,,10944,1
Fog_param,FogParam-2.00-exp2_abs.png,identical,,,identical,,10944,1
Fog_param,FogParam-2.00-exp_abs.png,identical,,,identical,,10944,1
Fog_param,FogParam-2.00-lin.png,identical,,,identical,,0,0
Fog_param,FogParam-2.00-lin_abs.png,identical,,,identical,,0,0
Fog_param,FogParam0.25-exp.png,identical,,,identical,,21312,1
Fog_param,FogParam0.25-exp2.png,identical,,,identical,,36288,1
Fog_param,FogParam0.25-exp2_abs.png,identical,,,identical,,36288,1
Fog_param,FogParam0.25-exp_abs.png,identical,,,identical,,53568,2
Fog_param,FogParam0.25-lin.png,identical,,,identical,,1152,1
Fog_param,FogParam0.25-lin_abs.png,identical,,,identical,,0,0
Fog_param,FogParam0.50-exp.png,identical,,,identical,,21312,1
Fog_param,FogParam0.50-exp2.png,identical,,,identical,,29952,1
Fog_param,FogParam0.50-exp2_abs.png,identical,,,identical,,29952,1
Fog_param,FogParam0.50-exp_abs.png,identical,,,identical,,38016,2
Fog_param,FogParam0.50-lin.png,identical,,,identical,,1152,1
Fog_param,FogParam0.50-lin_abs.png,identical,,,identical,,0,0
Fog_param,FogParam1.00-exp.png,identical,,,identical,,10368,1
Fog_param,FogParam1.00-exp2.png,identical,,,identical,,17856,1
Fog_param,FogParam1.00-exp2_abs.png,identical,,,identical,,17856,1
Fog_param,FogParam1.00-exp_abs.png,identical,,,identical,,18432,1
Fog_param,FogParam1.00-lin.png,identical,,,identical,,576,1
Fog_param,FogParam1.00-lin_abs.png,identical,,,identical,,0,0
Fog_param,FogParam2.00-exp.png,identical,,,identical,,5760,1
Fog_param,FogParam2.00-exp2.png,identical,,,identical,,10368,1
Fog_param,FogParam2.00-exp2_abs.png,identical,,,identical,,10368,1
Fog_param,FogParam2.00-exp_abs.png,identical,,,identical,,10368,1
Fog_param,FogParam2.00-lin.png,identical,,,identical,,0,0
Fog_param,FogParam2.00-lin_abs.png,identical,,,identical,,0,0
Fog_param,FogZeroBias-exp.png,identical,,,identical,,24768,1
Fog_param,FogZeroBias-exp2.png,identical,,,identical,,44352,1
Fog_param,FogZeroBias-exp2_abs.png,identical,,,identical,,44352,1
Fog_param,FogZeroBias-exp_abs.png,identical,,,identical,,57600,1
Fog_param,FogZeroBias-lin.png,identical,,,identical,,1728,1
Fog_param,FogZeroBias-lin_abs.png,identical,,,identical,,1728,1
Fog_planar_vsh,Sweep_FogX.png,none,,,none,,0,0
Fog_planar_vsh,Sweep_Planar.png,none,,,none,,0,0
Fog_planar_vsh,ZeroPlane_MOV1_Planar.png,none,,,none,,3,93
Fog_planar_vsh,ZeroPlane_RCP0_Planar.png,none,,,none,,3,93
Fog_planar_vsh,ZeroPlane_RCP1_FogX.png,none,,,none,,3,93
Fog_planar_vsh,ZeroPlane_RCP1_Planar.png,none,,,none,,3,93
Fog_vsh,AFF-exp-planar.png,identical,,,identical,,23105,172
Fog_vsh,AFF-exp2-planar.png,identical,,,identical,,5018,195
Fog_vsh,AFF-exp2_abs-planar.png,identical,,,identical,,5018,195
Fog_vsh,AFF-exp_abs-planar.png,identical,,,identical,,23105,172
Fog_vsh,AFF-linear-planar.png,identical,,,identical,,254,199
Fog_vsh,AFF-linear_abs-planar.png,identical,,,identical,,254,199
Front_face,FrontFace_FM_0x00_CF_B.png,identical,,,identical,,57888,2
Front_face,FrontFace_FM_0x00_CF_F.png,identical,,,identical,,29783,2
Front_face,FrontFace_FM_0x00_CF_FaB.png,identical,,,identical,,0,0
Front_face,FrontFace_FM_0x63_CF_B.png,identical,,,identical,,57888,2
Front_face,FrontFace_FM_0x63_CF_F.png,identical,,,identical,,29783,2
Front_face,FrontFace_FM_0x63_CF_FaB.png,identical,,,identical,,0,0
Front_face,FrontFace_FM_CCW_CF_B.png,identical,,,identical,,29783,2
Front_face,FrontFace_FM_CCW_CF_F.png,identical,,,identical,,57888,2
Front_face,FrontFace_FM_CCW_CF_FaB.png,identical,,,identical,,0,0
Front_face,FrontFace_FM_CW_CF_B.png,identical,,,identical,,57888,2
Front_face,FrontFace_FM_CW_CF_F.png,identical,,,identical,,29783,2
Front_face,FrontFace_FM_CW_CF_FaB.png,identical,,,identical,,0,0
Front_face,FrontFace_LM_0x00_CF_B.png,identical,,,identical,,3695,255
Front_face,FrontFace_LM_0x00_CF_F.png,identical,,,identical,,2921,255
Front_face,FrontFace_LM_0x00_CF_FaB.png,identical,,,identical,,3911,255
Front_face,FrontFace_LM_0x63_CF_B.png,identical,,,identical,,3695,255
Front_face,FrontFace_LM_0x63_CF_F.png,identical,,,identical,,2921,255
Front_face,FrontFace_LM_0x63_CF_FaB.png,identical,,,identical,,3911,255
Front_face,FrontFace_LM_CCW_CF_B.png,identical,,,identical,,2921,255
Front_face,FrontFace_LM_CCW_CF_F.png,identical,,,identical,,3695,255
Front_face,FrontFace_LM_CCW_CF_FaB.png,identical,,,identical,,3911,255
Front_face,FrontFace_LM_CW_CF_B.png,identical,,,identical,,3695,255
Front_face,FrontFace_LM_CW_CF_F.png,identical,,,identical,,2921,255
Front_face,FrontFace_LM_CW_CF_FaB.png,identical,,,identical,,3911,255
High_vertex_count,HighVtxCount-arrays.png,identical,,,identical,,88479,1
High_vertex_count,HighVtxCount-inlinearrays.png,identical,,,identical,,88479,1
High_vertex_count,HighVtxCount-inlinebuffers.png,identical,,,identical,,88479,1
High_vertex_count,HighVtxCount-inlineelements.png,identical,,,identical,,88479,1
Image_blit,BlitBeyondWidth.png,identical,,,identical,,0,0
Image_blit,BlitRenderBlit.png,identical,,,identical,,0,0
Image_blit,DirtyOverlappedDestSurf.png,identical,,,identical,,0,0
Image_blit,ImgBlt_BLENDAND_XRGB_B00000000.png,identical,,,identical,,0,0
Image_blit,ImgBlt_BLENDAND_XRGB_B007FFFFF.png,identical,,,identical,,0,0
Image_blit,ImgBlt_BLENDAND_XRGB_B00800000.png,identical,,,identical,,0,0
Image_blit,ImgBlt_BLENDAND_XRGB_B00D00000.png,identical,,,identical,,0,0
Image_blit,ImgBlt_BLENDAND_XRGB_B03300000.png,identical,,,identical,,0,0
Image_blit,ImgBlt_BLENDAND_XRGB_B44400000.png,identical,,,identical,,0,0
Image_blit,ImgBlt_BLENDAND_XRGB_B444FFFFF.png,identical,,,identical,,0,0
Image_blit,ImgBlt_BLENDAND_XRGB_B66800000.png,identical,,,identical,,0,0
Image_blit,ImgBlt_BLENDAND_XRGB_B7F800000.png,identical,,,identical,,0,0
Image_blit,ImgBlt_BLENDAND_XRGB_B7FFFFFFF.png,identical,,,identical,,0,0
Image_blit,ImgBlt_BLENDAND_XRGB_B80000000.png,identical,,,identical,,0,0
Image_blit,ImgBlt_BLENDAND_XRGB_B8FFFFFFF.png,identical,,,identical,,0,0
Image_blit,ImgBlt_BLENDAND_ZRGB_B007FFFFF.png,identical,,,identical,,0,0
Image_blit,ImgBlt_BLENDAND_ZRGB_B00800000.png,identical,,,identical,,0,0
Image_blit,ImgBlt_BLENDAND_ZRGB_B00D00000.png,identical,,,identical,,0,0
Image_blit,ImgBlt_BLENDAND_ZRGB_B03300000.png,identical,,,identical,,0,0
Image_blit,ImgBlt_BLENDAND_ZRGB_B44400000.png,identical,,,identical,,0,0
Image_blit,ImgBlt_BLENDAND_ZRGB_B444FFFFF.png,identical,,,identical,,0,0
Image_blit,ImgBlt_BLENDAND_ZRGB_B66800000.png,identical,,,identical,,0,0
Image_blit,ImgBlt_BLENDAND_ZRGB_B7F800000.png,identical,,,identical,,0,0
Image_blit,ImgBlt_Clip_0_0_640_480.png,identical,,,identical,,0,0
Image_blit,ImgBlt_Clip_300_200_16_24.png,identical,,,identical,,0,0
Image_blit,ImgBlt_Clip_320_240_0_0.png,identical,,,identical,,0,0
Image_blit,ImgBlt_Clip_320_240_0_10.png,identical,,,identical,,0,0
Image_blit,ImgBlt_Clip_320_240_1_1.png,identical,,,identical,,0,0
Image_blit,ImgBlt_Clip_320_240_640_480.png,identical,,,identical,,0,0
Image_blit,ImgBlt_Clip_320_240_64_40.png,identical,,,identical,,0,0
Image_blit,ImgBlt_SRCCOPY_ARGB_B00000000.png,identical,,,identical,,0,0
Image_blit,ImgBlt_SRCCOPY_XRGB_B00000000.png,identical,,,identical,,0,0
Image_blit,ImgBlt_SRCCOPY_ZRGB_B00000000.png,identical,,,identical,,0,0
Image_blit,Overlap_BL_Inside.png,identical,,,identical,,1,1
Image_blit,Overlap_BL_Outside.png,identical,,,identical,,1,1
Image_blit,Overlap_BR_Inside.png,identical,,,identical,,1,1
Image_blit,Overlap_BR_Outside.png,identical,,,identical,,1,1
Image_blit,Overlap_TL_Inside.png,identical,,,identical,,1,1
Image_blit,Overlap_TL_Outside.png,identical,,,identical,,1,1
Image_blit,Overlap_TR_Inside.png,identical,,,identical,,1,1
Image_blit,Overlap_TR_Outside.png,identical,,,identical,,1,1
Inline_array_size_mismatch,ExtraElements.png,identical,,,identical,,20508,2
Lighting_Two_Sided,TwoSidedLighting.png,identical,,,identical,,0,0
Lighting_accumulation,All.png,identical,,,identical,,5695,112
Lighting_accumulation,Directional-2.png,identical,,,identical,,1231,112
Lighting_accumulation,Directional-4.png,identical,,,identical,,1231,112
Lighting_accumulation,Directional-5.png,identical,,,identical,,1231,112
Lighting_accumulation,Point-2.png,identical,,,identical,,8074,112
Lighting_accumulation,Point-4.png,identical,,,identical,,13645,112
Lighting_accumulation,Point-5.png,identical,,,identical,,18382,112
Lighting_accumulation,Spot-2.png,identical,,,identical,,4134,112
Lighting_accumulation,Spot-4.png,identical,,,identical,,3987,112
Lighting_accumulation,Spot-5.png,identical,,,identical,,5113,112
Lighting_control,FF_0x000000.png,identical,,,identical,,4131,32
Lighting_control,FF_0x000000NoSpec.png,identical,,,identical,,4206,32
Lighting_control,FF_0x000001.png,identical,,,identical,,4779,32
Lighting_control,FF_0x000001NoSpec.png,identical,,,identical,,4206,32
Lighting_control,FF_0x010000.png,identical,,,identical,,4528,32
Lighting_control,FF_0x010000NoSpec.png,identical,,,identical,,4702,32
Lighting_control,FF_0x010001.png,identical,,,identical,,6173,32
Lighting_control,FF_0x010001NoSpec.png,identical,,,identical,,4702,32
Lighting_control,FF_0x020000.png,identical,,,identical,,3586,32
Lighting_control,FF_0x020000NoSpec.png,identical,,,identical,,4206,32
Lighting_control,FF_0x020001.png,identical,,,identical,,4048,32
Lighting_control,FF_0x020001NoSpec.png,identical,,,identical,,4206,32
Lighting_control,FF_0x030000.png,identical,,,identical,,3778,32
Lighting_control,FF_0x030000NoSpec.png,identical,,,identical,,4702,32
Lighting_control,FF_0x030001.png,identical,,,identical,,4990,32
Lighting_control,FF_0x030001NoSpec.png,identical,,,identical,,4702,32
Lighting_control,VS_0x000000NoSpec_LightOff.png,identical,,,identical,,14,46
Lighting_control,VS_0x000000_LightOff.png,identical,,,identical,,74,46
Lighting_control,VS_0x000001NoSpec_LightOff.png,identical,,,identical,,14,46
Lighting_control,VS_0x000001_LightOff.png,identical,,,identical,,74,46
Lighting_control,VS_0x010000NoSpec_LightOff.png,identical,,,identical,,14,46
Lighting_control,VS_0x010000_LightOff.png,identical,,,identical,,74,46
Lighting_control,VS_0x010001NoSpec_LightOff.png,identical,,,identical,,14,46
Lighting_control,VS_0x010001_LightOff.png,identical,,,identical,,74,46
Lighting_control,VS_0x020000NoSpec_LightOff.png,identical,,,identical,,14,46
Lighting_control,VS_0x020000_LightOff.png,identical,,,identical,,102,60
Lighting_control,VS_0x020001NoSpec_LightOff.png,identical,,,identical,,14,46
Lighting_control,VS_0x020001_LightOff.png,identical,,,identical,,102,60
Lighting_control,VS_0x030000NoSpec_LightOff.png,identical,,,identical,,14,46
Lighting_control,VS_0x030000_LightOff.png,identical,,,identical,,102,60
Lighting_control,VS_0x030001NoSpec_LightOff.png,identical,,,identical,,14,46
Lighting_control,VS_0x030001_LightOff.png,identical,,,identical,,102,60
Lighting_normals,NoNormal-inlinearrays.png,identical,,,identical,,0,0
Lighting_normals,NoNormal-inlinebuf.png,identical,,,identical,,0,0
Lighting_normals,NoNormal-inlineelements.png,identical,,,identical,,0,0
Lighting_normals,NoNormal.png,identical,,,identical,,0,0
Lighting_normals,Nz_-100-inlinearrays.png,identical,,,identical,,0,0
Lighting_normals,Nz_-100-inlinebuf.png,identical,,,identical,,0,0
Lighting_normals,Nz_-100-inlineelements.png,identical,,,identical,,0,0
Lighting_normals,Nz_-100.png,identical,,,identical,,0,0
Lighting_normals,Nz_0-inlinearrays.png,identical,,,identical,,0,0
Lighting_normals,Nz_0-inlinebuf.png,identical,,,identical,,0,0
Lighting_normals,Nz_0-inlineelements.png,identical,,,identical,,0,0
Lighting_normals,Nz_0.png,identical,,,identical,,0,0
Lighting_normals,Nz_100-inlinearrays.png,identical,,,identical,,9090,1
Lighting_normals,Nz_100-inlinebuf.png,identical,,,identical,,9090,1
Lighting_normals,Nz_100-inlineelements.png,identical,,,identical,,9090,1
Lighting_normals,Nz_100.png,identical,,,identical,,9090,1
Lighting_normals,Nz_31-inlinearrays.png,identical,,,identical,,4425,1
Lighting_normals,Nz_31-inlinebuf.png,identical,,,identical,,4425,1
Lighting_normals,Nz_31-inlineelements.png,identical,,,identical,,4425,1
Lighting_normals,Nz_31.png,identical,,,identical,,4425,1
Lighting_normals,Nz_70-inlinearrays.png,identical,,,identical,,8317,1
Lighting_normals,Nz_70-inlinebuf.png,identical,,,identical,,8317,1
Lighting_normals,Nz_70-inlineelements.png,identical,,,identical,,8317,1
Lighting_normals,Nz_70.png,identical,,,identical,,8317,1
Lighting_normals,Nz_97-inlinearrays.png,identical,,,identical,,10028,1
Lighting_normals,Nz_97-inlinebuf.png,identical,,,identical,,10028,1
Lighting_normals,Nz_97-inlineelements.png,identical,,,identical,,10028,1
Lighting_normals,Nz_97.png,identical,,,identical,,10028,1
Lighting_range,Directional.png,identical,,,identical,,792,112
Lighting_range,Point.png,identical,,,identical,,1659,112
Lighting_range,Spot.png,identical,,,identical,,7517,112
Lighting_spotlight,AtFixed_0.000000_0.000000_0.000000.png,identical,,,identical,,6566,17
Lighting_spotlight,AtFixed_0.050000_0.000000_0.250000.png,identical,,,identical,,3493,17
Lighting_spotlight,AtFixed_0.050000_0.050000_0.050000.png,identical,,,identical,,4686,17
Lighting_spotlight,AtFixed_0.050000_0.250000_0.000000.png,identical,,,identical,,6135,17
Lighting_spotlight,AtFixed_0.500000_0.000000_0.000000.png,identical,,,identical,,9078,17
Lighting_spotlight,AtFixed_1.000000_0.000000_0.000000.png,identical,,,identical,,6322,17
Lighting_spotlight,AtFixed_10.000000_0.000000_0.000000.png,identical,,,identical,,3054,17
Lighting_spotlight,AtFixed_2.000000_0.000000_0.000000.png,identical,,,identical,,5248,17
Lighting_spotlight,FoFixed_-0.000244_0.500122_0.499634.png,identical,,,identical,,9430,17
Lighting_spotlight,FoFixed_-0.170208_-0.855843_1.685635.png,identical,,,identical,,6353,17
Lighting_spotlight,FoFixed_-0.706496_-2.507095_2.800600.png,identical,,,identical,,5622,17
Lighting_spotlight,FoFixed_-0.932112_-3.097628_3.165516.png,identical,,,identical,,4555,17
Lighting_spotlight,FoFixed_-0.986137_-3.165117_3.178980.png,identical,,,identical,,4413,17
Lighting_spotlight,FoFixed_-0.993286_-2.953324_2.960038.png,identical,,,identical,,11656,17
Lighting_spotlight,FoFixed_-0.996561_-3.084043_3.087482.png,identical,,,identical,,4231,17
Lighting_spotlight,FoFixed_0.000000_-0.494592_1.494592.png,identical,,,identical,,8018,17
Lighting_spotlight,FoFixed_0.000000_0.000000_0.000000.png,identical,,,identical,,6576,17
Lighting_spotlight,FoFixed_0.000000_1.000000_0.000000.png,identical,,,identical,,10745,17
Lighting_spotlight,PTFixed_-10.000000_-10.000000.png,identical,,,identical,,14826,17
Lighting_spotlight,PTFixed_0.000000_0.000000.png,identical,,,identical,,14836,17
Lighting_spotlight,PTFixed_10.000000_10.000000.png,identical,,,identical,,14826,17
Lighting_spotlight,PTFixed_10.000000_25.000000.png,identical,,,identical,,12133,17
Lighting_spotlight,PTFixed_25.000000_0.000000.png,identical,,,identical,,7138,17
Lighting_spotlight,PTFixed_25.000000_5.000000.png,identical,,,identical,,6108,17
Line_width,Fill_0000.0.png,identical,,,identical,,21992,2
Line_width,Fill_0001.0.png,identical,,,identical,,22447,223
Line_width,Fill_0032.0.png,identical,,,identical,,26717,221
Line_width,Line_0000.0.png,identical,,,identical,,0,0
Line_width,Line_0000.1.png,identical,,,identical,,199,223
Line_width,Line_0000.2.png,identical,,,identical,,356,223
Line_width,Line_0000.3.png,identical,,,identical,,522,223
Line_width,Line_0000.4.png,identical,,,identical,,692,223
Line_width,Line_0000.5.png,identical,,,identical,,846,223
Line_width,Line_0000.6.png,identical,,,identical,,981,221
Line_width,Line_0000.7.png,identical,,,identical,,1147,223
Line_width,Line_0001.0.png,identical,,,identical,,1400,223
Line_width,Line_0001.1.png,identical,,,identical,,1658,223
Line_width,Line_0001.2.png,identical,,,identical,,1799,223
Line_width,Line_0001.3.png,identical,,,identical,,1944,223
Line_width,Line_0001.4.png,identical,,,identical,,2090,223
Line_width,Line_0001.5.png,identical,,,identical,,2222,223
Line_width,Line_0001.6.png,identical,,,identical,,2381,223
Line_width,Line_0001.7.png,identical,,,identical,,2543,223
Line_width,Line_0003.0.png,identical,,,identical,,3912,223
Line_width,Line_0004.0.png,identical,,,identical,,5123,223
Line_width,Line_0005.0.png,identical,,,identical,,6286,221
Line_width,Line_0006.0.png,identical,,,identical,,7345,219
Line_width,Line_0007.0.png,identical,,,identical,,8390,223
Line_width,Line_0008.0.png,identical,,,identical,,9380,223
Line_width,Line_0009.0.png,identical,,,identical,,10326,221
Line_width,Line_0010.0.png,identical,,,identical,,11192,221
Line_width,Line_0011.0.png,identical,,,identical,,12079,223
Line_width,Line_0012.0.png,identical,,,identical,,12910,223
Line_width,Line_0013.0.png,identical,,,identical,,13665,223
Line_width,Line_0014.0.png,identical,,,identical,,14414,219
Line_width,Line_0015.0.png,identical,,,identical,,15045,223
Line_width,Line_0016.0.png,identical,,,identical,,15766,223
Line_width,Line_0024.0.png,identical,,,identical,,20611,223
Line_width,Line_0032.0.png,identical,,,identical,,24646,223
Line_width,Line_0040.0.png,identical,,,identical,,28045,151
Line_width,Line_0048.0.png,identical,,,identical,,30895,220
Line_width,Line_0056.0.png,identical,,,identical,,33204,221
Line_width,Line_0057.0.png,identical,,,identical,,33459,221
Line_width,Line_0058.0.png,identical,,,identical,,33768,223
Line_width,Line_0059.0.png,identical,,,identical,,33990,221
Line_width,Line_0060.0.png,identical,,,identical,,34264,223
Line_width,Line_0061.0.png,identical,,,identical,,34487,221
Line_width,Line_0062.0.png,identical,,,identical,,34733,221
Line_width,Line_0063.0.png,identical,,,identical,,34965,221
Line_width,Line_0063.1.png,identical,,,identical,,35041,221
Line_width,Line_0063.2.png,identical,,,identical,,35103,221
Line_width,Line_0063.3.png,identical,,,identical,,35122,221
Line_width,Line_0063.4.png,identical,,,identical,,35139,221
Line_width,Line_0063.5.png,identical,,,identical,,35169,221
Line_width,Line_0063.6.png,identical,,,identical,,35193,221
Line_width,Line_0063.7.png,identical,,,identical,,35249,221
Line_width,Line_0064.0.png,identical,,,identical,,1400,223
Line_width,Line_0064.1.png,identical,,,identical,,1400,223
Line_width,Line_0064.2.png,identical,,,identical,,1400,223
Line_width,Line_0064.3.png,identical,,,identical,,1400,223
Line_width,Line_0064.4.png,identical,,,identical,,1400,223
Line_width,Line_0064.5.png,identical,,,identical,,1400,223
Line_width,Line_0064.6.png,identical,,,identical,,1400,223
Line_width,Line_0064.7.png,identical,,,identical,,1400,223
Line_width,Line_FFFFFFFF.png,identical,,,identical,,1400,223
Material_alpha,MatA_SMat_A0.png,identical,,,identical,,0,0
Material_alpha,MatA_SMat_A3D4CCCCD.png,identical,,,identical,,0,0
Material_alpha,MatA_SMat_A3E800000.png,identical,,,identical,,0,0
Material_alpha,MatA_SMat_A3F000000.png,identical,,,identical,,0,0
Material_alpha,MatA_SMat_A3F400000.png,identical,,,identical,,0,0
Material_alpha,MatA_SMat_A3F800000.png,identical,,,identical,,0,0
Material_alpha,MatA_SMat_A40000000.png,identical,,,identical,,0,0
Material_alpha,MatA_SMat_ABF800000.png,identical,,,identical,,0,0
Material_alpha,MatA_SVDiffuse_A0.png,identical,,,identical,,57397,4
Material_alpha,MatA_SVDiffuse_A3D4CCCCD.png,identical,,,identical,,57397,4
Material_alpha,MatA_SVDiffuse_A3E800000.png,identical,,,identical,,57397,4
Material_alpha,MatA_SVDiffuse_A3F000000.png,identical,,,identical,,57397,4
Material_alpha,MatA_SVDiffuse_A3F400000.png,identical,,,identical,,57397,4
Material_alpha,MatA_SVDiffuse_A3F800000.png,identical,,,identical,,57397,4
Material_alpha,MatA_SVDiffuse_A40000000.png,identical,,,identical,,57397,4
Material_alpha,MatA_SVDiffuse_ABF800000.png,identical,,,identical,,57397,4
Material_alpha,MatA_SVSpec_A0.png,identical,,,identical,,31482,2
Material_alpha,MatA_SVSpec_A3D4CCCCD.png,identical,,,identical,,31482,2
Material_alpha,MatA_SVSpec_A3E800000.png,identical,,,identical,,31482,2
Material_alpha,MatA_SVSpec_A3F000000.png,identical,,,identical,,31482,2
Material_alpha,MatA_SVSpec_A3F400000.png,identical,,,identical,,31482,2
Material_alpha,MatA_SVSpec_A3F800000.png,identical,,,identical,,31482,2
Material_alpha,MatA_SVSpec_A40000000.png,identical,,,identical,,31482,2
Material_alpha,MatA_SVSpec_ABF800000.png,identical,,,identical,,31482,2
Material_color,001_RG0_11.png,identical,,,identical,,0,0
Material_color,011_rBg_11.png,identical,,,identical,,0,0
Material_color,011_rG0_B1.png,identical,,,identical,,0,0
Material_color,301_rG0_11.png,identical,,,identical,,0,0
Material_color,310_rG0_11.png,identical,,,identical,,0,0
Material_color,311_rG0_11.png,identical,,,identical,,0,0
Material_color_source,Emissive_me0.png,identical,,,identical,,870,112
Material_color_source,Emissive_me0_15.png,identical,,,identical,,870,112
Material_color_source,Emissive_me0_5.png,identical,,,identical,,870,112
Material_color_source,Emissive_me1_0.png,identical,,,identical,,870,112
Material_color_source,FromMaterial.png,identical,,,identical,,858,112
Material_color_source,FromMaterial_2light.png,identical,,,identical,,858,112
Material_color_source,FromMaterial_me0_15.png,identical,,,identical,,858,112
Material_color_source,FromMaterial_me0_15_2light.png,identical,,,identical,,858,112
Material_color_source,FromMaterial_me0_5.png,identical,,,identical,,858,112
Material_color_source,FromMaterial_me0_5_2light.png,identical,,,identical,,858,112
Material_color_source,FromMaterial_me1_0.png,identical,,,identical,,858,112
Material_color_source,FromMaterial_me1_0_2light.png,identical,,,identical,,858,112
Material_color_source,FromVertexDiffuse.png,identical,,,identical,,858,112
Material_color_source,FromVertexDiffuse_2light.png,identical,,,identical,,858,112
Material_color_source,FromVertexDiffuse_me0_15.png,identical,,,identical,,858,112
Material_color_source,FromVertexDiffuse_me0_15_2light.png,identical,,,identical,,858,112
Material_color_source,FromVertexDiffuse_me0_5.png,identical,,,identical,,858,112
Material_color_source,FromVertexDiffuse_me0_5_2light.png,identical,,,identical,,858,112
Material_color_source,FromVertexDiffuse_me1_0.png,identical,,,identical,,858,112
Material_color_source,FromVertexDiffuse_me1_0_2light.png,identical,,,identical,,858,112
Material_color_source,FromVertexSpecular.png,identical,,,identical,,858,112
Material_color_source,FromVertexSpecular_2light.png,identical,,,identical,,858,112
Material_color_source,FromVertexSpecular_me0_15.png,identical,,,identical,,858,112
Material_color_source,FromVertexSpecular_me0_15_2light.png,identical,,,identical,,858,112
Material_color_source,FromVertexSpecular_me0_5.png,identical,,,identical,,858,112
Material_color_source,FromVertexSpecular_me0_5_2light.png,identical,,,identical,,858,112
Material_color_source,FromVertexSpecular_me1_0.png,identical,,,identical,,858,112
Material_color_source,FromVertexSpecular_me1_0_2light.png,identical,,,identical,,858,112
Null_surface,XemuBug893.png,identical,,,identical,,0,0
Overlapping_draw_modes,ArrElm_DrwArr_ArrElm.png,identical,,,identical,,23313,2
Overlapping_draw_modes,DrwArr_DrwArr.png,identical,,,identical,,5238,2
Overlapping_draw_modes,SquashOpt.png,identical,,,identical,,17514,2
Overlapping_draw_modes,SquashOptSingleArray.png,identical,,,identical,,17514,2
Pixel_shader,BumpEnvMap.png,identical,,,identical,,0,0
Pixel_shader,BumpEnvMapLuminance.png,identical,,,identical,,54073,1
Pixel_shader,ClipPlane.png,identical,,,identical,,58,187
Pixel_shader,DotST.png,identical,,,identical,,0,0
Pixel_shader,DotZW.png,identical,,,identical,,65536,222
Pixel_shader,Passthru.png,identical,,,identical,,48570,2
Pixel_shader,StageDependentAlphaRed.png,identical,,,identical,,0,0
Pixel_shader,StageDependentGreenBlue.png,identical,,,identical,,0,0
Point_params,Detailed_FF.png,identical,,,identical,,5690,204
Point_params,Detailed_VS.png,identical,,,identical,,0,0
Point_params,PointParamsOff_SmoothOff_128_FF.png,identical,,,identical,,0,0
Point_params,PointParamsOff_SmoothOff_128_VS.png,identical,,,identical,,0,0
Point_params,PointParamsOn_SmoothOff_128_FF.png,identical,,,identical,,1375,220
Point_params,PointParamsOn_SmoothOff_128_VS.png,identical,,,identical,,0,0
Point_params,PointParamsOn_SmoothOn_001_FF.png,identical,,,identical,,2839,220
Point_params,PointParamsOn_SmoothOn_128_FF.png,identical,,,identical,,2839,220
Point_params,PointParamsOn_SmoothOn_128_VS.png,identical,,,identical,,0,0
Point_params,Scale_0_0_0_FF.png,identical,,,identical,,0,0
Point_params,Scale_0_0_0_VS.png,identical,,,identical,,0,0
Point_params,Scale_0_0_1_FF.png,identical,,,identical,,29,202
Point_params,Scale_0_0_1_VS.png,identical,,,identical,,0,0
Point_params,Scale_0_1_0_FF.png,identical,,,identical,,131,202
Point_params,Scale_0_1_0_VS.png,identical,,,identical,,0,0
Point_params,Scale_0_1_1_FF.png,identical,,,identical,,36,202
Point_params,Scale_0_1_1_VS.png,identical,,,identical,,0,0
Point_params,Scale_4_0_0_FF.png,identical,,,identical,,0,0
Point_params,Scale_4_0_0_VS.png,identical,,,identical,,0,0
Point_params,Scale_4_0_1_FF.png,identical,,,identical,,10,202
Point_params,Scale_4_0_1_VS.png,identical,,,identical,,0,0
Point_params,Scale_4_1_0_FF.png,identical,,,identical,,160,202
Point_params,Scale_4_1_0_VS.png,identical,,,identical,,0,0
Point_params,Scale_4_1_1_FF.png,identical,,,identical,,19,202
Point_params,Scale_4_1_1_VS.png,identical,,,identical,,0,0
Point_size,LargestPointSize_FF.png,identical,,,identical,,0,0
Point_size,LargestPointSize_VS.png,identical,,,identical,,0,0
Point_size,PointSmoothOff_01_FF.png,identical,,,identical,,260,221
Point_size,PointSmoothOff_01_VS.png,identical,,,identical,,350,221
Point_size,PointSmoothOff_04_FF.png,identical,,,identical,,370,195
Point_size,PointSmoothOff_04_VS.png,identical,,,identical,,464,195
Point_size,PointSmoothOff_08_FF.png,identical,,,identical,,1635,195
Point_size,PointSmoothOff_08_VS.png,identical,,,identical,,1829,221
Point_size,PointSmoothOff_16_FF.png,identical,,,identical,,5354,221
Point_size,PointSmoothOff_16_VS.png,identical,,,identical,,2,131
Point_size,PointSmoothOn_01_FF.png,identical,,,identical,,260,221
Point_size,PointSmoothOn_01_VS.png,identical,,,identical,,350,221
Point_size,PointSmoothOn_04_FF.png,identical,,,identical,,370,195
Point_size,PointSmoothOn_04_VS.png,identical,,,identical,,464,195
Point_size,PointSmoothOn_08_FF.png,identical,,,identical,,1635,195
Point_size,PointSmoothOn_08_VS.png,identical,,,identical,,1829,221
Point_size,PointSmoothOn_16_FF.png,identical,,,identical,,5354,221
Point_size,PointSmoothOn_16_VS.png,identical,,,identical,,2,131
Point_size,SmallestPointSize_FF.png,identical,,,identical,,0,0
Point_size,SmallestPointSize_VS.png,identical,,,identical,,0,0
Point_size,VSPointSize.png,identical,,,identical,,51,68
Point_sprite,AlphaTest.png,identical,,,identical,,0,0
SetVertexData,SET_VERTEX_DATA2F_M.png,identical,,,identical,,0,0
SetVertexData,SET_VERTEX_DATA2S-0001.png,identical,,,identical,,0,0
SetVertexData,SET_VERTEX_DATA2S-7FFF.png,identical,,,identical,,0,0
SetVertexData,SET_VERTEX_DATA4F_M.png,identical,,,identical,,0,0
SetVertexData,SET_VERTEX_DATA4S_M-0001.png,identical,,,identical,,0,0
SetVertexData,SET_VERTEX_DATA4S_M-7FFF.png,identical,,,identical,,0,0
SetVertexData,SET_VERTEX_DATA4UB.png,identical,,,identical,,0,0
Shade_model,FixedTex_Poly_Flat_First.png,identical,,,identical,,4,192
Shade_model,FixedTex_Poly_Flat_Last.png,identical,,,identical,,4,192
Shade_model,FixedTex_Poly_Smooth_First.png,identical,,,identical,,4,192
Shade_model,FixedTex_Poly_Smooth_Last.png,identical,,,identical,,4,192
Shade_model,FixedTex_QuadStrip_Flat_First.png,identical,,,identical,,43456,192
Shade_model,FixedTex_QuadStrip_Flat_Last.png,identical,,,identical,,43456,192
Shade_model,FixedTex_QuadStrip_Smooth_First.png,identical,,,identical,,6,192
Shade_model,FixedTex_QuadStrip_Smooth_Last.png,identical,,,identical,,6,192
Shade_model,FixedTex_Quad_Flat_First.png,identical,,,identical,,4313,192
Shade_model,FixedTex_Quad_Flat_Last.png,identical,,,identical,,4313,192
Shade_model,FixedTex_Quad_Smooth_First.png,identical,,,identical,,104,192
Shade_model,FixedTex_Quad_Smooth_Last.png,identical,,,identical,,104,192
Shade_model,FixedTex_TriFan_Flat_First.png,identical,,,identical,,1,192
Shade_model,FixedTex_TriFan_Flat_Last.png,identical,,,identical,,1,192
Shade_model,FixedTex_TriFan_Smooth_First.png,identical,,,identical,,1,192
Shade_model,FixedTex_TriFan_Smooth_Last.png,identical,,,identical,,1,192
Shade_model,FixedTex_TriStrip_Flat_First.png,identical,,,identical,,2,192
Shade_model,FixedTex_TriStrip_Flat_Last.png,identical,,,identical,,2,192
Shade_model,FixedTex_TriStrip_Smooth_First.png,identical,,,identical,,2,192
Shade_model,FixedTex_TriStrip_Smooth_Last.png,identical,,,identical,,2,192
Shade_model,FixedTex_Tri_Flat_First.png,identical,,,identical,,0,0
Shade_model,FixedTex_Tri_Flat_Last.png,identical,,,identical,,0,0
Shade_model,FixedTex_Tri_Smooth_First.png,identical,,,identical,,0,0
Shade_model,FixedTex_Tri_Smooth_Last.png,identical,,,identical,,0,0
Shade_model,Fixed_Poly_Flat_First.png,identical,,,identical,,0,0
Shade_model,Fixed_Poly_Flat_Last.png,identical,,,identical,,0,0
Shade_model,Fixed_Poly_Smooth_First.png,identical,,,identical,,48936,2
Shade_model,Fixed_Poly_Smooth_Last.png,identical,,,identical,,48936,2
Shade_model,Fixed_QuadStrip_Flat_First.png,identical,,,identical,,53494,1
Shade_model,Fixed_QuadStrip_Flat_Last.png,identical,,,identical,,53494,1
Shade_model,Fixed_QuadStrip_Smooth_First.png,identical,,,identical,,63283,2
Shade_model,Fixed_QuadStrip_Smooth_Last.png,identical,,,identical,,63283,2
Shade_model,Fixed_Quad_Flat_First.png,identical,,,identical,,54720,1
Shade_model,Fixed_Quad_Flat_Last.png,identical,,,identical,,54720,1
Shade_model,Fixed_Quad_Smooth_First.png,identical,,,identical,,53211,2
Shade_model,Fixed_Quad_Smooth_Last.png,identical,,,identical,,53211,2
Shade_model,Fixed_TriFan_Flat_First.png,identical,,,identical,,4402,1
Shade_model,Fixed_TriFan_Flat_Last.png,identical,,,identical,,4321,1
Shade_model,Fixed_TriFan_Smooth_First.png,identical,,,identical,,28291,2
Shade_model,Fixed_TriFan_Smooth_Last.png,identical,,,identical,,28291,2
Shade_model,Fixed_TriStrip_Flat_First.png,identical,,,identical,,14952,1
Shade_model,Fixed_TriStrip_Flat_Last.png,identical,,,identical,,10946,1
Shade_model,Fixed_TriStrip_Smooth_First.png,identical,,,identical,,37887,2
Shade_model,Fixed_TriStrip_Smooth_Last.png,identical,,,identical,,37887,2
Shade_model,Fixed_Tri_Flat_First.png,identical,,,identical,,13706,1
Shade_model,Fixed_Tri_Flat_Last.png,identical,,,identical,,0,0
Shade_model,Fixed_Tri_Smooth_First.png,identical,,,identical,,20570,2
Shade_model,Fixed_Tri_Smooth_Last.png,identical,,,identical,,20570,2
Shade_model,ProgLM_Poly_Flat_First.png,identical,,,identical,,1007,255
Shade_model,ProgLM_Poly_Flat_Last.png,identical,,,identical,,1007,255
Shade_model,ProgLM_Poly_Smooth_First.png,identical,,,identical,,600,209
Shade_model,ProgLM_Poly_Smooth_Last.png,identical,,,identical,,600,209
Shade_model,ProgLM_QuadStrip_Flat_First.png,identical,,,identical,,1670,255
Shade_model,ProgLM_QuadStrip_Flat_Last.png,identical,,,identical,,1670,255
Shade_model,ProgLM_QuadStrip_Smooth_First.png,identical,,,identical,,1071,211
Shade_model,ProgLM_QuadStrip_Smooth_Last.png,identical,,,identical,,1071,211
Shade_model,ProgLM_Quad_Flat_First.png,identical,,,identical,,1408,207
Shade_model,ProgLM_Quad_Flat_Last.png,identical,,,identical,,1408,207
Shade_model,ProgLM_Quad_Smooth_First.png,identical,,,identical,,753,207
Shade_model,ProgLM_Quad_Smooth_Last.png,identical,,,identical,,753,207
Shade_model,ProgLM_TriFan_Flat_First.png,identical,,,identical,,423,255
Shade_model,ProgLM_TriFan_Flat_Last.png,identical,,,identical,,423,211
Shade_model,ProgLM_TriFan_Smooth_First.png,identical,,,identical,,1473,209
Shade_model,ProgLM_TriFan_Smooth_Last.png,identical,,,identical,,1473,209
Shade_model,ProgLM_TriStrip_Flat_First.png,identical,,,identical,,62,211
Shade_model,ProgLM_TriStrip_Flat_Last.png,identical,,,identical,,62,209
Shade_model,ProgLM_TriStrip_Smooth_First.png,identical,,,identical,,1130,209
Shade_model,ProgLM_TriStrip_Smooth_Last.png,identical,,,identical,,1130,209
Shade_model,ProgLM_Tri_Flat_First.png,identical,,,identical,,53,209
Shade_model,ProgLM_Tri_Flat_Last.png,identical,,,identical,,53,211
Shade_model,ProgLM_Tri_Smooth_First.png,identical,,,identical,,752,209
Shade_model,ProgLM_Tri_Smooth_Last.png,identical,,,identical,,752,209
Shade_model,ProgTex_Poly_Flat_First.png,identical,,,identical,,7,192
Shade_model,ProgTex_Poly_Flat_Last.png,identical,,,identical,,7,192
Shade_model,ProgTex_Poly_Smooth_First.png,identical,,,identical,,7,192
Shade_model,ProgTex_Poly_Smooth_Last.png,identical,,,identical,,7,192
Shade_model,ProgTex_QuadStrip_Flat_First.png,identical,,,identical,,43453,192
Shade_model,ProgTex_QuadStrip_Flat_Last.png,identical,,,identical,,43453,192
Shade_model,ProgTex_QuadStrip_Smooth_First.png,identical,,,identical,,115,192
Shade_model,ProgTex_QuadStrip_Smooth_Last.png,identical,,,identical,,115,192
Shade_model,ProgTex_Quad_Flat_First.png,identical,,,identical,,4778,192
Shade_model,ProgTex_Quad_Flat_Last.png,identical,,,identical,,4778,192
Shade_model,ProgTex_Quad_Smooth_First.png,identical,,,identical,,29,192
Shade_model,ProgTex_Quad_Smooth_Last.png,identical,,,identical,,29,192
Shade_model,ProgTex_TriFan_Flat_First.png,identical,,,identical,,134,192
Shade_model,ProgTex_TriFan_Flat_Last.png,identical,,,identical,,134,192
Shade_model,ProgTex_TriFan_Smooth_First.png,identical,,,identical,,134,192
Shade_model,ProgTex_TriFan_Smooth_Last.png,identical,,,identical,,134,192
Shade_model,ProgTex_TriStrip_Flat_First.png,identical,,,identical,,34,192
Shade_model,ProgTex_TriStrip_Flat_Last.png,identical,,,identical,,34,192
Shade_model,ProgTex_TriStrip_Smooth_First.png,identical,,,identical,,34,192
Shade_model,ProgTex_TriStrip_Smooth_Last.png,identical,,,identical,,34,192
Shade_model,ProgTex_Tri_Flat_First.png,identical,,,identical,,44,192
Shade_model,ProgTex_Tri_Flat_Last.png,identical,,,identical,,44,192
Shade_model,ProgTex_Tri_Smooth_First.png,identical,,,identical,,44,192
Shade_model,ProgTex_Tri_Smooth_Last.png,identical,,,identical,,44,192
Shade_model,Prog_Poly_Flat_First.png,identical,,,identical,,0,0
Shade_model,Prog_Poly_Flat_Last.png,identical,,,identical,,0,0
Shade_model,Prog_Poly_Smooth_First.png,identical,,,identical,,67593,2
Shade_model,Prog_Poly_Smooth_Last.png,identical,,,identical,,67593,2
Shade_model,Prog_QuadStrip_Flat_First.png,identical,,,identical,,12,209
Shade_model,Prog_QuadStrip_Flat_Last.png,identical,,,identical,,12,209
Shade_model,Prog_QuadStrip_Smooth_First.png,identical,,,identical,,82204,200
Shade_model,Prog_QuadStrip_Smooth_Last.png,identical,,,identical,,82204,200
Shade_model,Prog_Quad_Flat_First.png,identical,,,identical,,10,207
Shade_model,Prog_Quad_Flat_Last.png,identical,,,identical,,10,207
Shade_model,Prog_Quad_Smooth_First.png,identical,,,identical,,86887,198
Shade_model,Prog_Quad_Smooth_Last.png,identical,,,identical,,86887,198
Shade_model,Prog_TriFan_Flat_First.png,identical,,,identical,,20,209
Shade_model,Prog_TriFan_Flat_Last.png,identical,,,identical,,20,211
Shade_model,Prog_TriFan_Smooth_First.png,identical,,,identical,,47961,209
Shade_model,Prog_TriFan_Smooth_Last.png,identical,,,identical,,47961,209
Shade_model,Prog_TriStrip_Flat_First.png,identical,,,identical,,20,209
Shade_model,Prog_TriStrip_Flat_Last.png,identical,,,identical,,20,211
Shade_model,Prog_TriStrip_Smooth_First.png,identical,,,identical,,56198,201
Shade_model,Prog_TriStrip_Smooth_Last.png,identical,,,identical,,56198,201
Shade_model,Prog_Tri_Flat_First.png,identical,,,identical,,15,209
Shade_model,Prog_Tri_Flat_Last.png,identical,,,identical,,15,211
Shade_model,Prog_Tri_Smooth_First.png,identical,,,identical,,27057,209
Shade_model,Prog_Tri_Smooth_Last.png,identical,,,identical,,27057,209
Shade_model,W_FixedTex_Poly_Flat_First.png,identical,,,identical,,17,192
Shade_model,W_FixedTex_Poly_Flat_Last.png,identical,,,identical,,17,192
Shade_model,W_FixedTex_Poly_Smooth_First.png,identical,,,identical,,17,192
Shade_model,W_FixedTex_Poly_Smooth_Last.png,identical,,,identical,,17,192
Shade_model,W_FixedTex_QuadStrip_Flat_First.png,identical,,,identical,,98922,192
Shade_model,W_FixedTex_QuadStrip_Flat_Last.png,identical,,,identical,,98922,192
Shade_model,W_FixedTex_QuadStrip_Smooth_First.png,identical,,,identical,,14,192
Shade_model,W_FixedTex_QuadStrip_Smooth_Last.png,identical,,,identical,,14,192
Shade_model,W_FixedTex_Quad_Flat_First.png,identical,,,identical,,42185,192
Shade_model,W_FixedTex_Quad_Flat_Last.png,identical,,,identical,,42185,192
Shade_model,W_FixedTex_Quad_Smooth_First.png,identical,,,identical,,24,192
Shade_model,W_FixedTex_Quad_Smooth_Last.png,identical,,,identical,,24,192
Shade_model,W_FixedTex_TriFan_Flat_First.png,identical,,,identical,,13,192
Shade_model,W_FixedTex_TriFan_Flat_Last.png,identical,,,identical,,13,192
Shade_model,W_FixedTex_TriFan_Smooth_First.png,identical,,,identical,,13,192
Shade_model,W_FixedTex_TriFan_Smooth_Last.png,identical,,,identical,,13,192
Shade_model,W_FixedTex_TriStrip_Flat_First.png,identical,,,identical,,9,192
Shade_model,W_FixedTex_TriStrip_Flat_Last.png,identical,,,identical,,9,192
Shade_model,W_FixedTex_TriStrip_Smooth_First.png,identical,,,identical,,9,192
Shade_model,W_FixedTex_TriStrip_Smooth_Last.png,identical,,,identical,,9,192
Shade_model,W_FixedTex_Tri_Flat_First.png,identical,,,identical,,32,192
Shade_model,W_FixedTex_Tri_Flat_Last.png,identical,,,identical,,32,192
Shade_model,W_FixedTex_Tri_Smooth_First.png,identical,,,identical,,32,192
Shade_model,W_FixedTex_Tri_Smooth_Last.png,identical,,,identical,,32,192
Shade_model,W_Fixed_Poly_Flat_First.png,identical,,,identical,,0,0
Shade_model,W_Fixed_Poly_Flat_Last.png,identical,,,identical,,0,0
Shade_model,W_Fixed_Poly_Smooth_First.png,identical,,,identical,,129076,2
Shade_model,W_Fixed_Poly_Smooth_Last.png,identical,,,identical,,129102,2
Shade_model,W_Fixed_QuadStrip_Flat_First.png,identical,,,identical,,125652,1
Shade_model,W_Fixed_QuadStrip_Flat_Last.png,identical,,,identical,,125652,1
Shade_model,W_Fixed_QuadStrip_Smooth_First.png,identical,,,identical,,139551,2
Shade_model,W_Fixed_QuadStrip_Smooth_Last.png,identical,,,identical,,139551,2
Shade_model,W_Fixed_Quad_Flat_First.png,identical,,,identical,,122079,1
Shade_model,W_Fixed_Quad_Flat_Last.png,identical,,,identical,,122149,1
Shade_model,W_Fixed_Quad_Smooth_First.png,identical,,,identical,,99117,2
Shade_model,W_Fixed_Quad_Smooth_Last.png,identical,,,identical,,99123,2
Shade_model,W_Fixed_TriFan_Flat_First.png,identical,,,identical,,10861,1
Shade_model,W_Fixed_TriFan_Flat_Last.png,identical,,,identical,,13736,1
Shade_model,W_Fixed_TriFan_Smooth_First.png,identical,,,identical,,68835,2
Shade_model,W_Fixed_TriFan_Smooth_Last.png,identical,,,identical,,68835,2
Shade_model,W_Fixed_TriStrip_Flat_First.png,identical,,,identical,,30932,1
Shade_model,W_Fixed_TriStrip_Flat_Last.png,identical,,,identical,,38205,1
Shade_model,W_Fixed_TriStrip_Smooth_First.png,identical,,,identical,,91303,2
Shade_model,W_Fixed_TriStrip_Smooth_Last.png,identical,,,identical,,91303,2
Shade_model,W_Fixed_Tri_Flat_First.png,identical,,,identical,,30164,1
Shade_model,W_Fixed_Tri_Flat_Last.png,identical,,,identical,,0,0
Shade_model,W_Fixed_Tri_Smooth_First.png,identical,,,identical,,40002,2
Shade_model,W_Fixed_Tri_Smooth_Last.png,identical,,,identical,,40015,2
Smoothing_control,0xFFFF0000.png,identical,,,identical,,83082,205
Smoothing_control,0xFFFF0001.png,identical,,,identical,,77112,205
Specular,ControlFlagsLightDisable_FF.png,identical,,,identical,,41278,32
Specular,ControlFlagsLightDisable_VS.png,identical,,,identical,,43073,3
Specular,ControlFlagsNoLight_FF.png,identical,,,identical,,10973,32
Specular,ControlFlagsNoLight_VS.png,identical,,,identical,,11257,3
Specular,ControlFlags_FF.png,identical,,,identical,,18513,32
Specular,ControlFlags_VS.png,identical,,,identical,,75691,20
Specular,NonUnitNormal_0.972.png,identical,,,identical,,660,112
Specular,NonUnitNormal_0.973.png,identical,,,identical,,662,112
Specular,NonUnitNormal_1.000.png,identical,,,identical,,22086,112
Specular,NonUnitNormal_1.008.png,identical,,,identical,,22086,112
Specular,NonUnitNormal_1.009.png,identical,,,identical,,660,112
Specular,SpecParams_FF_AllZero.png,identical,,,identical,,965,32
Specular,SpecParams_FF_InvMechAssault.png,identical,,,identical,,1725,32
Specular,SpecParams_FF_MechAssault.png,identical,,,identical,,2790,32
Specular,SpecParams_FF_NinjaGaidenBlack.png,identical,,,identical,,2222,32
Specular,SpecParams_FF_Pow0_1.png,identical,,,identical,,2296,80
Specular,SpecParams_FF_Pow16_0.png,identical,,,identical,,3523,32
Specular,SpecParams_FF_Pow1_0.png,identical,,,identical,,3047,32
Specular,SpecParams_FF_Pow24_0.png,identical,,,identical,,2465,32
Specular,SpecParams_FF_Pow2_0.png,identical,,,identical,,3535,32
Specular,SpecParams_FF_Pow4_0.png,identical,,,identical,,4098,32
Specular,SpecParams_FF_Pow8_0.png,identical,,,identical,,3299,32
Specular_back,ControlFlagsLightDisable_FF.png,identical,,,identical,,167,112
Specular_back,ControlFlagsLightDisable_VS.png,identical,,,identical,,45518,3
Specular_back,ControlFlagsNoLight_FF.png,identical,,,identical,,306,112
Specular_back,ControlFlagsNoLight_VS.png,identical,,,identical,,17715,94
Specular_back,ControlFlags_FF.png,identical,,,identical,,14946,112
Specular_back,ControlFlags_VS.png,identical,,,identical,,86567,107
Specular_back,SpecParams_FF_AllZero.png,identical,,,identical,,1057,32
Specular_back,SpecParams_FF_InvMechAssault.png,identical,,,identical,,1742,32
Specular_back,SpecParams_FF_MechAssault.png,identical,,,identical,,2608,32
Specular_back,SpecParams_FF_NinjaGaidenBlack.png,identical,,,identical,,2375,32
Specular_back,SpecParams_FF_Pow0_1.png,identical,,,identical,,1259,32
Specular_back,SpecParams_FF_Pow16_0.png,identical,,,identical,,2434,32
Specular_back,SpecParams_FF_Pow1_0.png,identical,,,identical,,1691,32
Specular_back,SpecParams_FF_Pow24_0.png,identical,,,identical,,2292,152
Specular_back,SpecParams_FF_Pow2_0.png,identical,,,identical,,2761,32
Specular_back,SpecParams_FF_Pow4_0.png,identical,,,identical,,3914,32
Specular_back,SpecParams_FF_Pow8_0.png,identical,,,identical,,2718,32
Stencil,Stencil_REPLACE.png,identical,,,identical,,0,0
Stencil,Stencil_REPLACE_DT.png,identical,,,identical,,0,0
Stencil,Stencil_REPLACE_DT_ZB.png,identical,,,identical,,0,0
Stencil,Stencil_REPLACE_ST.png,identical,,,identical,,30000,255
Stencil,Stencil_REPLACE_ST_DT.png,identical,,,identical,,0,0
Stencil,Stencil_REPLACE_ST_DT_ZB.png,identical,,,identical,,0,0
Stencil,Stencil_REPLACE_ST_ZB.png,identical,,,identical,,30000,1
Stencil,Stencil_REPLACE_ZB.png,identical,,,identical,,0,0
Stencil,Stencil_ZERO.png,identical,,,identical,,0,0
Stencil,Stencil_ZERO_DT.png,identical,,,identical,,0,0
Stencil,Stencil_ZERO_DT_ZB.png,identical,,,identical,,0,0
Stencil,Stencil_ZERO_ST.png,identical,,,identical,,0,0
Stencil,Stencil_ZERO_ST_DT.png,identical,,,identical,,0,0
Stencil,Stencil_ZERO_ST_DT_ZB.png,identical,,,identical,,0,0
Stencil,Stencil_ZERO_ST_ZB.png,identical,,,identical,,0,0
Stencil,Stencil_ZERO_ZB.png,identical,,,identical,,0,0
Stencil_func,Always.png,identical,,,identical,,0,0
Stencil_func,Always_ZB.png,identical,,,identical,,0,0
Stencil_func,Equal.png,identical,,,identical,,0,0
Stencil_func,Equal_ZB.png,identical,,,identical,,0,0
Stencil_func,Greater.png,identical,,,identical,,0,0
Stencil_func,GreaterThanOrEqual.png,identical,,,identical,,0,0
Stencil_func,GreaterThanOrEqual_ZB.png,identical,,,identical,,0,0
Stencil_func,Greater_ZB.png,identical,,,identical,,0,0
Stencil_func,Less.png,identical,,,identical,,0,0
Stencil_func,LessThanOrEqual.png,identical,,,identical,,0,0
Stencil_func,LessThanOrEqual_ZB.png,identical,,,identical,,0,0
Stencil_func,Less_ZB.png,identical,,,identical,,0,0
Stencil_func,Never.png,identical,,,identical,,0,0
Stencil_func,Never_ZB.png,identical,,,identical,,0,0
Stencil_func,NotEqual.png,identical,,,identical,,0,0
Stencil_func,NotEqual_ZB.png,identical,,,identical,,0,0
Stipple_tests,Alternating_On.png,identical,,,identical,,11494,223
Stipple_tests,Asymmetric_On.png,identical,,,identical,,11406,223
Stipple_tests,Border_On.png,identical,,,identical,,19786,223
Stipple_tests,Checkered_Off.png,identical,,,identical,,22447,223
Stipple_tests,Checkered_On.png,identical,,,identical,,11362,223
Stipple_tests,Zero_On.png,identical,,,identical,,455,223
Surface_as_vertex_array,DynamicUpdateLoop.png,none,,,none,,96000,255
Surface_as_vertex_array,LinearDiffuseArray.png,none,,,none,,0,0
Surface_as_vertex_array,MultiStream.png,none,,,none,,0,0
Surface_as_vertex_array,RenderScalePattern.png,none,,,none,,18136,1
Surface_as_vertex_array,SwizzledDiffuseArray.png,none,,,none,,0,0
Surface_clip,DebugTextShouldClip.png,identical,,,identical,,0,0
Surface_clip,XemuBug420.png,identical,,,identical,,0,0
Surface_clip,rt_x0y0_w0h0.png,identical,,,identical,,0,0
Surface_clip,rt_x0y0_w0h384.png,identical,,,identical,,0,0
Surface_clip,rt_x0y0_w512h0.png,identical,,,identical,,0,0
Surface_clip,rt_x0y0_w512h384.png,identical,,,identical,,0,0
Surface_clip,rt_x0y0_w640h480.png,identical,,,identical,,0,0
Surface_clip,rt_x0y240_w640h240.png,identical,,,identical,,0,0
Surface_clip,rt_x16y8_w512h384.png,identical,,,identical,,0,0
Surface_clip,rt_x320y240_w320h240.png,identical,,,identical,,0,0
Surface_clip,rt_x8y16_w632h464.png,identical,,,identical,,0,0
Surface_clip,x0y0_w0h0.png,identical,,,identical,,0,0
Surface_clip,x0y0_w0h0_A8R8G8B8.png,identical,,,identical,,0,0
Surface_clip,x0y0_w0h0_B8.png,identical,,,identical,,0,0
Surface_clip,x0y0_w0h0_G8B8.png,identical,,,identical,,0,0
Surface_clip,x0y0_w0h384.png,identical,,,identical,,0,0
Surface_clip,x0y0_w0h384_A8R8G8B8.png,identical,,,identical,,0,0
Surface_clip,x0y0_w0h384_B8.png,identical,,,identical,,0,0
Surface_clip,x0y0_w0h384_G8B8.png,identical,,,identical,,0,0
Surface_clip,x0y0_w512h0.png,identical,,,identical,,0,0
Surface_clip,x0y0_w512h0_A8R8G8B8.png,identical,,,identical,,0,0
Surface_clip,x0y0_w512h0_B8.png,identical,,,identical,,0,0
Surface_clip,x0y0_w512h0_G8B8.png,identical,,,identical,,0,0
Surface_clip,x0y0_w512h384.png,identical,,,identical,,0,0
Surface_clip,x0y0_w512h384_A8R8G8B8.png,identical,,,identical,,0,0
Surface_clip,x0y0_w512h384_B8.png,identical,,,identical,,0,0
Surface_clip,x0y0_w512h384_G8B8.png,identical,,,identical,,0,0
Surface_clip,x0y0_w640h480.png,identical,,,identical,,0,0
Surface_clip,x0y0_w640h480_A8R8G8B8.png,identical,,,identical,,0,0
Surface_clip,x0y0_w640h480_B8.png,identical,,,identical,,0,0
Surface_clip,x0y0_w640h480_G8B8.png,identical,,,identical,,0,0
Surface_clip,x0y240_w640h240.png,identical,,,identical,,0,0
Surface_clip,x0y240_w640h240_A8R8G8B8.png,identical,,,identical,,0,0
Surface_clip,x0y240_w640h240_B8.png,identical,,,identical,,0,0
Surface_clip,x0y240_w640h240_G8B8.png,identical,,,identical,,0,0
Surface_clip,x16y8_w512h384.png,identical,,,identical,,0,0
Surface_clip,x16y8_w512h384_A8R8G8B8.png,identical,,,identical,,0,0
Surface_clip,x16y8_w512h384_B8.png,identical,,,identical,,0,0
Surface_clip,x16y8_w512h384_G8B8.png,identical,,,identical,,0,0
Surface_clip,x320y240_w320h240.png,identical,,,identical,,0,0
Surface_clip,x320y240_w320h240_A8R8G8B8.png,identical,,,identical,,0,0
Surface_clip,x320y240_w320h240_B8.png,identical,,,identical,,0,0
Surface_clip,x320y240_w320h240_G8B8.png,identical,,,identical,,0,0
Surface_clip,x8y16_w632h464.png,identical,,,identical,,0,0
Surface_clip,x8y16_w632h464_A8R8G8B8.png,identical,,,identical,,0,0
Surface_clip,x8y16_w632h464_B8.png,identical,,,identical,,0,0
Surface_clip,x8y16_w632h464_G8B8.png,identical,,,identical,,0,0
Surface_format,Fmt_A8R8G8B8.png,identical,,,identical,,0,0
Surface_format,Fmt_B8.png,identical,,,identical,,16144,255
Surface_format,Fmt_G8B8.png,identical,,,identical,,32552,255
Surface_format,Fmt_R5G6B5.png,identical,,,identical,,0,0
Surface_format,Fmt_X1A7R8G8B8_O1A7R8G8B8.png,identical,,,identical,,16383,64
Surface_format,Fmt_X1A7R8G8B8_Z1A7R8G8B8.png,identical,,,identical,,32743,128
Surface_format,Fmt_X1R5G5B5_O1R5G5B5.png,identical,,,identical,,13734,224
Surface_format,Fmt_X1R5G5B5_Z1R5G5B5.png,identical,,,identical,,12988,224
Surface_format,Fmt_X8R8G8B8_O8R8G8B8.png,identical,,,identical,,0,0
Surface_format,Fmt_X8R8G8B8_Z8R8G8B8.png,identical,,,identical,,0,0
Surface_pitch,Swizzle.png,identical,,,identical,,0,0
Swath_width,SwathWidth00.png,identical,,,identical,,14991,164
Swath_width,SwathWidth01.png,identical,,,identical,,14991,164
Swath_width,SwathWidth02.png,identical,,,identical,,14991,164
Swath_width,SwathWidth03.png,identical,,,identical,,14991,164
Swath_width,SwathWidth04.png,identical,,,identical,,14991,164
Swath_width,SwathWidth0F.png,identical,,,identical,,14991,164
Texgen,Disabled.png,identical,,,identical,,114,2
Texgen,EyeLinear.png,identical,,,identical,,0,0
Texgen,NormalMap.png,identical,,,identical,,0,0
Texgen,ObjectLinear.png,identical,,,identical,,0,0
Texgen,ReflectionMap.png,identical,,,identical,,0,0
Texgen_with_texture_matrix,Disabled_Arbitrary.png,identical,,,identical,,0,0
Texgen_with_texture_matrix,Disabled_Double.png,identical,,,identical,,0,0
Texgen_with_texture_matrix,Disabled_Half.png,identical,,,identical,,0,0
Texgen_with_texture_matrix,Disabled_Identity.png,identical,,,identical,,0,0
Texgen_with_texture_matrix,Disabled_RotateX.png,identical,,,identical,,0,0
Texgen_with_texture_matrix,Disabled_RotateY.png,identical,,,identical,,0,0
Texgen_with_texture_matrix,Disabled_RotateZ.png,identical,,,identical,,0,0
Texgen_with_texture_matrix,Disabled_ShiftHMinus.png,identical,,,identical,,43,2
Texgen_with_texture_matrix,Disabled_ShiftHPlus.png,identical,,,identical,,58,2
Texgen_with_texture_matrix,Disabled_ShiftVMinus.png,identical,,,identical,,91,1
Texgen_with_texture_matrix,Disabled_ShiftVPlus.png,identical,,,identical,,134,1
Texgen_with_texture_matrix,EyeLinear_Arbitrary.png,identical,,,identical,,289,1
Texgen_with_texture_matrix,EyeLinear_Double.png,identical,,,identical,,0,0
Texgen_with_texture_matrix,EyeLinear_Half.png,identical,,,identical,,0,0
Texgen_with_texture_matrix,EyeLinear_Identity.png,identical,,,identical,,0,0
Texgen_with_texture_matrix,EyeLinear_RotateX.png,identical,,,identical,,0,0
Texgen_with_texture_matrix,EyeLinear_RotateY.png,identical,,,identical,,0,0
Texgen_with_texture_matrix,EyeLinear_RotateZ.png,identical,,,identical,,0,0
Texgen_with_texture_matrix,EyeLinear_ShiftHMinus.png,identical,,,identical,,10,2
Texgen_with_texture_matrix,EyeLinear_ShiftHPlus.png,identical,,,identical,,10,2
Texgen_with_texture_matrix,EyeLinear_ShiftVMinus.png,identical,,,identical,,34,1
Texgen_with_texture_matrix,EyeLinear_ShiftVPlus.png,identical,,,identical,,12,1
Texgen_with_texture_matrix,NormalMap_Arbitrary.png,identical,,,identical,,0,0
Texgen_with_texture_matrix,NormalMap_Double.png,identical,,,identical,,0,0
Texgen_with_texture_matrix,NormalMap_Half.png,identical,,,identical,,0,0
Texgen_with_texture_matrix,NormalMap_Identity.png,identical,,,identical,,0,0
Texgen_with_texture_matrix,NormalMap_RotateX.png,identical,,,identical,,0,0
Texgen_with_texture_matrix,NormalMap_RotateY.png,identical,,,identical,,0,0
Texgen_with_texture_matrix,NormalMap_RotateZ.png,identical,,,identical,,0,0
Texgen_with_texture_matrix,NormalMap_ShiftHMinus.png,identical,,,identical,,0,0
Texgen_with_texture_matrix,NormalMap_ShiftHPlus.png,identical,,,identical,,0,0
Texgen_with_texture_matrix,NormalMap_ShiftVMinus.png,identical,,,identical,,0,0
Texgen_with_texture_matrix,NormalMap_ShiftVPlus.png,identical,,,identical,,0,0
Texgen_with_texture_matrix,ObjectLinear_Arbitrary.png,identical,,,identical,,147,254
Texgen_with_texture_matrix,ObjectLinear_Double.png,identical,,,identical,,0,0
Texgen_with_texture_matrix,ObjectLinear_Half.png,identical,,,identical,,0,0
Texgen_with_texture_matrix,ObjectLinear_Identity.png,identical,,,identical,,0,0
Texgen_with_texture_matrix,ObjectLinear_RotateX.png,identical,,,identical,,0,0
Texgen_with_texture_matrix,ObjectLinear_RotateY.png,identical,,,identical,,0,0
Texgen_with_texture_matrix,ObjectLinear_RotateZ.png,identical,,,identical,,0,0
Texgen_with_texture_matrix,ObjectLinear_ShiftHMinus.png,identical,,,identical,,10,2
Texgen_with_texture_matrix,ObjectLinear_ShiftHPlus.png,identical,,,identical,,10,2
Texgen_with_texture_matrix,ObjectLinear_ShiftVMinus.png,identical,,,identical,,34,1
Texgen_with_texture_matrix,ObjectLinear_ShiftVPlus.png,identical,,,identical,,12,1
Texgen_with_texture_matrix,ReflectionMap_Arbitrary.png,identical,,,identical,,124,1
Texgen_with_texture_matrix,ReflectionMap_Double.png,identical,,,identical,,59,1
Texgen_with_texture_matrix,ReflectionMap_Half.png,identical,,,identical,,57,1
Texgen_with_texture_matrix,ReflectionMap_Identity.png,identical,,,identical,,64,1
Texgen_with_texture_matrix,ReflectionMap_RotateX.png,identical,,,identical,,64,1
Texgen_with_texture_matrix,ReflectionMap_RotateY.png,identical,,,identical,,0,0
Texgen_with_texture_matrix,ReflectionMap_RotateZ.png,identical,,,identical,,26,2
Texgen_with_texture_matrix,ReflectionMap_ShiftHMinus.png,identical,,,identical,,80,2
Texgen_with_texture_matrix,ReflectionMap_ShiftHPlus.png,identical,,,identical,,92,2
Texgen_with_texture_matrix,ReflectionMap_ShiftVMinus.png,identical,,,identical,,78,1
Texgen_with_texture_matrix,ReflectionMap_ShiftVPlus.png,identical,,,identical,,66,1
Texgen_with_texture_matrix,SphereMap_Arbitrary.png,identical,,,identical,,131495,43
Texgen_with_texture_matrix,SphereMap_Double.png,identical,,,identical,,56,1
Texgen_with_texture_matrix,SphereMap_Half.png,identical,,,identical,,578,2
Texgen_with_texture_matrix,SphereMap_Identity.png,identical,,,identical,,580,2
Texgen_with_texture_matrix,SphereMap_RotateX.png,identical,,,identical,,131495,235
Texgen_with_texture_matrix,SphereMap_RotateY.png,identical,,,identical,,455,2
Texgen_with_texture_matrix,SphereMap_RotateZ.png,identical,,,identical,,455,1
Texgen_with_texture_matrix,SphereMap_ShiftHMinus.png,identical,,,identical,,194,2
Texgen_with_texture_matrix,SphereMap_ShiftHPlus.png,identical,,,identical,,199,2
Texgen_with_texture_matrix,SphereMap_ShiftVMinus.png,identical,,,identical,,119,1
Texgen_with_texture_matrix,SphereMap_ShiftVPlus.png,identical,,,identical,,603,2
TextureWrapMode,CylinderWrapping.png,identical,,,identical,,2316,2
Texture_2D_as_cubemap,Cubemap_Bad2D.png,identical,,,identical,,0,0
Texture_2D_as_cubemap,DotReflectDiffuse_Bad2D.png,identical,,,identical,,116,237
Texture_2D_as_cubemap,DotReflectSpecConst_Bad2D.png,identical,,,identical,,15,204
Texture_2D_as_cubemap,DotReflectSpec_Bad2D.png,identical,,,identical,,30,204
Texture_2D_as_cubemap,DotSTR3D_Bad2D.png,identical,,,identical,,0,0
Texture_2D_as_cubemap,DotSTRCube_Bad2D.png,identical,,,identical,,101,204
Texture_3D_as_2D,Cubemap_as_2D.png,identical,,,identical,,729,4
Texture_3D_as_2D,Volumetric_as_2D.png,identical,,,identical,,2308,218
Texture_BRDF,BRDF_e0_l0.png,identical,,,identical,,614,228
Texture_BRDF,BRDF_e0_l1.png,identical,,,identical,,614,228
Texture_BRDF,BRDF_e1_l0.png,identical,,,identical,,614,228
Texture_CPU_Update,MultipleSwatches.png,identical,,,identical,,0,0
Texture_CPU_Update,RGBA.png,identical,,,identical,,0,0
Texture_DXT,DXT1_plasma_alpha_dxt1.png,identical,,,identical,,0,0
Texture_DXT,DXT1_plasma_dxt1.png,identical,,,identical,,0,0
Texture_DXT,DXT3_plasma_alpha_dxt3.png,identical,,,identical,,1024,1
Texture_DXT,DXT3_plasma_dxt3.png,identical,,,identical,,1536,1
Texture_DXT,DXT5_plasma_alpha_dxt5.png,identical,,,identical,,4032,1
Texture_DXT,DXT5_plasma_dxt5.png,identical,,,identical,,1536,1
Texture_DXT,MIPDXT1_64x256_bands_dxt1.png,identical,,,identical,,279,1
Texture_DXT,MIPDXT1_plasma_alpha_dxt1.png,identical,,,identical,,0,0
Texture_DXT,MIPDXT1_plasma_dxt1.png,identical,,,identical,,0,0
Texture_DXT,MIPDXT3_64x256_bands_dxt3.png,identical,,,identical,,3086,1
Texture_DXT,MIPDXT3_plasma_alpha_dxt3.png,identical,,,identical,,1413,1
Texture_DXT,MIPDXT3_plasma_dxt3.png,identical,,,identical,,2120,1
Texture_DXT,MIPDXT5_64x256_bands_dxt5.png,identical,,,identical,,3086,1
Texture_DXT,MIPDXT5_plasma_alpha_dxt5.png,identical,,,identical,,5427,1
Texture_DXT,MIPDXT5_plasma_dxt5.png,identical,,,identical,,2120,1
Texture_Framebuffer_Blit,FBToOldRenderTarget.png,identical,,,identical,,11672,207
Texture_Framebuffer_Blit,FBToTexture.png,identical,,,identical,,11672,207
Texture_Framebuffer_Blit,FBToZetaAsTex.png,identical,,,identical,,11672,207
Texture_LOD_Bias,LODBias.png,identical,,,identical,,4570,1
Texture_Matrix,Arbitrary.png,identical,,,identical,,0,0
Texture_Matrix,Double.png,identical,,,identical,,0,0
Texture_Matrix,Half.png,identical,,,identical,,0,0
Texture_Matrix,Identity.png,identical,,,identical,,0,0
Texture_Matrix,RotateX.png,identical,,,identical,,0,0
Texture_Matrix,RotateY.png,identical,,,identical,,0,0
Texture_Matrix,RotateZ.png,identical,,,identical,,0,0
Texture_Matrix,ShiftHMinus.png,identical,,,identical,,43,2
Texture_Matrix,ShiftHPlus.png,identical,,,identical,,58,2
Texture_Matrix,ShiftVMinus.png,identical,,,identical,,91,1
Texture_Matrix,ShiftVPlus.png,identical,,,identical,,134,1
Texture_anisotropy,Anisotropy-1.png,identical,,,identical,,11,204
Texture_anisotropy,Anisotropy-2.png,identical,,,identical,,15496,204
Texture_anisotropy,Anisotropy-4.png,identical,,,identical,,21981,204
Texture_anisotropy,Anisotropy-8.png,identical,,,identical,,22617,204
Texture_border,2D.png,identical,,,identical,,59,136
Texture_border,2D_BorderTex_SZ.png,identical,,,identical,,0,0
Texture_border,3D_BorderTex_SZ_16x1.png,identical,,,identical,,0,0
Texture_border,3D_BorderTex_SZ_16x16.png,identical,,,identical,,0,0
Texture_border,3D_BorderTex_SZ_1x1.png,identical,,,identical,,0,0
Texture_border,3D_BorderTex_SZ_2x2.png,identical,,,identical,,0,0
Texture_border,3D_BorderTex_SZ_32x32.png,identical,,,identical,,0,0
Texture_border,3D_BorderTex_SZ_4x4.png,identical,,,identical,,0,0
Texture_border,3D_BorderTex_SZ_4x8.png,identical,,,identical,,0,0
Texture_border,3D_BorderTex_SZ_8x2.png,identical,,,identical,,0,0
Texture_border,3D_BorderTex_SZ_8x8.png,identical,,,identical,,0,0
Texture_border,Cube_BorderTex_SZ_16x16.png,identical,,,identical,,37,112
Texture_border,Cube_BorderTex_SZ_1x1.png,identical,,,identical,,0,0
Texture_border,Cube_BorderTex_SZ_2x2.png,identical,,,identical,,0,0
Texture_border,Cube_BorderTex_SZ_32x32.png,identical,,,identical,,4504,136
Texture_border,Cube_BorderTex_SZ_4x4.png,identical,,,identical,,0,0
Texture_border,Cube_BorderTex_SZ_8x8.png,identical,,,identical,,0,0
Texture_border,xemu#1034.png,identical,,,identical,,0,0
Texture_border_color,TextureBorderColor.png,identical,,,identical,,6284,248
Texture_cubemap,Cubemap_q-0.0.png,identical,,,identical,,0,0
Texture_cubemap,Cubemap_q-1.0.png,identical,,,identical,,0,0
Texture_cubemap,Cubemap_q-inf.png,identical,,,identical,,0,0
Texture_cubemap,Cubemap_q0.0.png,identical,,,identical,,0,0
Texture_cubemap,Cubemap_q1.0.png,identical,,,identical,,0,0
Texture_cubemap,Cubemap_qinf.png,identical,,,identical,,0,0
Texture_cubemap,DotReflectConst_0_-1to1.png,identical,,,identical,,32,221
Texture_cubemap,DotReflectConst_0_-1to1D3D.png,identical,,,identical,,27,221
Texture_cubemap,DotReflectConst_0_-1to1GL.png,identical,,,identical,,28,221
Texture_cubemap,DotReflectConst_0_0to1.png,identical,,,identical,,8,221
Texture_cubemap,DotReflectConst_0_HiLoHemi.png,identical,,,identical,,34,221
Texture_cubemap,DotReflectConst_0_HiLo_1.png,identical,,,identical,,8,221
Texture_cubemap,DotReflectConst_1_-1to1.png,identical,,,identical,,41,221
Texture_cubemap,DotReflectConst_1_-1to1D3D.png,identical,,,identical,,28,221
Texture_cubemap,DotReflectConst_1_-1to1GL.png,identical,,,identical,,30,221
Texture_cubemap,DotReflectConst_1_0to1.png,identical,,,identical,,20,221
Texture_cubemap,DotReflectConst_1_HiLoHemi.png,identical,,,identical,,30,221
Texture_cubemap,DotReflectConst_1_HiLo_1.png,identical,,,identical,,7,221
Texture_cubemap,DotReflectConst_2_-1to1.png,identical,,,identical,,19,221
Texture_cubemap,DotReflectConst_2_-1to1D3D.png,identical,,,identical,,9,221
Texture_cubemap,DotReflectConst_2_-1to1GL.png,identical,,,identical,,7,221
Texture_cubemap,DotReflectConst_2_0to1.png,identical,,,identical,,11,170
Texture_cubemap,DotReflectConst_2_HiLoHemi.png,identical,,,identical,,6,170
Texture_cubemap,DotReflectConst_2_HiLo_1.png,identical,,,identical,,1,170
Texture_cubemap,DotReflectDiffuse_-1to1.png,identical,,,identical,,22,221
Texture_cubemap,DotReflectDiffuse_-1to1D3D.png,identical,,,identical,,23,221
Texture_cubemap,DotReflectDiffuse_-1to1GL.png,identical,,,identical,,90,221
Texture_cubemap,DotReflectDiffuse_0to1.png,identical,,,identical,,12,221
Texture_cubemap,DotReflectDiffuse_HiLoHemi.png,identical,,,identical,,22,221
Texture_cubemap,DotReflectDiffuse_HiLo_1.png,identical,,,identical,,5,221
Texture_cubemap,DotReflectSpecConst_-1to1.png,identical,,,identical,,22,222
Texture_cubemap,DotReflectSpecConst_-1to1D3D.png,identical,,,identical,,36,132
Texture_cubemap,DotReflectSpecConst_-1to1GL.png,identical,,,identical,,23,178
Texture_cubemap,DotReflectSpecConst_0to1.png,identical,,,identical,,5,191
Texture_cubemap,DotReflectSpecConst_HiLoHemi.png,identical,,,identical,,18,19
Texture_cubemap,DotReflectSpecConst_HiLo_1.png,identical,,,identical,,1,7
Texture_cubemap,DotReflectSpec_-1to1.png,identical,,,identical,,63,218
Texture_cubemap,DotReflectSpec_-1to1D3D.png,identical,,,identical,,67,251
Texture_cubemap,DotReflectSpec_-1to1GL.png,identical,,,identical,,63,218
Texture_cubemap,DotReflectSpec_0_-1to1.png,identical,,,identical,,64,199
Texture_cubemap,DotReflectSpec_0_-1to1D3D.png,identical,,,identical,,65,220
Texture_cubemap,DotReflectSpec_0_-1to1GL.png,identical,,,identical,,62,213
Texture_cubemap,DotReflectSpec_0_0to1.png,identical,,,identical,,46,191
Texture_cubemap,DotReflectSpec_0_HiLoHemi.png,identical,,,identical,,103,203
Texture_cubemap,DotReflectSpec_0_HiLo_1.png,identical,,,identical,,16,148
Texture_cubemap,DotReflectSpec_0to1.png,identical,,,identical,,52,12
Texture_cubemap,DotReflectSpec_1_-1to1.png,identical,,,identical,,67,184
Texture_cubemap,DotReflectSpec_1_-1to1D3D.png,identical,,,identical,,67,191
Texture_cubemap,DotReflectSpec_1_-1to1GL.png,identical,,,identical,,60,217
Texture_cubemap,DotReflectSpec_1_0to1.png,identical,,,identical,,48,46
Texture_cubemap,DotReflectSpec_1_HiLoHemi.png,identical,,,identical,,111,207
Texture_cubemap,DotReflectSpec_1_HiLo_1.png,identical,,,identical,,16,196
Texture_cubemap,DotReflectSpec_2_-1to1.png,identical,,,identical,,22,193
Texture_cubemap,DotReflectSpec_2_-1to1D3D.png,identical,,,identical,,33,132
Texture_cubemap,DotReflectSpec_2_-1to1GL.png,identical,,,identical,,23,162
Texture_cubemap,DotReflectSpec_2_0to1.png,identical,,,identical,,5,191
Texture_cubemap,DotReflectSpec_2_HiLoHemi.png,identical,,,identical,,18,19
Texture_cubemap,DotReflectSpec_2_HiLo_1.png,identical,,,identical,,1,7
Texture_cubemap,DotReflectSpec_HiLoHemi.png,identical,,,identical,,98,205
Texture_cubemap,DotReflectSpec_HiLo_1.png,identical,,,identical,,20,245
Texture_cubemap,DotSTR3D_-1to1.png,identical,,,identical,,73,255
Texture_cubemap,DotSTR3D_-1to1D3D.png,identical,,,identical,,0,0
Texture_cubemap,DotSTR3D_-1to1GL.png,identical,,,identical,,4,255
Texture_cubemap,DotSTR3D_0to1.png,identical,,,identical,,70,255
Texture_cubemap,DotSTR3D_HiLoHemi.png,identical,,,identical,,2,255
Texture_cubemap,DotSTR3D_HiLo_1.png,identical,,,identical,,1,255
Texture_cubemap,DotSTRCube_-1to1.png,identical,,,identical,,58,226
Texture_cubemap,DotSTRCube_-1to1D3D.png,identical,,,identical,,57,202
Texture_cubemap,DotSTRCube_-1to1GL.png,identical,,,identical,,127,248
Texture_cubemap,DotSTRCube_0to1.png,identical,,,identical,,29,79
Texture_cubemap,DotSTRCube_HiLoHemi.png,identical,,,identical,,43,202
Texture_cubemap,DotSTRCube_HiLo_1.png,identical,,,identical,,8,96
Texture_format,TexFmt_A1R5G5B5.png,identical,,,identical,,0,0
Texture_format,TexFmt_A1R5G5B5_L.png,identical,,,identical,,0,0
Texture_format,TexFmt_A4R4G4B4.png,identical,,,identical,,0,0
Texture_format,TexFmt_A4R4G4B4_L.png,identical,,,identical,,0,0
Texture_format,TexFmt_A8.png,identical,,,identical,,0,0
Texture_format,TexFmt_A8B8G8R8.png,identical,,,identical,,0,0
Texture_format,TexFmt_A8B8G8R8_L.png,identical,,,identical,,0,0
Texture_format,TexFmt_A8R8G8B8.png,identical,,,identical,,0,0
Texture_format,TexFmt_A8R8G8B8_L.png,identical,,,identical,,0,0
Texture_format,TexFmt_A8Y8.png,identical,,,identical,,0,0
Texture_format,TexFmt_A8_L.png,identical,,,identical,,0,0
Texture_format,TexFmt_AY8.png,identical,,,identical,,0,0
Texture_format,TexFmt_AY8_L.png,identical,,,identical,,0,0
Texture_format,TexFmt_B8G8R8A8.png,identical,,,identical,,0,0
Texture_format,TexFmt_B8G8R8A8_L.png,identical,,,identical,,0,0
Texture_format,TexFmt_DXT1.png,identical,,,identical,,0,0
Texture_format,TexFmt_G8B8.png,identical,,,identical,,0,0
Texture_format,TexFmt_G8B8_L.png,identical,,,identical,,0,0
Texture_format,TexFmt_R16B16.png,identical,,,identical,,0,0
Texture_format,TexFmt_R16B16_L.png,identical,,,identical,,0,0
Texture_format,TexFmt_R5G6B5.png,identical,,,identical,,0,0
Texture_format,TexFmt_R5G6B5_L.png,identical,,,identical,,0,0
Texture_format,TexFmt_R6G5B5.png,differs,134902,254,identical,,0,0
Texture_format,TexFmt_R8B8.png,identical,,,identical,,0,0
Texture_format,TexFmt_R8G8B8A8.png,identical,,,identical,,0,0
Texture_format,TexFmt_R8G8B8A8_L.png,identical,,,identical,,0,0
Texture_format,TexFmt_SZ_Index8_p128.png,identical,,,identical,,0,0
Texture_format,TexFmt_SZ_Index8_p256.png,identical,,,identical,,0,0
Texture_format,TexFmt_SZ_Index8_p32.png,identical,,,identical,,0,0
Texture_format,TexFmt_SZ_Index8_p64.png,identical,,,identical,,0,0
Texture_format,TexFmt_UYVY_L.png,identical,,,identical,,0,0
Texture_format,TexFmt_X1R5G5B5.png,identical,,,identical,,0,0
Texture_format,TexFmt_X1R5G5B5_L.png,identical,,,identical,,0,0
Texture_format,TexFmt_X8R8G8B8.png,identical,,,identical,,0,0
Texture_format,TexFmt_X8R8G8B8_L.png,identical,,,identical,,0,0
Texture_format,TexFmt_Y16.png,identical,,,identical,,0,0
Texture_format,TexFmt_Y16_L.png,identical,,,identical,,0,0
Texture_format,TexFmt_Y8.png,identical,,,identical,,0,0
Texture_format,TexFmt_Y8_L.png,identical,,,identical,,0,0
Texture_format,TexFmt_YUY2_L.png,identical,,,identical,,0,0
Texture_format,XAlpha_A8R8G8B8_L.png,none,,,none,,0,0
Texture_format,XAlpha_X1R5G5B5.png,none,,,none,,0,0
Texture_format,XAlpha_X1R5G5B5_L.png,none,,,none,,0,0
Texture_format,XAlpha_X8R8G8B8.png,none,,,none,,0,0
Texture_format,XAlpha_X8R8G8B8_L.png,none,,,none,,0,0
Texture_palette,PaletteSwapping.png,identical,,,identical,,6992,252
Texture_palette,XemuHighPaletteBug.png,identical,,,identical,,3496,251
Texture_perspective,tex_diff_pers_n_bitri.png,identical,,,identical,,176187,2
Texture_perspective,tex_diff_pers_n_quad.png,identical,,,identical,,181035,2
Texture_perspective,tex_diff_pers_y_bitri.png,identical,,,identical,,184211,2
Texture_perspective,tex_diff_pers_y_quad.png,identical,,,identical,,181997,2
Texture_perspective,tex_tex_pers_n_bitri.png,identical,,,identical,,28,255
Texture_perspective,tex_tex_pers_n_quad.png,identical,,,identical,,15,255
Texture_perspective,tex_tex_pers_y_bitri.png,identical,,,identical,,47,255
Texture_perspective,tex_tex_pers_y_quad.png,identical,,,identical,,22,255
Texture_perspective_enable,TexPerspective_Textured.png,identical,,,identical,,1,255
Texture_perspective_enable,TexPerspective_Untextured.png,identical,,,identical,,23107,2
Texture_render_target,RenderTextureLoop.png,identical,,,none,,0,0
Texture_render_target,TexFmt_A1R5G5B5.png,identical,,,identical,,0,0
Texture_render_target,TexFmt_A1R5G5B5_L.png,identical,,,identical,,0,0
Texture_render_target,TexFmt_A4R4G4B4.png,identical,,,identical,,0,0
Texture_render_target,TexFmt_A4R4G4B4_L.png,identical,,,identical,,0,0
Texture_render_target,TexFmt_A8.png,identical,,,identical,,0,0
Texture_render_target,TexFmt_A8B8G8R8.png,identical,,,identical,,71,1
Texture_render_target,TexFmt_A8B8G8R8_L.png,identical,,,identical,,71,1
Texture_render_target,TexFmt_A8R8G8B8.png,identical,,,identical,,71,1
Texture_render_target,TexFmt_A8R8G8B8_L.png,identical,,,identical,,71,1
Texture_render_target,TexFmt_A8Y8.png,identical,,,identical,,12,1
Texture_render_target,TexFmt_A8_L.png,identical,,,identical,,0,0
Texture_render_target,TexFmt_AY8.png,identical,,,identical,,12,1
Texture_render_target,TexFmt_AY8_L.png,identical,,,identical,,12,1
Texture_render_target,TexFmt_B8G8R8A8.png,identical,,,identical,,71,1
Texture_render_target,TexFmt_B8G8R8A8_L.png,identical,,,identical,,71,1
Texture_render_target,TexFmt_DXT1.png,identical,,,identical,,0,0
Texture_render_target,TexFmt_G8B8.png,identical,,,identical,,71,1
Texture_render_target,TexFmt_G8B8_L.png,identical,,,identical,,71,1
Texture_render_target,TexFmt_R16B16.png,identical,,,identical,,71,1
Texture_render_target,TexFmt_R16B16_L.png,identical,,,identical,,71,1
Texture_render_target,TexFmt_R5G6B5.png,identical,,,identical,,0,0
Texture_render_target,TexFmt_R5G6B5_L.png,identical,,,identical,,0,0
Texture_render_target,TexFmt_R6G5B5.png,identical,,,identical,,0,0
Texture_render_target,TexFmt_R8B8.png,identical,,,identical,,71,1
Texture_render_target,TexFmt_R8G8B8A8.png,identical,,,identical,,71,1
Texture_render_target,TexFmt_R8G8B8A8_L.png,identical,,,identical,,71,1
Texture_render_target,TexFmt_SZ_Index8_p128.png,identical,,,identical,,53,24
Texture_render_target,TexFmt_SZ_Index8_p256.png,identical,,,identical,,53,12
Texture_render_target,TexFmt_SZ_Index8_p32.png,identical,,,identical,,53,96
Texture_render_target,TexFmt_SZ_Index8_p64.png,identical,,,identical,,53,48
Texture_render_target,TexFmt_UYVY_L.png,identical,,,identical,,56,4
Texture_render_target,TexFmt_X1R5G5B5.png,identical,,,identical,,0,0
Texture_render_target,TexFmt_X1R5G5B5_L.png,identical,,,identical,,0,0
Texture_render_target,TexFmt_X8R8G8B8.png,identical,,,identical,,71,1
Texture_render_target,TexFmt_X8R8G8B8_L.png,identical,,,identical,,71,1
Texture_render_target,TexFmt_Y16.png,identical,,,identical,,12,1
Texture_render_target,TexFmt_Y16_L.png,identical,,,identical,,12,1
Texture_render_target,TexFmt_Y8.png,identical,,,identical,,12,1
Texture_render_target,TexFmt_Y8_L.png,identical,,,identical,,12,1
Texture_render_target,TexFmt_YUY2_L.png,identical,,,identical,,56,4
Texture_render_update_in_place,RenderToInputTexture.png,identical,,,identical,,0,0
Texture_shadow_comparator,2F16_-6.00-193.00_5.9400_A.png,identical,,,identical,,0,0
Texture_shadow_comparator,2F16_-6.00-193.00_5.9400_EQ.png,identical,,,identical,,0,0
Texture_shadow_comparator,2F16_-6.00-193.00_5.9400_GE.png,identical,,,identical,,0,0
Texture_shadow_comparator,2F16_-6.00-193.00_5.9400_GT.png,identical,,,identical,,0,0
Texture_shadow_comparator,2F16_-6.00-193.00_5.9400_LE.png,identical,,,identical,,0,0
Texture_shadow_comparator,2F16_-6.00-193.00_5.9400_LT.png,identical,,,identical,,0,0
Texture_shadow_comparator,2F16_-6.00-193.00_5.9400_N.png,identical,,,identical,,0,0
Texture_shadow_comparator,2F16_-6.00-193.00_5.9400_NE.png,identical,,,identical,,0,0
Texture_shadow_comparator,2F16_10.00-20.00_15.0000_A.png,identical,,,identical,,0,0
Texture_shadow_comparator,2F16_10.00-20.00_15.0000_EQ.png,identical,,,identical,,0,0
Texture_shadow_comparator,2F16_10.00-20.00_15.0000_GE.png,identical,,,identical,,0,0
Texture_shadow_comparator,2F16_10.00-20.00_15.0000_GT.png,identical,,,identical,,0,0
Texture_shadow_comparator,2F16_10.00-20.00_15.0000_LE.png,identical,,,identical,,0,0
Texture_shadow_comparator,2F16_10.00-20.00_15.0000_LT.png,identical,,,identical,,0,0
Texture_shadow_comparator,2F16_10.00-20.00_15.0000_N.png,identical,,,identical,,0,0
Texture_shadow_comparator,2F16_10.00-20.00_15.0000_NE.png,identical,,,identical,,0,0
Texture_shadow_comparator,2F16f_-6.00-193.00_4.5669_A.png,identical,,,identical,,0,0
Texture_shadow_comparator,2F16f_-6.00-193.00_4.5669_EQ.png,identical,,,identical,,0,0
Texture_shadow_comparator,2F16f_-6.00-193.00_4.5669_GE.png,identical,,,identical,,0,0
Texture_shadow_comparator,2F16f_-6.00-193.00_4.5669_GT.png,identical,,,identical,,0,0
Texture_shadow_comparator,2F16f_-6.00-193.00_4.5669_LE.png,identical,,,identical,,0,0
Texture_shadow_comparator,2F16f_-6.00-193.00_4.5669_LT.png,identical,,,identical,,0,0
Texture_shadow_comparator,2F16f_-6.00-193.00_4.5669_N.png,identical,,,identical,,0,0
Texture_shadow_comparator,2F16f_-6.00-193.00_4.5669_NE.png,identical,,,identical,,0,0
Texture_shadow_comparator,2F16f_10.00-20.00_14.0400_A.png,identical,,,identical,,0,0
Texture_shadow_comparator,2F16f_10.00-20.00_14.0400_EQ.png,identical,,,identical,,0,0
Texture_shadow_comparator,2F16f_10.00-20.00_14.0400_GE.png,identical,,,identical,,0,0
Texture_shadow_comparator,2F16f_10.00-20.00_14.0400_GT.png,identical,,,identical,,0,0
Texture_shadow_comparator,2F16f_10.00-20.00_14.0400_LE.png,identical,,,identical,,0,0
Texture_shadow_comparator,2F16f_10.00-20.00_14.0400_LT.png,identical,,,identical,,0,0
Texture_shadow_comparator,2F16f_10.00-20.00_14.0400_N.png,identical,,,identical,,0,0
Texture_shadow_comparator,2F16f_10.00-20.00_14.0400_NE.png,identical,,,identical,,0,0
Texture_shadow_comparator,2F24_-6.00-193.00_10.6500_A.png,identical,,,identical,,0,0
Texture_shadow_comparator,2F24_-6.00-193.00_10.6500_EQ.png,identical,,,identical,,1377,255
Texture_shadow_comparator,2F24_-6.00-193.00_10.6500_GE.png,identical,,,identical,,1377,255
Texture_shadow_comparator,2F24_-6.00-193.00_10.6500_GT.png,identical,,,identical,,0,0
Texture_shadow_comparator,2F24_-6.00-193.00_10.6500_LE.png,identical,,,identical,,0,0
Texture_shadow_comparator,2F24_-6.00-193.00_10.6500_LT.png,identical,,,identical,,1377,255
Texture_shadow_comparator,2F24_-6.00-193.00_10.6500_N.png,identical,,,identical,,0,0
Texture_shadow_comparator,2F24_-6.00-193.00_10.6500_NE.png,identical,,,identical,,1377,255
Texture_shadow_comparator,2F24_10.00-20.00_11.4700_A.png,identical,,,identical,,0,0
Texture_shadow_comparator,2F24_10.00-20.00_11.4700_EQ.png,identical,,,identical,,0,0
Texture_shadow_comparator,2F24_10.00-20.00_11.4700_GE.png,identical,,,identical,,0,0
Texture_shadow_comparator,2F24_10.00-20.00_11.4700_GT.png,identical,,,identical,,0,0
Texture_shadow_comparator,2F24_10.00-20.00_11.4700_LE.png,identical,,,identical,,0,0
Texture_shadow_comparator,2F24_10.00-20.00_11.4700_LT.png,identical,,,identical,,0,0
Texture_shadow_comparator,2F24_10.00-20.00_11.4700_N.png,identical,,,identical,,0,0
Texture_shadow_comparator,2F24_10.00-20.00_11.4700_NE.png,identical,,,identical,,0,0
Texture_shadow_comparator,2P16_-6.00-193.00_5.9400_A.png,identical,,,identical,,0,0
Texture_shadow_comparator,2P16_-6.00-193.00_5.9400_EQ.png,identical,,,identical,,0,0
Texture_shadow_comparator,2P16_-6.00-193.00_5.9400_GE.png,identical,,,identical,,0,0
Texture_shadow_comparator,2P16_-6.00-193.00_5.9400_GT.png,identical,,,identical,,0,0
Texture_shadow_comparator,2P16_-6.00-193.00_5.9400_LE.png,identical,,,identical,,0,0
Texture_shadow_comparator,2P16_-6.00-193.00_5.9400_LT.png,identical,,,identical,,0,0
Texture_shadow_comparator,2P16_-6.00-193.00_5.9400_N.png,identical,,,identical,,0,0
Texture_shadow_comparator,2P16_-6.00-193.00_5.9400_NE.png,identical,,,identical,,0,0
Texture_shadow_comparator,2P16_10.00-20.00_15.0000_A.png,identical,,,identical,,0,0
Texture_shadow_comparator,2P16_10.00-20.00_15.0000_EQ.png,identical,,,identical,,0,0
Texture_shadow_comparator,2P16_10.00-20.00_15.0000_GE.png,identical,,,identical,,0,0
Texture_shadow_comparator,2P16_10.00-20.00_15.0000_GT.png,identical,,,identical,,0,0
Texture_shadow_comparator,2P16_10.00-20.00_15.0000_LE.png,identical,,,identical,,0,0
Texture_shadow_comparator,2P16_10.00-20.00_15.0000_LT.png,identical,,,identical,,0,0
Texture_shadow_comparator,2P16_10.00-20.00_15.0000_N.png,identical,,,identical,,0,0
Texture_shadow_comparator,2P16_10.00-20.00_15.0000_NE.png,identical,,,identical,,0,0
Texture_shadow_comparator,2P16f_-6.00-193.00_4.5669_A.png,identical,,,identical,,0,0
Texture_shadow_comparator,2P16f_-6.00-193.00_4.5669_EQ.png,identical,,,identical,,0,0
Texture_shadow_comparator,2P16f_-6.00-193.00_4.5669_GE.png,identical,,,identical,,0,0
Texture_shadow_comparator,2P16f_-6.00-193.00_4.5669_GT.png,identical,,,identical,,0,0
Texture_shadow_comparator,2P16f_-6.00-193.00_4.5669_LE.png,identical,,,identical,,0,0
Texture_shadow_comparator,2P16f_-6.00-193.00_4.5669_LT.png,identical,,,identical,,0,0
Texture_shadow_comparator,2P16f_-6.00-193.00_4.5669_N.png,identical,,,identical,,0,0
Texture_shadow_comparator,2P16f_-6.00-193.00_4.5669_NE.png,identical,,,identical,,0,0
Texture_shadow_comparator,2P16f_10.00-20.00_14.0400_A.png,identical,,,identical,,0,0
Texture_shadow_comparator,2P16f_10.00-20.00_14.0400_EQ.png,identical,,,identical,,0,0
Texture_shadow_comparator,2P16f_10.00-20.00_14.0400_GE.png,identical,,,identical,,0,0
Texture_shadow_comparator,2P16f_10.00-20.00_14.0400_GT.png,identical,,,identical,,0,0
Texture_shadow_comparator,2P16f_10.00-20.00_14.0400_LE.png,identical,,,identical,,0,0
Texture_shadow_comparator,2P16f_10.00-20.00_14.0400_LT.png,identical,,,identical,,0,0
Texture_shadow_comparator,2P16f_10.00-20.00_14.0400_N.png,identical,,,identical,,0,0
Texture_shadow_comparator,2P16f_10.00-20.00_14.0400_NE.png,identical,,,identical,,0,0
Texture_shadow_comparator,2P24_-6.00-193.00_10.6500_A.png,identical,,,identical,,0,0
Texture_shadow_comparator,2P24_-6.00-193.00_10.6500_EQ.png,identical,,,identical,,0,0
Texture_shadow_comparator,2P24_-6.00-193.00_10.6500_GE.png,identical,,,identical,,0,0
Texture_shadow_comparator,2P24_-6.00-193.00_10.6500_GT.png,identical,,,identical,,0,0
Texture_shadow_comparator,2P24_-6.00-193.00_10.6500_LE.png,identical,,,identical,,0,0
Texture_shadow_comparator,2P24_-6.00-193.00_10.6500_LT.png,identical,,,identical,,0,0
Texture_shadow_comparator,2P24_-6.00-193.00_10.6500_N.png,identical,,,identical,,0,0
Texture_shadow_comparator,2P24_-6.00-193.00_10.6500_NE.png,identical,,,identical,,0,0
Texture_shadow_comparator,2P24_10.00-20.00_11.4500_A.png,identical,,,identical,,0,0
Texture_shadow_comparator,2P24_10.00-20.00_11.4500_EQ.png,identical,,,identical,,0,0
Texture_shadow_comparator,2P24_10.00-20.00_11.4500_GE.png,identical,,,identical,,0,0
Texture_shadow_comparator,2P24_10.00-20.00_11.4500_GT.png,identical,,,identical,,0,0
Texture_shadow_comparator,2P24_10.00-20.00_11.4500_LE.png,identical,,,identical,,0,0
Texture_shadow_comparator,2P24_10.00-20.00_11.4500_LT.png,identical,,,identical,,0,0
Texture_shadow_comparator,2P24_10.00-20.00_11.4500_N.png,identical,,,identical,,0,0
Texture_shadow_comparator,2P24_10.00-20.00_11.4500_NE.png,identical,,,identical,,0,0
Texture_shadow_comparator,2R16_0-100_80_A.png,identical,,,identical,,0,0
Texture_shadow_comparator,2R16_0-100_80_EQ.png,identical,,,identical,,0,0
Texture_shadow_comparator,2R16_0-100_80_GE.png,identical,,,identical,,0,0
Texture_shadow_comparator,2R16_0-100_80_GT.png,identical,,,identical,,0,0
Texture_shadow_comparator,2R16_0-100_80_LE.png,identical,,,identical,,0,0
Texture_shadow_comparator,2R16_0-100_80_LT.png,identical,,,identical,,0,0
Texture_shadow_comparator,2R16_0-100_80_N.png,identical,,,identical,,0,0
Texture_shadow_comparator,2R16_0-100_80_NE.png,identical,,,identical,,0,0
Texture_shadow_comparator,2R16_0-FFFF_7FFF_A.png,identical,,,identical,,0,0
Texture_shadow_comparator,2R16_0-FFFF_7FFF_EQ.png,identical,,,identical,,0,0
Texture_shadow_comparator,2R16_0-FFFF_7FFF_GE.png,identical,,,identical,,0,0
Texture_shadow_comparator,2R16_0-FFFF_7FFF_GT.png,identical,,,identical,,0,0
Texture_shadow_comparator,2R16_0-FFFF_7FFF_LE.png,identical,,,identical,,0,0
Texture_shadow_comparator,2R16_0-FFFF_7FFF_LT.png,identical,,,identical,,0,0
Texture_shadow_comparator,2R16_0-FFFF_7FFF_N.png,identical,,,identical,,0,0
Texture_shadow_comparator,2R16_0-FFFF_7FFF_NE.png,identical,,,identical,,0,0
Texture_shadow_comparator,2R16_100-200_180_A.png,identical,,,identical,,0,0
Texture_shadow_comparator,2R16_100-200_180_EQ.png,identical,,,identical,,0,0
Texture_shadow_comparator,2R16_100-200_180_GE.png,identical,,,identical,,0,0
Texture_shadow_comparator,2R16_100-200_180_GT.png,identical,,,identical,,0,0
Texture_shadow_comparator,2R16_100-200_180_LE.png,identical,,,identical,,0,0
Texture_shadow_comparator,2R16_100-200_180_LT.png,identical,,,identical,,0,0
Texture_shadow_comparator,2R16_100-200_180_N.png,identical,,,identical,,0,0
Texture_shadow_comparator,2R16_100-200_180_NE.png,identical,,,identical,,0,0
Texture_shadow_comparator,2R24_0-100_80_A.png,identical,,,identical,,0,0
Texture_shadow_comparator,2R24_0-100_80_EQ.png,identical,,,identical,,0,0
Texture_shadow_comparator,2R24_0-100_80_GE.png,identical,,,identical,,0,0
Texture_shadow_comparator,2R24_0-100_80_GT.png,identical,,,identical,,0,0
Texture_shadow_comparator,2R24_0-100_80_LE.png,identical,,,identical,,0,0
Texture_shadow_comparator,2R24_0-100_80_LT.png,identical,,,identical,,0,0
Texture_shadow_comparator,2R24_0-100_80_N.png,identical,,,identical,,0,0
Texture_shadow_comparator,2R24_0-100_80_NE.png,identical,,,identical,,0,0
Texture_shadow_comparator,2R24_0-FFFFFF_7FFFFF_A.png,identical,,,identical,,0,0
Texture_shadow_comparator,2R24_0-FFFFFF_7FFFFF_EQ.png,identical,,,identical,,0,0
Texture_shadow_comparator,2R24_0-FFFFFF_7FFFFF_GE.png,identical,,,identical,,0,0
Texture_shadow_comparator,2R24_0-FFFFFF_7FFFFF_GT.png,identical,,,identical,,0,0
Texture_shadow_comparator,2R24_0-FFFFFF_7FFFFF_LE.png,identical,,,identical,,0,0
Texture_shadow_comparator,2R24_0-FFFFFF_7FFFFF_LT.png,identical,,,identical,,0,0
Texture_shadow_comparator,2R24_0-FFFFFF_7FFFFF_N.png,identical,,,identical,,0,0
Texture_shadow_comparator,2R24_0-FFFFFF_7FFFFF_NE.png,identical,,,identical,,0,0
Texture_shadow_comparator,2R24_100-200_180_A.png,identical,,,identical,,0,0
Texture_shadow_comparator,2R24_100-200_180_EQ.png,identical,,,identical,,0,0
Texture_shadow_comparator,2R24_100-200_180_GE.png,identical,,,identical,,0,0
Texture_shadow_comparator,2R24_100-200_180_GT.png,identical,,,identical,,0,0
Texture_shadow_comparator,2R24_100-200_180_LE.png,identical,,,identical,,0,0
Texture_shadow_comparator,2R24_100-200_180_LT.png,identical,,,identical,,0,0
Texture_shadow_comparator,2R24_100-200_180_N.png,identical,,,identical,,0,0
Texture_shadow_comparator,2R24_100-200_180_NE.png,identical,,,identical,,0,0
Texture_shadow_comparator,3F16_-6.00-193.00_5.9400_A.png,identical,,,identical,,0,0
Texture_shadow_comparator,3F16_-6.00-193.00_5.9400_EQ.png,identical,,,identical,,0,0
Texture_shadow_comparator,3F16_-6.00-193.00_5.9400_GE.png,identical,,,identical,,21,255
Texture_shadow_comparator,3F16_-6.00-193.00_5.9400_GT.png,identical,,,identical,,21,255
Texture_shadow_comparator,3F16_-6.00-193.00_5.9400_LE.png,identical,,,identical,,21,255
Texture_shadow_comparator,3F16_-6.00-193.00_5.9400_LT.png,identical,,,identical,,21,255
Texture_shadow_comparator,3F16_-6.00-193.00_5.9400_N.png,identical,,,identical,,0,0
Texture_shadow_comparator,3F16_-6.00-193.00_5.9400_NE.png,identical,,,identical,,0,0
Texture_shadow_comparator,3F16_10.00-20.00_15.0000_A.png,identical,,,identical,,0,0
Texture_shadow_comparator,3F16_10.00-20.00_15.0000_EQ.png,identical,,,identical,,0,0
Texture_shadow_comparator,3F16_10.00-20.00_15.0000_GE.png,identical,,,identical,,21,255
Texture_shadow_comparator,3F16_10.00-20.00_15.0000_GT.png,identical,,,identical,,21,255
Texture_shadow_comparator,3F16_10.00-20.00_15.0000_LE.png,identical,,,identical,,21,255
Texture_shadow_comparator,3F16_10.00-20.00_15.0000_LT.png,identical,,,identical,,21,255
Texture_shadow_comparator,3F16_10.00-20.00_15.0000_N.png,identical,,,identical,,0,0
Texture_shadow_comparator,3F16_10.00-20.00_15.0000_NE.png,identical,,,identical,,0,0
Texture_shadow_comparator,3F16f_-6.00-193.00_4.5669_A.png,identical,,,identical,,0,0
Texture_shadow_comparator,3F16f_-6.00-193.00_4.5669_EQ.png,identical,,,identical,,0,0
Texture_shadow_comparator,3F16f_-6.00-193.00_4.5669_GE.png,identical,,,identical,,21,255
Texture_shadow_comparator,3F16f_-6.00-193.00_4.5669_GT.png,identical,,,identical,,21,255
Texture_shadow_comparator,3F16f_-6.00-193.00_4.5669_LE.png,identical,,,identical,,21,255
Texture_shadow_comparator,3F16f_-6.00-193.00_4.5669_LT.png,identical,,,identical,,21,255
Texture_shadow_comparator,3F16f_-6.00-193.00_4.5669_N.png,identical,,,identical,,0,0
Texture_shadow_comparator,3F16f_-6.00-193.00_4.5669_NE.png,identical,,,identical,,0,0
Texture_shadow_comparator,3F16f_10.00-20.00_14.0400_A.png,identical,,,identical,,0,0
Texture_shadow_comparator,3F16f_10.00-20.00_14.0400_EQ.png,identical,,,identical,,0,0
Texture_shadow_comparator,3F16f_10.00-20.00_14.0400_GE.png,identical,,,identical,,21,255
Texture_shadow_comparator,3F16f_10.00-20.00_14.0400_GT.png,identical,,,identical,,21,255
Texture_shadow_comparator,3F16f_10.00-20.00_14.0400_LE.png,identical,,,identical,,21,255
Texture_shadow_comparator,3F16f_10.00-20.00_14.0400_LT.png,identical,,,identical,,21,255
Texture_shadow_comparator,3F16f_10.00-20.00_14.0400_N.png,identical,,,identical,,0,0
Texture_shadow_comparator,3F16f_10.00-20.00_14.0400_NE.png,identical,,,identical,,0,0
Texture_shadow_comparator,3F24_-6.00-193.00_10.6500_A.png,identical,,,identical,,0,0
Texture_shadow_comparator,3F24_-6.00-193.00_10.6500_EQ.png,identical,,,identical,,0,0
Texture_shadow_comparator,3F24_-6.00-193.00_10.6500_GE.png,identical,,,identical,,21,255
Texture_shadow_comparator,3F24_-6.00-193.00_10.6500_GT.png,identical,,,identical,,21,255
Texture_shadow_comparator,3F24_-6.00-193.00_10.6500_LE.png,identical,,,identical,,21,255
Texture_shadow_comparator,3F24_-6.00-193.00_10.6500_LT.png,identical,,,identical,,21,255
Texture_shadow_comparator,3F24_-6.00-193.00_10.6500_N.png,identical,,,identical,,0,0
Texture_shadow_comparator,3F24_-6.00-193.00_10.6500_NE.png,identical,,,identical,,0,0
Texture_shadow_comparator,3F24_10.00-20.00_11.4700_A.png,identical,,,identical,,0,0
Texture_shadow_comparator,3F24_10.00-20.00_11.4700_EQ.png,identical,,,identical,,739,255
Texture_shadow_comparator,3F24_10.00-20.00_11.4700_GE.png,identical,,,identical,,739,255
Texture_shadow_comparator,3F24_10.00-20.00_11.4700_GT.png,identical,,,identical,,0,0
Texture_shadow_comparator,3F24_10.00-20.00_11.4700_LE.png,identical,,,identical,,0,0
Texture_shadow_comparator,3F24_10.00-20.00_11.4700_LT.png,identical,,,identical,,739,255
Texture_shadow_comparator,3F24_10.00-20.00_11.4700_N.png,identical,,,identical,,0,0
Texture_shadow_comparator,3F24_10.00-20.00_11.4700_NE.png,identical,,,identical,,739,255
Texture_shadow_comparator,3P16_-6.00-193.00_5.9400_A.png,identical,,,identical,,0,0
Texture_shadow_comparator,3P16_-6.00-193.00_5.9400_EQ.png,identical,,,identical,,0,0
Texture_shadow_comparator,3P16_-6.00-193.00_5.9400_GE.png,identical,,,identical,,0,0
Texture_shadow_comparator,3P16_-6.00-193.00_5.9400_GT.png,identical,,,identical,,0,0
Texture_shadow_comparator,3P16_-6.00-193.00_5.9400_LE.png,identical,,,identical,,0,0
Texture_shadow_comparator,3P16_-6.00-193.00_5.9400_LT.png,identical,,,identical,,0,0
Texture_shadow_comparator,3P16_-6.00-193.00_5.9400_N.png,identical,,,identical,,0,0
Texture_shadow_comparator,3P16_-6.00-193.00_5.9400_NE.png,identical,,,identical,,0,0
Texture_shadow_comparator,3P16_10.00-20.00_15.0000_A.png,identical,,,identical,,0,0
Texture_shadow_comparator,3P16_10.00-20.00_15.0000_EQ.png,identical,,,identical,,0,0
Texture_shadow_comparator,3P16_10.00-20.00_15.0000_GE.png,identical,,,identical,,0,0
Texture_shadow_comparator,3P16_10.00-20.00_15.0000_GT.png,identical,,,identical,,0,0
Texture_shadow_comparator,3P16_10.00-20.00_15.0000_LE.png,identical,,,identical,,0,0
Texture_shadow_comparator,3P16_10.00-20.00_15.0000_LT.png,identical,,,identical,,0,0
Texture_shadow_comparator,3P16_10.00-20.00_15.0000_N.png,identical,,,identical,,0,0
Texture_shadow_comparator,3P16_10.00-20.00_15.0000_NE.png,identical,,,identical,,0,0
Texture_shadow_comparator,3P16f_-6.00-193.00_4.5669_A.png,identical,,,identical,,0,0
Texture_shadow_comparator,3P16f_-6.00-193.00_4.5669_EQ.png,identical,,,identical,,0,0
Texture_shadow_comparator,3P16f_-6.00-193.00_4.5669_GE.png,identical,,,identical,,0,0
Texture_shadow_comparator,3P16f_-6.00-193.00_4.5669_GT.png,identical,,,identical,,0,0
Texture_shadow_comparator,3P16f_-6.00-193.00_4.5669_LE.png,identical,,,identical,,0,0
Texture_shadow_comparator,3P16f_-6.00-193.00_4.5669_LT.png,identical,,,identical,,0,0
Texture_shadow_comparator,3P16f_-6.00-193.00_4.5669_N.png,identical,,,identical,,0,0
Texture_shadow_comparator,3P16f_-6.00-193.00_4.5669_NE.png,identical,,,identical,,0,0
Texture_shadow_comparator,3P16f_10.00-20.00_14.0400_A.png,identical,,,identical,,0,0
Texture_shadow_comparator,3P16f_10.00-20.00_14.0400_EQ.png,identical,,,identical,,0,0
Texture_shadow_comparator,3P16f_10.00-20.00_14.0400_GE.png,identical,,,identical,,0,0
Texture_shadow_comparator,3P16f_10.00-20.00_14.0400_GT.png,identical,,,identical,,0,0
Texture_shadow_comparator,3P16f_10.00-20.00_14.0400_LE.png,identical,,,identical,,0,0
Texture_shadow_comparator,3P16f_10.00-20.00_14.0400_LT.png,identical,,,identical,,0,0
Texture_shadow_comparator,3P16f_10.00-20.00_14.0400_N.png,identical,,,identical,,0,0
Texture_shadow_comparator,3P16f_10.00-20.00_14.0400_NE.png,identical,,,identical,,0,0
Texture_shadow_comparator,3P24_-6.00-193.00_10.6500_A.png,identical,,,identical,,0,0
Texture_shadow_comparator,3P24_-6.00-193.00_10.6500_EQ.png,identical,,,identical,,0,0
Texture_shadow_comparator,3P24_-6.00-193.00_10.6500_GE.png,identical,,,identical,,0,0
Texture_shadow_comparator,3P24_-6.00-193.00_10.6500_GT.png,identical,,,identical,,0,0
Texture_shadow_comparator,3P24_-6.00-193.00_10.6500_LE.png,identical,,,identical,,0,0
Texture_shadow_comparator,3P24_-6.00-193.00_10.6500_LT.png,identical,,,identical,,0,0
Texture_shadow_comparator,3P24_-6.00-193.00_10.6500_N.png,identical,,,identical,,0,0
Texture_shadow_comparator,3P24_-6.00-193.00_10.6500_NE.png,identical,,,identical,,0,0
Texture_shadow_comparator,3P24_10.00-20.00_11.4500_A.png,identical,,,identical,,0,0
Texture_shadow_comparator,3P24_10.00-20.00_11.4500_EQ.png,identical,,,identical,,712,255
Texture_shadow_comparator,3P24_10.00-20.00_11.4500_GE.png,identical,,,identical,,712,255
Texture_shadow_comparator,3P24_10.00-20.00_11.4500_GT.png,identical,,,identical,,0,0
Texture_shadow_comparator,3P24_10.00-20.00_11.4500_LE.png,identical,,,identical,,0,0
Texture_shadow_comparator,3P24_10.00-20.00_11.4500_LT.png,identical,,,identical,,712,255
Texture_shadow_comparator,3P24_10.00-20.00_11.4500_N.png,identical,,,identical,,0,0
Texture_shadow_comparator,3P24_10.00-20.00_11.4500_NE.png,identical,,,identical,,712,255
Texture_shadow_comparator,3R16_0-100_80_A.png,identical,,,identical,,0,0
Texture_shadow_comparator,3R16_0-100_80_EQ.png,identical,,,identical,,0,0
Texture_shadow_comparator,3R16_0-100_80_GE.png,identical,,,identical,,0,0
Texture_shadow_comparator,3R16_0-100_80_GT.png,identical,,,identical,,0,0
Texture_shadow_comparator,3R16_0-100_80_LE.png,identical,,,identical,,0,0
Texture_shadow_comparator,3R16_0-100_80_LT.png,identical,,,identical,,0,0
Texture_shadow_comparator,3R16_0-100_80_N.png,identical,,,identical,,0,0
Texture_shadow_comparator,3R16_0-100_80_NE.png,identical,,,identical,,0,0
Texture_shadow_comparator,3R16_0-FFFF_7FFF_A.png,identical,,,identical,,0,0
Texture_shadow_comparator,3R16_0-FFFF_7FFF_EQ.png,identical,,,identical,,0,0
Texture_shadow_comparator,3R16_0-FFFF_7FFF_GE.png,identical,,,identical,,0,0
Texture_shadow_comparator,3R16_0-FFFF_7FFF_GT.png,identical,,,identical,,0,0
Texture_shadow_comparator,3R16_0-FFFF_7FFF_LE.png,identical,,,identical,,0,0
Texture_shadow_comparator,3R16_0-FFFF_7FFF_LT.png,identical,,,identical,,0,0
Texture_shadow_comparator,3R16_0-FFFF_7FFF_N.png,identical,,,identical,,0,0
Texture_shadow_comparator,3R16_0-FFFF_7FFF_NE.png,identical,,,identical,,0,0
Texture_shadow_comparator,3R16_100-200_180_A.png,identical,,,identical,,0,0
Texture_shadow_comparator,3R16_100-200_180_EQ.png,identical,,,identical,,0,0
Texture_shadow_comparator,3R16_100-200_180_GE.png,identical,,,identical,,0,0
Texture_shadow_comparator,3R16_100-200_180_GT.png,identical,,,identical,,0,0
Texture_shadow_comparator,3R16_100-200_180_LE.png,identical,,,identical,,0,0
Texture_shadow_comparator,3R16_100-200_180_LT.png,identical,,,identical,,0,0
Texture_shadow_comparator,3R16_100-200_180_N.png,identical,,,identical,,0,0
Texture_shadow_comparator,3R16_100-200_180_NE.png,identical,,,identical,,0,0
Texture_shadow_comparator,3R24_0-100_80_A.png,identical,,,identical,,0,0
Texture_shadow_comparator,3R24_0-100_80_EQ.png,identical,,,identical,,0,0
Texture_shadow_comparator,3R24_0-100_80_GE.png,identical,,,identical,,0,0
Texture_shadow_comparator,3R24_0-100_80_GT.png,identical,,,identical,,0,0
Texture_shadow_comparator,3R24_0-100_80_LE.png,identical,,,identical,,0,0
Texture_shadow_comparator,3R24_0-100_80_LT.png,identical,,,identical,,0,0
Texture_shadow_comparator,3R24_0-100_80_N.png,identical,,,identical,,0,0
Texture_shadow_comparator,3R24_0-100_80_NE.png,identical,,,identical,,0,0
Texture_shadow_comparator,3R24_0-FFFFFF_7FFFFF_A.png,identical,,,identical,,0,0
Texture_shadow_comparator,3R24_0-FFFFFF_7FFFFF_EQ.png,identical,,,identical,,0,0
Texture_shadow_comparator,3R24_0-FFFFFF_7FFFFF_GE.png,identical,,,identical,,0,0
Texture_shadow_comparator,3R24_0-FFFFFF_7FFFFF_GT.png,identical,,,identical,,0,0
Texture_shadow_comparator,3R24_0-FFFFFF_7FFFFF_LE.png,identical,,,identical,,0,0
Texture_shadow_comparator,3R24_0-FFFFFF_7FFFFF_LT.png,identical,,,identical,,0,0
Texture_shadow_comparator,3R24_0-FFFFFF_7FFFFF_N.png,identical,,,identical,,0,0
Texture_shadow_comparator,3R24_0-FFFFFF_7FFFFF_NE.png,identical,,,identical,,0,0
Texture_shadow_comparator,3R24_100-200_180_A.png,identical,,,identical,,0,0
Texture_shadow_comparator,3R24_100-200_180_EQ.png,identical,,,identical,,0,0
Texture_shadow_comparator,3R24_100-200_180_GE.png,identical,,,identical,,0,0
Texture_shadow_comparator,3R24_100-200_180_GT.png,identical,,,identical,,0,0
Texture_shadow_comparator,3R24_100-200_180_LE.png,identical,,,identical,,0,0
Texture_shadow_comparator,3R24_100-200_180_LT.png,identical,,,identical,,0,0
Texture_shadow_comparator,3R24_100-200_180_N.png,identical,,,identical,,0,0
Texture_shadow_comparator,3R24_100-200_180_NE.png,identical,,,identical,,0,0
Texture_signed_component_tests,A8R8G8B8_0x0000.png,identical,,,identical,,0,0
Texture_signed_component_tests,A8R8G8B8_0x0001.png,identical,,,identical,,0,0
Texture_signed_component_tests,A8R8G8B8_0x0002.png,identical,,,identical,,0,0
Texture_signed_component_tests,A8R8G8B8_0x0003.png,identical,,,identical,,0,0
Texture_signed_component_tests,A8R8G8B8_0x0004.png,identical,,,identical,,0,0
Texture_signed_component_tests,A8R8G8B8_0x0005.png,identical,,,identical,,0,0
Texture_signed_component_tests,A8R8G8B8_0x0006.png,identical,,,identical,,0,0
Texture_signed_component_tests,A8R8G8B8_0x0007.png,identical,,,identical,,0,0
Texture_signed_component_tests,A8R8G8B8_0x0008.png,identical,,,identical,,0,0
Texture_signed_component_tests,A8R8G8B8_0x0009.png,identical,,,identical,,0,0
Texture_signed_component_tests,A8R8G8B8_0x000A.png,identical,,,identical,,0,0
Texture_signed_component_tests,A8R8G8B8_0x000B.png,identical,,,identical,,0,0
Texture_signed_component_tests,A8R8G8B8_0x000C.png,identical,,,identical,,0,0
Texture_signed_component_tests,A8R8G8B8_0x000D.png,identical,,,identical,,0,0
Texture_signed_component_tests,A8R8G8B8_0x000E.png,identical,,,identical,,0,0
Texture_signed_component_tests,A8R8G8B8_0x000F.png,identical,,,identical,,0,0
Texture_signed_component_tests,txt_A8R8G8B8_ADD.png,identical,,,identical,,0,0
Texture_signed_component_tests,txt_A8R8G8B8_SADD.png,identical,,,identical,,0,0
Texture_signed_component_tests,txt_A8R8G8B8_SREVSUB.png,identical,,,identical,,0,0
Vertex_shader_independence_tests,MAC_ILU_Independence.png,identical,,,identical,,0,0
Vertex_shader_independence_tests,Multioutput.png,identical,,,identical,,32768,127
Vertex_shader_rounding_tests,AdjacentGeometry_0.0000.png,identical,,,identical,,0,0
Vertex_shader_rounding_tests,AdjacentGeometry_0.0010.png,identical,,,identical,,0,0
Vertex_shader_rounding_tests,AdjacentGeometry_0.4999.png,identical,,,identical,,0,0
Vertex_shader_rounding_tests,AdjacentGeometry_0.5000.png,identical,,,identical,,0,0
Vertex_shader_rounding_tests,AdjacentGeometry_0.5624.png,identical,,,identical,,0,0
Vertex_shader_rounding_tests,AdjacentGeometry_0.5625.png,identical,,,identical,,0,0
Vertex_shader_rounding_tests,AdjacentGeometry_0.5626.png,identical,,,identical,,0,0
Vertex_shader_rounding_tests,AdjacentGeometry_0.9990.png,identical,,,identical,,0,0
Vertex_shader_rounding_tests,AdjacentGeometry_1.0000.png,identical,,,identical,,0,0
Vertex_shader_rounding_tests,Compositing_-2.png,identical,,,identical,,0,0
Vertex_shader_rounding_tests,Compositing_-4.png,identical,,,identical,,0,0
Vertex_shader_rounding_tests,Compositing_2.png,identical,,,identical,,0,0
Vertex_shader_rounding_tests,GeometrySubscreen_0.0000.png,identical,,,identical,,0,0
Vertex_shader_rounding_tests,GeometrySubscreen_0.0010.png,identical,,,identical,,0,0
Vertex_shader_rounding_tests,GeometrySubscreen_0.4999.png,identical,,,identical,,0,0
Vertex_shader_rounding_tests,GeometrySubscreen_0.5000.png,identical,,,identical,,0,0
Vertex_shader_rounding_tests,GeometrySubscreen_0.5624.png,identical,,,identical,,0,0
Vertex_shader_rounding_tests,GeometrySubscreen_0.5625.png,identical,,,identical,,0,0
Vertex_shader_rounding_tests,GeometrySubscreen_0.5626.png,identical,,,identical,,0,0
Vertex_shader_rounding_tests,GeometrySubscreen_0.9990.png,identical,,,identical,,0,0
Vertex_shader_rounding_tests,GeometrySubscreen_1.0000.png,identical,,,identical,,0,0
Vertex_shader_rounding_tests,GeometrySuperscreen_0.0000.png,identical,,,identical,,0,0
Vertex_shader_rounding_tests,GeometrySuperscreen_0.0010.png,identical,,,identical,,0,0
Vertex_shader_rounding_tests,GeometrySuperscreen_0.4999.png,identical,,,identical,,0,0
Vertex_shader_rounding_tests,GeometrySuperscreen_0.5000.png,identical,,,identical,,0,0
Vertex_shader_rounding_tests,GeometrySuperscreen_0.5624.png,identical,,,identical,,0,0
Vertex_shader_rounding_tests,GeometrySuperscreen_0.5625.png,identical,,,identical,,0,0
Vertex_shader_rounding_tests,GeometrySuperscreen_0.5626.png,identical,,,identical,,0,0
Vertex_shader_rounding_tests,GeometrySuperscreen_0.9990.png,identical,,,identical,,0,0
Vertex_shader_rounding_tests,GeometrySuperscreen_1.0000.png,identical,,,identical,,0,0
Vertex_shader_rounding_tests,Geometry_0.0000.png,identical,,,identical,,0,0
Vertex_shader_rounding_tests,Geometry_0.0010.png,identical,,,identical,,0,0
Vertex_shader_rounding_tests,Geometry_0.4999.png,identical,,,identical,,0,0
Vertex_shader_rounding_tests,Geometry_0.5000.png,identical,,,identical,,0,0
Vertex_shader_rounding_tests,Geometry_0.5624.png,identical,,,identical,,0,0
Vertex_shader_rounding_tests,Geometry_0.5625.png,identical,,,identical,,0,0
Vertex_shader_rounding_tests,Geometry_0.5626.png,identical,,,identical,,0,0
Vertex_shader_rounding_tests,Geometry_0.9990.png,identical,,,identical,,0,0
Vertex_shader_rounding_tests,Geometry_1.0000.png,identical,,,identical,,0,0
Vertex_shader_rounding_tests,ProjAdjacentGeometry_0.0000.png,identical,,,identical,,0,0
Vertex_shader_rounding_tests,ProjAdjacentGeometry_0.0010.png,identical,,,identical,,0,0
Vertex_shader_rounding_tests,ProjAdjacentGeometry_0.4999.png,identical,,,identical,,0,0
Vertex_shader_rounding_tests,ProjAdjacentGeometry_0.5000.png,identical,,,identical,,0,0
Vertex_shader_rounding_tests,ProjAdjacentGeometry_0.5624.png,identical,,,identical,,0,0
Vertex_shader_rounding_tests,ProjAdjacentGeometry_0.5625.png,identical,,,identical,,498,224
Vertex_shader_rounding_tests,ProjAdjacentGeometry_0.5626.png,identical,,,identical,,0,0
Vertex_shader_rounding_tests,ProjAdjacentGeometry_0.9990.png,identical,,,identical,,0,0
Vertex_shader_rounding_tests,ProjAdjacentGeometry_1.0000.png,identical,,,identical,,0,0
Vertex_shader_rounding_tests,RenderTarget.png,identical,,,identical,,0,0
Vertex_shader_rounding_tests,TopLeftRaster.png,identical,,,identical,,0,0
Vertex_shader_rounding_tests,TopLeftRaster_Fixed.png,identical,,,identical,,0,0
Vertex_shader_swizzle_tests,Control.png,identical,,,identical,,0,0
Vertex_shader_swizzle_tests,ControlNA.png,identical,,,identical,,0,0
Vertex_shader_swizzle_tests,Mov00.png,identical,,,identical,,0,0
Vertex_shader_swizzle_tests,Mov01.png,identical,,,identical,,0,0
Vertex_shader_swizzle_tests,Mov02.png,identical,,,identical,,0,0
Vertex_shader_swizzle_tests,Mov03.png,identical,,,identical,,0,0
Vertex_shader_swizzle_tests,Mov04.png,identical,,,identical,,0,0
Vertex_shader_swizzle_tests,Mov05.png,identical,,,identical,,0,0
Vertex_shader_swizzle_tests,Mov06.png,identical,,,identical,,0,0
Vertex_shader_swizzle_tests,Mov07.png,identical,,,identical,,0,0
Vertex_shader_swizzle_tests,Mov08.png,identical,,,identical,,0,0
Vertex_shader_swizzle_tests,Mov09.png,identical,,,identical,,0,0
Vertex_shader_swizzle_tests,Mov10.png,identical,,,identical,,0,0
Vertex_shader_swizzle_tests,Mov11.png,identical,,,identical,,0,0
Vertex_shader_swizzle_tests,Mov12.png,identical,,,identical,,0,0
Vertex_shader_swizzle_tests,Mov13.png,identical,,,identical,,0,0
Vertex_shader_swizzle_tests,Mov14.png,identical,,,identical,,0,0
Vertex_shader_swizzle_tests,Mov15.png,identical,,,identical,,0,0
Vertex_shader_swizzle_tests,Mov16.png,identical,,,identical,,0,0
Vertex_shader_swizzle_tests,NAMov00.png,identical,,,identical,,0,0
Vertex_shader_swizzle_tests,NAMov01.png,identical,,,identical,,0,0
Vertex_shader_swizzle_tests,NAMov02.png,identical,,,identical,,0,0
Vertex_shader_swizzle_tests,NAMov03.png,identical,,,identical,,0,0
Vertex_shader_swizzle_tests,NAMov04.png,identical,,,identical,,0,0
Vertex_shader_swizzle_tests,NAMov05.png,identical,,,identical,,0,0
Vertex_shader_swizzle_tests,NAMov06.png,identical,,,identical,,0,0
Vertex_shader_swizzle_tests,NAMov07.png,identical,,,identical,,0,0
Vertex_shader_swizzle_tests,NAMov08.png,identical,,,identical,,0,0
Vertex_shader_swizzle_tests,NAMov09.png,identical,,,identical,,0,0
Viewport,-0.438_-0.438-0.000_0.000.png,identical,,,identical,,698,224
Viewport,-0.531_-0.531-0.000_0.000.png,identical,,,identical,,0,0
Viewport,-0.531_-0.531-2.000_0.000.png,identical,,,identical,,0,0
Viewport,-1.000_-1.000-0.000_0.000.png,identical,,,identical,,0,0
Viewport,-1.000_-1.000-2.000_0.000.png,identical,,,identical,,0,0
Viewport,0.000_0.000-0.000_0.000.png,identical,,,identical,,0,0
Viewport,0.000_0.000-2.000_0.000.png,identical,,,identical,,0,0
Viewport,0.531_0.531-0.000_0.000.png,identical,,,identical,,0,0
Viewport,0.531_0.531-2.000_0.000.png,identical,,,identical,,0,0
Viewport,0.562_0.562-0.000_0.000.png,identical,,,identical,,698,224
Viewport,1.000_1.000-0.000_0.000.png,identical,,,identical,,0,0
Viewport,1.000_1.000-2.000_0.000.png,identical,,,identical,,0,0
Volume_texture,A1R5G5B5.png,identical,,,identical,,22,223
Volume_texture,A4R4G4B4.png,identical,,,identical,,222,223
Volume_texture,A8.png,identical,,,identical,,3463,223
Volume_texture,A8B8G8R8.png,identical,,,identical,,2734,220
Volume_texture,A8R8G8B8.png,identical,,,identical,,2734,220
Volume_texture,A8Y8.png,identical,,,identical,,710,226
Volume_texture,AY8.png,identical,,,identical,,2084,208
Volume_texture,B8G8R8A8.png,identical,,,identical,,2734,220
Volume_texture,DXT1.png,identical,,,identical,,3496,255
Volume_texture,G8B8.png,identical,,,identical,,710,226
Volume_texture,R16B16.png,identical,,,identical,,48412,252
Volume_texture,R5G6B5.png,identical,,,identical,,0,0
Volume_texture,R6G5B5.png,identical,,,identical,,22,130
Volume_texture,R8B8.png,identical,,,identical,,710,226
Volume_texture,R8G8B8A8.png,identical,,,identical,,2734,220
Volume_texture,SZ_Index8.png,identical,,,identical,,3496,4
Volume_texture,X1R5G5B5.png,identical,,,identical,,0,0
Volume_texture,X8R8G8B8.png,identical,,,identical,,2529,1
Volume_texture,Y16.png,identical,,,identical,,65819,254
Volume_texture,Y8.png,identical,,,identical,,2084,247
W_buffering,WBuf16D_FloorQuad_V0_ZB0_ZS0.png,identical,,,identical,,226,255
W_buffering,WBuf16D_FloorQuad_V0_ZB0_ZS0_ZB.png,identical,,,identical,,1583,8
W_buffering,WBuf16D_FloorQuad_V0_ZB0_ZS1.png,identical,,,identical,,226,255
W_buffering,WBuf16D_FloorQuad_V0_ZB0_ZS1_ZB.png,identical,,,identical,,0,0
W_buffering,WBuf16D_FloorQuad_V0_ZB1_ZS0.png,identical,,,identical,,223,255
W_buffering,WBuf16D_FloorQuad_V0_ZB1_ZS0_ZB.png,identical,,,identical,,1583,9
W_buffering,WBuf16D_FloorQuad_V0_ZB1_ZS1.png,identical,,,identical,,223,255
W_buffering,WBuf16D_FloorQuad_V0_ZB1_ZS1_ZB.png,identical,,,identical,,0,0
W_buffering,WBuf16D_FloorQuad_V1_ZB0_ZS0.png,identical,,,identical,,44,255
W_buffering,WBuf16D_FloorQuad_V1_ZB0_ZS0_ZB.png,identical,,,identical,,0,0
W_buffering,WBuf16D_FloorQuad_V1_ZB0_ZS1.png,identical,,,identical,,44,255
W_buffering,WBuf16D_FloorQuad_V1_ZB0_ZS1_ZB.png,identical,,,identical,,0,0
W_buffering,WBuf16D_FloorQuad_V1_ZB1_ZS0.png,identical,,,identical,,44,255
W_buffering,WBuf16D_FloorQuad_V1_ZB1_ZS0_ZB.png,identical,,,identical,,0,0
W_buffering,WBuf16D_FloorQuad_V1_ZB1_ZS1.png,identical,,,identical,,44,255
W_buffering,WBuf16D_FloorQuad_V1_ZB1_ZS1_ZB.png,identical,,,identical,,0,0
W_buffering,WBuf16D_LargeZ_V1_ZB0_ZS0.png,identical,,,identical,,21,238
W_buffering,WBuf16D_LargeZ_V1_ZB0_ZS0_ZB.png,identical,,,identical,,0,0
W_buffering,WBuf16D_LargeZ_V1_ZB0_ZS1.png,identical,,,identical,,21,238
W_buffering,WBuf16D_LargeZ_V1_ZB0_ZS1_ZB.png,identical,,,identical,,0,0
W_buffering,WBuf16D_LargeZ_V1_ZB1_ZS0.png,identical,,,identical,,21,238
W_buffering,WBuf16D_LargeZ_V1_ZB1_ZS0_ZB.png,identical,,,identical,,0,0
W_buffering,WBuf16D_LargeZ_V1_ZB1_ZS1.png,identical,,,identical,,21,238
W_buffering,WBuf16D_LargeZ_V1_ZB1_ZS1_ZB.png,identical,,,identical,,0,0
W_buffering,WBuf16D_LineStrip_V1_ZB0_ZS0.png,identical,,,identical,,218,255
W_buffering,WBuf16D_LineStrip_V1_ZB0_ZS0_ZB.png,identical,,,identical,,1,255
W_buffering,WBuf16D_LineStrip_V1_ZB0_ZS1.png,identical,,,identical,,218,255
W_buffering,WBuf16D_LineStrip_V1_ZB0_ZS1_ZB.png,identical,,,identical,,1,255
W_buffering,WBuf16D_LineStrip_V1_ZB1_ZS0.png,identical,,,identical,,218,255
W_buffering,WBuf16D_LineStrip_V1_ZB1_ZS0_ZB.png,identical,,,identical,,1,255
W_buffering,WBuf16D_LineStrip_V1_ZB1_ZS1.png,identical,,,identical,,218,255
W_buffering,WBuf16D_LineStrip_V1_ZB1_ZS1_ZB.png,identical,,,identical,,1,255
W_buffering,WBuf16D_RoofQuad_V1_ZB0_ZS0.png,identical,,,identical,,45,255
W_buffering,WBuf16D_RoofQuad_V1_ZB0_ZS0_ZB.png,identical,,,identical,,0,0
W_buffering,WBuf16D_RoofQuad_V1_ZB0_ZS1.png,identical,,,identical,,119,255
W_buffering,WBuf16D_RoofQuad_V1_ZB0_ZS1_ZB.png,identical,,,identical,,23870,255
W_buffering,WBuf16D_RoofQuad_V1_ZB1_ZS0.png,identical,,,identical,,45,255
W_buffering,WBuf16D_RoofQuad_V1_ZB1_ZS0_ZB.png,identical,,,identical,,0,0
W_buffering,WBuf16D_RoofQuad_V1_ZB1_ZS1.png,identical,,,identical,,119,255
W_buffering,WBuf16D_RoofQuad_V1_ZB1_ZS1_ZB.png,identical,,,identical,,23870,255
W_buffering,WBuf16D_TriH_V1_ZB0_ZS0.png,identical,,,identical,,29,255
W_buffering,WBuf16D_TriH_V1_ZB0_ZS0_ZB.png,identical,,,identical,,0,0
W_buffering,WBuf16D_TriH_V1_ZB0_ZS1.png,identical,,,identical,,29,255
W_buffering,WBuf16D_TriH_V1_ZB0_ZS1_ZB.png,identical,,,identical,,0,0
W_buffering,WBuf16D_TriH_V1_ZB1_ZS0.png,identical,,,identical,,29,255
W_buffering,WBuf16D_TriH_V1_ZB1_ZS0_ZB.png,identical,,,identical,,0,0
W_buffering,WBuf16D_TriH_V1_ZB1_ZS1.png,identical,,,identical,,29,255
W_buffering,WBuf16D_TriH_V1_ZB1_ZS1_ZB.png,identical,,,identical,,0,0
W_buffering,WBuf16D_TriV_V1_ZB0_ZS0.png,identical,,,identical,,13,238
W_buffering,WBuf16D_TriV_V1_ZB0_ZS0_ZB.png,identical,,,identical,,144,9
W_buffering,WBuf16D_TriV_V1_ZB0_ZS1.png,identical,,,identical,,13,238
W_buffering,WBuf16D_TriV_V1_ZB0_ZS1_ZB.png,identical,,,identical,,0,0
W_buffering,WBuf16D_TriV_V1_ZB1_ZS0.png,identical,,,identical,,13,238
W_buffering,WBuf16D_TriV_V1_ZB1_ZS0_ZB.png,identical,,,identical,,144,8
W_buffering,WBuf16D_TriV_V1_ZB1_ZS1.png,identical,,,identical,,13,238
W_buffering,WBuf16D_TriV_V1_ZB1_ZS1_ZB.png,identical,,,identical,,0,0
W_buffering,WBuf16D_WallQuad_V1_ZB0_ZS0.png,identical,,,identical,,75,255
W_buffering,WBuf16D_WallQuad_V1_ZB0_ZS0_ZB.png,identical,,,identical,,0,0
W_buffering,WBuf16D_WallQuad_V1_ZB0_ZS1.png,identical,,,identical,,75,255
W_buffering,WBuf16D_WallQuad_V1_ZB0_ZS1_ZB.png,identical,,,identical,,0,0
W_buffering,WBuf16D_WallQuad_V1_ZB1_ZS0.png,identical,,,identical,,75,255
W_buffering,WBuf16D_WallQuad_V1_ZB1_ZS0_ZB.png,identical,,,identical,,0,0
W_buffering,WBuf16D_WallQuad_V1_ZB1_ZS1.png,identical,,,identical,,75,255
W_buffering,WBuf16D_WallQuad_V1_ZB1_ZS1_ZB.png,identical,,,identical,,0,0
W_buffering,WBuf16F_FloorQuad_V0_ZB0_ZS0.png,identical,,,identical,,266,255
W_buffering,WBuf16F_FloorQuad_V0_ZB0_ZS0_ZB.png,identical,,,identical,,22525,255
W_buffering,WBuf16F_FloorQuad_V0_ZB0_ZS1.png,identical,,,identical,,226,255
W_buffering,WBuf16F_FloorQuad_V0_ZB0_ZS1_ZB.png,identical,,,identical,,0,0
W_buffering,WBuf16F_FloorQuad_V0_ZB1_ZS0.png,identical,,,identical,,263,255
W_buffering,WBuf16F_FloorQuad_V0_ZB1_ZS0_ZB.png,identical,,,identical,,20899,255
W_buffering,WBuf16F_FloorQuad_V0_ZB1_ZS1.png,identical,,,identical,,223,255
W_buffering,WBuf16F_FloorQuad_V0_ZB1_ZS1_ZB.png,identical,,,identical,,0,0
W_buffering,WBuf16F_FloorQuad_V1_ZB0_ZS0.png,identical,,,identical,,44,255
W_buffering,WBuf16F_FloorQuad_V1_ZB0_ZS0_ZB.png,identical,,,identical,,115,9
W_buffering,WBuf16F_FloorQuad_V1_ZB0_ZS1.png,identical,,,identical,,44,255
W_buffering,WBuf16F_FloorQuad_V1_ZB0_ZS1_ZB.png,identical,,,identical,,0,0
W_buffering,WBuf16F_FloorQuad_V1_ZB1_ZS0.png,identical,,,identical,,44,255
W_buffering,WBuf16F_FloorQuad_V1_ZB1_ZS0_ZB.png,identical,,,identical,,2,8
W_buffering,WBuf16F_FloorQuad_V1_ZB1_ZS1.png,identical,,,identical,,44,255
W_buffering,WBuf16F_FloorQuad_V1_ZB1_ZS1_ZB.png,identical,,,identical,,0,0
W_buffering,WBuf16F_LargeZ_V1_ZB0_ZS0.png,identical,,,identical,,21,238
W_buffering,WBuf16F_LargeZ_V1_ZB0_ZS0_ZB.png,identical,,,identical,,0,0
W_buffering,WBuf16F_LargeZ_V1_ZB0_ZS1.png,identical,,,identical,,21,238
W_buffering,WBuf16F_LargeZ_V1_ZB0_ZS1_ZB.png,identical,,,identical,,0,0
W_buffering,WBuf16F_LargeZ_V1_ZB1_ZS0.png,identical,,,identical,,21,238
W_buffering,WBuf16F_LargeZ_V1_ZB1_ZS0_ZB.png,identical,,,identical,,0,0
W_buffering,WBuf16F_LargeZ_V1_ZB1_ZS1.png,identical,,,identical,,21,238
W_buffering,WBuf16F_LargeZ_V1_ZB1_ZS1_ZB.png,identical,,,identical,,0,0
W_buffering,WBuf16F_LineStrip_V1_ZB0_ZS0.png,identical,,,identical,,208,255
W_buffering,WBuf16F_LineStrip_V1_ZB0_ZS0_ZB.png,identical,,,identical,,1,124
W_buffering,WBuf16F_LineStrip_V1_ZB0_ZS1.png,identical,,,identical,,208,255
W_buffering,WBuf16F_LineStrip_V1_ZB0_ZS1_ZB.png,identical,,,identical,,1,124
W_buffering,WBuf16F_LineStrip_V1_ZB1_ZS0.png,identical,,,identical,,208,255
W_buffering,WBuf16F_LineStrip_V1_ZB1_ZS0_ZB.png,identical,,,identical,,1,124
W_buffering,WBuf16F_LineStrip_V1_ZB1_ZS1.png,identical,,,identical,,208,255
W_buffering,WBuf16F_LineStrip_V1_ZB1_ZS1_ZB.png,identical,,,identical,,1,124
W_buffering,WBuf16F_RoofQuad_V1_ZB0_ZS0.png,identical,,,identical,,45,255
W_buffering,WBuf16F_RoofQuad_V1_ZB0_ZS0_ZB.png,identical,,,identical,,0,0
W_buffering,WBuf16F_RoofQuad_V1_ZB0_ZS1.png,identical,,,identical,,45,255
W_buffering,WBuf16F_RoofQuad_V1_ZB0_ZS1_ZB.png,identical,,,identical,,0,0
W_buffering,WBuf16F_RoofQuad_V1_ZB1_ZS0.png,identical,,,identical,,45,255
W_buffering,WBuf16F_RoofQuad_V1_ZB1_ZS0_ZB.png,identical,,,identical,,0,0
W_buffering,WBuf16F_RoofQuad_V1_ZB1_ZS1.png,identical,,,identical,,45,255
W_buffering,WBuf16F_RoofQuad_V1_ZB1_ZS1_ZB.png,identical,,,identical,,0,0
W_buffering,WBuf16F_TriH_V1_ZB0_ZS0.png,identical,,,identical,,29,255
W_buffering,WBuf16F_TriH_V1_ZB0_ZS0_ZB.png,identical,,,identical,,0,0
W_buffering,WBuf16F_TriH_V1_ZB0_ZS1.png,identical,,,identical,,29,255
W_buffering,WBuf16F_TriH_V1_ZB0_ZS1_ZB.png,identical,,,identical,,0,0
W_buffering,WBuf16F_TriH_V1_ZB1_ZS0.png,identical,,,identical,,29,255
W_buffering,WBuf16F_TriH_V1_ZB1_ZS0_ZB.png,identical,,,identical,,0,0
W_buffering,WBuf16F_TriH_V1_ZB1_ZS1.png,identical,,,identical,,29,255
W_buffering,WBuf16F_TriH_V1_ZB1_ZS1_ZB.png,identical,,,identical,,0,0
W_buffering,WBuf16F_TriV_V1_ZB0_ZS0.png,identical,,,identical,,13,238
W_buffering,WBuf16F_TriV_V1_ZB0_ZS0_ZB.png,identical,,,identical,,288,8
W_buffering,WBuf16F_TriV_V1_ZB0_ZS1.png,identical,,,identical,,13,238
W_buffering,WBuf16F_TriV_V1_ZB0_ZS1_ZB.png,identical,,,identical,,0,0
W_buffering,WBuf16F_TriV_V1_ZB1_ZS0.png,identical,,,identical,,13,238
W_buffering,WBuf16F_TriV_V1_ZB1_ZS0_ZB.png,identical,,,identical,,288,8
W_buffering,WBuf16F_TriV_V1_ZB1_ZS1.png,identical,,,identical,,13,238
W_buffering,WBuf16F_TriV_V1_ZB1_ZS1_ZB.png,identical,,,identical,,0,0
W_buffering,WBuf16F_WallQuad_V1_ZB0_ZS0.png,identical,,,identical,,75,255
W_buffering,WBuf16F_WallQuad_V1_ZB0_ZS0_ZB.png,identical,,,identical,,113,9
W_buffering,WBuf16F_WallQuad_V1_ZB0_ZS1.png,identical,,,identical,,75,255
W_buffering,WBuf16F_WallQuad_V1_ZB0_ZS1_ZB.png,identical,,,identical,,0,0
W_buffering,WBuf16F_WallQuad_V1_ZB1_ZS0.png,identical,,,identical,,75,255
W_buffering,WBuf16F_WallQuad_V1_ZB1_ZS0_ZB.png,identical,,,identical,,2,8
W_buffering,WBuf16F_WallQuad_V1_ZB1_ZS1.png,identical,,,identical,,75,255
W_buffering,WBuf16F_WallQuad_V1_ZB1_ZS1_ZB.png,identical,,,identical,,0,0
W_buffering,WBuf24D_ClipF-150-032_V1_ZB0_ZS1.png,identical,,,identical,,179,255
W_buffering,WBuf24D_ClipF-150-032_V1_ZB0_ZS1_ZB.png,identical,,,identical,,42224,1
W_buffering,WBuf24D_ClipF-150-128_V1_ZB0_ZS1.png,identical,,,identical,,133,255
W_buffering,WBuf24D_ClipF-150-128_V1_ZB0_ZS1_ZB.png,identical,,,identical,,24500,1
W_buffering,WBuf24D_ClipF-150-224_V1_ZB0_ZS1.png,identical,,,identical,,37,255
W_buffering,WBuf24D_ClipF-150-224_V1_ZB0_ZS1_ZB.png,identical,,,identical,,14700,1
W_buffering,WBuf24D_ClipW-159-000_V1_ZB0_ZS1.png,identical,,,identical,,64,255
W_buffering,WBuf24D_ClipW-159-000_V1_ZB0_ZS1_ZB.png,identical,,,identical,,1703,1
W_buffering,WBuf24D_ClipW-261-000_V1_ZB0_ZS1.png,identical,,,identical,,112,255
W_buffering,WBuf24D_ClipW-261-000_V1_ZB0_ZS1_ZB.png,identical,,,identical,,12941,1
W_buffering,WBuf24D_ClipW-363-000_V1_ZB0_ZS1.png,identical,,,identical,,79,255
W_buffering,WBuf24D_ClipW-363-000_V1_ZB0_ZS1_ZB.png,identical,,,identical,,7110,1
W_buffering,WBuf24D_FloorQuad_V0_ZB0_ZS0.png,identical,,,identical,,219,255
W_buffering,WBuf24D_FloorQuad_V0_ZB0_ZS0_ZB.png,identical,,,identical,,1583,1
W_buffering,WBuf24D_FloorQuad_V0_ZB0_ZS1.png,identical,,,identical,,230469,255
W_buffering,WBuf24D_FloorQuad_V0_ZB0_ZS1_ZB.png,identical,,,identical,,0,0
W_buffering,WBuf24D_FloorQuad_V0_ZB1_ZS0.png,identical,,,identical,,216,255
W_buffering,WBuf24D_FloorQuad_V0_ZB1_ZS0_ZB.png,identical,,,identical,,1583,1
W_buffering,WBuf24D_FloorQuad_V0_ZB1_ZS1.png,identical,,,identical,,230399,255
W_buffering,WBuf24D_FloorQuad_V0_ZB1_ZS1_ZB.png,identical,,,identical,,0,0
W_buffering,WBuf24D_FloorQuad_V1_ZB0_ZS0.png,identical,,,identical,,37,255
W_buffering,WBuf24D_FloorQuad_V1_ZB0_ZS0_ZB.png,identical,,,identical,,0,0
W_buffering,WBuf24D_FloorQuad_V1_ZB0_ZS1.png,identical,,,identical,,375,255
W_buffering,WBuf24D_FloorQuad_V1_ZB0_ZS1_ZB.png,identical,,,identical,,124615,1
W_buffering,WBuf24D_FloorQuad_V1_ZB1_ZS0.png,identical,,,identical,,37,255
W_buffering,WBuf24D_FloorQuad_V1_ZB1_ZS0_ZB.png,identical,,,identical,,0,0
W_buffering,WBuf24D_FloorQuad_V1_ZB1_ZS1.png,identical,,,identical,,343,255
W_buffering,WBuf24D_FloorQuad_V1_ZB1_ZS1_ZB.png,identical,,,identical,,124615,1
W_buffering,WBuf24D_LargeZ_V1_ZB0_ZS0.png,identical,,,identical,,14,255
W_buffering,WBuf24D_LargeZ_V1_ZB0_ZS0_ZB.png,identical,,,identical,,7200,1
W_buffering,WBuf24D_LargeZ_V1_ZB0_ZS1.png,identical,,,identical,,158,255
W_buffering,WBuf24D_LargeZ_V1_ZB0_ZS1_ZB.png,identical,,,identical,,118240,1
W_buffering,WBuf24D_LargeZ_V1_ZB1_ZS0.png,identical,,,identical,,14,255
W_buffering,WBuf24D_LargeZ_V1_ZB1_ZS0_ZB.png,identical,,,identical,,7200,1
W_buffering,WBuf24D_LargeZ_V1_ZB1_ZS1.png,identical,,,identical,,158,255
W_buffering,WBuf24D_LargeZ_V1_ZB1_ZS1_ZB.png,identical,,,identical,,118240,1
W_buffering,WBuf24D_LineStrip_V1_ZB0_ZS0.png,identical,,,identical,,308,255
W_buffering,WBuf24D_LineStrip_V1_ZB0_ZS0_ZB.png,identical,,,identical,,1,255
W_buffering,WBuf24D_LineStrip_V1_ZB0_ZS1.png,identical,,,identical,,308,255
W_buffering,WBuf24D_LineStrip_V1_ZB0_ZS1_ZB.png,identical,,,identical,,1,255
W_buffering,WBuf24D_LineStrip_V1_ZB1_ZS0.png,identical,,,identical,,308,255
W_buffering,WBuf24D_LineStrip_V1_ZB1_ZS0_ZB.png,identical,,,identical,,1,255
W_buffering,WBuf24D_LineStrip_V1_ZB1_ZS1.png,identical,,,identical,,308,255
W_buffering,WBuf24D_LineStrip_V1_ZB1_ZS1_ZB.png,identical,,,identical,,1,255
W_buffering,WBuf24D_Riddick_V1_ZB0_ZS0.png,identical,,,identical,,10,255
W_buffering,WBuf24D_Riddick_V1_ZB0_ZS0_ZB.png,identical,,,identical,,393,1
W_buffering,WBuf24D_RoofQuad_V1_ZB0_ZS0.png,identical,,,identical,,38,255
W_buffering,WBuf24D_RoofQuad_V1_ZB0_ZS0_ZB.png,identical,,,identical,,0,0
W_buffering,WBuf24D_RoofQuad_V1_ZB0_ZS1.png,identical,,,identical,,112,255
W_buffering,WBuf24D_RoofQuad_V1_ZB0_ZS1_ZB.png,identical,,,identical,,23870,2
W_buffering,WBuf24D_RoofQuad_V1_ZB1_ZS0.png,identical,,,identical,,38,255
W_buffering,WBuf24D_RoofQuad_V1_ZB1_ZS0_ZB.png,identical,,,identical,,0,0
W_buffering,WBuf24D_RoofQuad_V1_ZB1_ZS1.png,identical,,,identical,,112,255
W_buffering,WBuf24D_RoofQuad_V1_ZB1_ZS1_ZB.png,identical,,,identical,,23870,2
W_buffering,WBuf24D_TriH_V1_ZB0_ZS0.png,identical,,,identical,,23,255
W_buffering,WBuf24D_TriH_V1_ZB0_ZS0_ZB.png,identical,,,identical,,0,0
W_buffering,WBuf24D_TriH_V1_ZB0_ZS1.png,identical,,,identical,,23,255
W_buffering,WBuf24D_TriH_V1_ZB0_ZS1_ZB.png,identical,,,identical,,204,1
W_buffering,WBuf24D_TriH_V1_ZB1_ZS0.png,identical,,,identical,,23,255
W_buffering,WBuf24D_TriH_V1_ZB1_ZS0_ZB.png,identical,,,identical,,0,0
W_buffering,WBuf24D_TriH_V1_ZB1_ZS1.png,identical,,,identical,,23,255
W_buffering,WBuf24D_TriH_V1_ZB1_ZS1_ZB.png,identical,,,identical,,204,1
W_buffering,WBuf24D_TriV_V1_ZB0_ZS0.png,identical,,,identical,,7,238
W_buffering,WBuf24D_TriV_V1_ZB0_ZS0_ZB.png,identical,,,identical,,144,1
W_buffering,WBuf24D_TriV_V1_ZB0_ZS1.png,identical,,,identical,,2641,255
W_buffering,WBuf24D_TriV_V1_ZB0_ZS1_ZB.png,identical,,,identical,,26400,215
W_buffering,WBuf24D_TriV_V1_ZB1_ZS0.png,identical,,,identical,,7,238
W_buffering,WBuf24D_TriV_V1_ZB1_ZS0_ZB.png,identical,,,identical,,144,1
W_buffering,WBuf24D_TriV_V1_ZB1_ZS1.png,identical,,,identical,,2331,255
W_buffering,WBuf24D_TriV_V1_ZB1_ZS1_ZB.png,identical,,,identical,,26400,215
W_buffering,WBuf24D_WallQuad_V1_ZB0_ZS0.png,identical,,,identical,,65,255
W_buffering,WBuf24D_WallQuad_V1_ZB0_ZS0_ZB.png,identical,,,identical,,0,0
W_buffering,WBuf24D_WallQuad_V1_ZB0_ZS1.png,identical,,,identical,,65,255
W_buffering,WBuf24D_WallQuad_V1_ZB0_ZS1_ZB.png,identical,,,identical,,263,1
W_buffering,WBuf24D_WallQuad_V1_ZB1_ZS0.png,identical,,,identical,,65,255
W_buffering,WBuf24D_WallQuad_V1_ZB1_ZS0_ZB.png,identical,,,identical,,0,0
W_buffering,WBuf24D_WallQuad_V1_ZB1_ZS1.png,identical,,,identical,,65,255
W_buffering,WBuf24D_WallQuad_V1_ZB1_ZS1_ZB.png,identical,,,identical,,263,1
W_buffering,WBuf24F_FloorQuad_V0_ZB0_ZS0.png,identical,,,identical,,681,255
W_buffering,WBuf24F_FloorQuad_V0_ZB0_ZS0_ZB.png,identical,,,identical,,163425,255
W_buffering,WBuf24F_FloorQuad_V0_ZB0_ZS1.png,identical,,,identical,,243,255
W_buffering,WBuf24F_FloorQuad_V0_ZB0_ZS1_ZB.png,identical,,,identical,,28420,1
W_buffering,WBuf24F_FloorQuad_V0_ZB1_ZS0.png,identical,,,identical,,664,255
W_buffering,WBuf24F_FloorQuad_V0_ZB1_ZS0_ZB.png,identical,,,identical,,160898,255
W_buffering,WBuf24F_FloorQuad_V0_ZB1_ZS1.png,identical,,,identical,,254,255
W_buffering,WBuf24F_FloorQuad_V0_ZB1_ZS1_ZB.png,identical,,,identical,,32340,1
W_buffering,WBuf24F_FloorQuad_V1_ZB0_ZS0.png,identical,,,identical,,37,255
W_buffering,WBuf24F_FloorQuad_V1_ZB0_ZS0_ZB.png,identical,,,identical,,6111,1
W_buffering,WBuf24F_FloorQuad_V1_ZB0_ZS1.png,identical,,,identical,,375,255
W_buffering,WBuf24F_FloorQuad_V1_ZB0_ZS1_ZB.png,identical,,,identical,,124615,1
W_buffering,WBuf24F_FloorQuad_V1_ZB1_ZS0.png,identical,,,identical,,37,255
W_buffering,WBuf24F_FloorQuad_V1_ZB1_ZS0_ZB.png,identical,,,identical,,5615,1
W_buffering,WBuf24F_FloorQuad_V1_ZB1_ZS1.png,identical,,,identical,,343,255
W_buffering,WBuf24F_FloorQuad_V1_ZB1_ZS1_ZB.png,identical,,,identical,,124615,1
W_buffering,WBuf24F_LargeZ_V1_ZB0_ZS0.png,identical,,,identical,,14,255
W_buffering,WBuf24F_LargeZ_V1_ZB0_ZS0_ZB.png,identical,,,identical,,0,0
W_buffering,WBuf24F_LargeZ_V1_ZB0_ZS1.png,identical,,,identical,,14,255
W_buffering,WBuf24F_LargeZ_V1_ZB0_ZS1_ZB.png,identical,,,identical,,0,0
W_buffering,WBuf24F_LargeZ_V1_ZB1_ZS0.png,identical,,,identical,,14,255
W_buffering,WBuf24F_LargeZ_V1_ZB1_ZS0_ZB.png,identical,,,identical,,0,0
W_buffering,WBuf24F_LargeZ_V1_ZB1_ZS1.png,identical,,,identical,,14,255
W_buffering,WBuf24F_LargeZ_V1_ZB1_ZS1_ZB.png,identical,,,identical,,0,0
W_buffering,WBuf24F_LineStrip_V1_ZB0_ZS0.png,identical,,,identical,,312,255
W_buffering,WBuf24F_LineStrip_V1_ZB0_ZS0_ZB.png,identical,,,identical,,11,245
W_buffering,WBuf24F_LineStrip_V1_ZB0_ZS1.png,identical,,,identical,,312,255
W_buffering,WBuf24F_LineStrip_V1_ZB0_ZS1_ZB.png,identical,,,identical,,11,245
W_buffering,WBuf24F_LineStrip_V1_ZB1_ZS0.png,identical,,,identical,,312,255
W_buffering,WBuf24F_LineStrip_V1_ZB1_ZS0_ZB.png,identical,,,identical,,11,245
W_buffering,WBuf24F_LineStrip_V1_ZB1_ZS1.png,identical,,,identical,,312,255
W_buffering,WBuf24F_LineStrip_V1_ZB1_ZS1_ZB.png,identical,,,identical,,11,245
W_buffering,WBuf24F_RoofQuad_V1_ZB0_ZS0.png,identical,,,identical,,38,255
W_buffering,WBuf24F_RoofQuad_V1_ZB0_ZS0_ZB.png,identical,,,identical,,2371,1
W_buffering,WBuf24F_RoofQuad_V1_ZB0_ZS1.png,identical,,,identical,,146,255
W_buffering,WBuf24F_RoofQuad_V1_ZB0_ZS1_ZB.png,identical,,,identical,,27522,255
W_buffering,WBuf24F_RoofQuad_V1_ZB1_ZS0.png,identical,,,identical,,38,255
W_buffering,WBuf24F_RoofQuad_V1_ZB1_ZS0_ZB.png,identical,,,identical,,1988,1
W_buffering,WBuf24F_RoofQuad_V1_ZB1_ZS1.png,identical,,,identical,,178,255
W_buffering,WBuf24F_RoofQuad_V1_ZB1_ZS1_ZB.png,identical,,,identical,,27522,255
W_buffering,WBuf24F_TriH_V1_ZB0_ZS0.png,identical,,,identical,,23,255
W_buffering,WBuf24F_TriH_V1_ZB0_ZS0_ZB.png,identical,,,identical,,456,1
W_buffering,WBuf24F_TriH_V1_ZB0_ZS1.png,identical,,,identical,,23,255
W_buffering,WBuf24F_TriH_V1_ZB0_ZS1_ZB.png,identical,,,identical,,126,1
W_buffering,WBuf24F_TriH_V1_ZB1_ZS0.png,identical,,,identical,,23,255
W_buffering,WBuf24F_TriH_V1_ZB1_ZS0_ZB.png,identical,,,identical,,456,1
W_buffering,WBuf24F_TriH_V1_ZB1_ZS1.png,identical,,,identical,,23,255
W_buffering,WBuf24F_TriH_V1_ZB1_ZS1_ZB.png,identical,,,identical,,126,1
W_buffering,WBuf24F_TriV_V1_ZB0_ZS0.png,identical,,,identical,,7,238
W_buffering,WBuf24F_TriV_V1_ZB0_ZS0_ZB.png,identical,,,identical,,648,255
W_buffering,WBuf24F_TriV_V1_ZB0_ZS1.png,identical,,,identical,,1941,255
W_buffering,WBuf24F_TriV_V1_ZB0_ZS1_ZB.png,identical,,,identical,,26400,179
W_buffering,WBuf24F_TriV_V1_ZB1_ZS0.png,identical,,,identical,,7,238
W_buffering,WBuf24F_TriV_V1_ZB1_ZS0_ZB.png,identical,,,identical,,648,255
W_buffering,WBuf24F_TriV_V1_ZB1_ZS1.png,identical,,,identical,,2325,255
W_buffering,WBuf24F_TriV_V1_ZB1_ZS1_ZB.png,identical,,,identical,,26400,179
W_buffering,WBuf24F_WallQuad_V1_ZB0_ZS0.png,identical,,,identical,,83,255
W_buffering,WBuf24F_WallQuad_V1_ZB0_ZS0_ZB.png,identical,,,identical,,6209,1
W_buffering,WBuf24F_WallQuad_V1_ZB0_ZS1.png,identical,,,identical,,65,255
W_buffering,WBuf24F_WallQuad_V1_ZB0_ZS1_ZB.png,identical,,,identical,,3100,1
W_buffering,WBuf24F_WallQuad_V1_ZB1_ZS0.png,identical,,,identical,,83,255
W_buffering,WBuf24F_WallQuad_V1_ZB1_ZS0_ZB.png,identical,,,identical,,5721,1
W_buffering,WBuf24F_WallQuad_V1_ZB1_ZS1.png,identical,,,identical,,65,255
W_buffering,WBuf24F_WallQuad_V1_ZB1_ZS1_ZB.png,identical,,,identical,,3100,1
W_buffering,ZBuf16D_FloorQuad_V0_ZB0_ZS0.png,identical,,,identical,,228,255
W_buffering,ZBuf16D_FloorQuad_V0_ZB0_ZS0_ZB.png,identical,,,identical,,0,0
W_buffering,ZBuf16D_FloorQuad_V0_ZB0_ZS1.png,identical,,,identical,,228,255
W_buffering,ZBuf16D_FloorQuad_V0_ZB0_ZS1_ZB.png,identical,,,identical,,0,0
W_buffering,ZBuf16D_FloorQuad_V0_ZB1_ZS0.png,identical,,,identical,,225,255
W_buffering,ZBuf16D_FloorQuad_V0_ZB1_ZS0_ZB.png,identical,,,identical,,0,0
W_buffering,ZBuf16D_FloorQuad_V0_ZB1_ZS1.png,identical,,,identical,,225,255
W_buffering,ZBuf16D_FloorQuad_V0_ZB1_ZS1_ZB.png,identical,,,identical,,0,0
W_buffering,ZBuf16D_FloorQuad_V1_ZB0_ZS0.png,identical,,,identical,,44,255
W_buffering,ZBuf16D_FloorQuad_V1_ZB0_ZS0_ZB.png,identical,,,identical,,0,0
W_buffering,ZBuf16D_FloorQuad_V1_ZB0_ZS1.png,identical,,,identical,,44,255
W_buffering,ZBuf16D_FloorQuad_V1_ZB0_ZS1_ZB.png,identical,,,identical,,0,0
W_buffering,ZBuf16D_FloorQuad_V1_ZB1_ZS0.png,identical,,,identical,,44,255
W_buffering,ZBuf16D_FloorQuad_V1_ZB1_ZS0_ZB.png,identical,,,identical,,0,0
W_buffering,ZBuf16D_FloorQuad_V1_ZB1_ZS1.png,identical,,,identical,,44,255
W_buffering,ZBuf16D_FloorQuad_V1_ZB1_ZS1_ZB.png,identical,,,identical,,0,0
W_buffering,ZBuf16D_LargeZ_V1_ZB0_ZS0.png,identical,,,identical,,21,238
W_buffering,ZBuf16D_LargeZ_V1_ZB0_ZS0_ZB.png,identical,,,identical,,0,0
W_buffering,ZBuf16D_LargeZ_V1_ZB0_ZS1.png,identical,,,identical,,21,238
W_buffering,ZBuf16D_LargeZ_V1_ZB0_ZS1_ZB.png,identical,,,identical,,0,0
W_buffering,ZBuf16D_LargeZ_V1_ZB1_ZS0.png,identical,,,identical,,21,238
W_buffering,ZBuf16D_LargeZ_V1_ZB1_ZS0_ZB.png,identical,,,identical,,0,0
W_buffering,ZBuf16D_LargeZ_V1_ZB1_ZS1.png,identical,,,identical,,21,238
W_buffering,ZBuf16D_LargeZ_V1_ZB1_ZS1_ZB.png,identical,,,identical,,0,0
W_buffering,ZBuf16D_LineStrip_V1_ZB0_ZS0.png,identical,,,identical,,22,255
W_buffering,ZBuf16D_LineStrip_V1_ZB0_ZS0_ZB.png,identical,,,identical,,0,0
W_buffering,ZBuf16D_LineStrip_V1_ZB0_ZS1.png,identical,,,identical,,22,255
W_buffering,ZBuf16D_LineStrip_V1_ZB0_ZS1_ZB.png,identical,,,identical,,0,0
W_buffering,ZBuf16D_LineStrip_V1_ZB1_ZS0.png,identical,,,identical,,22,255
W_buffering,ZBuf16D_LineStrip_V1_ZB1_ZS0_ZB.png,identical,,,identical,,0,0
W_buffering,ZBuf16D_LineStrip_V1_ZB1_ZS1.png,identical,,,identical,,22,255
W_buffering,ZBuf16D_LineStrip_V1_ZB1_ZS1_ZB.png,identical,,,identical,,0,0
W_buffering,ZBuf16D_RoofQuad_V1_ZB0_ZS0.png,identical,,,identical,,45,255
W_buffering,ZBuf16D_RoofQuad_V1_ZB0_ZS0_ZB.png,identical,,,identical,,0,0
W_buffering,ZBuf16D_RoofQuad_V1_ZB0_ZS1.png,identical,,,identical,,45,255
W_buffering,ZBuf16D_RoofQuad_V1_ZB0_ZS1_ZB.png,identical,,,identical,,0,0
W_buffering,ZBuf16D_RoofQuad_V1_ZB1_ZS0.png,identical,,,identical,,45,255
W_buffering,ZBuf16D_RoofQuad_V1_ZB1_ZS0_ZB.png,identical,,,identical,,0,0
W_buffering,ZBuf16D_RoofQuad_V1_ZB1_ZS1.png,identical,,,identical,,45,255
W_buffering,ZBuf16D_RoofQuad_V1_ZB1_ZS1_ZB.png,identical,,,identical,,0,0
W_buffering,ZBuf16D_TriH_V1_ZB0_ZS0.png,identical,,,identical,,29,255
W_buffering,ZBuf16D_TriH_V1_ZB0_ZS0_ZB.png,identical,,,identical,,96,8
W_buffering,ZBuf16D_TriH_V1_ZB0_ZS1.png,identical,,,identical,,29,255
W_buffering,ZBuf16D_TriH_V1_ZB0_ZS1_ZB.png,identical,,,identical,,234,9
W_buffering,ZBuf16D_TriH_V1_ZB1_ZS0.png,identical,,,identical,,29,255
W_buffering,ZBuf16D_TriH_V1_ZB1_ZS0_ZB.png,identical,,,identical,,96,8
W_buffering,ZBuf16D_TriH_V1_ZB1_ZS1.png,identical,,,identical,,29,255
W_buffering,ZBuf16D_TriH_V1_ZB1_ZS1_ZB.png,identical,,,identical,,234,8
W_buffering,ZBuf16D_TriV_V1_ZB0_ZS0.png,identical,,,identical,,13,238
W_buffering,ZBuf16D_TriV_V1_ZB0_ZS0_ZB.png,identical,,,identical,,96,8
W_buffering,ZBuf16D_TriV_V1_ZB0_ZS1.png,identical,,,identical,,13,238
W_buffering,ZBuf16D_TriV_V1_ZB0_ZS1_ZB.png,identical,,,identical,,312,9
W_buffering,ZBuf16D_TriV_V1_ZB1_ZS0.png,identical,,,identical,,13,238
W_buffering,ZBuf16D_TriV_V1_ZB1_ZS0_ZB.png,identical,,,identical,,96,8
W_buffering,ZBuf16D_TriV_V1_ZB1_ZS1.png,identical,,,identical,,13,238
W_buffering,ZBuf16D_TriV_V1_ZB1_ZS1_ZB.png,identical,,,identical,,312,8
W_buffering,ZBuf16D_WallQuad_V1_ZB0_ZS0.png,identical,,,identical,,75,255
W_buffering,ZBuf16D_WallQuad_V1_ZB0_ZS0_ZB.png,identical,,,identical,,0,0
W_buffering,ZBuf16D_WallQuad_V1_ZB0_ZS1.png,identical,,,identical,,75,255
W_buffering,ZBuf16D_WallQuad_V1_ZB0_ZS1_ZB.png,identical,,,identical,,0,0
W_buffering,ZBuf16D_WallQuad_V1_ZB1_ZS0.png,identical,,,identical,,75,255
W_buffering,ZBuf16D_WallQuad_V1_ZB1_ZS0_ZB.png,identical,,,identical,,0,0
W_buffering,ZBuf16D_WallQuad_V1_ZB1_ZS1.png,identical,,,identical,,75,255
W_buffering,ZBuf16D_WallQuad_V1_ZB1_ZS1_ZB.png,identical,,,identical,,0,0
W_buffering,ZBuf16F_FloorQuad_V0_ZB0_ZS0.png,identical,,,identical,,228,255
W_buffering,ZBuf16F_FloorQuad_V0_ZB0_ZS0_ZB.png,identical,,,identical,,0,0
W_buffering,ZBuf16F_FloorQuad_V0_ZB0_ZS1.png,identical,,,identical,,228,255
W_buffering,ZBuf16F_FloorQuad_V0_ZB0_ZS1_ZB.png,identical,,,identical,,0,0
W_buffering,ZBuf16F_FloorQuad_V0_ZB1_ZS0.png,identical,,,identical,,225,255
W_buffering,ZBuf16F_FloorQuad_V0_ZB1_ZS0_ZB.png,identical,,,identical,,0,0
W_buffering,ZBuf16F_FloorQuad_V0_ZB1_ZS1.png,identical,,,identical,,225,255
W_buffering,ZBuf16F_FloorQuad_V0_ZB1_ZS1_ZB.png,identical,,,identical,,0,0
W_buffering,ZBuf16F_FloorQuad_V1_ZB0_ZS0.png,identical,,,identical,,44,255
W_buffering,ZBuf16F_FloorQuad_V1_ZB0_ZS0_ZB.png,identical,,,identical,,0,0
W_buffering,ZBuf16F_FloorQuad_V1_ZB0_ZS1.png,identical,,,identical,,44,255
W_buffering,ZBuf16F_FloorQuad_V1_ZB0_ZS1_ZB.png,identical,,,identical,,0,0
W_buffering,ZBuf16F_FloorQuad_V1_ZB1_ZS0.png,identical,,,identical,,44,255
W_buffering,ZBuf16F_FloorQuad_V1_ZB1_ZS0_ZB.png,identical,,,identical,,0,0
W_buffering,ZBuf16F_FloorQuad_V1_ZB1_ZS1.png,identical,,,identical,,44,255
W_buffering,ZBuf16F_FloorQuad_V1_ZB1_ZS1_ZB.png,identical,,,identical,,0,0
W_buffering,ZBuf16F_LargeZ_V1_ZB0_ZS0.png,identical,,,identical,,21,238
W_buffering,ZBuf16F_LargeZ_V1_ZB0_ZS0_ZB.png,identical,,,identical,,0,0
W_buffering,ZBuf16F_LargeZ_V1_ZB0_ZS1.png,identical,,,identical,,21,238
W_buffering,ZBuf16F_LargeZ_V1_ZB0_ZS1_ZB.png,identical,,,identical,,0,0
W_buffering,ZBuf16F_LargeZ_V1_ZB1_ZS0.png,identical,,,identical,,21,238
W_buffering,ZBuf16F_LargeZ_V1_ZB1_ZS0_ZB.png,identical,,,identical,,0,0
W_buffering,ZBuf16F_LargeZ_V1_ZB1_ZS1.png,identical,,,identical,,21,238
W_buffering,ZBuf16F_LargeZ_V1_ZB1_ZS1_ZB.png,identical,,,identical,,0,0
W_buffering,ZBuf16F_LineStrip_V1_ZB0_ZS0.png,identical,,,identical,,22,255
W_buffering,ZBuf16F_LineStrip_V1_ZB0_ZS0_ZB.png,identical,,,identical,,0,0
W_buffering,ZBuf16F_LineStrip_V1_ZB0_ZS1.png,identical,,,identical,,22,255
W_buffering,ZBuf16F_LineStrip_V1_ZB0_ZS1_ZB.png,identical,,,identical,,0,0
W_buffering,ZBuf16F_LineStrip_V1_ZB1_ZS0.png,identical,,,identical,,22,255
W_buffering,ZBuf16F_LineStrip_V1_ZB1_ZS0_ZB.png,identical,,,identical,,0,0
W_buffering,ZBuf16F_LineStrip_V1_ZB1_ZS1.png,identical,,,identical,,22,255
W_buffering,ZBuf16F_LineStrip_V1_ZB1_ZS1_ZB.png,identical,,,identical,,0,0
W_buffering,ZBuf16F_RoofQuad_V1_ZB0_ZS0.png,identical,,,identical,,45,255
W_buffering,ZBuf16F_RoofQuad_V1_ZB0_ZS0_ZB.png,identical,,,identical,,0,0
W_buffering,ZBuf16F_RoofQuad_V1_ZB0_ZS1.png,identical,,,identical,,45,255
W_buffering,ZBuf16F_RoofQuad_V1_ZB0_ZS1_ZB.png,identical,,,identical,,0,0
W_buffering,ZBuf16F_RoofQuad_V1_ZB1_ZS0.png,identical,,,identical,,45,255
W_buffering,ZBuf16F_RoofQuad_V1_ZB1_ZS0_ZB.png,identical,,,identical,,0,0
W_buffering,ZBuf16F_RoofQuad_V1_ZB1_ZS1.png,identical,,,identical,,45,255
W_buffering,ZBuf16F_RoofQuad_V1_ZB1_ZS1_ZB.png,identical,,,identical,,0,0
W_buffering,ZBuf16F_TriH_V1_ZB0_ZS0.png,identical,,,identical,,29,255
W_buffering,ZBuf16F_TriH_V1_ZB0_ZS0_ZB.png,identical,,,identical,,96,255
W_buffering,ZBuf16F_TriH_V1_ZB0_ZS1.png,identical,,,identical,,29,255
W_buffering,ZBuf16F_TriH_V1_ZB0_ZS1_ZB.png,identical,,,identical,,246,255
W_buffering,ZBuf16F_TriH_V1_ZB1_ZS0.png,identical,,,identical,,29,255
W_buffering,ZBuf16F_TriH_V1_ZB1_ZS0_ZB.png,identical,,,identical,,96,255
W_buffering,ZBuf16F_TriH_V1_ZB1_ZS1.png,identical,,,identical,,29,255
W_buffering,ZBuf16F_TriH_V1_ZB1_ZS1_ZB.png,identical,,,identical,,234,255
W_buffering,ZBuf16F_TriV_V1_ZB0_ZS0.png,identical,,,identical,,13,238
W_buffering,ZBuf16F_TriV_V1_ZB0_ZS0_ZB.png,identical,,,identical,,96,255
W_buffering,ZBuf16F_TriV_V1_ZB0_ZS1.png,identical,,,identical,,13,238
W_buffering,ZBuf16F_TriV_V1_ZB0_ZS1_ZB.png,identical,,,identical,,312,255
W_buffering,ZBuf16F_TriV_V1_ZB1_ZS0.png,identical,,,identical,,13,238
W_buffering,ZBuf16F_TriV_V1_ZB1_ZS0_ZB.png,identical,,,identical,,96,255
W_buffering,ZBuf16F_TriV_V1_ZB1_ZS1.png,identical,,,identical,,13,238
W_buffering,ZBuf16F_TriV_V1_ZB1_ZS1_ZB.png,identical,,,identical,,312,255
W_buffering,ZBuf16F_WallQuad_V1_ZB0_ZS0.png,identical,,,identical,,75,255
W_buffering,ZBuf16F_WallQuad_V1_ZB0_ZS0_ZB.png,identical,,,identical,,0,0
W_buffering,ZBuf16F_WallQuad_V1_ZB0_ZS1.png,identical,,,identical,,75,255
W_buffering,ZBuf16F_WallQuad_V1_ZB0_ZS1_ZB.png,identical,,,identical,,0,0
W_buffering,ZBuf16F_WallQuad_V1_ZB1_ZS0.png,identical,,,identical,,75,255
W_buffering,ZBuf16F_WallQuad_V1_ZB1_ZS0_ZB.png,identical,,,identical,,0,0
W_buffering,ZBuf16F_WallQuad_V1_ZB1_ZS1.png,identical,,,identical,,75,255
W_buffering,ZBuf16F_WallQuad_V1_ZB1_ZS1_ZB.png,identical,,,identical,,0,0
W_buffering,ZBuf24D_FloorQuad_V0_ZB0_ZS0.png,identical,,,identical,,73980,255
W_buffering,ZBuf24D_FloorQuad_V0_ZB0_ZS0_ZB.png,identical,,,identical,,161700,254
W_buffering,ZBuf24D_FloorQuad_V0_ZB0_ZS1.png,identical,,,identical,,81806,255
W_buffering,ZBuf24D_FloorQuad_V0_ZB0_ZS1_ZB.png,identical,,,identical,,153860,254
W_buffering,ZBuf24D_FloorQuad_V0_ZB1_ZS0.png,identical,,,identical,,74073,255
W_buffering,ZBuf24D_FloorQuad_V0_ZB1_ZS0_ZB.png,identical,,,identical,,161700,254
W_buffering,ZBuf24D_FloorQuad_V0_ZB1_ZS1.png,identical,,,identical,,81809,255
W_buffering,ZBuf24D_FloorQuad_V0_ZB1_ZS1_ZB.png,identical,,,identical,,153860,254
W_buffering,ZBuf24D_FloorQuad_V1_ZB0_ZS0.png,identical,,,identical,,16190,255
W_buffering,ZBuf24D_FloorQuad_V1_ZB0_ZS0_ZB.png,identical,,,identical,,11199,1
W_buffering,ZBuf24D_FloorQuad_V1_ZB0_ZS1.png,identical,,,identical,,24135,255
W_buffering,ZBuf24D_FloorQuad_V1_ZB0_ZS1_ZB.png,identical,,,identical,,137950,255
W_buffering,ZBuf24D_FloorQuad_V1_ZB1_ZS0.png,identical,,,identical,,16190,255
W_buffering,ZBuf24D_FloorQuad_V1_ZB1_ZS0_ZB.png,identical,,,identical,,11199,1
W_buffering,ZBuf24D_FloorQuad_V1_ZB1_ZS1.png,identical,,,identical,,24135,255
W_buffering,ZBuf24D_FloorQuad_V1_ZB1_ZS1_ZB.png,identical,,,identical,,137950,255
W_buffering,ZBuf24D_LargeZ_V1_ZB0_ZS0.png,identical,,,identical,,14,255
W_buffering,ZBuf24D_LargeZ_V1_ZB0_ZS0_ZB.png,identical,,,identical,,7500,1
W_buffering,ZBuf24D_LargeZ_V1_ZB0_ZS1.png,identical,,,identical,,14,255
W_buffering,ZBuf24D_LargeZ_V1_ZB0_ZS1_ZB.png,identical,,,identical,,602,1
W_buffering,ZBuf24D_LargeZ_V1_ZB1_ZS0.png,identical,,,identical,,14,255
W_buffering,ZBuf24D_LargeZ_V1_ZB1_ZS0_ZB.png,identical,,,identical,,7500,1
W_buffering,ZBuf24D_LargeZ_V1_ZB1_ZS1.png,identical,,,identical,,14,255
W_buffering,ZBuf24D_LargeZ_V1_ZB1_ZS1_ZB.png,identical,,,identical,,602,1
W_buffering,ZBuf24D_LineStrip_V1_ZB0_ZS0.png,identical,,,identical,,238,255
W_buffering,ZBuf24D_LineStrip_V1_ZB0_ZS0_ZB.png,identical,,,identical,,78,229
W_buffering,ZBuf24D_LineStrip_V1_ZB0_ZS1.png,identical,,,identical,,238,255
W_buffering,ZBuf24D_LineStrip_V1_ZB0_ZS1_ZB.png,identical,,,identical,,78,229
W_buffering,ZBuf24D_LineStrip_V1_ZB1_ZS0.png,identical,,,identical,,238,255
W_buffering,ZBuf24D_LineStrip_V1_ZB1_ZS0_ZB.png,identical,,,identical,,78,229
W_buffering,ZBuf24D_LineStrip_V1_ZB1_ZS1.png,identical,,,identical,,238,255
W_buffering,ZBuf24D_LineStrip_V1_ZB1_ZS1_ZB.png,identical,,,identical,,78,229
W_buffering,ZBuf24D_RoofQuad_V1_ZB0_ZS0.png,identical,,,identical,,29167,255
W_buffering,ZBuf24D_RoofQuad_V1_ZB0_ZS0_ZB.png,identical,,,identical,,11136,1
W_buffering,ZBuf24D_RoofQuad_V1_ZB0_ZS1.png,identical,,,identical,,37420,255
W_buffering,ZBuf24D_RoofQuad_V1_ZB0_ZS1_ZB.png,identical,,,identical,,137920,255
W_buffering,ZBuf24D_RoofQuad_V1_ZB1_ZS0.png,identical,,,identical,,29167,255
W_buffering,ZBuf24D_RoofQuad_V1_ZB1_ZS0_ZB.png,identical,,,identical,,11136,1
W_buffering,ZBuf24D_RoofQuad_V1_ZB1_ZS1.png,identical,,,identical,,37442,255
W_buffering,ZBuf24D_RoofQuad_V1_ZB1_ZS1_ZB.png,identical,,,identical,,137920,255
W_buffering,ZBuf24D_TriH_V1_ZB0_ZS0.png,identical,,,identical,,23,255
W_buffering,ZBuf24D_TriH_V1_ZB0_ZS0_ZB.png,identical,,,identical,,96,1
W_buffering,ZBuf24D_TriH_V1_ZB0_ZS1.png,identical,,,identical,,23,255
W_buffering,ZBuf24D_TriH_V1_ZB0_ZS1_ZB.png,identical,,,identical,,234,1
W_buffering,ZBuf24D_TriH_V1_ZB1_ZS0.png,identical,,,identical,,23,255
W_buffering,ZBuf24D_TriH_V1_ZB1_ZS0_ZB.png,identical,,,identical,,96,1
W_buffering,ZBuf24D_TriH_V1_ZB1_ZS1.png,identical,,,identical,,23,255
W_buffering,ZBuf24D_TriH_V1_ZB1_ZS1_ZB.png,identical,,,identical,,234,1
W_buffering,ZBuf24D_TriV_V1_ZB0_ZS0.png,identical,,,identical,,7,238
W_buffering,ZBuf24D_TriV_V1_ZB0_ZS0_ZB.png,identical,,,identical,,96,1
W_buffering,ZBuf24D_TriV_V1_ZB0_ZS1.png,identical,,,identical,,7,238
W_buffering,ZBuf24D_TriV_V1_ZB0_ZS1_ZB.png,identical,,,identical,,312,1
W_buffering,ZBuf24D_TriV_V1_ZB1_ZS0.png,identical,,,identical,,7,238
W_buffering,ZBuf24D_TriV_V1_ZB1_ZS0_ZB.png,identical,,,identical,,96,1
W_buffering,ZBuf24D_TriV_V1_ZB1_ZS1.png,identical,,,identical,,7,238
W_buffering,ZBuf24D_TriV_V1_ZB1_ZS1_ZB.png,identical,,,identical,,312,1
W_buffering,ZBuf24D_Trunc0_V1_ZB0_ZS0.png,identical,,,identical,,48,255
W_buffering,ZBuf24D_Trunc0_V1_ZB0_ZS0_ZB.png,identical,,,identical,,1321,1
W_buffering,ZBuf24D_TruncNeg_V1_ZB0_ZS0.png,identical,,,identical,,41,255
W_buffering,ZBuf24D_TruncNeg_V1_ZB0_ZS0_ZB.png,identical,,,identical,,2818,1
W_buffering,ZBuf24D_WallQuad_V1_ZB0_ZS0.png,identical,,,identical,,32121,255
W_buffering,ZBuf24D_WallQuad_V1_ZB0_ZS0_ZB.png,identical,,,identical,,12048,1
W_buffering,ZBuf24D_WallQuad_V1_ZB0_ZS1.png,identical,,,identical,,39935,255
W_buffering,ZBuf24D_WallQuad_V1_ZB0_ZS1_ZB.png,identical,,,identical,,134166,255
W_buffering,ZBuf24D_WallQuad_V1_ZB1_ZS0.png,identical,,,identical,,32121,255
W_buffering,ZBuf24D_WallQuad_V1_ZB1_ZS0_ZB.png,identical,,,identical,,12048,1
W_buffering,ZBuf24D_WallQuad_V1_ZB1_ZS1.png,identical,,,identical,,39935,255
W_buffering,ZBuf24D_WallQuad_V1_ZB1_ZS1_ZB.png,identical,,,identical,,134166,255
W_buffering,ZBuf24F_FloorQuad_V0_ZB0_ZS0.png,identical,,,identical,,221,255
W_buffering,ZBuf24F_FloorQuad_V0_ZB0_ZS0_ZB.png,identical,,,identical,,2450,1
W_buffering,ZBuf24F_FloorQuad_V0_ZB0_ZS1.png,identical,,,identical,,267,255
W_buffering,ZBuf24F_FloorQuad_V0_ZB0_ZS1_ZB.png,identical,,,identical,,3430,1
W_buffering,ZBuf24F_FloorQuad_V0_ZB1_ZS0.png,identical,,,identical,,264,255
W_buffering,ZBuf24F_FloorQuad_V0_ZB1_ZS0_ZB.png,identical,,,identical,,2450,1
W_buffering,ZBuf24F_FloorQuad_V0_ZB1_ZS1.png,identical,,,identical,,218,255
W_buffering,ZBuf24F_FloorQuad_V0_ZB1_ZS1_ZB.png,identical,,,identical,,4243,1
W_buffering,ZBuf24F_FloorQuad_V1_ZB0_ZS0.png,identical,,,identical,,37,255
W_buffering,ZBuf24F_FloorQuad_V1_ZB0_ZS0_ZB.png,identical,,,identical,,1470,1
W_buffering,ZBuf24F_FloorQuad_V1_ZB0_ZS1.png,identical,,,identical,,37,255
W_buffering,ZBuf24F_FloorQuad_V1_ZB0_ZS1_ZB.png,identical,,,identical,,2940,1
W_buffering,ZBuf24F_FloorQuad_V1_ZB1_ZS0.png,identical,,,identical,,37,255
W_buffering,ZBuf24F_FloorQuad_V1_ZB1_ZS0_ZB.png,identical,,,identical,,490,1
W_buffering,ZBuf24F_FloorQuad_V1_ZB1_ZS1.png,identical,,,identical,,37,255
W_buffering,ZBuf24F_FloorQuad_V1_ZB1_ZS1_ZB.png,identical,,,identical,,1470,1
W_buffering,ZBuf24F_LargeZ_V1_ZB0_ZS0.png,identical,,,identical,,14,255
W_buffering,ZBuf24F_LargeZ_V1_ZB0_ZS0_ZB.png,identical,,,identical,,0,0
W_buffering,ZBuf24F_LargeZ_V1_ZB0_ZS1.png,identical,,,identical,,14,255
W_buffering,ZBuf24F_LargeZ_V1_ZB0_ZS1_ZB.png,identical,,,identical,,0,0
W_buffering,ZBuf24F_LargeZ_V1_ZB1_ZS0.png,identical,,,identical,,14,255
W_buffering,ZBuf24F_LargeZ_V1_ZB1_ZS0_ZB.png,identical,,,identical,,0,0
W_buffering,ZBuf24F_LargeZ_V1_ZB1_ZS1.png,identical,,,identical,,14,255
W_buffering,ZBuf24F_LargeZ_V1_ZB1_ZS1_ZB.png,identical,,,identical,,0,0
W_buffering,ZBuf24F_LineStrip_V1_ZB0_ZS0.png,identical,,,identical,,280,255
W_buffering,ZBuf24F_LineStrip_V1_ZB0_ZS0_ZB.png,identical,,,identical,,3,105
W_buffering,ZBuf24F_LineStrip_V1_ZB0_ZS1.png,identical,,,identical,,280,255
W_buffering,ZBuf24F_LineStrip_V1_ZB0_ZS1_ZB.png,identical,,,identical,,3,105
W_buffering,ZBuf24F_LineStrip_V1_ZB1_ZS0.png,identical,,,identical,,280,255
W_buffering,ZBuf24F_LineStrip_V1_ZB1_ZS0_ZB.png,identical,,,identical,,3,105
W_buffering,ZBuf24F_LineStrip_V1_ZB1_ZS1.png,identical,,,identical,,280,255
W_buffering,ZBuf24F_LineStrip_V1_ZB1_ZS1_ZB.png,identical,,,identical,,3,105
W_buffering,ZBuf24F_RoofQuad_V1_ZB0_ZS0.png,identical,,,identical,,38,255
W_buffering,ZBuf24F_RoofQuad_V1_ZB0_ZS0_ZB.png,identical,,,identical,,1470,1
W_buffering,ZBuf24F_RoofQuad_V1_ZB0_ZS1.png,identical,,,identical,,38,255
W_buffering,ZBuf24F_RoofQuad_V1_ZB0_ZS1_ZB.png,identical,,,identical,,2940,1
W_buffering,ZBuf24F_RoofQuad_V1_ZB1_ZS0.png,identical,,,identical,,38,255
W_buffering,ZBuf24F_RoofQuad_V1_ZB1_ZS0_ZB.png,identical,,,identical,,490,1
W_buffering,ZBuf24F_RoofQuad_V1_ZB1_ZS1.png,identical,,,identical,,38,255
W_buffering,ZBuf24F_RoofQuad_V1_ZB1_ZS1_ZB.png,identical,,,identical,,1470,1
W_buffering,ZBuf24F_TriH_V1_ZB0_ZS0.png,identical,,,identical,,23,255
W_buffering,ZBuf24F_TriH_V1_ZB0_ZS0_ZB.png,identical,,,identical,,96,255
W_buffering,ZBuf24F_TriH_V1_ZB0_ZS1.png,identical,,,identical,,23,255
W_buffering,ZBuf24F_TriH_V1_ZB0_ZS1_ZB.png,identical,,,identical,,1242,255
W_buffering,ZBuf24F_TriH_V1_ZB1_ZS0.png,identical,,,identical,,23,255
W_buffering,ZBuf24F_TriH_V1_ZB1_ZS0_ZB.png,identical,,,identical,,96,255
W_buffering,ZBuf24F_TriH_V1_ZB1_ZS1.png,identical,,,identical,,23,255
W_buffering,ZBuf24F_TriH_V1_ZB1_ZS1_ZB.png,identical,,,identical,,1224,255
W_buffering,ZBuf24F_TriV_V1_ZB0_ZS0.png,identical,,,identical,,7,238
W_buffering,ZBuf24F_TriV_V1_ZB0_ZS0_ZB.png,identical,,,identical,,96,255
W_buffering,ZBuf24F_TriV_V1_ZB0_ZS1.png,identical,,,identical,,7,238
W_buffering,ZBuf24F_TriV_V1_ZB0_ZS1_ZB.png,identical,,,identical,,360,255
W_buffering,ZBuf24F_TriV_V1_ZB1_ZS0.png,identical,,,identical,,7,238
W_buffering,ZBuf24F_TriV_V1_ZB1_ZS0_ZB.png,identical,,,identical,,96,255
W_buffering,ZBuf24F_TriV_V1_ZB1_ZS1.png,identical,,,identical,,7,238
W_buffering,ZBuf24F_TriV_V1_ZB1_ZS1_ZB.png,identical,,,identical,,432,255
W_buffering,ZBuf24F_WallQuad_V1_ZB0_ZS0.png,identical,,,identical,,65,255
W_buffering,ZBuf24F_WallQuad_V1_ZB0_ZS0_ZB.png,identical,,,identical,,1440,1
W_buffering,ZBuf24F_WallQuad_V1_ZB0_ZS1.png,identical,,,identical,,65,255
W_buffering,ZBuf24F_WallQuad_V1_ZB0_ZS1_ZB.png,identical,,,identical,,2880,1
W_buffering,ZBuf24F_WallQuad_V1_ZB1_ZS0.png,identical,,,identical,,65,255
W_buffering,ZBuf24F_WallQuad_V1_ZB1_ZS0_ZB.png,identical,,,identical,,480,1
W_buffering,ZBuf24F_WallQuad_V1_ZB1_ZS1.png,identical,,,identical,,65,255
W_buffering,ZBuf24F_WallQuad_V1_ZB1_ZS1_ZB.png,identical,,,identical,,1440,1
W_param,ff_w_zero__bitri.png,identical,,,identical,,313,255
W_param,ff_w_zero__bitri_tex_persp.png,identical,,,identical,,122,255
W_param,ff_w_zero__quad.png,identical,,,identical,,0,0
W_param,ff_w_zero__quad_tex_persp.png,identical,,,identical,,20,255
W_param,ff_w_zero_inf__bitri_w-0.00.png,identical,,,identical,,68063,238
W_param,ff_w_zero_inf__bitri_w-0.25.png,identical,,,identical,,442,238
W_param,ff_w_zero_inf__bitri_w-0.50.png,identical,,,identical,,648,238
W_param,ff_w_zero_inf__bitri_w-0.96e-34.png,identical,,,identical,,146477,238
W_param,ff_w_zero_inf__bitri_w-1.00.png,identical,,,identical,,507,238
W_param,ff_w_zero_inf__bitri_w-1.50e-36.png,identical,,,identical,,146456,238
W_param,ff_w_zero_inf__bitri_w-1.88e-37.png,identical,,,identical,,146430,238
W_param,ff_w_zero_inf__bitri_w-2.00.png,identical,,,identical,,505,238
W_param,ff_w_zero_inf__bitri_w-3.08e-33.png,identical,,,identical,,146405,238
W_param,ff_w_zero_inf__bitri_w-3.76e-37.png,identical,,,identical,,146368,238
W_param,ff_w_zero_inf__bitri_w-4.00.png,identical,,,identical,,505,238
W_param,ff_w_zero_inf__bitri_w-7.52e-37.png,identical,,,identical,,146504,238
W_param,ff_w_zero_inf__bitri_w-inf.png,identical,,,identical,,114508,238
W_param,ff_w_zero_inf__bitri_w0.00.png,identical,,,identical,,68132,238
W_param,ff_w_zero_inf__bitri_w0.25.png,identical,,,identical,,343,238
W_param,ff_w_zero_inf__bitri_w0.50.png,identical,,,identical,,320,238
W_param,ff_w_zero_inf__bitri_w1.00.png,identical,,,identical,,240,238
W_param,ff_w_zero_inf__bitri_w2.00.png,identical,,,identical,,240,238
W_param,ff_w_zero_inf__bitri_w4.00.png,identical,,,identical,,240,238
W_param,ff_w_zero_inf__bitri_winf.png,identical,,,identical,,12880,238
W_param,ff_w_zero_inf__quad_w-0.00.png,identical,,,identical,,79174,218
W_param,ff_w_zero_inf__quad_w-0.25.png,identical,,,identical,,128,238
W_param,ff_w_zero_inf__quad_w-0.50.png,identical,,,identical,,262,238
W_param,ff_w_zero_inf__quad_w-0.96e-34.png,identical,,,identical,,314,218
W_param,ff_w_zero_inf__quad_w-1.00.png,identical,,,identical,,0,0
W_param,ff_w_zero_inf__quad_w-1.50e-36.png,identical,,,identical,,79174,218
W_param,ff_w_zero_inf__quad_w-1.88e-37.png,identical,,,identical,,79174,218
W_param,ff_w_zero_inf__quad_w-2.00.png,identical,,,identical,,0,0
W_param,ff_w_zero_inf__quad_w-3.08e-33.png,identical,,,identical,,314,218
W_param,ff_w_zero_inf__quad_w-3.76e-37.png,identical,,,identical,,79174,218
W_param,ff_w_zero_inf__quad_w-4.00.png,identical,,,identical,,0,0
W_param,ff_w_zero_inf__quad_w-7.52e-37.png,identical,,,identical,,79174,218
W_param,ff_w_zero_inf__quad_w-inf.png,identical,,,identical,,0,0
W_param,ff_w_zero_inf__quad_w0.00.png,identical,,,identical,,72012,238
W_param,ff_w_zero_inf__quad_w0.25.png,identical,,,identical,,52,238
W_param,ff_w_zero_inf__quad_w0.50.png,identical,,,identical,,80,238
W_param,ff_w_zero_inf__quad_w1.00.png,identical,,,identical,,0,0
W_param,ff_w_zero_inf__quad_w2.00.png,identical,,,identical,,0,0
W_param,ff_w_zero_inf__quad_w4.00.png,identical,,,identical,,0,0
W_param,ff_w_zero_inf__quad_winf.png,identical,,,identical,,25600,238
W_param,prog_w_zero_inf__bitri_w-0.00.png,identical,,,identical,,271518,192
W_param,prog_w_zero_inf__bitri_w-0.25.png,identical,,,identical,,178,192
W_param,prog_w_zero_inf__bitri_w-0.50.png,identical,,,identical,,339,192
W_param,prog_w_zero_inf__bitri_w-0.96e-34.png,identical,,,identical,,743,192
W_param,prog_w_zero_inf__bitri_w-1.00.png,identical,,,identical,,666,192
W_param,prog_w_zero_inf__bitri_w-1.50e-36.png,identical,,,identical,,742,192
W_param,prog_w_zero_inf__bitri_w-1.88e-37.png,identical,,,identical,,143546,192
W_param,prog_w_zero_inf__bitri_w-2.00.png,identical,,,identical,,666,192
W_param,prog_w_zero_inf__bitri_w-3.08e-33.png,identical,,,identical,,743,192
W_param,prog_w_zero_inf__bitri_w-3.76e-37.png,identical,,,identical,,143494,192
W_param,prog_w_zero_inf__bitri_w-4.00.png,identical,,,identical,,666,192
W_param,prog_w_zero_inf__bitri_w-7.52e-37.png,identical,,,identical,,4768,192
W_param,prog_w_zero_inf__bitri_w-inf.png,identical,,,identical,,670,192
W_param,prog_w_zero_inf__bitri_w0.00.png,identical,,,identical,,800,192
W_param,prog_w_zero_inf__bitri_w0.25.png,identical,,,identical,,130,192
W_param,prog_w_zero_inf__bitri_w0.50.png,identical,,,identical,,238,192
W_param,prog_w_zero_inf__bitri_w1.00.png,identical,,,identical,,0,0
W_param,prog_w_zero_inf__bitri_w2.00.png,identical,,,identical,,0,0
W_param,prog_w_zero_inf__bitri_w4.00.png,identical,,,identical,,0,0
W_param,prog_w_zero_inf__bitri_winf.png,identical,,,identical,,0,0
W_param,prog_w_zero_inf__quad_w-0.00.png,identical,,,identical,,0,0
W_param,prog_w_zero_inf__quad_w-0.25.png,identical,,,identical,,0,0
W_param,prog_w_zero_inf__quad_w-0.50.png,identical,,,identical,,0,0
W_param,prog_w_zero_inf__quad_w-0.96e-34.png,identical,,,identical,,0,0
W_param,prog_w_zero_inf__quad_w-1.00.png,identical,,,identical,,0,0
W_param,prog_w_zero_inf__quad_w-1.50e-36.png,identical,,,identical,,0,0
W_param,prog_w_zero_inf__quad_w-1.88e-37.png,identical,,,identical,,0,0
W_param,prog_w_zero_inf__quad_w-2.00.png,identical,,,identical,,0,0
W_param,prog_w_zero_inf__quad_w-3.08e-33.png,identical,,,identical,,0,0
W_param,prog_w_zero_inf__quad_w-3.76e-37.png,identical,,,identical,,0,0
W_param,prog_w_zero_inf__quad_w-4.00.png,identical,,,identical,,0,0
W_param,prog_w_zero_inf__quad_w-7.52e-37.png,identical,,,identical,,0,0
W_param,prog_w_zero_inf__quad_w-inf.png,identical,,,identical,,0,0
W_param,prog_w_zero_inf__quad_w0.00.png,identical,,,identical,,0,0
W_param,prog_w_zero_inf__quad_w0.25.png,identical,,,identical,,0,0
W_param,prog_w_zero_inf__quad_w0.50.png,identical,,,identical,,0,0
W_param,prog_w_zero_inf__quad_w1.00.png,identical,,,identical,,0,0
W_param,prog_w_zero_inf__quad_w2.00.png,identical,,,identical,,0,0
W_param,prog_w_zero_inf__quad_w4.00.png,identical,,,identical,,0,0
W_param,prog_w_zero_inf__quad_winf.png,identical,,,identical,,0,0
W_param,rcc_w_zero_inf__z-0.00.png,identical,,,identical,,152117,238
W_param,rcc_w_zero_inf__z-0.25.png,identical,,,identical,,146996,2
W_param,rcc_w_zero_inf__z-0.50.png,identical,,,identical,,139893,2
W_param,rcc_w_zero_inf__z-0.96e-34.png,identical,,,identical,,117166,1
W_param,rcc_w_zero_inf__z-1.00.png,identical,,,identical,,79415,2
W_param,rcc_w_zero_inf__z-1.50e-36.png,identical,,,identical,,152502,238
W_param,rcc_w_zero_inf__z-1.88e-37.png,identical,,,identical,,152525,238
W_param,rcc_w_zero_inf__z-2.00.png,identical,,,identical,,79415,2
W_param,rcc_w_zero_inf__z-3.08e-33.png,identical,,,identical,,117180,1
W_param,rcc_w_zero_inf__z-3.76e-37.png,identical,,,identical,,152488,238
W_param,rcc_w_zero_inf__z-4.00.png,identical,,,identical,,79415,2
W_param,rcc_w_zero_inf__z-7.52e-37.png,identical,,,identical,,152648,238
W_param,rcc_w_zero_inf__z-inf.png,identical,,,identical,,79415,2
W_param,rcc_w_zero_inf__z0.00.png,identical,,,identical,,152167,238
W_param,rcc_w_zero_inf__z0.25.png,identical,,,identical,,147035,2
W_param,rcc_w_zero_inf__z0.50.png,identical,,,identical,,139851,2
W_param,rcc_w_zero_inf__z1.00.png,identical,,,identical,,79415,2
W_param,rcc_w_zero_inf__z2.00.png,identical,,,identical,,79415,2
W_param,rcc_w_zero_inf__z4.00.png,identical,,,identical,,79415,2
W_param,rcc_w_zero_inf__zinf.png,identical,,,identical,,79415,2
W_param,w_gaps.png,identical,,,identical,,145687,255
W_param,w_gaps_tex_persp.png,identical,,,identical,,145687,255
W_param,w_neg_strip.png,identical,,,identical,,37444,255
W_param,w_neg_strip_tex_persp.png,identical,,,identical,,37444,255
W_param,w_pos_strip.png,identical,,,identical,,102924,2
W_param,w_pos_strip_tex_persp.png,identical,,,identical,,78763,2
Weight_setter,WeightSetter.png,identical,,,identical,,0,0
Window_clip,E_x0y0_w0h0-x0y0_w0h0.png,identical,,,identical,,0,0
Window_clip,E_x0y0_w0h0-x16y16_w8h8.png,identical,,,identical,,0,0
Window_clip,E_x0y0_w128h128-x0y0_w0h0.png,identical,,,identical,,0,0
Window_clip,E_x0y0_w128h128-x16y16_w8h8.png,identical,,,identical,,0,0
Window_clip,E_x0y0_w1h1-x0y0_w0h0.png,identical,,,identical,,0,0
Window_clip,E_x0y0_w1h1-x16y16_w8h8.png,identical,,,identical,,0,0
Window_clip,E_x0y0_w255h255-x0y0_w0h0.png,identical,,,identical,,0,0
Window_clip,E_x0y0_w255h255-x16y16_w8h8.png,identical,,,identical,,0,0
Window_clip,E_x0y0_w256h256-x0y0_w0h0.png,identical,,,identical,,0,0
Window_clip,E_x0y0_w256h256-x16y16_w8h8.png,identical,,,identical,,0,0
Window_clip,E_x1y1_w253h253-x0y0_w0h0.png,identical,,,identical,,0,0
Window_clip,E_x1y1_w253h253-x16y16_w8h8.png,identical,,,identical,,0,0
Window_clip,E_x1y1_w254h254-x0y0_w0h0.png,identical,,,identical,,0,0
Window_clip,E_x1y1_w254h254-x16y16_w8h8.png,identical,,,identical,,0,0
Window_clip,E_x255y255_w1h1-x0y0_w0h0.png,identical,,,identical,,0,0
Window_clip,E_x255y255_w1h1-x16y16_w8h8.png,identical,,,identical,,0,0
Window_clip,E_x256y256_w1h1-x0y0_w0h0.png,identical,,,identical,,0,0
Window_clip,E_x256y256_w1h1-x16y16_w8h8.png,identical,,,identical,,0,0
Window_clip,E_x8y16_w3840h3840-x0y0_w0h0.png,identical,,,identical,,0,0
Window_clip,E_x8y16_w3840h3840-x16y16_w8h8.png,identical,,,identical,,0,0
Window_clip,E_x96y96_w64h64-x0y0_w0h0.png,identical,,,identical,,0,0
Window_clip,E_x96y96_w64h64-x16y16_w8h8.png,identical,,,identical,,0,0
Window_clip,I_x0y0_w0h0-x0y0_w0h0.png,identical,,,identical,,0,0
Window_clip,I_x0y0_w0h0-x16y16_w8h8.png,identical,,,identical,,0,0
Window_clip,I_x0y0_w128h128-x0y0_w0h0.png,identical,,,identical,,0,0
Window_clip,I_x0y0_w128h128-x16y16_w8h8.png,identical,,,identical,,0,0
Window_clip,I_x0y0_w1h1-x0y0_w0h0.png,identical,,,identical,,0,0
Window_clip,I_x0y0_w1h1-x16y16_w8h8.png,identical,,,identical,,0,0
Window_clip,I_x0y0_w255h255-x0y0_w0h0.png,identical,,,identical,,0,0
Window_clip,I_x0y0_w255h255-x16y16_w8h8.png,identical,,,identical,,0,0
Window_clip,I_x0y0_w256h256-x0y0_w0h0.png,identical,,,identical,,0,0
Window_clip,I_x0y0_w256h256-x16y16_w8h8.png,identical,,,identical,,0,0
Window_clip,I_x1y1_w253h253-x0y0_w0h0.png,identical,,,identical,,0,0
Window_clip,I_x1y1_w253h253-x16y16_w8h8.png,identical,,,identical,,0,0
Window_clip,I_x1y1_w254h254-x0y0_w0h0.png,identical,,,identical,,0,0
Window_clip,I_x1y1_w254h254-x16y16_w8h8.png,identical,,,identical,,0,0
Window_clip,I_x255y255_w1h1-x0y0_w0h0.png,identical,,,identical,,0,0
Window_clip,I_x255y255_w1h1-x16y16_w8h8.png,identical,,,identical,,0,0
Window_clip,I_x256y256_w1h1-x0y0_w0h0.png,identical,,,identical,,0,0
Window_clip,I_x256y256_w1h1-x16y16_w8h8.png,identical,,,identical,,0,0
Window_clip,I_x8y16_w3840h3840-x0y0_w0h0.png,identical,,,identical,,0,0
Window_clip,I_x8y16_w3840h3840-x16y16_w8h8.png,identical,,,identical,,0,0
Window_clip,I_x96y96_w64h64-x0y0_w0h0.png,identical,,,identical,,0,0
Window_clip,I_x96y96_w64h64-x16y16_w8h8.png,identical,,,identical,,0,0
Window_clip,rE_x0y0_w0h0-x0y0_w0h0.png,identical,,,identical,,0,0
Window_clip,rE_x0y0_w0h0-x16y16_w8h8.png,identical,,,identical,,0,0
Window_clip,rE_x0y0_w128h128-x0y0_w0h0.png,identical,,,identical,,0,0
Window_clip,rE_x0y0_w128h128-x16y16_w8h8.png,identical,,,identical,,0,0
Window_clip,rE_x0y0_w1h1-x0y0_w0h0.png,identical,,,identical,,0,0
Window_clip,rE_x0y0_w1h1-x16y16_w8h8.png,identical,,,identical,,0,0
Window_clip,rE_x0y0_w255h255-x0y0_w0h0.png,identical,,,identical,,0,0
Window_clip,rE_x0y0_w255h255-x16y16_w8h8.png,identical,,,identical,,0,0
Window_clip,rE_x0y0_w256h256-x0y0_w0h0.png,identical,,,identical,,0,0
Window_clip,rE_x0y0_w256h256-x16y16_w8h8.png,identical,,,identical,,0,0
Window_clip,rE_x1y1_w253h253-x0y0_w0h0.png,identical,,,identical,,0,0
Window_clip,rE_x1y1_w253h253-x16y16_w8h8.png,identical,,,identical,,0,0
Window_clip,rE_x1y1_w254h254-x0y0_w0h0.png,identical,,,identical,,0,0
Window_clip,rE_x1y1_w254h254-x16y16_w8h8.png,identical,,,identical,,0,0
Window_clip,rE_x255y255_w1h1-x0y0_w0h0.png,identical,,,identical,,0,0
Window_clip,rE_x255y255_w1h1-x16y16_w8h8.png,identical,,,identical,,0,0
Window_clip,rE_x256y256_w1h1-x0y0_w0h0.png,identical,,,identical,,0,0
Window_clip,rE_x256y256_w1h1-x16y16_w8h8.png,identical,,,identical,,0,0
Window_clip,rE_x8y16_w3840h3840-x0y0_w0h0.png,identical,,,identical,,0,0
Window_clip,rE_x8y16_w3840h3840-x16y16_w8h8.png,identical,,,identical,,0,0
Window_clip,rE_x96y96_w64h64-x0y0_w0h0.png,identical,,,identical,,0,0
Window_clip,rE_x96y96_w64h64-x16y16_w8h8.png,identical,,,identical,,0,0
Window_clip,rI_x0y0_w0h0-x0y0_w0h0.png,identical,,,identical,,0,0
Window_clip,rI_x0y0_w0h0-x16y16_w8h8.png,identical,,,identical,,0,0
Window_clip,rI_x0y0_w128h128-x0y0_w0h0.png,identical,,,identical,,0,0
Window_clip,rI_x0y0_w128h128-x16y16_w8h8.png,identical,,,identical,,0,0
Window_clip,rI_x0y0_w1h1-x0y0_w0h0.png,identical,,,identical,,0,0
Window_clip,rI_x0y0_w1h1-x16y16_w8h8.png,identical,,,identical,,0,0
Window_clip,rI_x0y0_w255h255-x0y0_w0h0.png,identical,,,identical,,0,0
Window_clip,rI_x0y0_w255h255-x16y16_w8h8.png,identical,,,identical,,0,0
Window_clip,rI_x0y0_w256h256-x0y0_w0h0.png,identical,,,identical,,0,0
Window_clip,rI_x0y0_w256h256-x16y16_w8h8.png,identical,,,identical,,0,0
Window_clip,rI_x1y1_w253h253-x0y0_w0h0.png,identical,,,identical,,0,0
Window_clip,rI_x1y1_w253h253-x16y16_w8h8.png,identical,,,identical,,0,0
Window_clip,rI_x1y1_w254h254-x0y0_w0h0.png,identical,,,identical,,0,0
Window_clip,rI_x1y1_w254h254-x16y16_w8h8.png,identical,,,identical,,0,0
Window_clip,rI_x255y255_w1h1-x0y0_w0h0.png,identical,,,identical,,0,0
Window_clip,rI_x255y255_w1h1-x16y16_w8h8.png,identical,,,identical,,0,0
Window_clip,rI_x256y256_w1h1-x0y0_w0h0.png,identical,,,identical,,0,0
Window_clip,rI_x256y256_w1h1-x16y16_w8h8.png,identical,,,identical,,0,0
Window_clip,rI_x8y16_w3840h3840-x0y0_w0h0.png,identical,,,identical,,0,0
Window_clip,rI_x8y16_w3840h3840-x16y16_w8h8.png,identical,,,identical,,0,0
Window_clip,rI_x96y96_w64h64-x0y0_w0h0.png,identical,,,identical,,0,0
Window_clip,rI_x96y96_w64h64-x16y16_w8h8.png,identical,,,identical,,0,0
Window_clip,rsE_x60y60_w64h64-x0y0_w64h64.png,identical,,,identical,,0,0
Window_clip,rsI_x60y60_w64h64-x0y0_w64h64.png,identical,,,identical,,0,0
Window_clip,sE_x60y60_w64h64-x0y0_w64h64.png,identical,,,identical,,0,0
Window_clip,sI_x60y60_w64h64-x0y0_w64h64.png,identical,,,identical,,0,0
ZMinMaxControl,CtrlFixed_NEARFAR_ZCLAMP.png,identical,,,identical,,25344,215
ZMinMaxControl,CtrlFixed_NEARFAR_ZCLAMP_IgnW.png,identical,,,identical,,25158,215
ZMinMaxControl,CtrlFixed_NEARFAR_ZCULL.png,identical,,,identical,,5524,1
ZMinMaxControl,CtrlFixed_NEARFAR_ZCULL_IgnW.png,identical,,,identical,,5524,1
ZMinMaxControl,CtrlFixed_WBuf_NEARFAR_ZCLAMP.png,identical,,,identical,,25161,215
ZMinMaxControl,CtrlFixed_WBuf_NEARFAR_ZCLAMP_IgnW.png,identical,,,identical,,25054,215
ZMinMaxControl,CtrlFixed_WBuf_NEARFAR_ZCULL.png,identical,,,identical,,7074,215
ZMinMaxControl,CtrlFixed_WBuf_NEARFAR_ZCULL_IgnW.png,identical,,,identical,,7074,215
ZMinMaxControl,CtrlFixed_WBuf_ZCLAMP.png,identical,,,identical,,7810,1
ZMinMaxControl,CtrlFixed_WBuf_ZCLAMP_IgnW.png,identical,,,identical,,7810,1
ZMinMaxControl,CtrlFixed_WBuf_ZCULL.png,identical,,,identical,,3490,1
ZMinMaxControl,CtrlFixed_WBuf_ZCULL_IgnW.png,identical,,,identical,,3490,1
ZMinMaxControl,CtrlFixed_ZCLAMP.png,identical,,,identical,,7810,1
ZMinMaxControl,CtrlFixed_ZCLAMP_IgnW.png,identical,,,identical,,7810,1
ZMinMaxControl,CtrlFixed_ZCULL.png,identical,,,identical,,5524,1
ZMinMaxControl,CtrlFixed_ZCULL_IgnW.png,identical,,,identical,,5524,1
ZMinMaxControl,Ctrl_NEARFAR_ZCLAMP.png,identical,,,identical,,21073,215
ZMinMaxControl,Ctrl_NEARFAR_ZCLAMP_IgnW.png,identical,,,identical,,21073,215
ZMinMaxControl,Ctrl_NEARFAR_ZCULL.png,identical,,,identical,,5891,1
ZMinMaxControl,Ctrl_NEARFAR_ZCULL_IgnW.png,identical,,,identical,,5891,1
ZMinMaxControl,Ctrl_WBuf_NEARFAR_ZCLAMP.png,identical,,,identical,,21073,215
ZMinMaxControl,Ctrl_WBuf_NEARFAR_ZCLAMP_IgnW.png,identical,,,identical,,21073,215
ZMinMaxControl,Ctrl_WBuf_NEARFAR_ZCULL.png,identical,,,identical,,6968,215
ZMinMaxControl,Ctrl_WBuf_NEARFAR_ZCULL_IgnW.png,identical,,,identical,,6968,215
ZMinMaxControl,Ctrl_WBuf_ZCLAMP.png,identical,,,identical,,7678,1
ZMinMaxControl,Ctrl_WBuf_ZCLAMP_IgnW.png,identical,,,identical,,7678,1
ZMinMaxControl,Ctrl_WBuf_ZCULL.png,identical,,,identical,,3384,1
ZMinMaxControl,Ctrl_WBuf_ZCULL_IgnW.png,identical,,,identical,,3384,1
ZMinMaxControl,Ctrl_ZCLAMP.png,identical,,,identical,,7678,1
ZMinMaxControl,Ctrl_ZCLAMP_IgnW.png,identical,,,identical,,7678,1
ZMinMaxControl,Ctrl_ZCULL.png,identical,,,identical,,5891,1
ZMinMaxControl,Ctrl_ZCULL_IgnW.png,identical,,,identical,,5891,1
ZPass_pixel_count,ZPass.png,identical,,,identical,,1202,255
ZPass_pixel_count,ZPassLineWidth-0x0000.png,identical,,,identical,,320,255
ZPass_pixel_count,ZPassLineWidth-0x0000_ZB.png,identical,,,identical,,0,0
ZPass_pixel_count,ZPassLineWidth-0x0001.png,identical,,,identical,,386,255
ZPass_pixel_count,ZPassLineWidth-0x0001_ZB.png,identical,,,identical,,2,231
ZPass_pixel_count,ZPassLineWidth-0x0004.png,identical,,,identical,,386,255
ZPass_pixel_count,ZPassLineWidth-0x0004_ZB.png,identical,,,identical,,2,231
ZPass_pixel_count,ZPassLineWidth-0x0008.png,identical,,,identical,,386,255
ZPass_pixel_count,ZPassLineWidth-0x0008_ZB.png,identical,,,identical,,2,231
ZPass_pixel_count,ZPassLineWidth-0x000F.png,identical,,,identical,,386,255
ZPass_pixel_count,ZPassLineWidth-0x000F_ZB.png,identical,,,identical,,2,231
ZPass_pixel_count,ZPassLineWidth-0x0010.png,identical,,,identical,,418,255
ZPass_pixel_count,ZPassLineWidth-0x0010_ZB.png,identical,,,identical,,130,231
ZPass_pixel_count,ZPassLineWidth-0x0040.png,identical,,,identical,,468,255
ZPass_pixel_count,ZPassLineWidth-0x0040_ZB.png,identical,,,identical,,142,231
ZPass_pixel_count,ZPassLineWidth-0x00FF.png,identical,,,identical,,390,255
ZPass_pixel_count,ZPassLineWidth-0x00FF_ZB.png,identical,,,identical,,62,231
ZPass_pixel_count,ZPassLineWidth-0x01F8.png,identical,,,identical,,500,255
ZPass_pixel_count,ZPassLineWidth-0x01F8_ZB.png,identical,,,identical,,126,231
ZPass_pixel_count,ZPassPointSize-0x0000.png,identical,,,identical,,342,255
ZPass_pixel_count,ZPassPointSize-0x0000_ZB.png,identical,,,identical,,0,0
ZPass_pixel_count,ZPassPointSize-0x0001.png,identical,,,identical,,342,255
ZPass_pixel_count,ZPassPointSize-0x0001_ZB.png,identical,,,identical,,0,0
ZPass_pixel_count,ZPassPointSize-0x0004.png,identical,,,identical,,342,255
ZPass_pixel_count,ZPassPointSize-0x0004_ZB.png,identical,,,identical,,0,0
ZPass_pixel_count,ZPassPointSize-0x0007.png,identical,,,identical,,342,255
ZPass_pixel_count,ZPassPointSize-0x0007_ZB.png,identical,,,identical,,0,0
ZPass_pixel_count,ZPassPointSize-0x0008.png,identical,,,identical,,342,255
ZPass_pixel_count,ZPassPointSize-0x0008_ZB.png,identical,,,identical,,0,0
ZPass_pixel_count,ZPassPointSize-0x0009.png,identical,,,identical,,342,255
ZPass_pixel_count,ZPassPointSize-0x0009_ZB.png,identical,,,identical,,0,0
ZPass_pixel_count,ZPassPointSize-0x000F.png,identical,,,identical,,342,255
ZPass_pixel_count,ZPassPointSize-0x000F_ZB.png,identical,,,identical,,0,0
ZPass_pixel_count,ZPassPointSize-0x0010.png,identical,,,identical,,330,255
ZPass_pixel_count,ZPassPointSize-0x0010_ZB.png,identical,,,identical,,0,0
ZPass_pixel_count,ZPassPointSize-0x0040.png,identical,,,identical,,384,255
ZPass_pixel_count,ZPassPointSize-0x0040_ZB.png,identical,,,identical,,0,0
ZPass_pixel_count,ZPassPointSize-0x00FF.png,identical,,,identical,,418,255
ZPass_pixel_count,ZPassPointSize-0x00FF_ZB.png,identical,,,identical,,0,0
ZPass_pixel_count,ZPassPointSize-0x0100.png,identical,,,identical,,380,255
ZPass_pixel_count,ZPassPointSize-0x0100_ZB.png,identical,,,identical,,0,0
ZPass_pixel_count,ZPassPointSize-0x01F8.png,identical,,,identical,,332,255
ZPass_pixel_count,ZPassPointSize-0x01F8_ZB.png,identical,,,identical,,0,0
ZPass_pixel_count,ZPassPointSize-0x01FF.png,identical,,,identical,,332,255
ZPass_pixel_count,ZPassPointSize-0x01FF_ZB.png,identical,,,identical,,0,0
ZPass_pixel_count,ZPassPointSizeVS-0x0000.png,identical,,,identical,,344,255
ZPass_pixel_count,ZPassPointSizeVS-0x0000_ZB.png,identical,,,identical,,2,255
ZPass_pixel_count,ZPassPointSizeVS-0x0001.png,identical,,,identical,,320,255
ZPass_pixel_count,ZPassPointSizeVS-0x0001_ZB.png,identical,,,identical,,0,0
ZPass_pixel_count,ZPassPointSizeVS-0x0004.png,identical,,,identical,,320,255
ZPass_pixel_count,ZPassPointSizeVS-0x0004_ZB.png,identical,,,identical,,0,0
ZPass_pixel_count,ZPassPointSizeVS-0x0007.png,identical,,,identical,,320,255
ZPass_pixel_count,ZPassPointSizeVS-0x0007_ZB.png,identical,,,identical,,0,0
ZPass_pixel_count,ZPassPointSizeVS-0x0008.png,identical,,,identical,,342,255
ZPass_pixel_count,ZPassPointSizeVS-0x0008_ZB.png,identical,,,identical,,0,0
ZPass_pixel_count,ZPassPointSizeVS-0x0009.png,identical,,,identical,,330,255
ZPass_pixel_count,ZPassPointSizeVS-0x0009_ZB.png,identical,,,identical,,0,0
ZPass_pixel_count,ZPassPointSizeVS-0x000F.png,identical,,,identical,,330,255
ZPass_pixel_count,ZPassPointSizeVS-0x000F_ZB.png,identical,,,identical,,0,0
ZPass_pixel_count,ZPassPointSizeVS-0x0010.png,identical,,,identical,,330,255
ZPass_pixel_count,ZPassPointSizeVS-0x0010_ZB.png,identical,,,identical,,0,0
ZPass_pixel_count,ZPassPointSizeVS-0x0040.png,identical,,,identical,,384,255
ZPass_pixel_count,ZPassPointSizeVS-0x0040_ZB.png,identical,,,identical,,0,0
ZPass_pixel_count,ZPassPointSizeVS-0x00FF.png,identical,,,identical,,380,255
ZPass_pixel_count,ZPassPointSizeVS-0x00FF_ZB.png,identical,,,identical,,0,0
ZPass_pixel_count,ZPassPointSizeVS-0x0100.png,identical,,,identical,,380,255
ZPass_pixel_count,ZPassPointSizeVS-0x0100_ZB.png,identical,,,identical,,0,0
ZPass_pixel_count,ZPassPointSizeVS-0x01F8.png,identical,,,identical,,415,255
ZPass_pixel_count,ZPassPointSizeVS-0x01F8_ZB.png,identical,,,identical,,127,255
ZPass_pixel_count,ZPassPointSizeVS-0x01FF.png,identical,,,identical,,288,255
ZPass_pixel_count,ZPassPointSizeVS-0x01FF_ZB.png,identical,,,identical,,0,0
ZPass_pixel_count,ZPass_ZB.png,identical,,,identical,,0,0
Zero_stride,DrawArrays.png,identical,,,identical,,0,0
Zero_stride,InlineElements.png,identical,,,identical,,0,0
