# hakuX #462 signal timing: ST_CB_3_DOA15
freq_hz 3375000
quads 500
target_switch 1
callbacks_per_frame 15
reps 300
timeouts 0
busy_timeouts 0
stale_callback_times 0
kick_to_callback_handled n=4500 median=13.037 p5=12.741 p95=14.519 min=12.444 max=37.630 us
callback_to_next_callback n=4200 median=429.037 p5=426.370 p95=490.370 min=425.481 max=526.815 us
last_callback_handled_to_semaphore_seen n=300 median=8.000 p5=7.704 p95=8.000 min=7.704 max=16.296 us
final_kick_to_semaphore n=300 median=18.370 p5=18.074 p95=18.370 min=17.778 max=26.667 us
frame(first_draw_to_semaphore) n=300 median=6619.852 p5=6595.259 p95=6630.519 min=6590.815 max=6646.222 us
# raw, counter ticks unless named
start	final_kick	semaphore_seen	callbacks_seen	kick_0	dpc_0	kick_1	dpc_1	kick_2	dpc_2	kick_3	dpc_3	kick_4	dpc_4	kick_5	dpc_5	kick_6	dpc_6	kick_7	dpc_7	kick_8	dpc_8	kick_9	dpc_9	kick_10	dpc_10	kick_11	dpc_11	kick_12	dpc_12	kick_13	dpc_13	kick_14	dpc_14
3797662570	3797684884	3797684946	15	3797664225	3797664284	3797665695	3797665742	3797667140	3797667186	3797668592	3797668635	3797670035	3797670082	3797671488	3797671531	3797672928	3797672971	3797674533	3797674585	3797675984	3797676033	3797677431	3797677474	3797678882	3797678925	3797680323	3797680366	3797681773	3797681816	3797683214	3797683260	3797684873	3797684919
3797685088	3797707368	3797707430	15	3797686655	3797686702	3797688192	3797688239	3797689637	3797689683	3797691083	3797691127	3797692531	3797692577	3797693977	3797694020	3797695426	3797695469	3797697031	3797697075	3797698480	3797698529	3797699928	3797699971	3797701368	3797701411	3797702818	3797702861	3797704259	3797704302	3797705708	3797705751	3797707357	3797707403
3797707538	3797729851	3797729912	15	3797709112	3797709162	3797710558	3797710604	3797712011	3797712056	3797713452	3797713495	3797714975	3797715024	3797716431	3797716474	3797717901	3797717944	3797719512	3797719556	3797720953	3797721003	3797722411	3797722457	3797723852	3797723895	3797725302	3797725346	3797726742	3797726785	3797728183	3797728226	3797729840	3797729885
3797730036	3797752325	3797752387	15	3797731602	3797731649	3797733055	3797733101	3797734497	3797734542	3797735950	3797735993	3797737391	3797737438	3797738845	3797738888	3797740286	3797740329	3797741972	3797742017	3797743422	3797743472	3797744870	3797744913	3797746318	3797746361	3797747761	3797747805	3797749212	3797749258	3797750653	3797750697	3797752314	3797752360
3797752467	3797774759	3797774821	15	3797754033	3797754079	3797755476	3797755522	3797756930	3797756975	3797758372	3797758415	3797759819	3797759865	3797761262	3797761307	3797762708	3797762751	3797764312	3797764356	3797765764	3797765813	3797767211	3797767254	3797768731	3797768774	3797770179	3797770222	3797771620	3797771663	3797773069	3797773112	3797774749	3797774794
3797774964	3797797243	3797797304	15	3797776536	3797776583	3797777980	3797778026	3797779431	3797779477	3797780877	3797780920	3797782319	3797782365	3797783769	3797783812	3797785211	3797785254	3797786823	3797786867	3797788266	3797788315	3797789724	3797789767	3797791164	3797791207	3797792605	3797792648	3797794053	3797794096	3797795574	3797795617	3797797232	3797797277
3797797383	3797819577	3797819639	15	3797798947	3797798994	3797800400	3797800446	3797801844	3797801889	3797803294	3797803337	3797804734	3797804780	3797806176	3797806227	3797807627	3797807670	3797809233	3797809280	3797810684	3797810733	3797812132	3797812174	3797813580	3797813623	3797815022	3797815065	3797816472	3797816516	3797817913	3797817956	3797819566	3797819612
3797819724	3797842026	3797842086	15	3797821289	3797821336	3797822814	3797822862	3797824267	3797824313	3797825712	3797825755	3797827161	3797827208	3797828607	3797828650	3797830082	3797830125	3797831689	3797831733	3797833132	3797833181	3797834586	3797834629	3797836026	3797836069	3797837475	3797837518	3797838916	3797838959	3797840364	3797840407	3797842015	3797842060
3797842165	3797864463	3797864524	15	3797843739	3797843785	3797845184	3797845230	3797846628	3797846673	3797848099	3797848142	3797849620	3797849668	3797851077	3797851120	3797852517	3797852560	3797854128	3797854172	3797855570	3797855619	3797857024	3797857067	3797858463	3797858506	3797859906	3797859949	3797861353	3797861396	3797862792	3797862835	3797864452	3797864497
3797864669	3797886969	3797887031	15	3797866232	3797866279	3797867686	3797867732	3797869131	3797869176	3797870583	3797870626	3797872025	3797872072	3797873469	3797873511	3797874917	3797874960	3797876600	3797876645	3797878052	3797878102	3797879498	3797879541	3797880946	3797880990	3797882388	3797882431	3797883837	3797883880	3797885277	3797885320	3797886958	3797887004
3797887158	3797909438	3797909499	15	3797888732	3797888779	3797890176	3797890222	3797891627	3797891673	3797893070	3797893113	3797894520	3797894567	3797895964	3797896007	3797897413	3797897456	3797899015	3797899059	3797900460	3797900509	3797901915	3797901958	3797903435	3797903478	3797904885	3797904928	3797906327	3797906370	3797907775	3797907818	3797909427	3797909472
3797909577	3797931848	3797931910	15	3797911148	3797911195	3797912592	3797912638	3797914037	3797914082	3797915487	3797915530	3797916927	3797916974	3797918377	3797918421	3797919819	3797919861	3797921429	3797921472	3797922871	3797922920	3797924319	3797924370	3797925768	3797925811	3797927209	3797927252	3797928658	3797928701	3797930180	3797930223	3797931837	3797931883
3797931988	3797954207	3797954269	15	3797933552	3797933598	3797935005	3797935051	3797936450	3797936495	3797937901	3797937944	3797939340	3797939387	3797940786	3797940829	3797942234	3797942277	3797943869	3797943913	3797945320	3797945369	3797946768	3797946811	3797948217	3797948260	3797949658	3797949701	3797951098	3797951141	3797952547	3797952590	3797954196	3797954242
3797954346	3797976625	3797976686	15	3797955918	3797955964	3797957443	3797957490	3797958896	3797958942	3797960340	3797960383	3797961792	3797961839	3797963236	3797963279	3797964675	3797964718	3797966286	3797966330	3797967727	3797967776	3797969183	3797969226	3797970624	3797970667	3797972073	3797972116	3797973513	3797973556	3797974962	3797975005	3797976614	3797976659
3797976763	3797999069	3797999131	15	3797978335	3797978381	3797979780	3797979826	3797981226	3797981272	3797982680	3797982723	3797984202	3797984251	3797985656	3797985699	3797987095	3797987138	3797988706	3797988750	3797990148	3797990196	3797991594	3797991637	3797993043	3797993086	3797994482	3797994525	3797995930	3797995973	3797997371	3797997414	3797999058	3797999104
3797999207	3798021474	3798021535	15	3798000773	3798000819	3798002224	3798002270	3798003670	3798003716	3798005114	3798005156	3798006562	3798006609	3798008007	3798008050	3798009455	3798009498	3798011139	3798011184	3798012591	3798012640	3798014037	3798014080	3798015485	3798015528	3798016923	3798016966	3798018363	3798018406	3798019811	3798019854	3798021463	3798021508
3798021612	3798043900	3798043961	15	3798023184	3798023231	3798024629	3798024675	3798026082	3798026128	3798027526	3798027568	3798028973	3798029020	3798030416	3798030459	3798031857	3798031900	3798033486	3798033530	3798034928	3798034977	3798036382	3798036425	3798037823	3798037866	3798039351	3798039394	3798040791	3798040834	3798042231	3798042274	3798043889	3798043934
3798044072	3798066375	3798066437	15	3798045639	3798045686	3798047093	3798047139	3798048536	3798048582	3798049986	3798050029	3798051427	3798051474	3798052881	3798052924	3798054322	3798054365	3798055960	3798056004	3798057402	3798057451	3798058849	3798058892	3798060296	3798060338	3798061736	3798061779	3798063186	3798063229	3798064626	3798064669	3798066365	3798066410
3798066607	3798088807	3798088868	15	3798068176	3798068223	3798069629	3798069676	3798071073	3798071118	3798072516	3798072559	3798073964	3798074011	3798075411	3798075454	3798076860	3798076903	3798078464	3798078508	3798079914	3798079963	3798081359	3798081403	3798082802	3798082845	3798084252	3798084295	3798085693	3798085739	3798087144	3798087187	3798088796	3798088841
3798089039	3798111355	3798111417	15	3798090612	3798090659	3798092142	3798092190	3798093598	3798093647	3798095041	3798095083	3798096490	3798096537	3798097936	3798097979	3798099378	3798099421	3798100991	3798101035	3798102431	3798102481	3798103886	3798103930	3798105327	3798105371	3798106772	3798106815	3798108214	3798108257	3798109655	3798109698	3798111344	3798111390
3798111501	3798133798	3798133860	15	3798113065	3798113112	3798114516	3798114562	3798115961	3798116006	3798117412	3798117455	3798118852	3798118899	3798120386	3798120429	3798121827	3798121870	3798123431	3798123499	3798124901	3798124951	3798126350	3798126393	3798127798	3798127841	3798129238	3798129281	3798130687	3798130730	3798132127	3798132170	3798133787	3798133833
3798133942	3798156212	3798156273	15	3798135506	3798135553	3798136958	3798137004	3798138403	3798138448	3798139845	3798139888	3798141294	3798141341	3798142737	3798142780	3798144188	3798144231	3798145792	3798145836	3798147324	3798147374	3798148771	3798148814	3798150210	3798150253	3798151660	3798151703	3798153100	3798153143	3798154550	3798154593	3798156201	3798156246
3798156356	3798178659	3798178720	15	3798157928	3798157976	3798159374	3798159420	3798160828	3798160874	3798162271	3798162313	3798163714	3798163761	3798165164	3798165206	3798166604	3798166646	3798168245	3798168288	3798169689	3798169738	3798171144	3798171187	3798172584	3798172626	3798174111	3798174154	3798175551	3798175594	3798176990	3798177033	3798178648	3798178693
3798178800	3798201085	3798201147	15	3798180368	3798180415	3798181821	3798181867	3798183264	3798183310	3798184714	3798184757	3798186155	3798186202	3798187608	3798187651	3798189049	3798189092	3798190653	3798190698	3798192106	3798192155	3798193553	3798193596	3798195001	3798195044	3798196442	3798196485	3798197891	3798197934	3798199332	3798199375	3798201067	3798201120
3798201225	3798223432	3798223494	15	3798202790	3798202837	3798204234	3798204280	3798205685	3798205731	3798207129	3798207175	3798208581	3798208628	3798210024	3798210067	3798211472	3798211515	3798213075	3798213119	3798214518	3798214567	3798215971	3798216014	3798217431	3798217477	3798218879	3798218922	3798220319	3798220362	3798221770	3798221813	3798223421	3798223467
3798223573	3798245885	3798245947	15	3798225177	3798225222	3798226619	3798226666	3798228151	3798228198	3798229597	3798229640	3798231039	3798231086	3798232494	3798232537	3798233934	3798233977	3798235546	3798235590	3798236990	3798237038	3798238444	3798238487	3798239885	3798239928	3798241327	3798241370	3798242774	3798242817	3798244213	3798244256	3798245874	3798245920
3798246026	3798268301	3798268362	15	3798247590	3798247637	3798249044	3798249090	3798250487	3798250533	3798251939	3798251982	3798253377	3798253424	3798254902	3798254945	3798256353	3798256396	3798257958	3798258003	3798259409	3798259459	3798260859	3798260902	3798262307	3798262350	3798263749	3798263792	3798265191	3798265242	3798266638	3798266681	3798268290	3798268335
3798268440	3798290742	3798290804	15	3798270011	3798270058	3798271457	3798271502	3798272908	3798272953	3798274350	3798274393	3798275798	3798275845	3798277244	3798277287	3798278685	3798278736	3798280327	3798280370	3798281847	3798281897	3798283302	3798283345	3798284742	3798284785	3798286189	3798286232	3798287628	3798287671	3798289080	3798289123	3798290731	3798290777
3798290882	3798313155	3798313217	15	3798292454	3798292501	3798293900	3798293946	3798295346	3798295391	3798296795	3798296838	3798298235	3798298281	3798299684	3798299727	3798301124	3798301167	3798302737	3798302781	3798304181	3798304230	3798305628	3798305671	3798307075	3798307118	3798308594	3798308638	3798310044	3798310087	3798311485	3798311528	3798313144	3798313190
3798313295	3798335560	3798335622	15	3798314859	3798314905	3798316312	3798316359	3798317758	3798317803	3798319206	3798319252	3798320648	3798320695	3798322093	3798322136	3798323541	3798323584	3798325144	3798325188	3798326593	3798326642	3798328040	3798328083	3798329488	3798329531	3798330928	3798330971	3798332367	3798332410	3798333815	3798333859	3798335549	3798335595
3798335701	3798357926	3798357988	15	3798337304	3798337349	3798338747	3798338793	3798340199	3798340244	3798341642	3798341685	3798343088	3798343135	3798344532	3798344575	3798345973	3798346016	3798347586	3798347630	3798349030	3798349079	3798350485	3798350528	3798351926	3798351969	3798353373	3798353416	3798354813	3798354856	3798356255	3798356298	3798357915	3798357961
3798358066	3798380347	3798380408	15	3798359632	3798359678	3798361084	3798361130	3798362607	3798362654	3798364060	3798364103	3798365499	3798365546	3798366952	3798366995	3798368393	3798368436	3798370006	3798370050	3798371451	3798371499	3798372898	3798372941	3798374346	3798374389	3798375786	3798375829	3798377235	3798377278	3798378677	3798378720	3798380336	3798380381
3798380486	3798402808	3798402870	15	3798382053	3798382100	3798383507	3798383553	3798384953	3798384998	3798386396	3798386439	3798387841	3798387888	3798389368	3798389412	3798390818	3798390861	3798392426	3798392470	3798393904	3798393954	3798395353	3798395396	3798396793	3798396843	3798398240	3798398283	3798399679	3798399722	3798401127	3798401170	3798402798	3798402843
3798403001	3798425286	3798425348	15	3798404577	3798404624	3798406022	3798406068	3798407473	3798407519	3798408918	3798408961	3798410367	3798410414	3798411811	3798411854	3798413250	3798413293	3798414863	3798414907	3798416387	3798416437	3798417844	3798417887	3798419284	3798419327	3798420731	3798420774	3798422172	3798422215	3798423613	3798423656	3798425275	3798425321
3798425429	3798447707	3798447769	15	3798426994	3798427040	3798428446	3798428492	3798429893	3798429938	3798431342	3798431385	3798432782	3798432828	3798434236	3798434279	3798435677	3798435720	3798437280	3798437332	3798438732	3798438781	3798440178	3798440221	3798441626	3798441669	3798443067	3798443110	3798444595	3798444638	3798446037	3798446080	3798447696	3798447742
3798448031	3798470331	3798470392	15	3798449632	3798449678	3798451085	3798451131	3798452530	3798452575	3798453973	3798454016	3798455424	3798455471	3798456867	3798456910	3798458314	3798458357	3798459915	3798459959	3798461365	3798461414	3798462812	3798462855	3798464253	3798464297	3798465702	3798465745	3798467143	3798467186	3798468590	3798468633	3798470320	3798470366
3798470474	3798492675	3798492737	15	3798472050	3798472096	3798473494	3798473541	3798474947	3798474992	3798476392	3798476435	3798477842	3798477889	3798479287	3798479330	3798480730	3798480773	3798482339	3798482383	3798483780	3798483829	3798485234	3798485277	3798486675	3798486718	3798488124	3798488167	3798489563	3798489606	3798491004	3798491047	3798492665	3798492710
3798492994	3798515307	3798515368	15	3798494563	3798494612	3798496019	3798496066	3798497544	3798497591	3798498997	3798499040	3798500438	3798500485	3798501892	3798501935	3798503332	3798503375	3798504945	3798504989	3798506415	3798506465	3798507862	3798507905	3798509309	3798509352	3798510750	3798510793	3798512197	3798512243	3798513636	3798513679	3798515296	3798515341
3798515447	3798537714	3798537776	15	3798517011	3798517057	3798518464	3798518510	3798519908	3798519953	3798521350	3798521393	3798522799	3798522845	3798524243	3798524367	3798525772	3798525815	3798527376	3798527420	3798528827	3798528876	3798530273	3798530316	3798531713	3798531756	3798533160	3798533203	3798534601	3798534644	3798536051	3798536094	3798537703	3798537749
3798537855	3798560138	3798560199	15	3798539429	3798539475	3798540874	3798540920	3798542326	3798542371	3798543769	3798543811	3798545211	3798545257	3798546665	3798546708	3798548106	3798548149	3798549718	3798549762	3798551161	3798551210	3798552696	3798552740	3798554134	3798554177	3798555584	3798555627	3798557027	3798557070	3798558467	3798558509	3798560127	3798560172
3798560277	3798582570	3798582632	15	3798561871	3798561916	3798563320	3798563367	3798564766	3798564814	3798566218	3798566261	3798567656	3798567702	3798569107	3798569150	3798570548	3798570591	3798572152	3798572196	3798573602	3798573651	3798575047	3798575090	3798576494	3798576537	3798577934	3798577977	3798579461	3798579504	3798580901	3798580943	3798582560	3798582605
3798582710	3798604920	3798604982	15	3798584275	3798584325	3798585719	3798585768	3798587191	3798587237	3798588637	3798588680	3798590085	3798590131	3798591531	3798591574	3798592978	3798593021	3798594582	3798594627	3798596029	3798596078	3798597478	3798597521	3798598919	3798598962	3798600368	3798600411	3798601809	3798601852	3798603257	3798603300	3798604909	3798604955
3798605059	3798627359	3798627421	15	3798606711	3798606758	3798608156	3798608202	3798609607	3798609656	3798611052	3798611094	3798612490	3798612536	3798613942	3798613985	3798615383	3798615426	3798616994	3798617038	3798618461	3798618509	3798619916	3798619959	3798621358	3798621401	3798622799	3798622842	3798624249	3798624292	3798625688	3798625731	3798627348	3798627394
3798627498	3798649766	3798649827	15	3798629064	3798629111	3798630520	3798630566	3798631964	3798632009	3798633494	3798633538	3798634934	3798634981	3798636377	3798636421	3798637826	3798637869	3798639432	3798639476	3798640881	3798640930	3798642328	3798642371	3798643775	3798643818	3798645214	3798645257	3798646663	3798646707	3798648105	3798648148	3798649755	3798649801
3798649905	3798672184	3798672246	15	3798651479	3798651525	3798652923	3798652969	3798654375	3798654420	3798655818	3798655861	3798657266	3798657312	3798658711	3798658754	3798660240	3798660284	3798661847	3798661891	3798663289	3798663339	3798664746	3798664789	3798666185	3798666228	3798667633	3798667676	3798669074	3798669117	3798670521	3798670564	3798672173	3798672219
3798672323	3798694626	3798694688	15	3798673896	3798673943	3798675370	3798675416	3798676811	3798676856	3798678259	3798678302	3798679701	3798679747	3798681153	3798681196	3798682594	3798682637	3798684207	3798684251	3798685648	3798685697	3798687184	3798687227	3798688626	3798688669	3798690067	3798690110	3798691515	3798691558	3798692954	3798692997	3798694615	3798694661
3798694768	3798717044	3798717105	15	3798696338	3798696385	3798697791	3798697838	3798699236	3798699281	3798700689	3798700732	3798702132	3798702178	3798703575	3798703618	3798705025	3798705068	3798706627	3798706671	3798708078	3798708127	3798709526	3798709569	3798710974	3798711017	3798712415	3798712458	3798713934	3798713980	3798715384	3798715427	3798717033	3798717078
3798717186	3798739410	3798739472	15	3798718758	3798718805	3798720204	3798720250	3798721655	3798721701	3798723099	3798723141	3798724547	3798724594	3798725990	3798726033	3798727431	3798727474	3798729042	3798729086	3798730486	3798730537	3798731970	3798732013	3798733410	3798733453	3798734858	3798734901	3798736300	3798736343	3798737750	3798737793	3798739399	3798739445
3798739550	3798761831	3798761893	15	3798741204	3798741251	3798742650	3798742696	3798744094	3798744139	3798745544	3798745587	3798746985	3798747031	3798748439	3798748482	3798749879	3798749922	3798751492	3798751536	3798752937	3798752985	3798754382	3798754425	3798755831	3798755874	3798757271	3798757314	3798758722	3798758765	3798760161	3798760203	3798761820	3798761866
3798761971	3798784265	3798784326	15	3798763534	3798763581	3798764987	3798765033	3798766429	3798766474	3798767954	3798767997	3798769400	3798769447	3798770847	3798770890	3798772319	3798772363	3798773923	3798773967	3798775373	3798775422	3798776819	3798776862	3798778270	3798778313	3798779711	3798779754	3798781153	3798781196	3798782603	3798782646	3798784254	3798784299
3798784403	3798806709	3798806770	15	3798785974	3798786021	3798787446	3798787492	3798788898	3798788943	3798790340	3798790383	3798791789	3798791838	3798793231	3798793274	3798794752	3798794796	3798796364	3798796408	3798797809	3798797858	3798799263	3798799306	3798800705	3798800747	3798802152	3798802195	3798803594	3798803637	3798805035	3798805078	3798806698	3798806744
3798806847	3798829128	3798829189	15	3798808412	3798808459	3798809866	3798809912	3798811311	3798811357	3798812763	3798812806	3798814202	3798814248	3798815653	3798815696	3798817095	3798817138	3798818704	3798818748	3798820146	3798820195	3798821675	3798821718	3798823126	3798823169	3798824565	3798824608	3798826016	3798826059	3798827456	3798827499	3798829117	3798829163
3798829267	3798851561	3798851622	15	3798830832	3798830879	3798832284	3798832330	3798833726	3798833771	3798835169	3798835211	3798836617	3798836663	3798838063	3798838106	3798839512	3798839555	3798841116	3798841160	3798842568	3798842617	3798844042	3798844085	3798845484	3798845527	3798846933	3798846976	3798848374	3798848417	3798849902	3798849945	3798851550	3798851595
3798851700	3798873901	3798873963	15	3798853273	3798853323	3798854718	3798854764	3798856171	3798856217	3798857614	3798857657	3798859054	3798859100	3798860508	3798860551	3798861949	3798861992	3798863560	3798863604	3798865002	3798865051	3798866457	3798866500	3798867898	3798867941	3798869347	3798869390	3798870789	3798870832	3798872232	3798872275	3798873890	3798873936
3798874040	3798896300	3798896371	15	3798875683	3798875730	3798877135	3798877182	3798878579	3798878624	3798880030	3798880073	3798881471	3798881517	3798882922	3798882965	3798884363	3798884406	3798885965	3798886009	3798887414	3798887463	3798888859	3798888902	3798890305	3798890348	3798891746	3798891789	3798893196	3798893239	3798894637	3798894680	3798896289	3798896342
3798896449	3798918746	3798918808	15	3798898013	3798898060	3798899459	3798899505	3798900941	3798900987	3798902385	3798902428	3798903913	3798903961	3798905359	3798905402	3798906806	3798906849	3798908409	3798908453	3798909860	3798909909	3798911307	3798911350	3798912750	3798912793	3798914198	3798914241	3798915635	3798915678	3798917084	3798917127	3798918735	3798918781
3798918885	3798941161	3798941222	15	3798920457	3798920503	3798921903	3798921949	3798923357	3798923402	3798924798	3798924841	3798926238	3798926284	3798927689	3798927732	3798929130	3798929173	3798930820	3798930865	3798932265	3798932314	3798933720	3798933763	3798935161	3798935204	3798936602	3798936645	3798938051	3798938094	3798939491	3798939534	3798941150	3798941195
3798941299	3798963620	3798963681	15	3798942860	3798942907	3798944315	3798944361	3798945761	3798945806	3798947212	3798947255	3798948652	3798948698	3798950094	3798950137	3798951544	3798951587	3798953149	3798953193	3798954598	3798954650	3798956095	3798956138	3798957625	3798957668	3798959066	3798959109	3798960515	3798960558	3798961956	3798961999	3798963609	3798963654
3798963759	3798986035	3798986095	15	3798965335	3798965382	3798966778	3798966827	3798968230	3798968275	3798969671	3798969714	3798971121	3798971167	3798972565	3798972608	3798974015	3798974058	3798975617	3798975664	3798977061	3798977109	3798978516	3798978559	3798979955	3798979997	3798981403	3798981446	3798982844	3798982887	3798984371	3798984415	3798986024	3798986069
3798986174	3799008394	3799008456	15	3798987747	3798987794	3798989191	3798989237	3798990634	3798990680	3798992086	3798992129	3798993527	3798993573	3798994979	3798995025	3798996423	3798996466	3798998036	3798998081	3798999481	3798999529	3799000931	3799000998	3799002395	3799002438	3799003835	3799003878	3799005283	3799005326	3799006724	3799006767	3799008383	3799008429
3799008533	3799030832	3799030893	15	3799010096	3799010143	3799011629	3799011676	3799013105	3799013151	3799014558	3799014601	3799015997	3799016043	3799017442	3799017485	3799018890	3799018933	3799020495	3799020539	3799021946	3799021995	3799023394	3799023437	3799024840	3799024882	3799026280	3799026323	3799027721	3799027764	3799029170	3799029213	3799030821	3799030866
3799030970	3799053258	3799053319	15	3799032545	3799032592	3799033992	3799034038	3799035445	3799035491	3799036888	3799036931	3799038417	3799038469	3799039862	3799039906	3799041304	3799041347	3799042919	3799042964	3799044361	3799044410	3799045815	3799045858	3799047256	3799047299	3799048705	3799048748	3799050146	3799050189	3799051596	3799051639	3799053247	3799053292
3799053398	3799075699	3799075761	15	3799054970	3799055016	3799056416	3799056462	3799057860	3799057905	3799059311	3799059354	3799060752	3799060798	3799062204	3799062247	3799063641	3799063684	3799065335	3799065379	3799066777	3799066826	3799068222	3799068265	3799069696	3799069739	3799071137	3799071180	3799072586	3799072629	3799074028	3799074071	3799075689	3799075734
3799075838	3799098114	3799098175	15	3799077402	3799077448	3799078855	3799078902	3799080297	3799080342	3799081740	3799081783	3799083190	3799083236	3799084634	3799084677	3799086084	3799086127	3799087689	3799087733	3799089142	3799089191	3799090589	3799090632	3799092119	3799092163	3799093560	3799093603	3799095002	3799095044	3799096450	3799096493	3799098103	3799098148
3799098253	3799120528	3799120590	15	3799099828	3799099874	3799101274	3799101321	3799102725	3799102771	3799104170	3799104213	3799105618	3799105664	3799107059	3799107102	3799108500	3799108543	3799110111	3799110155	3799111553	3799111602	3799113009	3799113052	3799114451	3799114494	3799115898	3799115941	3799117337	3799117380	3799118860	3799118903	3799120517	3799120563
3799120750	3799143001	3799143063	15	3799122315	3799122362	3799123770	3799123816	3799125240	3799125286	3799126694	3799126737	3799128134	3799128181	3799129588	3799129631	3799131030	3799131076	3799132642	3799132686	3799134083	3799134132	3799135529	3799135572	3799136978	3799137021	3799138419	3799138463	3799139870	3799139913	3799141330	3799141373	3799142990	3799143036
3799143141	3799165422	3799165484	15	3799144706	3799144752	3799146241	3799146288	3799147687	3799147732	3799149131	3799149174	3799150581	3799150627	3799152025	3799152068	3799153474	3799153520	3799155080	3799155124	3799156530	3799156579	3799157979	3799158024	3799159419	3799159462	3799160869	3799160912	3799162311	3799162353	3799163761	3799163804	3799165411	3799165457
3799165561	3799187872	3799187934	15	3799167134	3799167180	3799168577	3799168623	3799170030	3799170076	3799171475	3799171518	3799172998	3799173046	3799174452	3799174495	3799175892	3799175935	3799177505	3799177549	3799178948	3799178996	3799180402	3799180445	3799181872	3799181915	3799183322	3799183365	3799184762	3799184805	3799186202	3799186245	3799187861	3799187907
3799188012	3799210295	3799210357	15	3799189578	3799189624	3799191033	3799191079	3799192478	3799192523	3799193927	3799193970	3799195368	3799195414	3799196819	3799196862	3799198260	3799198303	3799199945	3799199990	3799201397	3799201446	3799202845	3799202888	3799204293	3799204336	3799205735	3799205781	3799207184	3799207227	3799208626	3799208669	3799210285	3799210330
3799210795	3799233087	3799233148	15	3799212372	3799212426	3799213834	3799213881	3799215280	3799215325	3799216723	3799216766	3799218172	3799218218	3799219614	3799219657	3799221063	3799221106	3799222667	3799222711	3799224116	3799224165	3799225564	3799225607	3799227094	3799227137	3799228534	3799228578	3799229978	3799230020	3799231425	3799231468	3799233076	3799233121
3799233229	3799255539	3799255601	15	3799234806	3799234852	3799236249	3799236295	3799237730	3799237776	3799239175	3799239218	3799240624	3799240670	3799242069	3799242112	3799243508	3799243551	3799245119	3799245163	3799246561	3799246610	3799248014	3799248057	3799249455	3799249498	3799250905	3799250948	3799252346	3799252389	3799253869	3799253912	3799255528	3799255574
3799255678	3799277871	3799277933	15	3799257242	3799257288	3799258695	3799258741	3799260139	3799260184	3799261590	3799261633	3799263032	3799263078	3799264484	3799264527	3799265923	3799265966	3799267526	3799267578	3799268975	3799269024	3799270422	3799270465	3799271870	3799271913	3799273312	3799273355	3799274761	3799274804	3799276202	3799276245	3799277861	3799277906
3799278008	3799300310	3799300371	15	3799279572	3799279618	3799281106	3799281153	3799282550	3799282596	3799283994	3799284037	3799285442	3799285488	3799286886	3799286929	3799288334	3799288377	3799289936	3799289981	3799291388	3799291437	3799292837	3799292880	3799294306	3799294349	3799295754	3799295797	3799297196	3799297239	3799298647	3799298690	3799300299	3799300344
3799300448	3799322715	3799322777	15	3799302021	3799302067	3799303466	3799303512	3799304917	3799304963	3799306361	3799306404	3799307882	3799307930	3799309335	3799309378	3799310774	3799310817	3799312386	3799312430	3799313826	3799313874	3799315280	3799315323	3799316720	3799316763	3799318161	3799318211	3799319608	3799319651	3799321046	3799321089	3799322704	3799322750
3799323226	3799345538	3799345599	15	3799324796	3799324846	3799326273	3799326319	3799327717	3799327763	3799329169	3799329212	3799330610	3799330656	3799332062	3799332105	3799333502	3799333545	3799335195	3799335240	3799336640	3799336690	3799338087	3799338130	3799339537	3799339580	3799340976	3799341023	3799342426	3799342469	3799343867	3799343910	3799345527	3799345572
3799345679	3799367974	3799368036	15	3799347245	3799347291	3799348696	3799348742	3799350169	3799350215	3799351611	3799351653	3799353059	3799353105	3799354504	3799354547	3799355954	3799355997	3799357553	3799357597	3799359006	3799359055	3799360451	3799360494	3799361972	3799362016	3799363423	3799363466	3799364862	3799364905	3799366311	3799366354	3799367963	3799368009
3799368114	3799390395	3799390457	15	3799369693	3799369740	3799371140	3799371186	3799372592	3799372638	3799374037	3799374080	3799375480	3799375526	3799376929	3799376972	3799378368	3799378411	3799379978	3799380022	3799381421	3799381469	3799382875	3799382918	3799384315	3799384358	3799385764	3799385807	3799387205	3799387248	3799388644	3799388690	3799390384	3799390430
3799390534	3799412762	3799412824	15	3799392099	3799392146	3799393552	3799393598	3799394997	3799395043	3799396448	3799396491	3799397888	3799397934	3799399341	3799399384	3799400783	3799400826	3799402387	3799402431	3799403838	3799403887	3799405286	3799405329	3799406765	3799406808	3799408206	3799408249	3799409654	3799409697	3799411092	3799411134	3799412751	3799412797
3799412901	3799435171	3799435233	15	3799414467	3799414516	3799415993	3799416040	3799417446	3799417495	3799418890	3799418933	3799420339	3799420386	3799421783	3799421826	3799423230	3799423273	3799424832	3799424876	3799426283	3799426332	3799427731	3799427774	3799429174	3799429217	3799430621	3799430664	3799432061	3799432104	3799433508	3799433551	3799435160	3799435206
3799435309	3799457590	3799457652	15	3799436884	3799436930	3799438327	3799438376	3799439779	3799439824	3799441224	3799441267	3799442665	3799442711	3799444196	3799444239	3799445638	3799445681	3799447250	3799447294	3799448694	3799448743	3799450149	3799450192	3799451591	3799451634	3799453031	3799453074	3799454479	3799454522	3799455919	3799455962	3799457579	3799457625
3799457730	3799480022	3799480084	15	3799459292	3799459339	3799460744	3799460790	3799462186	3799462232	3799463665	3799463708	3799465106	3799465152	3799466549	3799466592	3799467998	3799468041	3799469600	3799469644	3799471134	3799471184	3799472583	3799472626	3799474032	3799474075	3799475473	3799475516	3799476920	3799476963	3799478360	3799478403	3799480011	3799480057
3799480161	3799502436	3799502497	15	3799481735	3799481781	3799483179	3799483228	3799484631	3799484676	3799486074	3799486117	3799487523	3799487569	3799488967	3799489010	3799490415	3799490459	3799492016	3799492060	3799493460	3799493508	3799494913	3799494956	3799496355	3799496398	3799497883	3799497927	3799499325	3799499368	3799500775	3799500818	3799502425	3799502470
3799502573	3799524890	3799524952	15	3799504146	3799504192	3799505590	3799505636	3799507033	3799507078	3799508484	3799508527	3799509924	3799509970	3799511392	3799511435	3799512832	3799512875	3799514443	3799514487	3799515887	3799515935	3799517341	3799517384	3799518782	3799518825	3799520251	3799520294	3799521700	3799521743	3799523141	3799523184	3799524879	3799524925
3799525029	3799547219	3799547280	15	3799526596	3799526646	3799528052	3799528098	3799529495	3799529540	3799530946	3799530989	3799532387	3799532433	3799533833	3799533876	3799535281	3799535324	3799536883	3799536928	3799538334	3799538382	3799539781	3799539824	3799541229	3799541272	3799542669	3799542712	3799544110	3799544153	3799545556	3799545599	3799547208	3799547253
3799547355	3799569648	3799569709	15	3799548928	3799548974	3799550374	3799550423	3799551908	3799551955	3799553354	3799553397	3799554803	3799554849	3799556249	3799556292	3799557691	3799557734	3799559306	3799559350	3799560748	3799560797	3799562203	3799562246	3799563644	3799563687	3799565096	3799565139	3799566536	3799566579	3799567984	3799568027	3799569637	3799569682
3799569785	3799592089	3799592150	15	3799571359	3799571405	3799572803	3799572849	3799574247	3799574292	3799575727	3799575770	3799577167	3799577213	3799578699	3799578742	3799580138	3799580181	3799581751	3799581796	3799583193	3799583242	3799584640	3799584683	3799586087	3799586130	3799587530	3799587573	3799588978	3799589021	3799590418	3799590461	3799592078	3799592123
3799592226	3799614496	3799614558	15	3799593791	3799593838	3799595246	3799595292	3799596690	3799596735	3799598132	3799598175	3799599581	3799599627	3799601025	3799601068	3799602474	3799602517	3799604079	3799604123	3799605610	3799605660	3799607058	3799607101	3799608505	3799608548	3799609947	3799609990	3799611387	3799611430	3799612835	3799612878	3799614485	3799614531
3799614634	3799636940	3799637002	15	3799616207	3799616253	3799617652	3799617699	3799619105	3799619150	3799620547	3799620590	3799621998	3799622044	3799623443	3799623486	3799624883	3799624926	3799626494	3799626538	3799627936	3799627985	3799629392	3799629435	3799630833	3799630876	3799632390	3799632433	3799633829	3799633872	3799635269	3799635312	3799636929	3799636975
3799637079	3799659371	3799659433	15	3799638645	3799638691	3799640098	3799640145	3799641543	3799641588	3799642995	3799643038	3799644434	3799644480	3799645886	3799645929	3799647327	3799647370	3799648930	3799648998	3799650396	3799650445	3799651842	3799651885	3799653292	3799653335	3799654734	3799654777	3799656182	3799656225	3799657624	3799657667	3799659360	3799659406
3799659509	3799681694	3799681755	15	3799661074	3799661121	3799662526	3799662572	3799663970	3799664015	3799665411	3799665454	3799666861	3799666907	3799668304	3799668347	3799669753	3799669796	3799671357	3799671401	3799672806	3799672855	3799674254	3799674297	3799675695	3799675738	3799677142	3799677185	3799678583	3799678626	3799680032	3799680075	3799681683	3799681728
3799681830	3799704156	3799704218	15	3799683401	3799683447	3799684846	3799684892	3799686380	3799686427	3799687826	3799687897	3799689297	3799689344	3799690748	3799690791	3799692189	3799692232	3799693800	3799693844	3799695262	3799695311	3799696716	3799696759	3799698158	3799698201	3799699606	3799699649	3799701047	3799701090	3799702487	3799702533	3799704145	3799704191
3799704295	3799726564	3799726649	15	3799705857	3799705903	3799707309	3799707355	3799708754	3799708800	3799710205	3799710248	3799711647	3799711693	3799713179	3799713222	3799714620	3799714663	3799716224	3799716268	3799717673	3799717722	3799719121	3799719164	3799720570	3799720613	3799722012	3799722055	3799723462	3799723505	3799724904	3799724947	3799726554	3799726622
3799726725	3799749025	3799749086	15	3799728290	3799728336	3799729735	3799729781	3799731187	3799731233	3799732631	3799732674	3799734082	3799734128	3799735527	3799735570	3799736978	3799737021	3799738582	3799738626	3799740113	3799740162	3799741561	3799741604	3799743003	3799743046	3799744478	3799744521	3799745917	3799745960	3799747366	3799747409	3799749014	3799749059
3799749163	3799771440	3799771501	15	3799750733	3799750780	3799752179	3799752225	3799753632	3799753678	3799755078	3799755121	3799756518	3799756564	3799757973	3799758016	3799759415	3799759458	3799761025	3799761069	3799762467	3799762516	3799763923	3799763966	3799765362	3799765405	3799766802	3799766845	3799768329	3799768372	3799769769	3799769812	3799771429	3799771474
3799771578	3799793771	3799793832	15	3799773143	3799773190	3799774596	3799774642	3799776042	3799776087	3799777494	3799777537	3799778935	3799778981	3799780378	3799780421	3799781826	3799781869	3799783429	3799783473	3799784881	3799784930	3799786326	3799786369	3799787775	3799787818	3799789215	3799789258	3799790659	3799790710	3799792109	3799792151	3799793760	3799793805
3799793909	3799816221	3799816282	15	3799795563	3799795610	3799797009	3799797055	3799798460	3799798506	3799799904	3799799947	3799801382	3799801429	3799802825	3799802868	3799804275	3799804318	3799805878	3799805922	3799807321	3799807369	3799808774	3799808817	3799810214	3799810257	3799811664	3799811707	3799813106	3799813149	3799814557	3799814600	3799816210	3799816255
3799816360	3799838637	3799838699	15	3799817933	3799817980	3799819377	3799819423	3799820823	3799820868	3799822354	3799822397	3799823796	3799823844	3799825249	3799825295	3799826691	3799826734	3799828301	3799828345	3799829741	3799829790	3799831189	3799831240	3799832638	3799832681	3799834079	3799834122	3799835528	3799835571	3799836966	3799837009	3799838626	3799838672
3799838777	3799861074	3799861135	15	3799840343	3799840390	3799841799	3799841845	3799843241	3799843286	3799844685	3799844736	3799846135	3799846181	3799847580	3799847623	3799849106	3799849150	3799850710	3799850754	3799852160	3799852210	3799853608	3799853651	3799855058	3799855101	3799856496	3799856539	3799857966	3799858009	3799859413	3799859456	3799861063	3799861108
3799861213	3799883512	3799883574	15	3799862784	3799862830	3799864229	3799864278	3799865682	3799865727	3799867124	3799867167	3799868571	3799868617	3799870015	3799870058	3799871457	3799871500	3799873069	3799873113	3799874511	3799874560	3799876045	3799876089	3799877487	3799877530	3799878935	3799878978	3799880398	3799880441	3799881848	3799881891	3799883501	3799883547
3799883651	3799905917	3799905979	15	3799885224	3799885270	3799886669	3799886715	3799888112	3799888157	3799889561	3799889604	3799891000	3799891049	3799892453	3799892496	3799893892	3799893935	3799895503	3799895547	3799896945	3799896993	3799898391	3799898434	3799899838	3799899880	3799901277	3799901320	3799902806	3799902849	3799904248	3799904291	3799905906	3799905952
3799906056	3799928274	3799928335	15	3799907620	3799907667	3799909077	3799909126	3799910520	3799910566	3799911963	3799912006	3799913443	3799913489	3799914886	3799914929	3799916334	3799916377	3799917939	3799917983	3799919391	3799919440	3799920838	3799920881	3799922277	3799922327	3799923724	3799923767	3799925165	3799925208	3799926613	3799926656	3799928263	3799928308
3799928411	3799950694	3799950756	15	3799930063	3799930110	3799931509	3799931555	3799932961	3799933007	3799934405	3799934448	3799935854	3799935900	3799937298	3799937341	3799938737	3799938780	3799940350	3799940394	3799941791	3799941840	3799943249	3799943292	3799944689	3799944732	3799946139	3799946182	3799947580	3799947623	3799949023	3799949066	3799950683	3799950729
3799950832	3799973140	3799973201	15	3799952395	3799952442	3799953850	3799953896	3799955293	3799955339	3799956824	3799956868	3799958266	3799958314	3799959721	3799959765	3799961161	3799961204	3799962765	3799962809	3799964215	3799964264	3799965662	3799965705	3799967111	3799967154	3799968550	3799968593	3799970027	3799970070	3799971469	3799971512	3799973129	3799973174
3799973277	3799995559	3799995620	15	3799974842	3799974888	3799976286	3799976340	3799977741	3799977787	3799979183	3799979226	3799980630	3799980676	3799982072	3799982115	3799983616	3799983660	3799985225	3799985269	3799986675	3799986725	3799988122	3799988165	3799989561	3799989604	3799991011	3799991054	3799992450	3799992493	3799993897	3799993940	3799995548	3799995594
3799995696	3800017960	3800018022	15	3799997268	3799997314	3799998713	3799998759	3800000164	3800000209	3800001605	3800001648	3800003045	3800003091	3800004496	3800004539	3800005936	3800005979	3800007546	3800007590	3800008988	3800009036	3800010520	3800010563	3800011960	3800012003	3800013402	3800013453	3800014851	3800014893	3800016290	3800016333	3800017949	3800017995
3800018099	3800040390	3800040455	15	3800019663	3800019709	3800021116	3800021162	3800022560	3800022605	3800024010	3800024053	3800025451	3800025497	3800026921	3800026972	3800028369	3800028412	3800029973	3800030017	3800031422	3800031471	3800032869	3800032912	3800034319	3800034362	3800035759	3800035802	3800037287	3800037330	3800038728	3800038771	3800040379	3800040425
3800040532	3800062723	3800062784	15	3800042099	3800042146	3800043544	3800043590	3800044999	3800045045	3800046440	3800046483	3800047887	3800047933	3800049332	3800049375	3800050780	3800050823	3800052384	3800052428	3800053826	3800053875	3800055282	3800055325	3800056723	3800056766	3800058171	3800058214	3800059611	3800059654	3800061060	3800061103	3800062712	3800062757
3800062861	3800085193	3800085255	15	3800064532	3800064579	3800065976	3800066022	3800067422	3800067491	3800068889	3800068932	3800070330	3800070376	3800071781	3800071824	3800073221	3800073264	3800074834	3800074878	3800076276	3800076324	3800077730	3800077773	3800079171	3800079214	3800080611	3800080654	3800082087	3800082130	3800083526	3800083569	3800085183	3800085228
3800085332	3800107606	3800107667	15	3800086896	3800086942	3800088350	3800088396	3800089794	3800089842	3800091326	3800091370	3800092769	3800092817	3800094214	3800094257	3800095662	3800095705	3800097264	3800097309	3800098714	3800098763	3800100160	3800100203	3800101609	3800101652	3800103051	3800103094	3800104492	3800104535	3800105942	3800105985	3800107595	3800107640
3800107743	3800130028	3800130089	15	3800109315	3800109362	3800110761	3800110807	3800112216	3800112262	3800113663	3800113706	3800115111	3800115158	3800116555	3800116598	3800117995	3800118038	3800119687	3800119732	3800121132	3800121181	3800122587	3800122630	3800124027	3800124070	3800125476	3800125519	3800126918	3800126961	3800128366	3800128409	3800130017	3800130062
3800130167	3800152476	3800152537	15	3800131742	3800131788	3800133186	3800133232	3800134630	3800134676	3800136082	3800136125	3800137523	3800137569	3800139002	3800139045	3800140443	3800140486	3800142055	3800142099	3800143498	3800143547	3800144945	3800144988	3800146474	3800146517	3800147916	3800147959	3800149365	3800149408	3800150806	3800150849	3800152465	3800152510
3800152614	3800174884	3800174946	15	3800154179	3800154226	3800155635	3800155681	3800157080	3800157125	3800158523	3800158566	3800159973	3800160019	3800161416	3800161459	3800162865	3800162908	3800164468	3800164512	3800165918	3800165967	3800167364	3800167407	3800168814	3800168857	3800170253	3800170296	3800171694	3800171737	3800173221	3800173264	3800174873	3800174919
3800175024	3800197251	3800197313	15	3800176596	3800176643	3800178040	3800178086	3800179492	3800179537	3800180937	3800180980	3800182386	3800182432	3800183830	3800183873	3800185271	3800185314	3800186884	3800186928	3800188327	3800188376	3800189781	3800189824	3800191224	3800191267	3800192673	3800192716	3800194114	3800194157	3800195581	3800195624	3800197240	3800197286
3800197389	3800219664	3800219725	15	3800198955	3800199001	3800200488	3800200535	3800201935	3800201981	3800203386	3800203429	3800204825	3800204871	3800206276	3800206319	3800207718	3800207761	3800209331	3800209378	3800210774	3800210822	3800212218	3800212261	3800213668	3800213711	3800215107	3800215150	3800216555	3800216598	3800217995	3800218038	3800219654	3800219699
3800219803	3800242067	3800242128	15	3800221366	3800221413	3800222817	3800222863	3800224264	3800224309	3800225708	3800225750	3800227236	3800227283	3800228680	3800228723	3800230129	3800230172	3800231733	3800231777	3800233183	3800233232	3800234630	3800234673	3800236069	3800236111	3800237516	3800237559	3800238957	3800239000	3800240405	3800240448	3800242056	3800242101
3800242205	3800264540	3800264601	15	3800243777	3800243826	3800245223	3800245269	3800246675	3800246721	3800248117	3800248160	3800249585	3800249631	3800251066	3800251109	3800252507	3800252550	3800254200	3800254245	3800255643	3800255692	3800257099	3800257142	3800258540	3800258583	3800259989	3800260032	3800261429	3800261472	3800262870	3800262913	3800264529	3800264574
3800264678	3800286955	3800287017	15	3800266243	3800266289	3800267697	3800267743	3800269140	3800269185	3800270591	3800270634	3800272033	3800272079	3800273485	3800273528	3800274926	3800274969	3800276530	3800276574	3800277978	3800278026	3800279423	3800279466	3800280951	3800280994	3800282392	3800282435	3800283840	3800283883	3800285283	3800285329	3800286944	3800286990
3800287094	3800309385	3800309447	15	3800288657	3800288704	3800290102	3800290148	3800291554	3800291600	3800292999	3800293042	3800294446	3800294492	3800295889	3800295932	3800297337	3800297380	3800298939	3800298983	3800300387	3800300436	3800301834	3800301877	3800303276	3800303319	3800304725	3800304771	3800306166	3800306209	3800307724	3800307767	3800309374	3800309420
3800309525	3800331724	3800331784	15	3800311100	3800311147	3800312544	3800312590	3800313999	3800314045	3800315442	3800315485	3800316884	3800316930	3800318336	3800318379	3800319777	3800319820	3800321389	3800321433	3800322830	3800322879	3800324286	3800324329	3800325726	3800325769	3800327166	3800327209	3800328613	3800328656	3800330054	3800330097	3800331713	3800331758
3800331860	3800354129	3800354191	15	3800333423	3800333469	3800334956	3800335003	3800336400	3800336445	3800337852	3800337895	3800339293	3800339339	3800340738	3800340781	3800342186	3800342229	3800343789	3800343833	3800345239	3800345288	3800346687	3800346730	3800348137	3800348180	3800349579	3800349622	3800351028	3800351071	3800352467	3800352510	3800354118	3800354164
3800354267	3800376573	3800376635	15	3800355839	3800355885	3800357284	3800357330	3800358737	3800358782	3800360181	3800360224	3800361709	3800361757	3800363155	3800363198	3800364631	3800364674	3800366235	3800366279	3800367677	3800367726	3800369132	3800369175	3800370573	3800370616	3800372021	3800372064	3800373461	3800373503	3800374910	3800374953	3800376562	3800376608
3800376712	3800398986	3800399047	15	3800378287	3800378333	3800379733	3800379779	3800381178	3800381223	3800382628	3800382671	3800384068	3800384114	3800385522	3800385565	3800386961	3800387004	3800388652	3800388697	3800390094	3800390143	3800391550	3800391593	3800392990	3800393033	3800394430	3800394473	3800395877	3800395919	3800397316	3800397359	3800398975	3800399020
3800399124	3800421421	3800421483	15	3800400689	3800400735	3800402141	3800402187	3800403584	3800403629	3800405037	3800405080	3800406477	3800406523	3800407921	3800407964	3800409370	3800409413	3800410975	3800411019	3800412426	3800412475	3800413872	3800413915	3800415399	3800415443	3800416841	3800416884	3800418281	3800418323	3800419730	3800419773	3800421410	3800421456
3800421559	3800443860	3800443922	15	3800423131	3800423178	3800424577	3800424623	3800426029	3800426075	3800427475	3800427518	3800428923	3800428970	3800430367	3800430409	3800431805	3800431848	3800433436	3800433481	3800434881	3800434930	3800436336	3800436379	3800437778	3800437821	3800439228	3800439271	3800440670	3800440713	3800442117	3800442160	3800443849	3800443895
3800444000	3800466195	3800466256	15	3800445574	3800445621	3800447019	3800447065	3800448463	3800448509	3800449916	3800449959	3800451357	3800451403	3800452808	3800452854	3800454248	3800454291	3800455860	3800455904	3800457301	3800457349	3800458747	3800458790	3800460194	3800460237	3800461634	3800461677	3800463084	3800463127	3800464525	3800464568	3800466184	3800466230
3800466332	3800488625	3800488686	15	3800467892	3800467939	3800469427	3800469474	3800470871	3800470917	3800472316	3800472359	3800473763	3800473809	3800475208	3800475251	3800476684	3800476727	3800478289	3800478333	3800479741	3800479790	3800481188	3800481231	3800482636	3800482679	3800484075	3800484118	3800485515	3800485558	3800486965	3800487007	3800488614	3800488659
3800488763	3800511044	3800511106	15	3800490337	3800490384	3800491784	3800491830	3800493238	3800493284	3800494683	3800494726	3800496131	3800496177	3800497656	3800497699	3800499096	3800499139	3800500710	3800500754	3800502151	3800502201	3800503609	3800503652	3800505047	3800505090	3800506494	3800506537	3800507935	3800507978	3800509375	3800509418	3800511034	3800511079
3800511184	3800533479	3800533541	15	3800512746	3800512792	3800514197	3800514243	3800515639	3800515684	3800517089	3800517132	3800518531	3800518577	3800519984	3800520027	3800521425	3800521468	3800523028	3800523080	3800524559	3800524609	3800526006	3800526049	3800527456	3800527499	3800528897	3800528940	3800530344	3800530387	3800531783	3800531826	3800533468	3800533514
3800533617	3800555889	3800555950	15	3800535183	3800535229	3800536637	3800536683	3800538081	3800538126	3800539525	3800539568	3800540975	3800541021	3800542420	3800542463	3800543869	3800543912	3800545474	3800545518	3800546924	3800546973	3800548370	3800548413	3800549811	3800549854	3800551340	3800551383	3800552779	3800552822	3800554228	3800554271	3800555878	3800555923
3800556193	3800578499	3800578561	15	3800557775	3800557822	3800559219	3800559265	3800560671	3800560717	3800562112	3800562155	3800563554	3800563623	3800565021	3800565067	3800566463	3800566506	3800568074	3800568118	3800569518	3800569567	3800570970	3800571013	3800572412	3800572456	3800573863	3800573906	3800575305	3800575348	3800576746	3800576789	3800578489	3800578534
3800578640	3800600869	3800600931	15	3800580204	3800580250	3800581657	3800581703	3800583102	3800583147	3800584554	3800584597	3800585994	3800586040	3800587446	3800587489	3800588915	3800588958	3800590520	3800590564	3800591972	3800592021	3800593420	3800593463	3800594868	3800594911	3800596310	3800596353	3800597760	3800597803	3800599202	3800599245	3800600859	3800600904
3800601007	3800623296	3800623357	15	3800602571	3800602617	3800604012	3800604061	3800605545	3800605592	3800606990	3800607033	3800608439	3800608485	3800609885	3800609928	3800611335	3800611378	3800612938	3800612982	3800614389	3800614438	3800615836	3800615879	3800617278	3800617321	3800618744	3800618787	3800620186	3800620229	3800621635	3800621678	3800623285	3800623330
3800623436	3800645746	3800645807	15	3800625011	3800625058	3800626456	3800626502	3800627908	3800627954	3800629353	3800629396	3800630794	3800630840	3800632326	3800632369	3800633767	3800633810	3800635377	3800635424	3800636821	3800636870	3800638274	3800638317	3800639716	3800639759	3800641154	3800641205	3800642606	3800642649	3800644047	3800644090	3800645735	3800645780
3800645885	3800668158	3800668227	15	3800647449	3800647496	3800648901	3800648947	3800650347	3800650392	3800651802	3800651845	3800653243	3800653290	3800654687	3800654738	3800656137	3800656180	3800657738	3800657782	3800659269	3800659319	3800660718	3800660761	3800662168	3800662211	3800663609	3800663652	3800665058	3800665101	3800666496	3800666539	3800668147	3800668192
3800668303	3800690561	3800690623	15	3800669867	3800669913	3800671310	3800671356	3800672765	3800672811	3800674207	3800674250	3800675656	3800675702	3800677098	3800677141	3800678547	3800678590	3800680146	3800680190	3800681588	3800681637	3800683045	3800683091	3800684488	3800684531	3800686014	3800686057	3800687455	3800687498	3800688902	3800688945	3800690550	3800690596
3800690700	3800713004	3800713066	15	3800692272	3800692319	3800693719	3800693765	3800695161	3800695217	3800696612	3800696655	3800698054	3800698100	3800699509	3800699552	3800700950	3800700993	3800702592	3800702636	3800704032	3800704081	3800705485	3800705528	3800706925	3800706968	3800708364	3800708407	3800709814	3800709857	3800711255	3800711298	3800712994	3800713039
3800713143	3800735333	3800735395	15	3800714709	3800714756	3800716160	3800716207	3800717607	3800717652	3800719059	3800719102	3800720500	3800720546	3800721944	3800721987	3800723393	3800723436	3800724996	3800725040	3800726447	3800726496	3800727893	3800727936	3800729342	3800729385	3800730784	3800730827	3800732224	3800732267	3800733672	3800733715	3800735323	3800735368
3800736250	3800758557	3800758619	15	3800737825	3800737875	3800739281	3800739328	3800740807	3800740854	3800742251	3800742293	3800743698	3800743745	3800745142	3800745187	3800746589	3800746632	3800748192	3800748236	3800749639	3800749688	3800751085	3800751128	3800752525	3800752568	3800753975	3800754019	3800755417	3800755460	3800756866	3800756909	3800758547	3800758592
3800758702	3800780981	3800781043	15	3800760274	3800760320	3800761718	3800761764	3800763172	3800763218	3800764616	3800764659	3800766057	3800766112	3800767589	3800767632	3800769030	3800769073	3800770642	3800770686	3800772086	3800772136	3800773541	3800773584	3800774980	3800775023	3800776428	3800776471	3800777870	3800777913	3800779311	3800779354	3800780971	3800781016
3800781120	3800803409	3800803471	15	3800782683	3800782730	3800784135	3800784182	3800785581	3800785626	3800787033	3800787076	3800788474	3800788520	3800789926	3800789969	3800791368	3800791411	3800792970	3800793014	3800794502	3800794551	3800795949	3800795992	3800797398	3800797441	3800798838	3800798881	3800800284	3800800327	3800801721	3800801764	3800803398	3800803444
3800803548	3800825894	3800825955	15	3800805110	3800805157	3800806555	3800806625	3800808024	3800808070	3800809469	3800809512	3800810941	3800810988	3800812388	3800812430	3800813835	3800813878	3800815471	3800815515	3800816922	3800816971	3800818369	3800818412	3800819810	3800819853	3800821340	3800821384	3800822783	3800822826	3800824230	3800824273	3800825883	3800825928
3800826036	3800848310	3800848372	15	3800827608	3800827655	3800829053	3800829099	3800830504	3800830550	3800831949	3800831992	3800833389	3800833435	3800834840	3800834883	3800836281	3800836324	3800837893	3800837937	3800839337	3800839385	3800840792	3800840835	3800842233	3800842278	3800843670	3800843721	3800845120	3800845163	3800846560	3800846603	3800848299	3800848345
3800848450	3800870672	3800870742	15	3800850015	3800850062	3800851469	3800851515	3800852912	3800852958	3800854367	3800854410	3800855808	3800855854	3800857260	3800857303	3800858701	3800858744	3800860306	3800860350	3800861757	3800861805	3800863207	3800863250	3800864655	3800864698	3800866094	3800866137	3800867540	3800867583	3800868982	3800869025	3800870661	3800870715
3800870819	3800893085	3800893146	15	3800872379	3800872425	3800873825	3800873871	3800875356	3800875403	3800876800	3800876843	3800878250	3800878296	3800879695	3800879738	3800881142	3800881185	3800882746	3800882790	3800884189	3800884245	3800885644	3800885687	3800887083	3800887126	3800888534	3800888577	3800889972	3800890015	3800891422	3800891465	3800893074	3800893119
3800893223	3800915500	3800915562	15	3800894796	3800894843	3800896243	3800896289	3800897686	3800897740	3800899139	3800899182	3800900581	3800900627	3800902115	3800902158	3800903556	3800903599	3800905166	3800905210	3800906605	3800906654	3800908061	3800908104	3800909499	3800909542	3800910940	3800910983	3800912387	3800912430	3800913828	3800913871	3800915489	3800915535
3800915640	3800937940	3800938001	15	3800917205	3800917254	3800918658	3800918704	3800920102	3800920148	3800921557	3800921600	3800922997	3800923043	3800924444	3800924487	3800925892	3800925935	3800927522	3800927566	3800929054	3800929104	3800930502	3800930545	3800931951	3800931994	3800933393	3800933436	3800934839	3800934882	3800936278	3800936321	3800937929	3800937974
3800938078	3800960354	3800960415	15	3800939649	3800939695	3800941092	3800941138	3800942544	3800942589	3800943988	3800944031	3800945438	3800945484	3800946881	3800946924	3800948331	3800948374	3800949935	3800949979	3800951377	3800951426	3800952831	3800952874	3800954272	3800954315	3800955800	3800955844	3800957244	3800957287	3800958693	3800958736	3800960343	3800960388
3800961310	3800983646	3800983708	15	3800962893	3800962944	3800964343	3800964391	3800965797	3800965843	3800967242	3800967285	3800968691	3800968737	3800970136	3800970179	3800971579	3800971622	3800973192	3800973236	3800974633	3800974681	3800976087	3800976130	3800977526	3800977569	3800978976	3800979020	3800980419	3800980462	3800981860	3800981903	3800983635	3800983681
3800983788	3801006012	3801006073	15	3800985351	3800985398	3800986806	3800986852	3800988248	3800988293	3800989723	3800989766	3800991165	3800991212	3800992619	3800992662	3800994060	3800994103	3800995672	3800995716	3800997116	3800997165	3800998562	3800998605	3801000012	3801000055	3801001452	3801001495	3801002900	3801002943	3801004340	3801004383	3801006002	3801006046
3801006150	3801028426	3801028486	15	3801007715	3801007761	3801009168	3801009214	3801010693	3801010740	3801012136	3801012179	3801013586	3801013633	3801015030	3801015073	3801016478	3801016521	3801018081	3801018125	3801019536	3801019585	3801020982	3801021025	3801022423	3801022466	3801023873	3801023916	3801025316	3801025359	3801026764	3801026807	3801028415	3801028460
3801028564	3801050869	3801050930	15	3801030135	3801030182	3801031578	3801031624	3801033030	3801033076	3801034473	3801034516	3801035912	3801035958	3801037446	3801037490	3801038887	3801038930	3801040528	3801040572	3801041971	3801042019	3801043427	3801043470	3801044869	3801044912	3801046318	3801046361	3801047758	3801047801	3801049199	3801049242	3801050858	3801050903
3801051009	3801073290	3801073351	15	3801052573	3801052620	3801054024	3801054070	3801055470	3801055515	3801056924	3801056967	3801058364	3801058410	3801059814	3801059857	3801061257	3801061300	3801062862	3801062906	3801064392	3801064442	3801065840	3801065883	3801067289	3801067332	3801068730	3801068773	3801070179	3801070222	3801071620	3801071663	3801073279	3801073325
3801073429	3801095731	3801095792	15	3801074991	3801075038	3801076435	3801076482	3801077889	3801077935	3801079333	3801079379	3801080782	3801080828	3801082226	3801082269	3801083676	3801083719	3801085281	3801085325	3801086733	3801086782	3801088180	3801088223	3801089622	3801089665	3801091151	3801091194	3801092591	3801092634	3801094040	3801094084	3801095720	3801095765
3801095870	3801118145	3801118207	15	3801097443	3801097489	3801098886	3801098932	3801100337	3801100382	3801101780	3801101823	3801103222	3801103268	3801104674	3801104717	3801106115	3801106158	3801107726	3801107770	3801109169	3801109217	3801110622	3801110665	3801112063	3801112106	3801113502	3801113545	3801114953	3801114996	3801116392	3801116435	3801118134	3801118180
3801118285	3801140479	3801140541	15	3801119850	3801119897	3801121303	3801121349	3801122749	3801122794	3801124201	3801124244	3801125642	3801125688	3801127086	3801127129	3801128535	3801128578	3801130140	3801130184	3801131590	3801131639	3801133036	3801133079	3801134487	3801134530	3801135927	3801135970	3801137377	3801137420	3801138818	3801138861	3801140468	3801140514
3801140617	3801162923	3801162985	15	3801142189	3801142235	3801143634	3801143680	3801145168	3801145215	3801146612	3801146655	3801148061	3801148107	3801149506	3801149549	3801150956	3801150999	3801152590	3801152634	3801154032	3801154083	3801155485	3801155528	3801156926	3801156969	3801158373	3801158416	3801159813	3801159856	3801161262	3801161305	3801162912	3801162958
3801163062	3801185358	3801185420	15	3801164633	3801164680	3801166078	3801166124	3801167522	3801167567	3801168974	3801169017	3801170415	3801170461	3801171949	3801171992	3801173407	3801173450	3801175019	3801175064	3801176463	3801176512	3801177917	3801177960	3801179358	3801179401	3801180800	3801180843	3801182248	3801182291	3801183688	3801183731	3801185347	3801185393
3801185498	3801207766	3801207827	15	3801187063	3801187110	3801188516	3801188562	3801189959	3801190005	3801191410	3801191453	3801192851	3801192897	3801194294	3801194337	3801195742	3801195785	3801197349	3801197393	3801198882	3801198932	3801200327	3801200370	3801201776	3801201819	3801203216	3801203259	3801204655	3801204698	3801206103	3801206146	3801207755	3801207800
3801207905	3801230209	3801230270	15	3801209508	3801209554	3801210951	3801210997	3801212404	3801212450	3801213847	3801213890	3801215296	3801215342	3801216741	3801216784	3801218182	3801218225	3801219791	3801219836	3801221235	3801221283	3801222689	3801222732	3801224130	3801224173	3801225577	3801225620	3801227098	3801227142	3801228548	3801228591	3801230198	3801230243
3801230349	3801252549	3801252611	15	3801231920	3801231966	3801233367	3801233413	3801234813	3801234858	3801236263	3801236306	3801237701	3801237747	3801239156	3801239199	3801240596	3801240639	3801242210	3801242254	3801243651	3801243700	3801245100	3801245143	3801246550	3801246593	3801247990	3801248033	3801249437	3801249480	3801250877	3801250920	3801252538	3801252584
3801252688	3801274993	3801275055	15	3801254336	3801254383	3801255790	3801255836	3801257235	3801257281	3801258680	3801258723	3801260131	3801260177	3801261575	3801261618	3801263023	3801263067	3801264657	3801264700	3801266107	3801266155	3801267552	3801267595	3801269000	3801269043	3801270441	3801270484	3801271882	3801271925	3801273331	3801273374	3801274982	3801275028
3801275133	3801297417	3801297479	15	3801276706	3801276753	3801278151	3801278197	3801279604	3801279649	3801281129	3801281172	3801282577	3801282624	3801284023	3801284066	3801285464	3801285507	3801287076	3801287120	3801288520	3801288569	3801289976	3801290019	3801291416	3801291459	3801292865	3801292911	3801294306	3801294349	3801295746	3801295789	3801297406	3801297452
3801297558	3801319832	3801319894	15	3801299120	3801299166	3801300575	3801300621	3801302017	3801302062	3801303467	3801303510	3801304908	3801304954	3801306360	3801306403	3801307882	3801307926	3801309499	3801309543	3801310938	3801310987	3801312384	3801312427	3801313832	3801313875	3801315272	3801315315	3801316722	3801316765	3801318162	3801318205	3801319821	3801319867
3801319971	3801342269	3801342331	15	3801321564	3801321609	3801323017	3801323063	3801324459	3801324504	3801325901	3801325947	3801327353	3801327399	3801328797	3801328840	3801330244	3801330287	3801331850	3801331894	3801333298	3801333347	3801334825	3801334868	3801336266	3801336309	3801337717	3801337760	3801339157	3801339200	3801340607	3801340650	3801342259	3801342304
3801342408	3801364702	3801364764	15	3801343980	3801344026	3801345423	3801345470	3801346875	3801346921	3801348320	3801348363	3801349760	3801349806	3801351213	3801351256	3801352656	3801352699	3801354267	3801354311	3801355709	3801355757	3801357162	3801357205	3801358621	3801358664	3801360062	3801360113	3801361592	3801361635	3801363031	3801363074	3801364691	3801364737
3801364843	3801387053	3801387122	15	3801366405	3801366452	3801367859	3801367905	3801369303	3801369348	3801370754	3801370797	3801372194	3801372241	3801373648	3801373691	3801375090	3801375133	3801376692	3801376736	3801378170	3801378218	3801379616	3801379659	3801381066	3801381109	3801382506	3801382549	3801383952	3801383995	3801385392	3801385435	3801387042	3801387095
3801387199	3801409480	3801409541	15	3801388841	3801388888	3801390287	3801390333	3801391741	3801391787	3801393184	3801393227	3801394634	3801394680	3801396079	3801396122	3801397530	3801397573	3801399134	3801399179	3801400587	3801400635	3801402035	3801402078	3801403475	3801403518	3801404926	3801404969	3801406367	3801406411	3801407817	3801407860	3801409469	3801409514
3801409619	3801431896	3801431958	15	3801411189	3801411236	3801412635	3801412681	3801414090	3801414139	3801415615	3801415658	3801417055	3801417102	3801418507	3801418550	3801419949	3801419992	3801421561	3801421605	3801423003	3801423051	3801424456	3801424499	3801425898	3801425941	3801427338	3801427381	3801428786	3801428829	3801430225	3801430268	3801431885	3801431931
3801432036	3801454328	3801454389	15	3801433627	3801433672	3801435078	3801435124	3801436521	3801436566	3801437971	3801438014	3801439413	3801439459	3801440856	3801440899	3801442384	3801442428	3801443988	3801444032	3801445440	3801445489	3801446887	3801446931	3801448336	3801448379	3801449776	3801449819	3801451224	3801451267	3801452666	3801452709	3801454317	3801454363
3801454468	3801476744	3801476805	15	3801456038	3801456085	3801457481	3801457527	3801458934	3801458980	3801460379	3801460422	3801461830	3801461876	3801463273	3801463316	3801464722	3801464765	3801466324	3801466368	3801467767	3801467816	3801469303	3801469346	3801470742	3801470785	3801472192	3801472235	3801473633	3801473676	3801475082	3801475125	3801476733	3801476779
3801476883	3801499185	3801499247	15	3801478456	3801478502	3801479900	3801479946	3801481344	3801481389	3801482794	3801482837	3801484235	3801484281	3801485688	3801485730	3801487130	3801487173	3801488740	3801488784	3801490211	3801490259	3801491656	3801491707	3801493106	3801493149	3801494547	3801494590	3801496078	3801496121	3801497516	3801497559	3801499174	3801499220
3801499326	3801521519	3801521580	15	3801500891	3801500938	3801502344	3801502390	3801503791	3801503836	3801505241	3801505284	3801506681	3801506727	3801508123	3801508166	3801509574	3801509617	3801511179	3801511223	3801512629	3801512678	3801514075	3801514118	3801515525	3801515568	3801516967	3801517010	3801518409	3801518452	3801519856	3801519899	3801521508	3801521553
3801521657	3801543954	3801544015	15	3801523308	3801523355	3801524753	3801524799	3801526206	3801526252	3801527649	3801527691	3801529097	3801529143	3801530541	3801530584	3801531982	3801532025	3801533594	3801533638	3801535039	3801535087	3801536494	3801536537	3801537935	3801537978	3801539383	3801539426	3801540824	3801540867	3801542284	3801542335	3801543943	3801543988
3801544092	3801566395	3801566457	15	3801545655	3801545710	3801547138	3801547184	3801548584	3801548629	3801550114	3801550157	3801551552	3801551599	3801553005	3801553048	3801554447	3801554490	3801556058	3801556102	3801557499	3801557548	3801558945	3801558988	3801560395	3801560438	3801561836	3801561879	3801563282	3801563325	3801564724	3801564767	3801566384	3801566430
3801566534	3801588824	3801588885	15	3801568098	3801568144	3801569551	3801569597	3801570995	3801571043	3801572438	3801572481	3801573887	3801573933	3801575331	3801575374	3801576779	3801576822	3801578466	3801578511	3801579918	3801579967	3801581368	3801581411	3801582808	3801582875	3801584273	3801584317	3801585713	3801585756	3801587163	3801587206	3801588813	3801588858
3801588962	3801611263	3801611325	15	3801590534	3801590580	3801591979	3801592025	3801593430	3801593476	3801594873	3801594916	3801596313	3801596369	3801597766	3801597809	3801599206	3801599249	3801600816	3801600861	3801602289	3801602337	3801603745	3801603788	3801605264	3801605307	3801606711	3801606754	3801608153	3801608195	3801609593	3801609636	3801611252	3801611298
3801611402	3801633671	3801633733	15	3801612965	3801613012	3801614420	3801614466	3801615863	3801615909	3801617314	3801617357	3801618755	3801618801	3801620206	3801620249	3801621647	3801621690	3801623251	3801623295	3801624701	3801624749	3801626146	3801626189	3801627595	3801627641	3801629034	3801629077	3801630483	3801630526	3801632003	3801632047	3801633660	3801633706
3801633810	3801656001	3801656063	15	3801635376	3801635422	3801636831	3801636878	3801638275	3801638320	3801639718	3801639761	3801641166	3801641212	3801642612	3801642655	3801644061	3801644104	3801645663	3801645707	3801647114	3801647162	3801648559	3801648602	3801650000	3801650043	3801651449	3801651493	3801652891	3801652934	3801654339	3801654382	3801655990	3801656036
3801656140	3801678447	3801678509	15	3801657713	3801657759	3801659266	3801659313	3801660718	3801660764	3801662163	3801662206	3801663604	3801663650	3801665056	3801665099	3801666498	3801666541	3801668111	3801668155	3801669554	3801669605	3801671007	3801671050	3801672448	3801672491	3801673888	3801673931	3801675336	3801675379	3801676780	3801676823	3801678437	3801678482
3801678587	3801700858	3801700919	15	3801680150	3801680196	3801681605	3801681651	3801683048	3801683093	3801684500	3801684543	3801686021	3801686069	3801687476	3801687519	3801688916	3801688959	3801690522	3801690566	3801691971	3801692020	3801693418	3801693461	3801694867	3801694910	3801696307	3801696350	3801697756	3801697799	3801699197	3801699240	3801700847	3801700892
3801701005	3801723310	3801723372	15	3801702568	3801702614	3801704014	3801704060	3801705467	3801705512	3801706911	3801706957	3801708361	3801708407	3801709806	3801709849	3801711255	3801711299	3801712941	3801712986	3801714382	3801714431	3801715866	3801715909	3801717308	3801717350	3801718757	3801718800	3801720200	3801720243	3801721648	3801721691	3801723299	3801723345
3801723451	3801745751	3801745813	15	3801725026	3801725072	3801726471	3801726517	3801727934	3801727988	3801729387	3801729430	3801730828	3801730874	3801732280	3801732323	3801733720	3801733763	3801735331	3801735375	3801736774	3801736822	3801738228	3801738271	3801739751	3801739794	3801741192	3801741235	3801742640	3801742683	3801744081	3801744124	3801745740	3801745786
3801745891	3801768159	3801768221	15	3801747454	3801747500	3801748906	3801748952	3801750350	3801750396	3801751799	3801751842	3801753241	3801753287	3801754685	3801754728	3801756135	3801756179	3801757739	3801757783	3801759190	3801759238	3801760636	3801760679	3801762085	3801762128	3801763528	3801763571	3801764970	3801765013	3801766498	3801766541	3801768149	3801768194
3801768299	3801790526	3801790587	15	3801769871	3801769918	3801771345	3801771392	3801772799	3801772845	3801774242	3801774285	3801775692	3801775739	3801777138	3801777181	3801778584	3801778627	3801780186	3801780230	3801781631	3801781679	3801783087	3801783130	3801784527	3801784570	3801785975	3801786018	3801787415	3801787457	3801788863	3801788906	3801790515	3801790560
3801790664	3801812942	3801813004	15	3801792237	3801792284	3801793760	3801793807	3801795205	3801795251	3801796659	3801796702	3801798101	3801798147	3801799554	3801799597	3801800995	3801801038	3801802605	3801802649	3801804046	3801804094	3801805490	3801805533	3801806941	3801806984	3801808384	3801808427	3801809831	3801809874	3801811273	3801811316	3801812931	3801812977
3801813080	3801835371	3801835433	15	3801814644	3801814690	3801816097	3801816143	3801817539	3801817584	3801818982	3801819025	3801820512	3801820560	3801821957	3801822000	3801823406	3801823449	3801825009	3801825053	3801826459	3801826508	3801827934	3801827977	3801829379	3801829422	3801830821	3801830863	3801832264	3801832307	3801833711	3801833754	3801835360	3801835406
3801835511	3801857784	3801857846	15	3801837084	3801837131	3801838525	3801838571	3801839978	3801840023	3801841419	3801841462	3801842868	3801842914	3801844311	3801844354	3801845751	3801845794	3801847444	3801847489	3801848889	3801848938	3801850345	3801850388	3801851786	3801851829	3801853234	3801853277	3801854674	3801854717	3801856115	3801856158	3801857773	3801857819
3801857924	3801880202	3801880264	15	3801859489	3801859535	3801860941	3801860987	3801862385	3801862430	3801863836	3801863879	3801865277	3801865323	3801866729	3801866772	3801868171	3801868214	3801869782	3801869826	3801871225	3801871273	3801872669	3801872712	3801874122	3801874245	3801875644	3801875687	3801877093	3801877136	3801878534	3801878576	3801880191	3801880237
3801880341	3801902633	3801902694	15	3801881906	3801881953	3801883361	3801883407	3801884833	3801884878	3801886275	3801886318	3801887725	3801887771	3801889168	3801889211	3801890617	3801890660	3801892219	3801892263	3801893669	3801893717	3801895113	3801895156	3801896555	3801896598	3801898005	3801898048	3801899444	3801899487	3801900891	3801900934	3801902622	3801902668
3801902771	3801924990	3801925051	15	3801904346	3801904393	3801905794	3801905840	3801907246	3801907292	3801908691	3801908734	3801910131	3801910177	3801911600	3801911643	3801913040	3801913083	3801914653	3801914697	3801916095	3801916143	3801917548	3801917591	3801918989	3801919034	3801920438	3801920481	3801921879	3801921922	3801923320	3801923363	3801924979	3801925024
3801925128	3801947436	3801947497	15	3801926693	3801926739	3801928146	3801928273	3801929673	3801929719	3801931125	3801931168	3801932565	3801932611	3801934018	3801934061	3801935459	3801935502	3801937065	3801937109	3801938515	3801938564	3801939962	3801940005	3801941439	3801941482	3801942880	3801942923	3801944328	3801944371	3801945769	3801945812	3801947425	3801947470
3801947574	3801969852	3801969913	15	3801949139	3801949186	3801950586	3801950631	3801952036	3801952082	3801953483	3801953526	3801954931	3801954977	3801956455	3801956499	3801957907	3801957950	3801959514	3801959558	3801960965	3801961014	3801962412	3801962455	3801963851	3801963894	3801965300	3801965343	3801966742	3801966785	3801968191	3801968234	3801969841	3801969886
3801969990	3801992263	3801992325	15	3801971563	3801971609	3801973008	3801973054	3801974459	3801974504	3801975902	3801975945	3801977342	3801977388	3801978793	3801978836	3801980232	3801980275	3801981844	3801981888	3801983368	3801983417	3801984824	3801984867	3801986263	3801986306	3801987704	3801987747	3801989153	3801989196	3801990595	3801990638	3801992252	3801992298
3801992403	3802014710	3802014771	15	3801993970	3801994016	3801995423	3801995472	3801996896	3801996942	3801998350	3801998393	3801999792	3801999838	3802001236	3802001279	3802002686	3802002729	3802004290	3802004334	3802005741	3802005789	3802007189	3802007232	3802008637	3802008680	3802010158	3802010202	3802011609	3802011655	3802013049	3802013092	3802014699	3802014744
3802014858	3802037123	3802037185	15	3802016422	3802016468	3802017866	3802017912	3802019317	3802019363	3802020760	3802020803	3802022211	3802022257	3802023657	3802023700	3802025104	3802025147	3802026709	3802026753	3802028151	3802028199	3802029606	3802029649	3802031047	3802031090	3802032495	3802032538	3802033936	3802033978	3802035383	3802035426	3802037112	3802037158
3802037264	3802059479	3802059541	15	3802038836	3802038882	3802040281	3802040327	3802041725	3802041770	3802043175	3802043218	3802044616	3802044662	3802046067	3802046110	3802047510	3802047553	3802049120	3802049164	3802050561	3802050609	3802052014	3802052057	3802053481	3802053524	3802054922	3802054965	3802056371	3802056414	3802057813	3802057856	3802059468	3802059514
3802059617	3802081894	3802081955	15	3802061181	3802061227	3802062635	3802062681	3802064158	3802064208	3802065612	3802065655	3802067053	3802067100	3802068497	3802068540	3802069948	3802069991	3802071554	3802071598	3802073005	3802073054	3802074452	3802074495	3802075902	3802075945	3802077343	3802077386	3802078783	3802078826	3802080231	3802080274	3802081883	3802081928
3802082031	3802104326	3802104387	15	3802083600	3802083647	3802085046	3802085092	3802086497	3802086543	3802087943	3802087986	3802089391	3802089438	3802090915	3802090961	3802092355	3802092398	3802093968	3802094012	3802095411	3802095460	3802096887	3802096931	3802098326	3802098369	3802099775	3802099818	3802101216	3802101259	3802102664	3802102710	3802104315	3802104360
3802104464	3802126772	3802126834	15	3802106036	3802106083	3802107481	3802107527	3802108924	3802108969	3802110402	3802110445	3802111843	3802111889	3802113296	3802113339	3802114739	3802114782	3802116350	3802116394	3802117874	3802117923	3802119320	3802119363	3802120769	3802120812	3802122212	3802122255	3802123662	3802123705	3802125101	3802125144	3802126762	3802126807
3802126910	3802149183	3802149244	15	3802128475	3802128521	3802129930	3802129976	3802131375	3802131423	3802132818	3802132861	3802134269	3802134315	3802135712	3802135755	3802137163	3802137206	3802138767	3802138811	3802140218	3802140266	3802141664	3802141707	3802143111	3802143154	3802144631	3802144674	3802146072	3802146115	3802147521	3802147564	3802149172	3802149217
3802149323	3802171621	3802171683	15	3802150896	3802150943	3802152341	3802152387	3802153791	3802153837	3802155235	3802155278	3802156682	3802156728	3802158126	3802158169	3802159567	3802159610	3802161178	3802161221	3802162619	3802162667	3802164073	3802164115	3802165540	3802165583	3802166987	3802167030	3802168428	3802168471	3802169869	3802169912	3802171610	3802171656
3802171761	3802193960	3802194022	15	3802173326	3802173373	3802174781	3802174827	3802176225	3802176270	3802177677	3802177720	3802179117	3802179163	3802180569	3802180612	3802182011	3802182054	3802183621	3802183665	3802185062	3802185110	3802186509	3802186554	3802187955	3802187998	3802189398	3802189441	3802190848	3802190891	3802192289	3802192332	3802193949	3802193995
3802194099	3802216368	3802216429	15	3802195662	3802195708	3802197113	3802197159	3802198637	3802198684	3802200082	3802200124	3802201531	3802201577	3802202973	3802203016	3802204423	3802204467	3802206027	3802206071	3802207479	3802207528	3802208926	3802208969	3802210368	3802210411	3802211817	3802211860	3802213258	3802213301	3802214706	3802214749	3802216357	3802216402
3802216507	3802238813	3802238875	15	3802218079	3802218125	3802219523	3802219569	3802220978	3802221024	3802222449	3802222492	3802223889	3802223935	3802225421	3802225464	3802226861	3802226904	3802228472	3802228516	3802229917	3802229966	3802231373	3802231416	3802232813	3802232856	3802234260	3802234303	3802235701	3802235744	3802237142	3802237185	3802238802	3802238848
3802238952	3802261232	3802261294	15	3802240514	3802240561	3802241968	3802242014	3802243413	3802243459	3802244865	3802244908	3802246306	3802246352	3802247758	3802247801	3802249199	3802249242	3802250802	3802250846	3802252254	3802252303	3802253782	3802253826	3802255233	3802255276	3802256674	3802256720	3802258122	3802258165	3802259563	3802259606	3802261221	3802261267
3802261372	3802283682	3802283744	15	3802262936	3802262982	3802264380	3802264426	3802265833	3802265879	3802267278	3802267321	3802268724	3802268770	3802270166	3802270209	3802271615	3802271658	3802273216	3802273260	3802274659	3802274715	3802276113	3802276156	3802277553	3802277596	3802279029	3802279072	3802280552	3802280595	3802282022	3802282065	3802283671	3802283717
3802283822	3802306005	3802306066	15	3802285395	3802285442	3802286840	3802286886	3802288293	3802288339	3802289737	3802289780	3802291176	3802291222	3802292628	3802292671	3802294067	3802294110	3802295676	3802295720	3802297117	3802297165	3802298570	3802298613	3802300009	3802300052	3802301451	3802301494	3802302896	3802302939	3802304337	3802304380	3802305994	3802306039
3802306143	3802328403	3802328464	15	3802307784	3802307830	3802309237	3802309284	3802310683	3802310728	3802312132	3802312176	3802313574	3802313620	3802315018	3802315061	3802316465	3802316508	3802318071	3802318115	3802319521	3802319570	3802320966	3802321012	3802322414	3802322457	3802323855	3802323898	3802325293	3802325343	3802326742	3802326785	3802328392	3802328437
3802328541	3802350846	3802350908	15	3802330111	3802330157	3802331558	3802331604	3802333010	3802333055	3802334563	3802334606	3802336011	3802336061	3802337456	3802337499	3802338906	3802338949	3802340510	3802340554	3802341953	3802342001	3802343407	3802343450	3802344847	3802344890	3802346296	3802346339	3802347736	3802347779	3802349184	3802349227	3802350835	3802350881
3802350986	3802373273	3802373335	15	3802352559	3802352605	3802354002	3802354048	3802355444	3802355490	3802356894	3802356937	3802358336	3802358382	3802359787	3802359830	3802361309	3802361353	3802362921	3802362965	3802364364	3802364413	3802365810	3802365873	3802367272	3802367315	3802368714	3802368757	3802370163	3802370206	3802371603	3802371649	3802373262	3802373308
3802373413	3802395708	3802395769	15	3802374976	3802375022	3802376428	3802376474	3802377873	3802377919	3802379317	3802379367	3802380764	3802380810	3802382209	3802382252	3802383656	3802383702	3802385260	3802385304	3802386710	3802386758	3802388237	3802388280	3802389686	3802389729	3802391157	3802391200	3802392597	3802392640	3802394048	3802394091	3802395697	3802395742
3802395847	3802418130	3802418192	15	3802397420	3802397466	3802398864	3802398910	3802400315	3802400361	3802401761	3802401804	3802403211	3802403257	3802404656	3802404698	3802406095	3802406138	3802407709	3802407753	3802409152	3802409200	3802410608	3802410651	3802412048	3802412091	3802413499	3802413542	3802415018	3802415061	3802416467	3802416510	3802418119	3802418165
3802418269	3802440458	3802440520	15	3802419840	3802419887	3802421285	3802421331	3802422728	3802422773	3802424178	3802424221	3802425620	3802425666	3802427073	3802427116	3802428513	3802428556	3802430124	3802430168	3802431567	3802431615	3802433011	3802433053	3802434458	3802434501	3802435902	3802435945	3802437349	3802437392	3802438789	3802438832	3802440447	3802440493
3802440596	3802462892	3802462953	15	3802442240	3802442286	3802443694	3802443741	3802445140	3802445185	3802446584	3802446627	3802448059	3802448105	3802449505	3802449548	3802450955	3802450998	3802452558	3802452602	3802454008	3802454056	3802455453	3802455495	3802456891	3802456934	3802458340	3802458383	3802459779	3802459822	3802461229	3802461272	3802462881	3802462926
3802463030	3802485330	3802485392	15	3802464602	3802464651	3802466066	3802466112	3802467518	3802467564	3802469042	3802469085	3802470491	3802470538	3802471937	3802471980	3802473378	3802473421	3802474992	3802475036	3802476436	3802476485	3802477891	3802477934	3802479333	3802479376	3802480782	3802480825	3802482222	3802482267	3802483661	3802483704	3802485319	3802485365
3802485470	3802507777	3802507839	15	3802487034	3802487080	3802488486	3802488532	3802489929	3802489975	3802491381	3802491424	3802492822	3802492868	3802494275	3802494318	3802495798	3802495842	3802497402	3802497454	3802498852	3802498901	3802500301	3802500344	3802501749	3802501792	3802503216	3802503259	3802504665	3802504709	3802506109	3802506152	3802507766	3802507812
3802507916	3802530181	3802530243	15	3802509481	3802509527	3802510925	3802510979	3802512376	3802512422	3802513820	3802513863	3802515267	3802515313	3802516710	3802516753	3802518162	3802518205	3802519763	3802519807	3802521213	3802521261	3802522738	3802522782	3802524181	3802524224	3802525628	3802525671	3802527070	3802527113	3802528517	3802528560	3802530170	3802530216
3802530321	3802552597	3802552658	15	3802531895	3802531941	3802533340	3802533386	3802534792	3802534837	3802536233	3802536276	3802537674	3802537720	3802539127	3802539170	3802540568	3802540611	3802542180	3802542224	3802543624	3802543672	3802545077	3802545120	3802546518	3802546561	3802547958	3802548001	3802549406	3802549449	3802550927	3802550970	3802552586	3802552631
3802552736	3802574956	3802575017	15	3802554299	3802554345	3802555752	3802555798	3802557198	3802557244	3802558649	3802558692	3802560118	3802560165	3802561564	3802561614	3802563013	3802563056	3802564615	3802564660	3802566066	3802566114	3802567511	3802567554	3802568959	3802569002	3802570401	3802570444	3802571852	3802571895	3802573293	3802573336	3802574945	3802574990
3802575101	3802597372	3802597433	15	3802576745	3802576793	3802578191	3802578237	3802579644	3802579690	3802581090	3802581133	3802582537	3802582583	3802583980	3802584023	3802585428	3802585471	3802587032	3802587076	3802588475	3802588523	3802589931	3802589974	3802591373	3802591419	3802592821	3802592864	3802594262	3802594305	3802595709	3802595752	3802597361	3802597406
3802597510	3802619821	3802619883	15	3802599081	3802599127	3802600526	3802600575	3802601972	3802602017	3802603423	3802603466	3802604946	3802604993	3802606399	3802606442	3802607840	3802607883	3802609455	3802609499	3802610898	3802610947	3802612353	3802612396	3802613791	3802613834	3802615231	3802615274	3802616710	3802616753	3802618150	3802618193	3802619810	3802619856
3802619961	3802642225	3802642287	15	3802621523	3802621572	3802622973	3802623019	3802624418	3802624463	3802625867	3802625910	3802627307	3802627353	3802628750	3802628793	3802630202	3802630245	3802631883	3802631927	3802633334	3802633383	3802634783	3802634826	3802636233	3802636279	3802637673	3802637716	3802639113	3802639156	3802640562	3802640605	3802642214	3802642260
3802642365	3802664659	3802664721	15	3802643939	3802643985	3802645383	3802645429	3802646834	3802646879	3802648279	3802648322	3802649747	3802649793	3802651192	3802651235	3802652633	3802652676	3802654242	3802654286	3802655686	3802655734	3802657140	3802657183	3802658661	3802658704	3802660107	3802660150	3802661547	3802661590	3802662995	3802663038	3802664648	3802664694
3802664800	3802687116	3802687178	15	3802666371	3802666418	3802667816	3802667862	3802669260	3802669306	3802670714	3802670757	3802672184	3802672230	3802673638	3802673681	3802675080	3802675123	3802676693	3802676737	3802678134	3802678183	3802679580	3802679623	3802681030	3802681073	3802682470	3802682513	3802683921	3802683964	3802685443	3802685486	3802687105	3802687151
3802687258	3802709445	3802709507	15	3802688821	3802688868	3802690273	3802690320	3802691719	3802691764	3802693162	3802693212	3802694610	3802694656	3802696052	3802696095	3802697501	3802697544	3802699104	3802699148	3802700555	3802700604	3802702003	3802702046	3802703452	3802703495	3802704893	3802704936	3802706334	3802706377	3802707782	3802707825	3802709434	3802709480
3802709584	3802731881	3802731943	15	3802711155	3802711202	3802712680	3802712727	3802714135	3802714181	3802715578	3802715621	3802717025	3802717071	3802718469	3802718512	3802719910	3802719953	3802721520	3802721564	3802722961	3802723009	3802724414	3802724457	3802725853	3802725896	3802727302	3802727345	3802728772	3802728815	3802730212	3802730255	3802731870	3802731916
3802732020	3802754304	3802754366	15	3802733586	3802733632	3802735039	3802735085	3802736482	3802736528	3802737935	3802737978	3802739456	3802739504	3802740910	3802740953	3802742348	3802742391	3802743963	3802744007	3802745407	3802745456	3802746854	3802746897	3802748303	3802748346	3802749744	3802749787	3802751192	3802751235	3802752633	3802752676	3802754293	3802754339
3802754444	3802776716	3802776777	15	3802756005	3802756051	3802757457	3802757503	3802758902	3802758947	3802760345	3802760388	3802761793	3802761839	3802763239	3802763282	3802764689	3802764732	3802766375	3802766419	3802767826	3802767875	3802769275	3802769318	3802770715	3802770758	3802772164	3802772207	3802773606	3802773649	3802775055	3802775098	3802776705	3802776750
3802776855	3802799156	3802799217	15	3802778426	3802778473	3802779871	3802779917	3802781323	3802781368	3802782766	3802782809	3802784206	3802784255	3802785686	3802785729	3802787126	3802787169	3802788737	3802788781	3802790179	3802790227	3802791632	3802791675	3802793153	3802793196	3802794603	3802794646	3802796044	3802796087	3802797486	3802797529	3802799145	3802799190
3802799295	3802821572	3802821634	15	3802800858	3802800904	3802802311	3802802357	3802803755	3802803803	3802805206	3802805249	3802806646	3802806692	3802808096	3802808142	3802809540	3802809583	3802811144	3802811188	3802812596	3802812645	3802814045	3802814088	3802815493	3802815536	3802816935	3802816981	3802818381	3802818424	3802819903	3802819947	3802821561	3802821607
3802821712	3802843938	3802843999	15	3802823278	3802823324	3802824722	3802824768	3802826173	3802826219	3802827617	3802827659	3802829065	3802829114	3802830509	3802830552	3802831958	3802832001	3802833559	3802833603	3802835028	3802835076	3802836474	3802836517	3802837912	3802837955	3802839361	3802839404	3802840802	3802840844	3802842276	3802842319	3802843927	3802843972
3802844076	3802866354	3802866416	15	3802845650	3802845696	3802847175	3802847223	3802848630	3802848676	3802850074	3802850117	3802851511	3802851557	3802852961	3802853004	3802854402	3802854445	3802856013	3802856057	3802857454	3802857503	3802858909	3802858952	3802860350	3802860393	3802861792	3802861835	3802863242	3802863284	3802864684	3802864727	3802866343	3802866389
3802866494	3802888761	3802888823	15	3802868057	3802868103	3802869510	3802869556	3802870956	3802871001	3802872406	3802872449	3802873927	3802873975	3802875373	3802875416	3802876821	3802876864	3802878425	3802878469	3802879875	3802879924	3802881321	3802881364	3802882769	3802882812	3802884211	3802884254	3802885660	3802885703	3802887099	3802887142	3802888750	3802888796
3802888901	3802911206	3802911268	15	3802890475	3802890521	3802891918	3802891964	3802893371	3802893417	3802894815	3802894858	3802896262	3802896308	3802897733	3802897776	3802899184	3802899227	3802900867	3802900912	3802902313	3802902362	3802903769	3802903812	3802905210	3802905253	3802906658	3802906701	3802908095	3802908138	3802909544	3802909587	3802911196	3802911241
3802911346	3802933622	3802933683	15	3802912918	3802912965	3802914363	3802914409	3802915806	3802915851	3802917258	3802917301	3802918698	3802918744	3802920150	3802920193	3802921588	3802921631	3802923199	3802923243	3802924642	3802924690	3802926097	3802926140	3802927539	3802927582	3802929060	3802929103	3802930511	3802930554	3802931953	3802931996	3802933611	3802933656
3802933761	3802956057	3802956119	15	3802935326	3802935372	3802936780	3802936826	3802938225	3802938270	3802939675	3802939718	3802941115	3802941161	3802942559	3802942602	3802944006	3802944049	3802945608	3802945652	3802947060	3802947109	3802948507	3802948550	3802949956	3802949999	3802951399	3802951442	3802952841	3802952884	3802954317	3802954360	3802956046	3802956092
3802956197	3802978396	3802978458	15	3802957771	3802957818	3802959216	3802959263	3802960670	3802960716	3802962113	3802962156	3802963562	3802963608	3802965008	3802965051	3802966450	3802966493	3802968062	3802968106	3802969504	3802969552	3802970959	3802971003	3802972400	3802972443	3802973848	3802973891	3802975288	3802975331	3802976736	3802976779	3802978385	3802978431
3802978537	3803000814	3803000876	15	3802980111	3802980157	3802981555	3802981601	3802983082	3802983129	3802984535	3802984578	3802985976	3802986023	3802987429	3802987472	3802988868	3802988911	3802990481	3802990525	3802991922	3802991970	3802993367	3802993410	3802994815	3802994858	3802996255	3802996298	3802997704	3802997747	3802999144	3802999187	3803000803	3803000849
3803000955	3803023273	3803023334	15	3803002520	3803002566	3803003971	3803004017	3803005414	3803005460	3803006857	3803006900	3803008304	3803008350	3803009829	3803009872	3803011306	3803011349	3803012913	3803012957	3803014364	3803014414	3803015812	3803015855	3803017261	3803017304	3803018701	3803018744	3803020160	3803020203	3803021610	3803021653	3803023262	3803023307
3803023413	3803045684	3803045746	15	3803024986	3803025033	3803026431	3803026477	3803027882	3803027927	3803029326	3803029369	3803030777	3803030823	3803032222	3803032265	3803033660	3803033703	3803035271	3803035315	3803036793	3803036843	3803038248	3803038291	3803039689	3803039732	3803041137	3803041180	3803042579	3803042622	3803044020	3803044065	3803045674	3803045719
3803045824	3803068127	3803068189	15	3803047389	3803047435	3803048842	3803048888	3803050285	3803050330	3803051736	3803051779	3803053179	3803053226	3803054632	3803054675	3803056072	3803056115	3803057674	3803057726	3803059125	3803059173	3803060571	3803060614	3803062020	3803062063	3803063539	3803063582	3803064988	3803065031	3803066457	3803066500	3803068116	3803068162
3803068269	3803090543	3803090605	15	3803069831	3803069878	3803071284	3803071333	3803072730	3803072776	3803074174	3803074217	3803075623	3803075669	3803077068	3803077111	3803078516	3803078559	3803080121	3803080165	3803081573	3803081624	3803083020	3803083063	3803084461	3803084504	3803085912	3803085955	3803087352	3803087395	3803088800	3803088843	3803090532	3803090578
3803090683	3803112878	3803112939	15	3803092255	3803092302	3803093701	3803093747	3803095154	3803095200	3803096598	3803096640	3803098038	3803098084	3803099490	3803099533	3803100931	3803100974	3803102543	3803102587	3803103984	3803104032	3803105436	3803105479	3803106876	3803106920	3803108319	3803108371	3803109770	3803109813	3803111209	3803111252	3803112867	3803112912
3803113017	3803135316	3803135401	15	3803114581	3803114627	3803116035	3803116081	3803117559	3803117606	3803119011	3803119054	3803120451	3803120498	3803121905	3803121948	3803123373	3803123416	3803124977	3803125021	3803126430	3803126478	3803127878	3803127921	3803129327	3803129370	3803130767	3803130810	3803132215	3803132258	3803133655	3803133698	3803135305	3803135374
3803135479	3803157739	3803157801	15	3803137043	3803137090	3803138486	3803138532	3803139937	3803139983	3803141380	3803141423	3803142826	3803142872	3803144348	3803144391	3803145796	3803145839	3803147400	3803147444	3803148853	3803148902	3803150302	3803150345	3803151743	3803151789	3803153193	3803153236	3803154631	3803154674	3803156078	3803156121	3803157728	3803157774
3803157879	3803180185	3803180247	15	3803159451	3803159497	3803160896	3803160942	3803162348	3803162393	3803163790	3803163833	3803165231	3803165277	3803166684	3803166727	3803168126	3803168169	3803169736	3803169780	3803171260	3803171310	3803172716	3803172759	3803174154	3803174197	3803175595	3803175638	3803177043	3803177086	3803178486	3803178529	3803180174	3803180220
3803180325	3803202593	3803202654	15	3803181887	3803181936	3803183339	3803183386	3803184784	3803184829	3803186235	3803186278	3803187677	3803187723	3803189123	3803189166	3803190571	3803190614	3803192173	3803192217	3803193623	3803193672	3803195070	3803195113	3803196517	3803196560	3803198038	3803198082	3803199491	3803199534	3803200931	3803200974	3803202582	3803202628
3803202732	3803225034	3803225096	15	3803204324	3803204371	3803205770	3803205816	3803207222	3803207267	3803208666	3803208709	3803210114	3803210160	3803211560	3803211603	3803213009	3803213052	3803214613	3803214657	3803216055	3803216103	3803217513	3803217556	3803218952	3803218995	3803220401	3803220444	3803221843	3803221885	3803223292	3803223335	3803225023	3803225069
3803225174	3803247400	3803247462	15	3803226749	3803226796	3803228194	3803228240	3803229638	3803229683	3803231089	3803231132	3803232529	3803232575	3803233981	3803234024	3803235452	3803235495	3803237063	3803237107	3803238505	3803238553	3803239960	3803240003	3803241400	3803241443	3803242842	3803242885	3803244290	3803244333	3803245731	3803245774	3803247389	3803247435
3803247539	3803269809	3803269871	15	3803249104	3803249150	3803250556	3803250602	3803252079	3803252126	3803253533	3803253576	3803254974	3803255020	3803256417	3803256460	3803257865	3803257908	3803259470	3803259514	3803260922	3803260970	3803262368	3803262411	3803263817	3803263860	3803265258	3803265301	3803266697	3803266739	3803268146	3803268189	3803269799	3803269844
3803269950	3803292261	3803292323	15	3803271524	3803271570	3803272968	3803273014	3803274418	3803274463	3803275861	3803275904	3803277310	3803277356	3803278754	3803278797	3803280275	3803280318	3803281891	3803281935	3803283334	3803283383	3803284790	3803284833	3803286229	3803286272	3803287679	3803287722	3803289119	3803289162	3803290561	3803290612	3803292250	3803292296
3803292401	3803314678	3803314739	15	3803293972	3803294019	3803295418	3803295464	3803296862	3803296908	3803298313	3803298356	3803299752	3803299798	3803301206	3803301249	3803302648	3803302691	3803304260	3803304304	3803305701	3803305749	3803307230	3803307274	3803308679	3803308722	3803310120	3803310163	3803311568	3803311611	3803313007	3803313050	3803314667	3803314712
3803314816	3803337081	3803337142	15	3803316382	3803316432	3803317838	3803317884	3803319281	3803319327	3803320724	3803320767	3803322172	3803322218	3803323615	3803323658	3803325063	3803325106	3803326665	3803326709	3803328117	3803328165	3803329562	3803329605	3803331005	3803331048	3803332451	3803332494	3803333971	3803334014	3803335422	3803335465	3803337070	3803337115
3803337220	3803359442	3803359503	15	3803338794	3803338841	3803340241	3803340287	3803341693	3803341738	3803343134	3803343177	3803344579	3803344625	3803346023	3803346066	3803347461	3803347504	3803349102	3803349146	3803350542	3803350591	3803352000	3803352043	3803353441	3803353484	3803354890	3803354933	3803356332	3803356375	3803357772	3803357815	3803359431	3803359477
3803359585	3803381862	3803381924	15	3803361230	3803361277	3803362684	3803362731	3803364128	3803364173	3803365580	3803365623	3803367021	3803367066	3803368471	3803368514	3803369912	3803369958	3803371516	3803371560	3803372967	3803373016	3803374414	3803374457	3803375861	3803375904	3803377301	3803377347	3803378753	3803378796	3803380194	3803380237	3803381851	3803381897
3803382003	3803404317	3803404379	15	3803383564	3803383610	3803385011	3803385057	3803386461	3803386507	3803388005	3803388049	3803389455	3803389502	3803390901	3803390944	3803392351	3803392394	3803393956	3803394000	3803395404	3803395453	3803396849	3803396892	3803398290	3803398333	3803399737	3803399780	3803401179	3803401222	3803402626	3803402669	3803404306	3803404352
3803404456	3803426738	3803426800	15	3803406030	3803406076	3803407473	3803407519	3803408926	3803408972	3803410372	3803410415	3803411812	3803411858	3803413263	3803413306	3803414782	3803414826	3803416395	3803416439	3803417839	3803417888	3803419296	3803419339	3803420737	3803420780	3803422178	3803422229	3803423628	3803423671	3803425067	3803425110	3803426727	3803426773
3803427286	3803449594	3803449655	15	3803428859	3803428913	3803430323	3803430369	3803431771	3803431817	3803433224	3803433267	3803434664	3803434710	3803436118	3803436161	3803437561	3803437604	3803439171	3803439215	3803440613	3803440661	3803442145	3803442188	3803443594	3803443637	3803445036	3803445079	3803446484	3803446527	3803447923	3803447966	3803449583	3803449628
3803449737	3803472041	3803472104	15	3803451302	3803451351	3803452757	3803452803	3803454203	3803454248	3803455646	3803455689	3803457094	3803457141	3803458539	3803458582	3803459988	3803460031	3803461621	3803461665	3803463072	3803463121	3803464520	3803464566	3803465960	3803466002	3803467410	3803467453	3803468931	3803468974	3803470378	3803470424	3803472030	3803472076
3803472182	3803494386	3803494447	15	3803473756	3803473802	3803475199	3803475245	3803476651	3803476697	3803478096	3803478139	3803479538	3803479592	3803480990	3803481033	3803482430	3803482473	3803484042	3803484086	3803485485	3803485533	3803486941	3803486987	3803488384	3803488427	3803489832	3803489875	3803491273	3803491316	3803492715	3803492758	3803494375	3803494420
3803494525	3803516830	3803516891	15	3803496169	3803496216	3803497623	3803497669	3803499068	3803499114	3803500520	3803500563	3803501960	3803502006	3803503412	3803503454	3803504854	3803504897	3803506458	3803506502	3803507910	3803507958	3803509358	3803509401	3803510806	3803510849	3803512246	3803512288	3803513694	3803513737	3803515133	3803515176	3803516819	3803516864
3803516970	3803539237	3803539298	15	3803518533	3803518580	3803519979	3803520025	3803521432	3803521478	3803522955	3803522998	3803524403	3803524451	3803525846	3803525889	3803527294	3803527337	3803528897	3803528941	3803530350	3803530399	3803531797	3803531840	3803533238	3803533281	3803534688	3803534731	3803536129	3803536172	3803537575	3803537618	3803539226	3803539271
3803539380	3803561658	3803561720	15	3803540953	3803541000	3803542397	3803542443	3803543848	3803543894	3803545293	3803545336	3803546734	3803546780	3803548188	3803548231	3803549711	3803549754	3803551322	3803551366	3803552766	3803552815	3803554220	3803554263	3803555661	3803555704	3803557101	3803557144	3803558549	3803558592	3803559990	3803560033	3803561647	3803561693
3803561799	3803584118	3803584179	15	3803563363	3803563409	3803564816	3803564862	3803566261	3803566306	3803567712	3803567755	3803569152	3803569198	3803570597	3803570640	3803572046	3803572089	3803573702	3803573746	3803575152	3803575200	3803576675	3803576718	3803578124	3803578167	3803579565	3803579608	3803581014	3803581057	3803582455	3803582498	3803584107	3803584152
3803584265	3803606532	3803606594	15	3803585831	3803585878	3803587276	3803587322	3803588727	3803588773	3803590172	3803590215	3803591621	3803591667	3803593063	3803593106	3803594512	3803594555	3803596116	3803596163	3803597559	3803597607	3803599014	3803599057	3803600454	3803600497	3803601903	3803601946	3803603422	3803603465	3803604870	3803604913	3803606521	3803606567
3803606672	3803628871	3803628933	15	3803608245	3803608291	3803609691	3803609737	3803611134	3803611180	3803612585	3803612628	3803614025	3803614071	3803615476	3803615519	3803616918	3803616961	3803618530	3803618574	3803619974	3803620023	3803621431	3803621477	3803622871	3803622914	3803624312	3803624355	3803625760	3803625803	3803627201	3803627244	3803628860	3803628906
3803629011	3803651317	3803651378	15	3803630686	3803630732	3803632139	3803632189	3803633583	3803633629	3803635035	3803635078	3803636477	3803636523	3803637919	3803637962	3803639366	3803639409	3803640975	3803641019	3803642427	3803642476	3803643875	3803643918	3803645326	3803645369	3803646768	3803646811	3803648210	3803648253	3803649658	3803649701	3803651306	3803651351
3803651457	3803673724	3803673785	15	3803653029	3803653075	3803654474	3803654520	3803655924	3803655970	3803657448	3803657491	3803658895	3803658943	3803660339	3803660382	3803661778	3803661829	3803663386	3803663430	3803664828	3803664876	3803666280	3803666323	3803667723	3803667766	3803669172	3803669215	3803670611	3803670654	3803672062	3803672107	3803673713	3803673758
3803673863	3803696169	3803696230	15	3803675435	3803675482	3803676882	3803676928	3803678325	3803678371	3803679777	3803679819	3803681218	3803681264	3803682669	3803682712	3803684109	3803684235	3803685834	3803685877	3803687275	3803687324	3803688720	3803688763	3803690170	3803690213	3803691611	3803691654	3803693059	3803693102	3803694500	3803694543	3803696158	3803696203
3803696307	3803718572	3803718634	15	3803697871	3803697918	3803699325	3803699371	3803700771	3803700817	3803702213	3803702255	3803703661	3803703708	3803705103	3803705146	3803706551	3803706594	3803708154	3803708198	3803709604	3803709652	3803711048	3803711091	3803712577	3803712621	3803714019	3803714062	3803715458	3803715501	3803716908	3803716951	3803718561	3803718607
3803718711	3803740991	3803741053	15	3803720282	3803720328	3803721725	3803721771	3803723179	3803723225	3803724623	3803724666	3803726071	3803726117	3803727515	3803727558	3803728958	3803729001	3803730568	3803730612	3803732011	3803732059	3803733466	3803733509	3803734909	3803734952	3803736355	3803736398	3803737796	3803737839	3803739319	3803739362	3803740981	3803741026
3803741131	3803763381	3803763443	15	3803742725	3803742770	3803744174	3803744220	3803745619	3803745665	3803747070	3803747116	3803748512	3803748558	3803749963	3803750006	3803751405	3803751448	3803753016	3803753060	3803754460	3803754509	3803755908	3803755951	3803757361	3803757404	3803758821	3803758864	3803760268	3803760311	3803761710	3803761753	3803763370	3803763416
3803763520	3803785795	3803785856	15	3803765082	3803765128	3803766615	3803766662	3803768061	3803768106	3803769506	3803769549	3803770954	3803771000	3803772400	3803772443	3803773848	3803773891	3803775454	3803775498	3803776907	3803776956	3803778355	3803778398	3803779797	3803779840	3803781244	3803781287	3803782685	3803782728	3803784132	3803784175	3803785784	3803785829
3803785934	3803808252	3803808313	15	3803787507	3803787553	3803788952	3803788998	3803790404	3803790450	3803791849	3803791892	3803793373	3803793421	3803794828	3803794871	3803796269	3803796312	3803797882	3803797926	3803799355	3803799403	3803800810	3803800853	3803802251	3803802294	3803803700	3803803743	3803805141	3803805184	3803806583	3803806626	3803808241	3803808286
3803810210	3803832568	3803832630	15	3803811823	3803811880	3803813281	3803813329	3803814734	3803814781	3803816180	3803816223	3803817629	3803817676	3803819076	3803819119	3803820618	3803820661	3803822224	3803822268	3803823667	3803823717	3803825130	3803825173	3803826570	3803826613	3803828019	3803828062	3803829457	3803829500	3803830904	3803830947	3803832557	3803832603
3803832716	3803855030	3803855092	15	3803834289	3803834335	3803835736	3803835782	3803837180	3803837226	3803838630	3803838673	3803840071	3803840118	3803841523	3803841566	3803842964	3803843007	3803844575	3803844619	3803846017	3803846065	3803847554	3803847597	3803848996	3803849039	3803850436	3803850479	3803851885	3803851928	3803853329	3803853372	3803855019	3803855065
3803855170	3803877447	3803877508	15	3803856736	3803856783	3803858192	3803858238	3803859635	3803859680	3803861086	3803861129	3803862525	3803862572	3803863972	3803864014	3803865422	3803865465	3803867025	3803867069	3803868473	3803868521	3803869921	3803869964	3803871369	3803871412	3803872811	3803872854	3803874334	3803874377	3803875783	3803875826	3803877436	3803877481
3803877586	3803899788	3803899850	15	3803879159	3803879205	3803880605	3803880651	3803882057	3803882103	3803883503	3803883546	3803884954	3803885001	3803886399	3803886442	3803887842	3803887885	3803889452	3803889496	3803890893	3803890941	3803892348	3803892391	3803893788	3803893834	3803895236	3803895279	3803896675	3803896718	3803898125	3803898168	3803899777	3803899823
3803899926	3803922239	3803922301	15	3803901580	3803901627	3803903024	3803903070	3803904467	3803904512	3803905919	3803905962	3803907360	3803907406	3803908811	3803908854	3803910252	3803910295	3803911896	3803911940	3803913340	3803913389	3803914788	3803914831	3803916238	3803916281	3803917679	3803917722	3803919128	3803919174	3803920569	3803920612	3803922228	3803922274
3803922377	3803944667	3803944728	15	3803923939	3803923986	3803925395	3803925441	3803926837	3803926882	3803928359	3803928403	3803929809	3803929856	3803931253	3803931296	3803932704	3803932747	3803934308	3803934352	3803935760	3803935809	3803937206	3803937249	3803938655	3803938698	3803940095	3803940138	3803941536	3803941579	3803942985	3803943028	3803944656	3803944701
3803944805	3803967079	3803967169	15	3803946377	3803946423	3803947822	3803947870	3803949274	3803949322	3803950716	3803950759	3803952165	3803952211	3803953607	3803953650	3803955131	3803955174	3803956743	3803956787	3803958183	3803958232	3803959642	3803959685	3803961083	3803961126	3803962531	3803962574	3803963972	3803964015	3803965412	3803965455	3803967069	3803967114
3803967246	3803989526	3803989588	15	3803968809	3803968856	3803970262	3803970308	3803971708	3803971754	3803973161	3803973204	3803974602	3803974651	3803976055	3803976098	3803977496	3803977539	3803979106	3803979150	3803980549	3803980597	3803982075	3803982118	3803983527	3803983570	3803984968	3803985014	3803986417	3803986460	3803987858	3803987901	3803989516	3803989561
3803989666	3804011936	3804011998	15	3803991231	3803991277	3803992683	3803992729	3803994128	3803994173	3803995570	3803995613	3803997018	3803997067	3803998461	3803998504	3803999910	3803999953	3804001513	3804001557	3804002962	3804003011	3804004410	3804004453	3804005853	3804005896	3804007301	3804007344	3804008824	3804008867	3804010271	3804010314	3804011925	3804011971
3804012075	3804034296	3804034358	15	3804013647	3804013693	3804015091	3804015137	3804016544	3804016589	3804017987	3804018030	3804019428	3804019474	3804020880	3804020923	3804022321	3804022364	3804023959	3804024003	3804025401	3804025449	3804026858	3804026901	3804028298	3804028341	3804029746	3804029789	3804031186	3804031229	3804032627	3804032671	3804034285	3804034331
3804034434	3804056712	3804056773	15	3804036079	3804036125	3804037530	3804037576	3804038976	3804039022	3804040428	3804040473	3804041868	3804041915	3804043323	3804043366	3804044761	3804044804	3804046364	3804046408	3804047816	3804047865	3804049263	3804049306	3804050713	3804050756	3804052153	3804052196	3804053602	3804053645	3804055044	3804055090	3804056694	3804056746
3804056851	3804079121	3804079182	15	3804058414	3804058461	3804059861	3804059907	3804061313	3804061359	3804062838	3804062881	3804064287	3804064335	3804065728	3804065771	3804067177	3804067220	3804068782	3804068826	3804070233	3804070282	3804071680	3804071723	3804073123	3804073165	3804074568	3804074611	3804076010	3804076053	3804077459	3804077502	3804079110	3804079155
3804079258	3804101554	3804101616	15	3804080860	3804080905	3804082303	3804082349	3804083756	3804083801	3804085196	3804085238	3804086637	3804086684	3804088089	3804088132	3804089609	3804089652	3804091220	3804091264	3804092660	3804092709	3804094115	3804094158	3804095556	3804095599	3804096997	3804097040	3804098444	3804098487	3804099886	3804099929	3804101544	3804101589
3804101693	3804123956	3804124017	15	3804103257	3804103304	3804104711	3804104757	3804106154	3804106199	3804107602	3804107645	3804109043	3804109089	3804110488	3804110531	3804111936	3804111979	3804113538	3804113582	3804114990	3804115039	3804116518	3804116561	3804117965	3804118008	3804119407	3804119450	3804120854	3804120897	3804122295	3804122338	3804123945	3804123990
3804124094	3804146419	3804146480	15	3804125666	3804125712	3804127112	3804127161	3804128563	3804128609	3804130024	3804130067	3804131474	3804131521	3804132920	3804132963	3804134368	3804134411	3804135972	3804136016	3804137442	3804137491	3804138896	3804138939	3804140339	3804140382	3804141786	3804141829	3804143228	3804143271	3804144757	3804144800	3804146408	3804146454
3804146557	3804168758	3804168820	15	3804148131	3804148178	3804149577	3804149623	3804151021	3804151067	3804152472	3804152515	3804153911	3804153958	3804155364	3804155407	3804156804	3804156847	3804158418	3804158462	3804159860	3804159908	3804161304	3804161355	3804162754	3804162797	3804164196	3804164239	3804165645	3804165688	3804167087	3804167130	3804168747	3804168793
3804168897	3804191184	3804191246	15	3804170541	3804170587	3804171992	3804172039	3804173436	3804173481	3804174888	3804174931	3804176325	3804176371	3804177770	3804177813	3804179217	3804179260	3804180821	3804180865	3804182272	3804182320	3804183720	3804183763	3804185169	3804185212	3804186610	3804186653	3804188049	3804188092	3804189522	3804189565	3804191173	3804191219
3804191324	3804213638	3804213700	15	3804192929	3804192974	3804194372	3804194418	3804195824	3804195869	3804197268	3804197311	3804198797	3804198845	3804200244	3804200287	3804201685	3804201728	3804203299	3804203343	3804204740	3804204789	3804206195	3804206241	3804207635	3804207678	3804209085	3804209128	3804210526	3804210572	3804211976	3804212019	3804213627	3804213673
3804213778	3804236065	3804236127	15	3804215352	3804215398	3804216797	3804216843	3804218243	3804218288	3804219696	3804219739	3804221137	3804221183	3804222589	3804222632	3804224031	3804224074	3804225725	3804225770	3804227169	3804227218	3804228615	3804228658	3804230064	3804230107	3804231506	3804231550	3804232953	3804232996	3804234394	3804234437	3804236054	3804236100
3804238095	3804260464	3804260526	15	3804239697	3804239753	3804241154	3804241203	3804242608	3804242654	3804244051	3804244094	3804245492	3804245539	3804246945	3804246988	3804248384	3804248427	3804250031	3804250075	3804251566	3804251616	3804253022	3804253065	3804254459	3804254502	3804255909	3804255952	3804257352	3804257395	3804258793	3804258836	3804260453	3804260499
3804260612	3804282887	3804282949	15	3804262177	3804262223	3804263631	3804263677	3804265077	3804265122	3804266528	3804266571	3804267968	3804268014	3804269420	3804269463	3804270859	3804270902	3804272460	3804272504	3804273911	3804273960	3804275361	3804275404	3804276808	3804276851	3804278248	3804278291	3804279778	3804279821	3804281218	3804281261	3804282876	3804282922
3804283026	3804305238	3804305300	15	3804284591	3804284637	3804286035	3804286081	3804287485	3804287531	3804288929	3804288972	3804290378	3804290424	3804291820	3804291863	3804293266	3804293309	3804294869	3804294913	3804296311	3804296371	3804297770	3804297813	3804299212	3804299255	3804300659	3804300702	3804302100	3804302143	3804303547	3804303590	3804305227	3804305273
3804305376	3804327678	3804327739	15	3804307033	3804307080	3804308481	3804308527	3804309932	3804309978	3804311375	3804311418	3804312813	3804312859	3804314267	3804314310	3804315728	3804315772	3804317339	3804317383	3804318784	3804318833	3804320239	3804320282	3804321680	3804321723	3804323120	3804323163	3804324568	3804324611	3804326009	3804326052	3804327667	3804327712
3804327817	3804350086	3804350147	15	3804329382	3804329428	3804330834	3804330880	3804332280	3804332326	3804333814	3804333857	3804335256	3804335303	3804336701	3804336744	3804338149	3804338192	3804339751	3804339795	3804341201	3804341249	3804342648	3804342691	3804344095	3804344138	3804345535	3804345578	3804346984	3804347027	3804348424	3804348467	3804350075	3804350120
3804350226	3804372531	3804372592	15	3804351798	3804351845	3804353242	3804353288	3804354696	3804354742	3804356139	3804356182	3804357588	3804357635	3804359032	3804359075	3804360561	3804360604	3804362192	3804362236	3804363637	3804363686	3804365094	3804365137	3804366535	3804366578	3804367985	3804368028	3804369423	3804369466	3804370870	3804370913	3804372520	3804372565
3804372668	3804394943	3804395004	15	3804374241	3804374288	3804375686	3804375732	3804377130	3804377175	3804378582	3804378625	3804380024	3804380070	3804381477	3804381520	3804382917	3804382960	3804384529	3804384573	3804385970	3804386019	3804387505	3804387548	3804388945	3804388988	3804390385	3804390430	3804391831	3804391874	3804393273	3804393316	3804394932	3804394978
