# hakuX #462 signal timing: ST_CB_3_DOA15
freq_hz 3375000
quads 500
target_switch 1
callbacks_per_frame 15
reps 300
timeouts 0
busy_timeouts 0
stale_callback_times 0
kick_to_callback_handled n=4500 median=159.704 p5=96.296 p95=918.815 min=53.037 max=6539.852 us
callback_to_next_callback n=4200 median=10204.741 p5=4948.148 p95=21771.556 min=204.741 max=27056.000 us
last_callback_handled_to_semaphore_seen n=300 median=18.963 p5=9.778 p95=261.630 min=4.444 max=2052.444 us
final_kick_to_semaphore n=300 median=161.778 p5=11.259 p95=982.815 min=5.926 max=2474.370 us
frame(first_draw_to_semaphore) n=300 median=190428.444 p5=130396.741 p95=216986.667 min=77086.519 max=234627.556 us
# raw, counter ticks unless named
start	final_kick	semaphore_seen	callbacks_seen	kick_0	dpc_0	kick_1	dpc_1	kick_2	dpc_2	kick_3	dpc_3	kick_4	dpc_4	kick_5	dpc_5	kick_6	dpc_6	kick_7	dpc_7	kick_8	dpc_8	kick_9	dpc_9	kick_10	dpc_10	kick_11	dpc_11	kick_12	dpc_12	kick_13	dpc_13	kick_14	dpc_14
4504337797	4504920194	4504920672	15	4504364302	4504365040	4504381553	4504382092	4504439969	4504441358	4504471807	4504472538	4504511398	4504511956	4504573222	4504573675	4504596978	4504597363	4504621262	4504621642	4504687290	4504688085	4504712654	4504712997	4504774497	4504774826	4504801900	4504802298	4504818618	4504818912	4504852407	4504854177	4504920165	4504920597
4504922956	4505606797	4505607110	15	4504961994	4504962745	4505028338	4505029158	4505047913	4505049713	4505076946	4505077320	4505138731	4505139724	4505182326	4505182696	4505250715	4505251301	4505272368	4505272730	4505341715	4505342314	4505377850	4505378246	4505416316	4505416714	4505476063	4505476697	4505501901	4505502253	4505567487	4505567907	4505606764	4505607074
4505607774	4506310073	4506310401	15	4505680551	4505680973	4505709816	4505711211	4505740358	4505743195	4505806798	4505807329	4505837071	4505839397	4505899037	4505901634	4505925084	4505925767	4505952617	4505952995	4506019940	4506022373	4506050678	4506051046	4506079546	4506079882	4506147967	4506150409	4506202073	4506202539	4506274045	4506274461	4506310043	4506310363
4506311570	4506982424	4506982992	15	4506376126	4506376935	4506411923	4506415834	4506480669	4506481604	4506504098	4506504426	4506579931	4506580531	4506613869	4506614317	4506648814	4506649400	4506719083	4506719457	4506746721	4506747307	4506808502	4506812337	4506833665	4506834064	4506850888	4506851255	4506893312	4506893576	4506944329	4506944699	4506982342	4506982953
4506983591	4507622703	4507623070	15	4507050366	4507051251	4507077702	4507078990	4507139923	4507140513	4507171565	4507171941	4507196886	4507199559	4507271473	4507271857	4507289668	4507290687	4507310177	4507310544	4507373925	4507374500	4507404568	4507404975	4507440030	4507440460	4507499784	4507500727	4507520424	4507520786	4507554592	4507555003	4507622668	4507623022
4507623720	4508083645	4508084014	15	4507663509	4507668932	4507724289	4507728241	4507729293	4507730150	4507754751	4507755183	4507778814	4507783413	4507781086	4507784325	4507783559	4507785180	4507825442	4507825729	4507850060	4507851045	4507882568	4507882950	4507938233	4507938941	4507962922	4507963304	4507996083	4507996564	4508060139	4508060444	4508083614	4508083982
4508084471	4508642892	4508643680	15	4508107467	4508107975	4508164750	4508166294	4508184777	4508185298	4508205281	4508205588	4508265763	4508266540	4508309935	4508310408	4508340843	4508341219	4508404294	4508404705	4508439966	4508440570	4508501399	4508501835	4508521418	4508521739	4508537603	4508538738	4508559601	4508559990	4508618215	4508619236	4508642859	4508643623
4508644008	4509181908	4509183360	15	4508666790	4508667495	4508720565	4508727947	4508751067	4508751989	4508770868	4508771230	4508793822	4508794461	4508853429	4508853889	4508881388	4508881744	4508924724	4508925140	4508966953	4508968269	4508983643	4508983966	4509004141	4509004953	4509060721	4509060988	4509082755	4509083114	4509113973	4509114417	4509181877	4509183205
4509183776	4509870231	4509870265	15	4509214900	4509215938	4509244659	4509245458	4509314734	4509316601	4509351744	4509352215	4509416530	4509417444	4509435378	4509435736	4509464316	4509464765	4509522047	4509523554	4509555611	4509558897	4509620107	4509620472	4509657394	4509657764	4509693685	4509694868	4509768497	4509768905	4509798471	4509798899	4509869131	4509870186
4509870766	4510428490	4510428964	15	4509891146	4509891495	4509918029	4509919483	4509981944	4509982515	4510017940	4510018841	4510078602	4510079442	4510092559	4510093012	4510119825	4510120215	4510146964	4510147292	4510205160	4510206562	4510224969	4510225407	4510246981	4510248260	4510306028	4510306491	4510334460	4510334833	4510366011	4510366398	4510428453	4510428915
4510429534	4511030015	4511030351	15	4510457653	4510458077	4510484832	4510485429	4510543878	4510545234	4510584058	4510584978	4510650369	4510651102	4510682729	4510683105	4510745726	4510746573	4510775018	4510775414	4510808024	4510808559	4510860265	4510860633	4510893647	4510894016	4510919320	4510919677	4510977089	4510977504	4511002115	4511003497	4511029983	4511030317
4511030979	4511608623	4511609286	15	4511084878	4511085290	4511119498	4511120052	4511149356	4511150174	4511209119	4511209693	4511238493	4511239944	4511268958	4511269514	4511330728	4511331167	4511350278	4511350987	4511374160	4511375903	4511437442	4511438139	4511457463	4511457703	4511482279	4511482763	4511503804	4511504126	4511565249	4511565825	4511608593	4511609207
4511609670	4512069361	4512069478	15	4511673346	4511673900	4511704184	4511705865	4511717213	4511721058	4511719791	4511722275	4511726924	4511727966	4511774067	4511774291	4511800381	4511800581	4511830025	4511830660	4511887874	4511888655	4511907875	4511908320	4511927870	4511928229	4511947425	4511948357	4512000760	4512001363	4512031303	4512031722	4512068146	4512068915
4512069807	4512728983	4512729375	15	4512131930	4512132254	4512165490	4512166021	4512224880	4512225772	4512267552	4512267911	4512294981	4512310002	4512366955	4512367493	4512394841	4512395236	4512456828	4512457405	4512491633	4512493641	4512533833	4512534831	4512574761	4512575130	4512598344	4512598711	4512623965	4512624878	4512682531	4512682904	4512728850	4512729334
4512729719	4513367984	4513368016	15	4512799520	4512800762	4512825282	4512827499	4512849100	4512850688	4512917455	4512917871	4512943751	4512944895	4512963032	4512965503	4513023104	4513023523	4513062903	4513063280	4513125095	4513126570	4513151350	4513151698	4513184391	4513184812	4513250183	4513251886	4513278181	4513278577	4513309060	4513309422	4513367235	4513367941
4513368348	4513951363	4513951963	15	4513385365	4513387367	4513406479	4513407050	4513466550	4513467472	4513505342	4513506905	4513526249	4513527562	4513579068	4513579495	4513597911	4513598334	4513623419	4513623773	4513690177	4513690953	4513726567	4513726935	4513756411	4513757768	4513823376	4513823768	4513859715	4513860138	4513923377	4513926178	4513951333	4513951683
4513952306	4514644111	4514645287	15	4513974300	4513974765	4514047798	4514048308	4514083070	4514084154	4514159003	4514159339	4514194814	4514195579	4514255572	4514256612	4514284347	4514284773	4514313347	4514313942	4514375729	4514376965	4514410299	4514410746	4514481221	4514481573	4514515016	4514515408	4514537567	4514537933	4514605273	4514605693	4514644081	4514644778
4514646060	4515216287	4515216701	15	4514694705	4514696842	4514736689	4514739652	4514764300	4514765114	4514833841	4514834444	4514863244	4514864128	4514885943	4514886345	4514946105	4514946479	4514981411	4514982212	4515043317	4515043801	4515060411	4515060759	4515083389	4515084769	4515114664	4515115058	4515168830	4515169211	4515192469	4515193114	4515216258	4515216639
4515217187	4515683371	4515685161	15	4515282746	4515283343	4515308991	4515309636	4515355755	4515356930	4515406976	4515409436	4515442575	4515444743	4515507398	4515507737	4515541557	4515542178	4515572741	4515573161	4515643235	4515643950	4515655063	4515659484	4515658813	4515660931	4515669514	4515680740	4515672685	4515682341	4515676359	4515683750	4515683349	4515685142
4515685749	4516114851	4516115259	15	4515723190	4515724413	4515748354	4515750247	4515765037	4515769377	4515767271	4515771483	4515770566	4515772319	4515776805	4515777028	4515833929	4515834210	4515852647	4515853147	4515874538	4515875109	4515899859	4515900216	4515964270	4515964685	4515994353	4515994937	4516013711	4516014207	4516080485	4516080886	4516114821	4516115218
4516116384	4516782223	4516783635	15	4516186917	4516187669	4516219443	4516221156	4516258062	4516274414	4516310177	4516310588	4516338910	4516339765	4516392440	4516394746	4516430985	4516431380	4516463479	4516463916	4516530932	4516531607	4516556469	4516556953	4516626326	4516626985	4516663836	4516664159	4516685476	4516685805	4516754995	4516755447	4516782194	4516782582
4516784403	4517432882	4517433874	15	4516847415	4516847846	4516890087	4516890524	4516909642	4516910027	4516975459	4516976820	4517005293	4517005854	4517031643	4517032458	4517103371	4517103792	4517129470	4517129803	4517178607	4517179186	4517219120	4517219473	4517241959	4517242347	4517302609	4517303024	4517339229	4517339579	4517359491	4517359817	4517432850	4517433355
4517434234	4518036782	4518037535	15	4517463172	4517463585	4517509306	4517510361	4517568690	4517569479	4517642457	4517643265	4517681726	4517682408	4517712988	4517729653	4517769212	4517769921	4517789723	4517790115	4517815343	4517817221	4517881047	4517882996	4517903813	4517904204	4517927126	4517927471	4517991910	4517992604	4518013046	4518013742	4518036754	4518037472
4518037881	4518785605	4518787579	15	4518104164	4518104672	4518129314	4518129638	4518192334	4518193207	4518230887	4518231264	4518259669	4518260391	4518335781	4518336331	4518365621	4518366482	4518450578	4518451236	4518478475	4518479070	4518551105	4518551917	4518574858	4518575514	4518598704	4518599101	4518665794	4518666729	4518700838	4518702803	4518785574	4518787506
4518787946	4519569521	4519575118	15	4518820514	4518821913	4518903926	4518905363	4518927361	4518928391	4518989057	4518989420	4519031422	4519032025	4519103767	4519104209	4519147821	4519148253	4519223083	4519223578	4519254055	4519255643	4519285340	4519285732	4519354396	4519354820	4519377803	4519378643	4519407317	4519407875	4519481187	4519482295	4519569484	4519569903
4519576200	4519955534	4519955842	15	4519601378	4519601808	4519686233	4519687012	4519704625	4519709044	4519709584	4519710522	4519732330	4519735341	4519776738	4519778962	4519801913	4519802272	4519815206	4519819866	4519817194	4519822118	4519820731	4519822985	4519830325	4519830651	4519847615	4519847873	4519905880	4519906293	4519925929	4519927375	4519955505	4519955804
4519956183	4520613932	4520614264	15	4520017638	4520019300	4520041359	4520042023	4520064836	4520065264	4520136986	4520137423	4520164145	4520164715	4520232002	4520232462	4520268585	4520269247	4520301736	4520302077	4520372630	4520373584	4520390678	4520391400	4520412149	4520413122	4520481536	4520481928	4520509217	4520510000	4520579379	4520579819	4520613902	4520614225
4520615004	4521249735	4521250776	15	4520645515	4520646013	4520715120	4520716646	4520731871	4520733607	4520790842	4520791532	4520823548	4520824248	4520841941	4520842321	4520902041	4520902845	4520943673	4520944245	4520973014	4520973612	4521037844	4521038159	4521059471	4521060000	4521085354	4521085678	4521149097	4521149460	4521178069	4521178653	4521249693	4521250715
4521260588	4521957421	4521958080	15	4521289413	4521290203	4521324432	4521325187	4521392269	4521393563	4521420497	4521420866	4521497850	4521499217	4521516687	4521517202	4521546044	4521546982	4521617259	4521617682	4521646219	4521649447	4521720770	4521724001	4521754222	4521754575	4521828587	4521831066	4521859266	4521859649	4521922846	4521923235	4521957391	4521958025
4521958642	4522611966	4522613005	15	4521980288	4521982801	4522055112	4522055848	4522081452	4522081960	4522104024	4522104404	4522168681	4522169977	4522189756	4522190115	4522205827	4522206110	4522264495	4522265194	4522299918	4522300287	4522331442	4522331855	4522402328	4522402657	4522428203	4522428570	4522495909	4522496294	4522527007	4522527373	4522611936	4522612224
4522613473	4523307510	4523308657	15	4522635592	4522635995	4522655542	4522656613	4522706178	4522706732	4522747074	4522748075	4522781325	4522782444	4522853015	4522853480	4522888914	4522889200	4522965590	4522966016	4522991212	4522991761	4523068637	4523069000	4523094201	4523094557	4523154774	4523155146	4523198190	4523198589	4523236761	4523237676	4523307478	4523308124
4523309557	4523864989	4523871955	15	4523343118	4523343455	4523413371	4523413912	4523435636	4523437765	4523502660	4523503066	4523532580	4523533192	4523547620	4523547998	4523569651	4523570026	4523640579	4523647036	4523644119	4523649167	4523660995	4523661418	4523691157	4523691490	4523754838	4523755187	4523779429	4523779803	4523843214	4523843864	4523864952	4523871895
4523872688	4524223698	4524224890	15	4523897118	4523898235	4523932640	4523935283	4523949789	4523950280	4523977368	4523983685	4523979228	4523984588	4523981482	4523985476	4523983953	4523986311	4523986894	4523987343	4524017663	4524018029	4524083587	4524084399	4524103927	4524104323	4524126630	4524127015	4524182774	4524183216	4524204154	4524204536	4524223668	4524223977
4524225410	4524899929	4524900571	15	4524246776	4524247378	4524310105	4524310937	4524329234	4524329631	4524352842	4524353203	4524403705	4524406739	4524444682	4524445135	4524514670	4524515143	4524535833	4524536447	4524567450	4524570651	4524648923	4524649646	4524686092	4524688187	4524753041	4524753520	4524785229	4524785832	4524835657	4524836025	4524899893	4524900286
4524900951	4525562546	4525563185	15	4524929671	4524929990	4524990041	4524991138	4525026894	4525027463	4525096884	4525097688	4525120936	4525122421	4525156628	4525157033	4525211681	4525212145	4525233284	4525233651	4525286270	4525287029	4525333340	4525333850	4525363622	4525364580	4525438197	4525438666	4525460498	4525460859	4525493433	4525493797	4525562512	4525562903
4525563900	4526216073	4526216424	15	4525592331	4525592887	4525662777	4525663360	4525692193	4525695049	4525763783	4525764241	4525794368	4525795060	4525820305	4525820605	4525879151	4525880511	4525908373	4525908739	4525945626	4525947628	4526016235	4526016653	4526050622	4526050976	4526117334	4526117718	4526135296	4526136410	4526154488	4526155498	4526216038	4526216381
4526216820	4526809749	4526810079	15	4526246856	4526247220	4526281838	4526283766	4526343654	4526344806	4526360986	4526361863	4526388869	4526389507	4526452049	4526452468	4526475402	4526475745	4526523884	4526524448	4526565426	4526566140	4526584073	4526584422	4526610928	4526611206	4526678657	4526679039	4526713023	4526714746	4526781357	4526781994	4526809719	4526810042
4526810702	4527496680	4527497115	15	4526835136	4526836640	4526904014	4526905216	4526930987	4526933184	4526957849	4526958179	4527022785	4527024326	4527053948	4527054677	4527121008	4527125365	4527161068	4527161445	4527228662	4527230739	4527258087	4527258508	4527315170	4527315653	4527372920	4527373335	4527414219	4527414890	4527473233	4527473702	4527496651	4527497078
4527497645	4528030105	4528033683	15	4527520507	4527521142	4527586386	4527587001	4527621941	4527622499	4527683480	4527683834	4527705977	4527707747	4527737353	4527737776	4527793542	4527794507	4527816668	4527817727	4527855730	4527856325	4527928285	4527928684	4527957341	4527957826	4527971108	4527977966	4527975629	4527979281	4528009161	4528009757	4528030081	4528033620
4528034375	4528422505	4528422790	15	4528050987	4528051567	4528080843	4528081336	4528087238	4528089968	4528089455	4528090821	4528133031	4528134266	4528157130	4528157367	4528187539	4528187897	4528241226	4528241584	4528259913	4528260441	4528278178	4528278524	4528302009	4528302373	4528358710	4528359092	4528378403	4528378777	4528400150	4528400760	4528422471	4528422756
4528423135	4529058281	4529058748	15	4528481855	4528482304	4528509141	4528511143	4528538502	4528539696	4528607817	4528608715	4528646504	4528648245	4528706263	4528706816	4528740200	4528740572	4528797908	4528798298	4528830295	4528830857	4528859703	4528862050	4528927156	4528927932	4528952550	4528952940	4528985824	4528986193	4529041233	4529041645	4529058250	4529058639
4529059307	4529662041	4529662631	15	4529078819	4529079742	4529097263	4529097623	4529154969	4529155547	4529183608	4529184982	4529211052	4529212263	4529272890	4529273250	4529302282	4529302661	4529328985	4529329371	4529386776	4529387841	4529422199	4529422649	4529485886	4529488212	4529519581	4529520005	4529566189	4529568944	4529638695	4529639082	4529662011	4529662332
4529663219	4530322015	4530322673	15	4529725702	4529726144	4529751479	4529752180	4529776044	4529776462	4529831923	4529832352	4529871864	4529872521	4529929009	4529929405	4529963210	4529963757	4529988494	4529988846	4530047763	4530048534	4530083828	4530084337	4530115451	4530115900	4530182779	4530183184	4530217118	4530217639	4530281275	4530281867	4530321900	4530322633
4530323076	4531003408	4531003978	15	4530382920	4530384675	4530412844	4530414459	4530449507	4530450316	4530509339	4530511452	4530546695	4530548363	4530602020	4530602471	4530630980	4530632392	4530663668	4530664054	4530725899	4530726745	4530757328	4530757825	4530791497	4530791887	4530852375	4530852856	4530879311	4530882646	4530933804	4530934242	4531003372	4531003691
4531004464	4531641894	4531643298	15	4531069696	4531071436	4531108015	4531109453	4531148831	4531164447	4531194938	4531195423	4531227559	4531228752	4531284020	4531285095	4531311173	4531311607	4531352278	4531353260	4531408528	4531409558	4531437862	4531438268	4531463023	4531463445	4531518819	4531519319	4531551264	4531551637	4531575472	4531575918	4531641860	4531642253
4531643889	4532128080	4532128559	15	4531680148	4531680505	4531743749	4531744504	4531783983	4531785043	4531844598	4531844957	4531876629	4531879408	4531912400	4531913096	4531948241	4531948599	4532011145	4532011574	4532025588	4532028264	4532036874	4532037191	4532079746	4532083965	4532081963	4532085002	4532085085	4532086163	4532098084	4532098343	4532128057	4532128527
4532128843	4532567370	4532568932	15	4532135760	4532139950	4532138157	4532140723	4532140848	4532141426	4532193276	4532193556	4532209757	4532210670	4532234926	4532235367	4532253820	4532254200	4532307744	4532308160	4532329603	4532330132	4532350308	4532350655	4532369134	4532369507	4532427669	4532428269	4532461342	4532461705	4532489566	4532489957	4532567334	4532567675
4532569513	4533248376	4533248725	15	4532594366	4532594751	4532660439	4532662599	4532694478	4532694968	4532748772	4532749156	4532788995	4532789759	4532813623	4532813973	4532868142	4532868535	4532900888	4532901293	4532928581	4532929260	4533006031	4533006417	4533034292	4533035217	4533095337	4533096294	4533146268	4533146710	4533164152	4533164523	4533248301	4533248681
4533249116	4533836888	4533837561	15	4533270212	4533271551	4533308083	4533309819	4533369212	4533370703	4533431903	4533432991	4533457730	4533458842	4533478330	4533478671	4533496892	4533497386	4533559777	4533560228	4533596273	4533596837	4533633337	4533633721	4533690570	4533690956	4533716882	4533717203	4533776981	4533777882	4533813082	4533813487	4533836861	4533837189
4533837899	4534399330	4534400207	15	4533892342	4533893169	4533931837	4533932968	4533953846	4533954375	4534025386	4534025787	4534051086	4534052341	4534068706	4534069694	4534129391	4534129780	4534151952	4534152344	4534168556	4534169733	4534196222	4534196767	4534258658	4534261022	4534288087	4534288671	4534325527	4534325999	4534364154	4534364562	4534399300	4534399615
4534400532	4535043230	4535044085	15	4534467249	4534468489	4534497695	4534499361	4534522287	4534522676	4534595627	4534596080	4534619602	4534621225	4534681455	4534682153	4534715564	4534715921	4534736044	4534736368	4534796898	4534799303	4534834647	4534835033	4534855308	4534855654	4534924405	4534926392	4534951032	4534951460	4535009630	4535010790	4535043198	4535043551
4535044420	4535489828	4535490168	15	4535065214	4535065628	4535130762	4535132008	4535155102	4535156215	4535174532	4535174908	4535217308	4535234345	4535259555	4535260986	4535281907	4535289482	4535285095	4535290416	4535287751	4535291222	4535291022	4535292401	4535304919	4535305122	4535364590	4535365005	4535389833	4535390260	4535410124	4535411068	4535489795	4535490119
4535490501	4536074333	4536078016	15	4535519938	4535520365	4535578079	4535578963	4535605484	4535605907	4535635305	4535635689	4535704647	4535705795	4535729136	4535729464	4535749775	4535750652	4535775574	4535776177	4535840682	4535841352	4535865322	4535865722	4535925674	4535926164	4535962557	4535963220	4536033835	4536034968	4536065776	4536066156	4536074311	4536077460
4536078412	4536676360	4536677553	15	4536091077	4536093347	4536155135	4536155946	4536188587	4536189569	4536250504	4536250979	4536294640	4536295284	4536320156	4536320537	4536382480	4536386377	4536406834	4536407214	4536433380	4536433767	4536505668	4536506063	4536525762	4536526210	4536587930	4536588930	4536628636	4536628961	4536649131	4536649496	4536676330	4536677482
4536677882	4537256571	4537264922	15	4536738842	4536739199	4536758960	4536760268	4536803126	4536803813	4536846109	4536846644	4536873134	4536873602	4536905113	4536905728	4536965468	4536965737	4536986900	4536987590	4537058042	4537058883	4537084469	4537085871	4537120947	4537121383	4537188134	4537188732	4537198991	4537203077	4537205896	4537206658	4537256469	4537264890
4537271006	4537652123	4537654229	15	4537306101	4537308013	4537365680	4537371925	4537393256	4537399169	4537420556	4537421391	4537438056	4537438670	4537511083	4537511636	4537532148	4537540204	4537536793	4537541937	4537541428	4537543316	4537560001	4537560462	4537610755	4537611440	4537637777	4537638391	4537647599	4537652315	4537649566	4537653297	4537652104	4537654213
4537654713	4538281348	4538281900	15	4537713822	4537721165	4537743118	4537744100	4537758818	4537759338	4537773644	4537773911	4537814741	4537832784	4537876140	4537876723	4537906565	4537907190	4537972747	4537973253	4537998965	4538000013	4538066969	4538067829	4538101266	4538103814	4538131836	4538133594	4538195323	4538195846	4538218280	4538218959	4538281284	4538281811
4538282244	4538892717	4538893089	15	4538314593	4538315953	4538337105	4538337852	4538412779	4538414487	4538440502	4538440944	4538468481	4538469632	4538536066	4538536527	4538558164	4538558592	4538587068	4538587725	4538651502	4538652083	4538672107	4538672451	4538739253	4538739912	4538763349	4538764572	4538788177	4538788758	4538862661	4538863194	4538892688	4538893026
4538894282	4539580696	4539581048	15	4538977256	4538977680	4539007265	4539007921	4539078039	4539078597	4539099680	4539100065	4539117978	4539118532	4539168260	4539168817	4539217833	4539218947	4539247889	4539248323	4539325324	4539326858	4539349028	4539349450	4539411884	4539412264	4539446622	4539447546	4539475030	4539475568	4539548052	4539548435	4539580667	4539580987
4539581387	4540144621	4540144932	15	4539662325	4539662765	4539685300	4539686988	4539763760	4539764646	4539783050	4539789300	4539786757	4539791546	4539814552	4539815205	4539883498	4539883965	4539908473	4539908869	4539935458	4539935797	4540004818	4540005900	4540013130	4540015457	4540030844	4540031447	4540057940	4540058382	4540118731	4540119771	4540144589	4540144896
4540145335	4540664473	4540664821	15	4540203647	4540204567	4540227230	4540227602	4540242462	4540243335	4540258771	4540259113	4540321278	4540322337	4540344807	4540345227	4540363304	4540363687	4540387293	4540387690	4540444253	4540445088	4540466064	4540466515	4540484301	4540484616	4540538748	4540539178	4540565892	4540566310	4540589151	4540589539	4540664436	4540664774
4540665222	4541273921	4541277130	15	4540691165	4540691568	4540723552	4540724981	4540780972	4540782673	4540800759	4540801174	4540819154	4540819797	4540839061	4540840475	4540904335	4540904820	4540937206	4540937687	4541013745	4541014495	4541041007	4541042061	4541116002	4541116375	4541142624	4541143025	4541216674	4541217067	4541244708	4541245091	4541273891	4541277069
4541277469	4542014319	4542014352	15	4541352670	4541353171	4541388140	4541389112	4541457342	4541459816	4541492290	4541493478	4541568111	4541569992	4541596194	4541596564	4541628586	4541628957	4541686352	4541686758	4541706548	4541708015	4541754935	4541755877	4541803726	4541804170	4541842266	4541843071	4541910055	4541910514	4541937305	4541937661	4542013079	4542014268
4542014704	4542632023	4542632368	15	4542034038	4542034396	4542059073	4542059474	4542125381	4542125910	4542147519	4542148210	4542189186	4542190156	4542262684	4542263434	4542299372	4542299748	4542370012	4542370484	4542401575	4542403059	4542473196	4542473903	4542496204	4542496530	4542525281	4542526402	4542592997	4542593400	4542608989	4542609286	4542631995	4542632317
4542632729	4543283650	4543283963	15	4542705546	4542707461	4542737703	4542740205	4542814210	4542816127	4542843068	4542843474	4542908215	4542910417	4542940660	4542941130	4542963074	4542963494	4543026672	4543027043	4543051042	4543052018	4543070771	4543071155	4543092857	4543093448	4543160915	4543161304	4543194953	4543195386	4543260644	4543261165	4543283616	4543283923
4543285108	4543994755	4543995091	15	4543336410	4543336867	4543384859	4543386077	4543425895	4543427577	4543492897	4543493328	4543533342	4543533887	4543602464	4543602873	4543631734	4543632449	4543657473	4543657823	4543724930	4543725772	4543764138	4543764812	4543831099	4543831465	4543860827	4543861228	4543930852	4543931471	4543955522	4543955923	4543994722	4543995022
4543995491	4544499719	4544500042	15	4544063204	4544063841	4544082115	4544082614	4544147936	4544149250	4544173672	4544176907	4544205985	4544207624	4544260590	4544261027	4544282747	4544288266	4544285619	4544290162	4544288565	4544290944	4544291042	4544292038	4544313563	4544313811	4544373739	4544374096	4544400416	4544400812	4544432987	4544433339	4544499690	4544499975
4544500610	4545196852	4545197429	15	4544522250	4544522597	4544558305	4544558815	4544621442	4544622066	4544640433	4544640756	4544667631	4544669498	4544736806	4544738886	4544769729	4544770121	4544835848	4544836307	4544874258	4544876205	4544940226	4544940660	4544978330	4544978707	4545048292	4545048682	4545084161	4545084643	4545119020	4545119398	4545196817	4545197175
4545197789	4545871720	4545872340	15	4545233922	4545235646	4545300711	4545301377	4545323482	4545324248	4545342959	4545343409	4545410435	4545411003	4545445341	4545445791	4545512531	4545512881	4545543719	4545544119	4545616121	4545618871	4545644965	4545645338	4545676966	4545677407	4545748258	4545748629	4545768237	4545768825	4545795922	4545796248	4545871685	4545872029
4545873835	4546543470	4546543508	15	4545930950	4545931476	4545984611	4545986096	4546019892	4546022392	4546083048	4546083631	4546114022	4546114785	4546140191	4546140678	4546202950	4546204421	4546235458	4546235842	4546294010	4546294555	4546322434	4546322763	4546354205	4546354554	4546422341	4546422894	4546454818	4546455250	4546475386	4546475738	4546542789	4546543413
4546543908	4547147211	4547149729	15	4546589421	4546591283	4546652420	4546653236	4546679153	4546681108	4546735892	4546736318	4546763132	4546763665	4546783001	4546783597	4546802906	4546803294	4546862097	4546862546	4546886783	4546887906	4546924630	4546925228	4546985143	4546985584	4547015940	4547016370	4547044746	4547045155	4547110214	4547110573	4547147183	4547149662
4547150358	4547829061	4547829458	15	4547214431	4547214774	4547233959	4547235009	4547260669	4547262842	4547329009	4547330804	4547368200	4547370016	4547426963	4547427343	4547453177	4547453728	4547493613	4547494398	4547549960	4547550782	4547590235	4547590962	4547660156	4547660575	4547697417	4547697832	4547768212	4547768628	4547800072	4547800462	4547829027	4547829419
4547829876	4548273975	4548273995	15	4547885789	4547887378	4547908350	4547908910	4547961852	4547977042	4548014631	4548015015	4548058561	4548061204	4548109413	4548114776	4548113676	4548115953	4548132819	4548133412	4548160358	4548161822	4548169623	4548170985	4548208811	4548209188	4548223791	4548227301	4548226624	4548228253	4548239762	4548241557	4548273035	4548273939
4548274264	4548950461	4548950768	15	4548332668	4548333768	4548368584	4548370133	4548398417	4548400345	4548470174	4548470553	4548503020	4548504149	4548554628	4548555163	4548581248	4548581627	4548613137	4548614084	4548676045	4548678562	4548720201	4548720593	4548786840	4548787346	4548826047	4548826600	4548890535	4548890957	4548912869	4548913246	4548950431	4548950731
4548952233	4549638548	4549638858	15	4549017138	4549018207	4549042573	4549044210	4549070092	4549071058	4549129652	4549130135	4549159113	4549160719	4549184218	4549184586	4549247085	4549247498	4549290383	4549290824	4549357348	4549359404	4549397962	4549398341	4549470558	4549470974	4549506578	4549507026	4549574487	4549575052	4549605972	4549606941	4549638519	4549638823
4549639203	4550354034	4550354379	15	4549703306	4549705532	4549744540	4549745530	4549810870	4549813059	4549845231	4549845694	4549908796	4549909797	4549952094	4549952455	4549997057	4549997472	4550053539	4550056293	4550087406	4550088563	4550146054	4550146416	4550168390	4550168805	4550193742	4550194600	4550251077	4550251934	4550283206	4550283820	4550354003	4550354332
4550354739	4550811415	4550816464	15	4550388095	4550388493	4550414277	4550414600	4550474829	4550475537	4550495155	4550495670	4550525441	4550526604	4550560324	4550560674	4550606567	4550606943	4550633473	4550633813	4550690990	4550692253	4550717734	4550718104	4550748633	4550748984	4550801006	4550802053	4550805042	4550810642	4550807018	4550815377	4550811391	4550816446
4550816947	4551378571	4551379381	15	4550845905	4550847278	4550863211	4550864323	4550917799	4550919446	4550945681	4550947719	4550977453	4550978149	4551007012	4551007486	4551051762	4551052121	4551084787	4551085316	4551136309	4551139090	4551171071	4551172217	4551199988	4551200354	4551256890	4551257347	4551288954	4551289342	4551312182	4551312562	4551378533	4551378996
4551379797	4552051882	4552055199	15	4551425860	4551428046	4551496957	4551498430	4551531081	4551533260	4551601112	4551601962	4551639222	4551641201	4551668458	4551668979	4551742857	4551743287	4551768312	4551768802	4551828999	4551830228	4551852294	4551852703	4551869754	4551870043	4551890395	4551890770	4551981255	4551981692	4552003559	4552003903	4552051854	4552052908
4552055592	4552556282	4552557007	15	4552091616	4552091984	4552103946	4552108341	4552105866	4552109274	4552108813	4552110282	4552160703	4552161171	4552186447	4552186714	4552213658	4552214050	4552235173	4552235488	4552308110	4552308806	4552331516	4552332075	4552405135	4552405527	4552425989	4552426348	4552445681	4552446117	4552515565	4552516751	4552556254	4552556966
4552557358	4553241509	4553241547	15	4552619492	4552620043	4552657534	4552658537	4552676272	4552678429	4552741480	4552741869	4552767312	4552767842	4552792321	4552792938	4552873746	4552874418	4552908650	4552909598	4552979139	4552979703	4553007415	4553007912	4553077604	4553078013	4553106147	4553106531	4553133468	4553133963	4553209158	4553210770	4553239837	4553241449
4553241995	4554016220	4554016514	15	4553313341	4553315806	4553346672	4553347102	4553427434	4553428878	4553454076	4553454686	4553528491	4553529059	4553568811	4553569339	4553648892	4553649680	4553675347	4553677678	4553701792	4553709390	4553777837	4553778235	4553805765	4553812245	4553877671	4553878349	4553910666	4553911097	4553980152	4553980519	4554016190	4554016478
4554016957	4554807570	4554808825	15	4554089691	4554090491	4554128647	4554129189	4554191640	4554192880	4554239499	4554240896	4554325641	4554326704	4554356473	4554356846	4554426242	4554426637	4554460583	4554460984	4554484729	4554485237	4554549909	4554550318	4554582894	4554583445	4554652475	4554655055	4554685386	4554685982	4554719570	4554720008	4554807541	4554808312
4554809327	4555509327	4555510051	15	4554875636	4554876052	4554901042	4554901665	4554918886	4554919755	4554996837	4554997211	4555031675	4555032415	4555113536	4555113941	4555142114	4555142480	4555164744	4555165868	4555233119	4555234001	4555261647	4555262303	4555338461	4555338878	4555371727	4555372100	4555449669	4555450130	4555476664	4555477027	4555509297	4555509750
4555510413	4556136980	4556137663	15	4555574132	4555574542	4555600132	4555602633	4555671940	4555673457	4555694043	4555695200	4555710539	4555711687	4555736848	4555737184	4555805747	4555806126	4555843406	4555843847	4555907742	4555911443	4555932565	4555932971	4556023765	4556024285	4556041627	4556046423	4556045669	4556048379	4556104571	4556105651	4556136955	4556137224
4556138004	4556651095	4556651475	15	4556153706	4556158106	4556156113	4556159015	4556158477	4556159863	4556180481	4556180833	4556248999	4556250147	4556272329	4556272866	4556336381	4556336824	4556371468	4556371848	4556396401	4556397107	4556458876	4556459405	4556482553	4556483477	4556501646	4556502817	4556572528	4556572927	4556602053	4556602464	4556651061	4556651431
4556666247	4557345135	4557347280	15	4556700716	4556701197	4556720049	4556720680	4556745340	4556747110	4556812278	4556812654	4556839158	4556841324	4556910491	4556911774	4556937718	4556938062	4556976064	4556978771	4557045575	4557046202	4557068150	4557068546	4557139591	4557140048	4557170966	4557171606	4557235139	4557235585	4557269609	4557270202	4557345090	4557346995
4557347635	4558039824	4558041284	15	4557387851	4557389281	4557442224	4557443839	4557495382	4557495928	4557517697	4557518884	4557551465	4557569163	4557601756	4557602242	4557633558	4557633909	4557710623	4557711064	4557734494	4557735028	4557760533	4557760929	4557829105	4557829555	4557860813	4557861821	4557929247	4557930238	4557958685	4557959273	4558039793	4558041205
4558041660	4558550985	4558551296	15	4558069613	4558070494	4558094772	4558095457	4558159216	4558159581	4558181029	4558181847	4558216586	4558219355	4558256802	4558257332	4558278241	4558278605	4558296856	4558297965	4558363060	4558364300	4558382529	4558382894	4558399055	4558400023	4558424473	4558424946	4558488187	4558488663	4558506854	4558507168	4558550957	4558551257
4558551657	4559286980	4559287336	15	4558628441	4558629513	4558708608	4558710617	4558742474	4558742827	4558773436	4558773769	4558843251	4558844929	4558866691	4558868250	4558884857	4558885196	4558959252	4558959664	4558999842	4559003134	4559070202	4559070599	4559091749	4559092191	4559161200	4559161634	4559183187	4559183559	4559209507	4559210102	4559286950	4559287295
4559287688	4559950793	4559951572	15	4559311078	4559311428	4559332227	4559332932	4559396447	4559397224	4559416926	4559417615	4559452275	4559452823	4559523636	4559524035	4559553681	4559554062	4559615619	4559618241	4559640604	4559641632	4559663586	4559663901	4559719256	4559719630	4559762649	4559763097	4559839409	4559839921	4559869767	4559870483	4559950761	4559951232
4559951940	4560322811	4560322990	15	4559976929	4559977489	4560013864	4560014369	4560087012	4560087662	4560124142	4560124651	4560178169	4560179704	4560203432	4560209114	4560206923	4560210600	4560228108	4560228400	4560241357	4560245218	4560243463	4560246227	4560246757	4560247256	4560300584	4560300882	4560316123	4560320433	4560318256	4560321718	4560322791	4560322970
4560323460	4560908056	4560909339	15	4560347466	4560347909	4560414064	4560415206	4560431823	4560432444	4560461935	4560462325	4560524760	4560525886	4560548391	4560548792	4560568251	4560568592	4560624127	4560624548	4560641022	4560641633	4560664373	4560664793	4560752263	4560752749	4560777722	4560778461	4560823018	4560823455	4560882502	4560883227	4560908025	4560909273
4560909796	4561535702	4561536096	15	4560964597	4560965197	4560981704	4560982671	4561005344	4561007444	4561073283	4561073678	4561099349	4561100173	4561125866	4561129142	4561201275	4561201773	4561228107	4561228498	4561257479	4561258095	4561317521	4561318063	4561346064	4561346318	4561385992	4561386403	4561443673	4561444212	4561467659	4561467993	4561535667	4561536050
4561536454	4562129606	4562132100	15	4561559683	4561560734	4561596407	4561597832	4561657456	4561657935	4561677816	4561678426	4561705338	4561706899	4561765541	4561766531	4561787328	4561788325	4561824255	4561824662	4561881392	4561881968	4561901137	4561901528	4561935142	4561935541	4561997303	4561997624	4562025922	4562026293	4562085420	4562085857	4562129576	4562129898
4562133634	4562794860	4562795502	15	4562158124	4562158543	4562227199	4562227585	4562259320	4562259832	4562317595	4562317946	4562337503	4562337867	4562359833	4562360289	4562387488	4562402170	4562453370	4562453760	4562485448	4562488307	4562556297	4562556909	4562589718	4562590136	4562655642	4562656047	4562687634	4562688009	4562725423	4562739631	4562794829	4562795457
4562795866	4563383368	4563383694	15	4562854152	4562854645	4562902073	4562902620	4562936580	4562937569	4563007643	4563008137	4563036294	4563037383	4563062670	4563063061	4563126722	4563127336	4563154784	4563155155	4563215148	4563216383	4563233088	4563233456	4563249865	4563250258	4563275309	4563275791	4563331185	4563331617	4563357537	4563357910	4563383331	4563383659
4563384049	4564112079	4564113719	15	4563434969	4563435263	4563469847	4563470963	4563509614	4563511091	4563578202	4563578609	4563607806	4563608906	4563678775	4563679343	4563708508	4563708976	4563732616	4563733140	4563802021	4563802549	4563844001	4563844401	4563921626	4563922012	4563951582	4563951966	4564022829	4564023244	4564051944	4564052370	4564112045	4564112364
4564114636	4564579314	4564579651	15	4564149844	4564152756	4564191916	4564193330	4564257536	4564258243	4564288366	4564288783	4564342412	4564343708	4564367451	4564373042	4564381062	4564382640	4564402557	4564414497	4564404708	4564417006	4564406926	4564418847	4564409008	4564421162	4564411029	4564427631	4564472919	4564473320	4564512673	4564512981	4564579283	4564579608
4564580003	4565202403	4565203081	15	4564610891	4564611718	4564642784	4564657210	4564706186	4564706778	4564729476	4564729840	4564747192	4564747631	4564804175	4564804574	4564836628	4564837475	4564901711	4564902126	4564940840	4564941965	4564982178	4564982637	4565044719	4565045200	4565078235	4565078659	4565128814	4565129180	4565162982	4565163377	4565202369	4565202826
4565203499	4565846713	4565847085	15	4565261710	4565262098	4565289587	4565290555	4565355713	4565357246	4565384619	4565385182	4565415595	4565416263	4565451912	4565452590	4565499463	4565503455	4565533727	4565534162	4565592209	4565592947	4565630046	4565630482	4565658187	4565674981	4565710968	4565711385	4565740968	4565741325	4565805505	4565806025	4565846683	4565847035
4565847846	4566548536	4566548858	15	4565902773	4565903179	4565952258	4565953286	4565982529	4565982948	4566054859	4566055279	4566090866	4566091406	4566154040	4566154616	4566179394	4566180356	4566209762	4566210369	4566279646	4566280801	4566313045	4566314053	4566380906	4566381291	4566413752	4566414121	4566447424	4566448794	4566512092	4566513407	4566548507	4566548820
4566549219	4567222036	4567222351	15	4566614643	4566615574	4566638113	4566639064	4566665843	4566666242	4566730299	4566731119	4566756334	4566758231	4566780529	4566780895	4566844667	4566845375	4566892591	4566893983	4566956607	4566958886	4566992482	4566992915	4567064667	4567066203	4567092601	4567093279	4567121183	4567121556	4567182320	4567183315	4567222004	4567222312
4567223783	4567861732	4567862261	15	4567287698	4567288203	4567321542	4567323910	4567347269	4567347815	4567420120	4567423316	4567449275	4567449946	4567510380	4567510982	4567544078	4567545751	4567574894	4567577380	4567629574	4567630035	4567651397	4567652782	4567674442	4567674775	4567732561	4567733086	4567766833	4567767180	4567794468	4567795005	4567861634	4567862082
4567862622	4568476559	4568478971	15	4567893995	4567894357	4567916718	4567921215	4567978144	4567978708	4568012976	4568014443	4568090256	4568090910	4568135447	4568136688	4568208835	4568209241	4568240978	4568241395	4568313622	4568314899	4568355856	4568356253	4568413580	4568413996	4568420207	4568421903	4568453842	4568454224	4568471645	4568477354	4568476525	4568478944
4568479583	4568905278	4568905599	15	4568529225	4568532486	4568531453	4568533939	4568543702	4568545394	4568570054	4568570388	4568584879	4568588834	4568586868	4568589766	4568599464	4568599694	4568653086	4568656062	4568673102	4568673597	4568692344	4568693784	4568746729	4568747885	4568778436	4568778869	4568806325	4568806699	4568869267	4568869969	4568905248	4568905561
4568905947	4569580395	4569581048	15	4568932155	4568932596	4569000719	4569002751	4569035066	4569039511	4569040599	4569040987	4569093729	4569094759	4569132760	4569133131	4569174670	4569176876	4569242900	4569243330	4569287671	4569303649	4569328081	4569329808	4569367738	4569368124	4569438651	4569439062	4569473894	4569474470	4569506592	4569506968	4569580359	4569580985
4569581453	4570261448	4570261754	15	4569651744	4569652188	4569686347	4569686899	4569715047	4569716831	4569778005	4569778374	4569819355	4569820131	4569879915	4569880521	4569905245	4569905581	4569933775	4569934173	4569998281	4569998750	4570035504	4570035922	4570081006	4570096049	4570131035	4570131412	4570152633	4570153001	4570220482	4570221133	4570261417	4570261717
4570262340	4570947689	4570948036	15	4570333266	4570333725	4570371332	4570371906	4570394345	4570394780	4570459061	4570459447	4570489754	4570490479	4570559063	4570559533	4570596731	4570597116	4570659889	4570660385	4570696109	4570698621	4570725707	4570727168	4570794613	4570795563	4570827145	4570827559	4570860086	4570860682	4570919308	4570920339	4570947656	4570947994
4570948456	4571585742	4571586440	15	4571011163	4571012202	4571034534	4571035225	4571051430	4571052093	4571092698	4571093107	4571147736	4571149262	4571181597	4571182003	4571238000	4571238419	4571265515	4571265905	4571288459	4571288928	4571362007	4571362450	4571398684	4571399500	4571471741	4571472186	4571490031	4571491064	4571512516	4571513096	4571585703	4571586067
4571586798	4572280312	4572280834	15	4571625486	4571626020	4571699211	4571699746	4571726667	4571727736	4571797471	4571798383	4571831762	4571832329	4571868349	4571870343	4571929228	4571929595	4571950483	4571950790	4571980653	4571981067	4572041291	4572041697	4572072052	4572072427	4572149394	4572149891	4572175178	4572175518	4572203644	4572204079	4572280274	4572280603
4572281236	4572842845	4572843451	15	4572306486	4572307670	4572380116	4572382265	4572419903	4572424699	4572469610	4572471896	4572490378	4572491873	4572512340	4572513211	4572524815	4572526990	4572540492	4572540844	4572608073	4572610027	4572635745	4572636105	4572699608	4572700001	4572731831	4572732209	4572756195	4572756571	4572820406	4572820758	4572842815	4572843186
4572844207	4573555935	4573556297	15	4572861346	4572861726	4572922370	4572923414	4572962041	4572962553	4572992735	4572993108	4573060627	4573062947	4573098535	4573098919	4573175052	4573175396	4573202890	4573203404	4573270515	4573273232	4573300701	4573301061	4573335045	4573335879	4573400959	4573401368	4573428945	4573429345	4573506047	4573506471	4573555903	4573556254
4573556657	4574235730	4574236617	15	4573625733	4573626407	4573650546	4573651227	4573719114	4573720423	4573755195	4573755543	4573825981	4573827385	4573858306	4573859083	4573886378	4573886979	4573954650	4573955035	4573985760	4573989476	4574048959	4574057001	4574086893	4574087276	4574114631	4574115454	4574181307	4574181696	4574214133	4574214561	4574235696	4574236131
4574238179	4574902213	4574902669	15	4574310069	4574310785	4574341148	4574343328	4574409458	4574410021	4574438770	4574439704	4574494679	4574495973	4574535477	4574537545	4574568615	4574569007	4574637926	4574638346	4574663002	4574664033	4574684218	4574684646	4574746683	4574747208	4574775317	4574775930	4574846068	4574846486	4574873947	4574874415	4574902183	4574902615
4574903020	4575658494	4575659038	15	4574964452	4574965037	4574993603	4574995305	4575023467	4575026257	4575101923	4575102322	4575132895	4575135408	4575206049	4575206667	4575231636	4575232141	4575311276	4575311705	4575340280	4575341112	4575410778	4575411681	4575451199	4575452316	4575515039	4575516275	4575555718	4575556374	4575623417	4575623739	4575658462	4575658767
4575659384	4576363217	4576363585	15	4575692351	4575695126	4575765743	4575767100	4575792040	4575794844	4575861374	4575861738	4575889233	4575889555	4575917692	4575918097	4575989872	4575990209	4576025962	4576026483	4576098678	4576101447	4576136399	4576137454	4576193273	4576193681	4576226830	4576227150	4576249855	4576250295	4576325208	4576325830	4576363188	4576363518
4576364205	4576813986	4576814279	15	4576432457	4576432978	4576462759	4576463386	4576481131	4576481503	4576543841	4576544520	4576571578	4576576873	4576575870	4576577881	4576589094	4576589483	4576644510	4576644853	4576665036	4576665377	4576681865	4576682194	4576698649	4576698972	4576754430	4576754788	4576775920	4576776254	4576793143	4576793423	4576813955	4576814244
4576814627	4577375807	4577376606	15	4576867929	4576868348	4576888655	4576889942	4576907407	4576907735	4576937664	4576938031	4577001562	4577002388	4577021561	4577022662	4577052707	4577053546	4577115434	4577115861	4577133872	4577135284	4577171091	4577171446	4577231822	4577232178	4577252292	4577252753	4577328570	4577329184	4577349576	4577349933	4577375774	4577376123
4577377023	4578029466	4578030521	15	4577444861	4577445532	4577472510	4577472836	4577543854	4577544680	4577571748	4577572166	4577597884	4577600791	4577663295	4577665173	4577688795	4577689240	4577714424	4577714800	4577781605	4577783814	4577816962	4577817720	4577880856	4577882197	4577924876	4577925959	4577945221	4577945818	4578007323	4578007943	4578029436	4578029836
4578030885	4578612808	4578613814	15	4578059031	4578059979	4578117087	4578118472	4578137019	4578137626	4578158317	4578159675	4578220634	4578221238	4578250147	4578250541	4578277010	4578277335	4578331214	4578331777	4578370731	4578372449	4578410489	4578411724	4578476760	4578477164	4578499409	4578500764	4578520752	4578521046	4578580914	4578581964	4578612780	4578613756
4578614237	4579256898	4579256933	15	4578645201	4578665924	4578691170	4578692466	4578708390	4578710135	4578738221	4578738738	4578802786	4578804547	4578832171	4578832569	4578903439	4578903827	4578925131	4578926239	4578951211	4578951823	4579027134	4579027661	4579051200	4579051858	4579080251	4579080633	4579144313	4579144670	4579167721	4579168756	4579256063	4579256837
4579257336	4579819671	4579820082	15	4579282417	4579283005	4579303071	4579304164	4579362431	4579363215	4579388749	4579389534	4579411997	4579412337	4579481287	4579481689	4579503196	4579503534	4579523386	4579523829	4579578207	4579578772	4579602291	4579602629	4579627834	4579628720	4579682117	4579688334	4579718058	4579718458	4579756312	4579756740	4579819639	4579820041
4579820471	4580474959	4580482212	15	4579852948	4579853331	4579920923	4579921562	4579952813	4579953414	4579980726	4579981202	4580049172	4580051122	4580080202	4580080564	4580147529	4580147912	4580175682	4580176257	4580195257	4580197176	4580253925	4580254362	4580279182	4580279546	4580313054	4580313440	4580381948	4580382764	4580408752	4580409148	4580474925	4580475285
4580482880	4580962328	4580963297	15	4580512469	4580513173	4580539210	4580540405	4580596324	4580597463	4580623327	4580623756	4580654587	4580656078	4580682251	4580684575	4580712231	4580712547	4580733812	4580735332	4580744569	4580747418	4580772018	4580772276	4580826781	4580827576	4580846211	4580846570	4580866719	4580867045	4580931303	4580931701	4580962300	4580962935
4580963759	4581556675	4581557068	15	4580988923	4580989309	4581035303	4581036094	4581063445	4581063943	4581085498	4581085898	4581112047	4581113469	4581169258	4581169661	4581191710	4581192149	4581223497	4581223874	4581297660	4581299625	4581336434	4581336871	4581399200	4581399580	4581428987	4581429385	4581505467	4581505888	4581537605	4581538415	4581556647	4581556955
4581557419	4582295440	4582296087	15	4581617174	4581619223	4581655635	4581656044	4581719593	4581720279	4581750069	4581750734	4581785446	4581785964	4581857088	4581857501	4581884744	4581887649	4581957173	4581957604	4581990799	4581992254	4582061615	4582062073	4582084546	4582085187	4582113948	4582114360	4582183164	4582183534	4582230017	4582230439	4582295384	4582295729
4582297343	4583016423	4583016969	15	4582335586	4582336438	4582405447	4582406434	4582435495	4582437564	4582467615	4582468335	4582539753	4582542122	4582568125	4582569019	4582628561	4582629651	4582664572	4582665028	4582730174	4582732310	4582763519	4582764226	4582801319	4582801673	4582872856	4582873273	4582905264	4582905646	4582983261	4582983583	4583016392	4583016926
4583017325	4583635649	4583636432	15	4583085390	4583086900	4583109884	4583110569	4583140195	4583141735	4583212680	4583213366	4583239772	4583240813	4583307942	4583308270	4583337975	4583338373	4583389064	4583389384	4583426869	4583427344	4583448918	4583449196	4583472201	4583472617	4583533453	4583535831	4583559950	4583560335	4583578078	4583578909	4583635611	4583636126
4583637458	4584340790	4584342133	15	4583666815	4583667445	4583703934	4583704287	4583774783	4583775535	4583818397	4583818781	4583888435	4583889606	4583919934	4583920306	4583979061	4583979701	4584017831	4584018746	4584046642	4584047170	4584116966	4584117437	4584143973	4584144760	4584198236	4584198744	4584239086	4584239440	4584264772	4584265104	4584340758	4584341148
4584342697	4584836232	4584836467	15	4584371426	4584371964	4584431348	4584431687	4584450460	4584451337	4584469177	4584469958	4584492302	4584492649	4584549834	4584550227	4584579470	4584579826	4584615224	4584615532	4584690795	4584691769	4584718456	4584718851	4584732806	4584733286	4584785276	4584789835	4584790252	4584791419	4584812340	4584812830	4584836209	4584836439
4584836924	4585398907	4585399356	15	4584843308	4584844101	4584894815	4584896045	4584916472	4584917335	4584944462	4584944845	4585008836	4585010188	4585032035	4585032423	4585061844	4585062270	4585125136	4585125810	4585156329	4585157584	4585213720	4585214364	4585247039	4585247739	4585281881	4585282231	4585341701	4585342104	4585373665	4585374609	4585398879	4585399292
4585399703	4585971048	4585976888	15	4585462715	4585463504	4585481288	4585482789	4585499560	4585500617	4585531869	4585532252	4585573647	4585574449	4585594764	4585595470	4585626346	4585626725	4585704675	4585705354	4585730536	4585730946	4585791640	4585792299	4585818102	4585818509	4585845755	4585846122	4585913457	4585915029	4585939771	4585940086	4585971017	4585976817
4585977251	4586722694	4586723073	15	4586039579	4586040195	4586070827	4586071322	4586136261	4586137028	4586164690	4586165089	4586186645	4586187189	4586252252	4586252831	4586293996	4586294375	4586371394	4586372572	4586408404	4586410469	4586478305	4586479017	4586509813	4586510238	4586584540	4586584908	4586620348	4586620690	4586652712	4586653185	4586722660	4586723028
4586723443	4587376124	4587377080	15	4586750767	4586751680	4586815175	4586815997	4586831775	4586832952	4586858716	4586859724	4586934539	4586936437	4586965180	4586965603	4587031003	4587031547	4587055072	4587055500	4587083064	4587084290	4587142309	4587142824	4587174378	4587174767	4587209307	4587209768	4587273134	4587273510	4587299806	4587300116	4587376090	4587377027
4587377787	4587990200	4587990501	15	4587414515	4587414990	4587479221	4587479555	4587519512	4587520168	4587544859	4587545609	4587605959	4587607067	4587633639	4587634001	4587695138	4587695697	4587734995	4587735724	4587754055	4587755135	4587769932	4587770937	4587836571	4587837329	4587864091	4587864464	4587902696	4587903186	4587950629	4587951001	4587990171	4587990466
4587999246	4588683071	4588683438	15	4588062163	4588064330	4588092796	4588094152	4588120246	4588121590	4588177033	4588178705	4588197447	4588197815	4588215496	4588216120	4588288568	4588288993	4588332427	4588332871	4588404666	4588405577	4588437922	4588438986	4588509266	4588509867	4588537065	4588537600	4588568544	4588568894	4588633740	4588634160	4588683038	4588683393
4588685300	4589096167	4589096485	15	4588753292	4588753883	4588799197	4588812362	4588865320	4588866391	4588888863	4588896397	4588892007	4588898070	4588895590	4588899554	4588933776	4588934138	4588952960	4588953241	4588979090	4588979886	4588993355	4588993677	4589004389	4589008414	4589006730	4589009189	4589009363	4589009983	4589062808	4589063490	4589096138	4589096447
4589096827	4589645381	4589645780	15	4589127403	4589127796	4589188030	4589189307	4589211078	4589211463	4589228107	4589228507	4589284630	4589285071	4589309554	4589309958	4589324234	4589324586	4589350800	4589351189	4589416864	4589418116	4589445330	4589445682	4589463816	4589464155	4589524176	4589524536	4589543796	4589544122	4589565779	4589567096	4589645345	4589645710
4589646138	4590252585	4590252625	15	4589668235	4589669101	4589738670	4589739426	4589771331	4589772397	4589799189	4589799576	4589860274	4589861799	4589879027	4589879376	4589911456	4589911758	4589974744	4589975247	4590012050	4590013869	4590072642	4590073290	4590104555	4590104920	4590122152	4590122502	4590179244	4590179676	4590212687	4590213076	4590251934	4590252526
4590253029	4590919820	4590920395	15	4590313395	4590314007	4590335622	4590337388	4590365244	4590366133	4590444879	4590445220	4590482036	4590497065	4590551099	4590551534	4590568883	4590569224	4590592426	4590592897	4590666001	4590666908	4590693878	4590694423	4590764495	4590765569	4590791842	4590792186	4590838597	4590839058	4590889526	4590889933	4590919792	4590920343
4590920917	4591571244	4591571931	15	4590974820	4590975463	4591012351	4591013996	4591041483	4591042034	4591103344	4591103800	4591121633	4591122780	4591143524	4591144112	4591214163	4591214568	4591254428	4591254793	4591312280	4591312944	4591335341	4591335674	4591355931	4591356376	4591427342	4591429046	4591459741	4591460228	4591486613	4591486990	4591571205	4591571688
4591572334	4592166506	4592166894	15	4591604657	4591605697	4591660544	4591661090	4591679638	4591679999	4591701431	4591701789	4591761015	4591762659	4591798377	4591798811	4591866891	4591867314	4591897601	4591898320	4591920779	4591921381	4591994364	4591994777	4592018607	4592018983	4592037055	4592037388	4592100177	4592101950	4592135760	4592136130	4592166474	4592166852
4592167254	4592813827	4592814130	15	4592229056	4592230817	4592257883	4592259497	4592280872	4592281893	4592334820	4592335183	4592354988	4592356017	4592377821	4592378437	4592446136	4592447211	4592476380	4592476759	4592509107	4592509907	4592576629	4592577498	4592609374	4592609762	4592672148	4592672554	4592710334	4592711763	4592776895	4592777751	4592813794	4592814093
4592814476	4593232116	4593232392	15	4592842165	4592842667	4592910252	4592911420	4592934784	4592935329	4592999417	4593002626	4593010326	4593011041	4593038718	4593039022	4593053445	4593058580	4593056967	4593059654	4593060136	4593060442	4593078432	4593078732	4593121468	4593121967	4593137303	4593137684	4593152978	4593153198	4593170526	4593170926	4593232090	4593232352
4593232713	4593824012	4593824346	15	4593258433	4593259850	4593287091	4593287688	4593347148	4593348407	4593375671	4593376099	4593399562	4593400111	4593452369	4593452669	4593480981	4593481363	4593512529	4593512934	4593570955	4593571555	4593596975	4593597331	4593621728	4593622260	4593691952	4593692380	4593721054	4593721548	4593785848	4593786227	4593823983	4593824304
4593824687	4594482053	4594483325	15	4593851612	4593853171	4593908553	4593909067	4593941868	4593943380	4593966202	4593966541	4594022056	4594023253	4594041363	4594042363	4594060463	4594060831	4594091805	4594092193	4594161721	4594163811	4594191564	4594191950	4594266276	4594266690	4594301614	4594302039	4594374389	4594374791	4594409250	4594409652	4594482018	4594482513
4594485386	4595188086	4595188404	15	4594523042	4594523522	4594591360	4594591962	4594610537	4594611002	4594634682	4594635520	4594700779	4594701322	4594740480	4594740863	4594817695	4594820356	4594848090	4594848450	4594914201	4594915244	4594955630	4594956192	4594984802	4594985551	4595061227	4595061782	4595097713	4595098316	4595157400	4595158221	4595188058	4595188368
4595189844	4595936080	4595936699	15	4595258147	4595265002	4595299141	4595299736	4595322760	4595323387	4595384853	4595385375	4595414882	4595415459	4595444025	4595444416	4595523579	4595523851	4595573583	4595574395	4595631314	4595632424	4595669140	4595669541	4595747952	4595748458	4595777195	4595777600	4595843357	4595843775	4595870464	4595870903	4595936048	4595936659
4595937063	4596615157	4596615565	15	4595972355	4595972902	4596008069	4596008735	4596061038	4596061572	4596076353	4596076581	4596100148	4596101010	4596163903	4596164321	4596193668	4596194115	4596223145	4596223909	4596291043	4596293361	4596322421	4596323654	4596395930	4596396893	4596432514	4596432926	4596495607	4596497535	4596543192	4596544148	4596615126	4596615493
4596615929	4597221894	4597222912	15	4596641592	4596642561	4596663975	4596664511	4596731693	4596732154	4596771283	4596771889	4596845581	4596846237	4596867987	4596868707	4596898685	4596899092	4596968699	4596971586	4596995465	4596996905	4597025227	4597025679	4597096071	4597096762	4597146525	4597168597	4597193967	4597194449	4597216324	4597221506	4597221863	4597222886
4597223487	4597746656	4597747667	15	4597265954	4597281410	4597284733	4597291361	4597313387	4597315119	4597336813	4597337084	4597352114	4597353024	4597406655	4597407244	4597436575	4597436957	4597467270	4597467759	4597529551	4597530854	4597556141	4597556770	4597573578	4597573920	4597621094	4597621483	4597655293	4597655708	4597680041	4597680411	4597746625	4597747615
4597748119	4598375761	4598376123	15	4597766527	4597766908	4597793782	4597794885	4597863438	4597863947	4597894415	4597895085	4597960043	4597960798	4598001569	4598002706	4598029924	4598030386	4598089677	4598090449	4598114774	4598116686	4598184840	4598185248	4598222100	4598222903	4598252024	4598252426	4598316377	4598316846	4598335485	4598335837	4598375723	4598376079
4598376528	4599106963	4599107375	15	4598435441	4598436173	4598468797	4598471312	4598539727	4598546993	4598574060	4598574855	4598601856	4598602516	4598667732	4598668117	4598698111	4598699175	4598760912	4598761304	4598789390	4598790021	4598824907	4598825306	4598894111	4598894595	4598926678	4598927053	4598991629	4598992050	4599025029	4599025416	4599106815	4599107332
4599107745	4599700222	4599700760	15	4599142849	4599145422	4599200057	4599200521	4599245565	4599246490	4599270523	4599270902	4599331868	4599334431	4599353761	4599354543	4599375997	4599376396	4599437888	4599439208	4599457062	4599457519	4599485636	4599487213	4599552231	4599552952	4599576675	4599577327	4599599404	4599600488	4599625073	4599625387	4599700190	4599700507
4599701184	4600383598	4600385029	15	4599732341	4599732783	4599795818	4599796579	4599831069	4599832138	4599894220	4599894879	4599926171	4599927821	4599975898	4599976233	4600031542	4600032028	4600052210	4600052540	4600104980	4600106626	4600132624	4600132977	4600162266	4600162592	4600232409	4600234402	4600264608	4600266097	4600343007	4600344586	4600383569	4600384796
4600385455	4600946683	4600946723	15	4600404439	4600404798	4600464027	4600465765	4600496171	4600496734	4600518075	4600518925	4600582646	4600583254	4600605207	4600605667	4600625094	4600625387	4600676980	4600677681	4600695245	4600696335	4600722960	4600724879	4600782169	4600782564	4600808690	4600809263	4600842738	4600843384	4600907585	4600907968	4600944104	4600946617
4600947140	4601492643	4601496702	15	4601014398	4601022903	4601054882	4601057271	4601080417	4601080792	4601143707	4601144098	4601178002	4601178644	4601239544	4601239971	4601269745	4601270590	4601290238	4601290982	4601313361	4601315039	4601376802	4601377397	4601404898	4601405645	4601440343	4601441314	4601476846	4601477259	4601489711	4601495647	4601492622	4601496687
4601497140	4602061984	4602063331	15	4601516124	4601516390	4601532476	4601532875	4601587966	4601588888	4601615829	4601616226	4601646649	4601648494	4601712300	4601712983	4601740156	4601740553	4601802534	4601802930	4601831345	4601832102	4601850488	4601850841	4601870636	4601871372	4601934512	4601934893	4601956158	4601956621	4601990849	4601991260	4602061946	4602062295
4602064042	4602773089	4602773429	15	4602102221	4602102542	4602172095	4602173271	4602200754	4602202894	4602268815	4602269403	4602293876	4602294407	4602319043	4602319338	4602380695	4602382110	4602413226	4602413626	4602482581	4602484968	4602521488	4602522091	4602575301	4602575744	4602632695	4602633282	4602698857	4602699735	4602733950	4602734516	4602773058	4602773373
4602773792	4603469356	4603469725	15	4602849547	4602851593	4602880407	4602881786	4602949023	4602949469	4602980038	4602981453	4602995108	4602995511	4603063464	4603064056	4603091815	4603092186	4603121654	4603122257	4603193388	4603194499	4603217890	4603218784	4603281350	4603281780	4603305328	4603306024	4603338297	4603338633	4603414644	4603415048	4603469326	4603469686
4603484775	4604187828	4604188787	15	4603509530	4603509927	4603540274	4603542036	4603620746	4603622147	4603648045	4603648391	4603675509	4603676818	4603744014	4603744896	4603776260	4603776640	4603857743	4603858122	4603882193	4603883665	4603912735	4603913367	4603992294	4603992662	4604064931	4604065510	4604089955	4604090290	4604117323	4604117636	4604187746	4604188738
4604189152	4604777184	4604777524	15	4604221459	4604221837	4604244967	4604246351	4604312542	4604313595	4604331701	4604333247	4604362618	4604363612	4604431990	4604432357	4604450005	4604450691	4604473955	4604475230	4604543446	4604545735	4604583653	4604586996	4604646627	4604647000	4604670352	4604670752	4604692542	4604693368	4604756189	4604756862	4604777153	4604777488
4604778191	4605430556	4605431302	15	4604795582	4604795921	4604854862	4604856777	4604884282	4604885213	4604901070	4604901492	4604940563	4604940899	4604994206	4604994554	4605030914	4605031485	4605094540	4605095429	4605132596	4605133184	4605217670	4605218121	4605246907	4605247289	4605263225	4605264089	4605328474	4605328891	4605349321	4605349702	4605430527	4605431070
4605431781	4605789785	4605790121	15	4605458149	4605459091	4605486491	4605490239	4605505296	4605520999	4605538730	4605546157	4605540827	4605547566	4605543327	4605548492	4605546676	4605549269	4605558027	4605558234	4605576140	4605576544	4605598491	4605599172	4605655614	4605656003	4605674115	4605674485	4605690019	4605690416	4605745172	4605746009	4605789752	4605790082
4605790656	4606465007	4606466144	15	4605816196	4605816660	4605874394	4605876407	4605903691	4605904724	4605926049	4605926470	4606005055	4606006137	4606022487	4606022851	4606054730	4606055205	4606119823	4606120326	4606167197	4606167915	4606236506	4606236931	4606275259	4606275875	4606338266	4606338669	4606365599	4606366081	4606436061	4606436501	4606464977	4606466081
4606466499	4607046103	4607046390	15	4606499260	4606500366	4606570583	4606570989	4606596369	4606597356	4606668791	4606669428	4606693047	4606693450	4606726420	4606727055	4606789137	4606789565	4606810156	4606810490	4606837588	4606838229	4606901817	4606902186	4606919107	4606919457	4606948505	4606948882	4607002842	4607003276	4607025788	4607026172	4607046075	4607046362
4607047835	4607718432	4607718733	15	4607107099	4607108573	4607149116	4607151437	4607221104	4607221956	4607251174	4607251510	4607289088	4607289698	4607365330	4607366189	4607401388	4607401925	4607472890	4607473292	4607505793	4607507465	4607569737	4607570196	4607589668	4607590050	4607607543	4607607904	4607662383	4607663228	4607693287	4607693697	4607718406	4607718699
4607719576	4608363355	4608363390	15	4607744909	4607745265	4607810238	4607810818	4607840144	4607840515	4607906669	4607907311	4607936297	4607937984	4607962953	4607963692	4608018953	4608021159	4608042892	4608043343	4608079491	4608082291	4608145439	4608146333	4608177436	4608177747	4608240229	4608240681	4608271219	4608271594	4608299978	4608300847	4608361942	4608363313
4608363747	4608938067	4608938903	15	4608385134	4608386245	4608416098	4608418185	4608483337	4608484647	4608519054	4608519431	4608585091	4608586461	4608613153	4608613565	4608643460	4608643817	4608703787	4608704126	4608735476	4608738525	4608792811	4608793250	4608820770	4608821309	4608836457	4608836814	4608858864	4608859217	4608911849	4608912354	4608938036	4608938841
4608939557	4609592472	4609596414	15	4608955364	4608955752	4608979862	4608980292	4609045008	4609046866	4609083631	4609084126	4609154141	4609156109	4609182803	4609183179	4609242653	4609243074	4609280962	4609281376	4609311208	4609313590	4609386007	4609386408	4609414303	4609414601	4609482983	4609483482	4609511456	4609511847	4609537652	4609538381	4609592445	4609595974
4609596920	4610049228	4610049991	15	4609621146	4609622512	4609646291	4609651548	4609648685	4609652679	4609652225	4609653607	4609659846	4609661176	4609713876	4609715750	4609731443	4609732465	4609750261	4609750480	4609769561	4609770062	4609835218	4609835642	4609861766	4609862165	4609924050	4609924455	4609959510	4609959879	4609987715	4609988523	4610049189	4610049650
4610050821	4610654937	4610654983	15	4610078612	4610079414	4610104931	4610105849	4610160947	4610162200	4610188968	4610189321	4610216231	4610217268	4610272657	4610273111	4610300273	4610301967	4610329343	4610330649	4610390600	4610391129	4610415157	4610415478	4610437777	4610438456	4610505093	4610507187	4610536222	4610536574	4610607330	4610607653	4610653309	4610654865
4610655403	4611309435	4611309772	15	4610721795	4610722666	4610746984	4610747637	4610773738	4610774058	4610836640	4610837053	4610863979	4610864883	4610885674	4610886172	4610954822	4610955225	4610984912	4610985295	4611011689	4611012282	4611074822	4611075189	4611102368	4611102811	4611168001	4611168523	4611204591	4611204996	4611235334	4611235982	4611309402	4611309732
4611310138	4611968803	4611970434	15	4611342308	4611343228	4611404855	4611405586	4611445128	4611447546	4611466801	4611467263	4611527485	4611528093	4611554150	4611555928	4611573209	4611573987	4611631200	4611632852	4611674504	4611675341	4611735597	4611736325	4611768555	4611768930	4611795730	4611796273	4611866368	4611866768	4611900508	4611900979	4611968770	4611969830
4611971400	4612625201	4612625593	15	4611996741	4611997152	4612018522	4612019430	4612075215	4612078044	4612116636	4612117244	4612184122	4612184945	4612218584	4612219300	4612250827	4612251237	4612315461	4612315860	4612343773	4612344411	4612408324	4612409095	4612443302	4612443700	4612479148	4612479503	4612535135	4612535502	4612559882	4612560235	4612625169	4612625550
4612625947	4613331102	4613331781	15	4612660778	4612661947	4612690434	4612691960	4612757211	4612757947	4612786776	4612787179	4612820283	4612821367	4612886619	4612888137	4612921682	4612922493	4612993578	4612993952	4613025642	4613026659	4613082022	4613082451	4613117634	4613118033	4613145588	4613145997	4613220636	4613221125	4613256093	4613256821	4613331067	4613331425
4613332208	4613813681	4613814091	15	4613367070	4613367720	4613419522	4613421823	4613453545	4613455611	4613483580	4613483923	4613532890	4613534319	4613559457	4613560628	4613585022	4613590275	4613588685	4613591957	4613603571	4613603806	4613660969	4613661240	4613688096	4613688341	4613707689	4613708176	4613752848	4613753269	4613781826	4613782187	4613813652	4613814049
4613814459	4614504893	4614505608	15	4613849347	4613849778	4613892411	4613893372	4613910939	4613911535	4613940940	4613941488	4614012100	4614014226	4614049789	4614050201	4614116496	4614116993	4614151425	4614151856	4614211661	4614212994	4614262613	4614263067	4614284361	4614298418	4614357707	4614358221	4614398163	4614398537	4614468380	4614468744	4614504858	4614505275
4614506025	4615221677	4615223249	15	4614574091	4614575026	4614605565	4614607033	4614661049	4614663124	4614697244	4614697606	4614726466	4614727776	4614784097	4614784478	4614809731	4614810156	4614845100	4614845735	4614906084	4614906759	4614934883	4614935401	4614996790	4614997294	4615039341	4615039803	4615074718	4615075103	4615147750	4615148224	4615221645	4615222378
4615224045	4615949070	4615951113	15	4615261823	4615262241	4615299321	4615299799	4615369101	4615371496	4615407437	4615407841	4615473700	4615475491	4615509952	4615510388	4615589343	4615589820	4615625455	4615625833	4615700855	4615701546	4615731410	4615731984	4615792802	4615801584	4615820417	4615820778	4615841584	4615841986	4615871926	4615872276	4615948987	4615950932
4615952075	4616614816	4616614853	15	4616017190	4616017701	4616058436	4616061163	4616124273	4616133647	4616164313	4616164672	4616185066	4616187463	4616221307	4616221950	4616269112	4616269549	4616298427	4616298826	4616315621	4616317169	4616373965	4616374301	4616400043	4616401434	4616469836	4616472155	4616512070	4616512581	4616574882	4616575364	4616613680	4616614755
4616615220	4617301083	4617303352	15	4616642555	4616642923	4616698582	4616699133	4616738945	4616739902	4616800902	4616801504	4616836192	4616837529	4616866909	4616867447	4616932939	4616933368	4616959151	4616959525	4616986434	4616988466	4617059736	4617060113	4617091152	4617091541	4617156002	4617156450	4617197631	4617198233	4617263143	4617263590	4617301046	4617303272
4617303687	4617751016	4617751730	15	4617329117	4617329601	4617404924	4617405625	4617437046	4617437828	4617489119	4617489500	4617514745	4617516029	4617522922	4617528151	4617526462	4617529195	4617530122	4617530817	4617559323	4617559749	4617603829	4617604059	4617620818	4617621089	4617639424	4617639704	4617659786	4617660125	4617715901	4617716323	4617750979	4617751685
4617752138	4618443199	4618443554	15	4617779699	4617780120	4617849504	4617852254	4617881492	4617882889	4617949105	4617950557	4617996278	4617996912	4618070866	4618072879	4618106773	4618107149	4618179710	4618180787	4618199190	4618201200	4618227775	4618228328	4618289664	4618290055	4618312688	4618313309	4618337722	4618338084	4618411066	4618411664	4618443167	4618443519
4618443923	4619003051	4619003746	15	4618497799	4618498372	4618523685	4618525024	4618546753	4618547694	4618613701	4618614120	4618636357	4618636759	4618664387	4618666947	4618703002	4618703456	4618756638	4618757097	4618784630	4618785353	4618833243	4618834981	4618860948	4618861350	4618883450	4618883835	4618904990	4618905312	4618968621	4618968968	4619003019	4619003696
4619004104	4619674784	4619675421	15	4619060713	4619061181	4619084710	4619085111	4619108258	4619109979	4619134170	4619134541	4619200254	4619202476	4619237054	4619237414	4619304065	4619304509	4619337529	4619337938	4619396022	4619397474	4619437427	4619438262	4619475150	4619476506	4619547455	4619547773	4619578927	4619579513	4619645415	4619645784	4619674754	4619675079
4619675867	4620340252	4620340844	15	4619705323	4619706662	4619777326	4619778494	4619800945	4619801498	4619874286	4619875803	4619905601	4619906093	4619935887	4619936274	4619993445	4619993829	4620027812	4620028189	4620100123	4620101566	4620133010	4620133361	4620200440	4620200852	4620232387	4620232820	4620252357	4620252717	4620313358	4620314126	4620340218	4620340560
4620341252	4621069815	4621070191	15	4620370821	4620371221	4620448959	4620451686	4620499565	4620501557	4620565321	4620565931	4620597827	4620600778	4620664480	4620664933	4620694792	4620695178	4620776594	4620778013	4620810727	4620812755	4620870654	4620871464	4620907433	4620907798	4620925463	4620925828	4620944870	4620945387	4621013448	4621014586	4621069783	4621070150
4621083520	4621628481	4621633655	15	4621137513	4621138908	4621162416	4621163083	4621236273	4621236884	4621269248	4621269660	4621350052	4621350829	4621368721	4621369367	4621387242	4621388406	4621462520	4621463240	4621495421	4621497308	4621570149	4621579347	4621573947	4621580690	4621579547	4621582216	4621594346	4621594938	4621611558	4621611858	4621628461	4621633348
4621633953	4622171986	4622172379	15	4621688922	4621689965	4621713859	4621714697	4621782399	4621783126	4621808059	4621808834	4621824551	4621825035	4621841326	4621841684	4621906301	4621906732	4621928511	4621928955	4621944509	4621946105	4621995651	4621996757	4622025434	4622026062	4622054518	4622055109	4622123110	4622123532	4622152003	4622152516	4622171957	4622172344
4622173129	4622837855	4622838196	15	4622244612	4622246144	4622265353	4622265789	4622285469	4622285833	4622357897	4622358394	4622383006	4622383694	4622418848	4622419233	4622482712	4622483329	4622504373	4622504733	4622569064	4622572432	4622599136	4622599548	4622635109	4622635984	4622703069	4622703499	4622726069	4622726383	4622794807	4622795237	4622837819	4622838155
4622838616	4623493799	4623494199	15	4622922785	4622923220	4622957483	4622959584	4623030658	4623031230	4623049142	4623049516	4623069038	4623069402	4623139837	4623140343	4623159318	4623159706	4623177805	4623179019	4623242683	4623243771	4623281316	4623281708	4623315410	4623315956	4623377697	4623378097	4623397349	4623397658	4623420666	4623421415	4623493768	4623494147
4623494689	4624102769	4624103782	15	4623524493	4623525525	4623591285	4623592093	4623612598	4623613455	4623631356	4623632374	4623695354	4623695936	4623720754	4623721166	4623748309	4623748810	4623817654	4623819574	4623838297	4623839652	4623857802	4623858190	4623911796	4623912099	4623955298	4623955665	4623993369	4623994397	4624057475	4624057890	4624102738	4624103385
4624104147	4624779594	4624779970	15	4624167703	4624168333	4624204616	4624204983	4624274098	4624275166	4624295869	4624296358	4624324081	4624326431	4624388402	4624389732	4624412407	4624412830	4624484400	4624485520	4624515972	4624517841	4624550330	4624550770	4624620921	4624621331	4624658327	4624659591	4624728295	4624728745	4624750142	4624750493	4624779565	4624779929
4624794044	4625417702	4625418258	15	4624844906	4624845322	4624863857	4624864210	4624894507	4624895564	4624946803	4624948074	4624973456	4624974640	4625006781	4625007160	4625066757	4625067137	4625094362	4625094907	4625173213	4625173558	4625190912	4625191730	4625212967	4625213293	4625282295	4625282650	4625317284	4625317674	4625384512	4625385046	4625417666	4625418021
4625418800	4625901846	4625902299	15	4625451372	4625451839	4625518298	4625519037	4625547957	4625549936	4625611540	4625612031	4625649927	4625650862	4625684726	4625685656	4625748005	4625748412	4625774235	4625774643	4625795054	4625797091	4625847435	4625852587	4625849448	4625853450	4625851708	4625854938	4625855524	4625856060	4625875151	4625875520	4625901822	4625902068
4625902694	4626436633	4626436956	15	4625957384	4625958399	4625976885	4625977281	4625992780	4625993197	4626012484	4626012883	4626075413	4626076100	4626095565	4626095900	4626110927	4626111348	4626129833	4626130232	4626185951	4626186511	4626209742	4626210126	4626242230	4626242601	4626297851	4626298306	4626331636	4626332056	4626403253	4626403663	4626436600	4626436915
4626437349	4627082274	4627089442	15	4626460511	4626461034	4626524082	4626526233	4626553291	4626553854	4626572533	4626572981	4626635896	4626637445	4626664954	4626665310	4626683500	4626683873	4626748991	4626750010	4626781360	4626782190	4626849979	4626851537	4626881282	4626881987	4626919337	4626921277	4626970318	4626970842	4627004435	4627004823	4627082237	4627088658
4627089876	4627689027	4627689400	15	4627116969	4627117567	4627184983	4627186672	4627213303	4627213650	4627230831	4627231195	4627253578	4627254254	4627322244	4627322662	4627353990	4627354335	4627418586	4627418960	4627445189	4627445998	4627486427	4627486809	4627548863	4627549299	4627580758	4627581218	4627600440	4627600917	4627655926	4627656562	4627688998	4627689362
4627689768	4628364591	4628364629	15	4627752006	4627752370	4627771933	4627773569	4627815112	4627816315	4627887696	4627888097	4627924332	4627924921	4627978863	4627979219	4628002301	4628002707	4628029586	4628029966	4628095035	4628097092	4628122032	4628123865	4628151464	4628151821	4628222812	4628223828	4628260872	4628261274	4628322556	4628324342	4628361449	4628364524
4628364975	4628997918	4628998251	15	4628433629	4628434757	4628454397	4628454777	4628470429	4628470856	4628498816	4628499242	4628552024	4628552450	4628590926	4628591398	4628652231	4628653245	4628678937	4628679952	4628706743	4628707233	4628778504	4628778899	4628808179	4628808586	4628836909	4628837562	4628899356	4628899811	4628932064	4628933093	4628997887	4628998209
4628998605	4629708781	4629710797	15	4629028445	4629028945	4629083405	4629098543	4629138800	4629140616	4629174950	4629175431	4629242721	4629243140	4629271609	4629271929	4629339445	4629340106	4629375901	4629376791	4629421823	4629422347	4629475057	4629475656	4629512880	4629513402	4629571616	4629572099	4629601201	4629602285	4629628811	4629629223	4629708750	4629710045
4629711187	4630125044	4630126083	15	4629730840	4629733353	4629788420	4629790704	4629811113	4629811971	4629837977	4629846031	4629840161	4629847007	4629842415	4629847715	4629846129	4629848406	4629857098	4629857335	4629899903	4629900474	4629934683	4629934948	4629958384	4629959763	4630014083	4630014412	4630036799	4630037160	4630059565	4630059888	4630125016	4630125512
4630126900	4630794845	4630795293	15	4630145711	4630147274	4630167635	4630167931	4630192097	4630192514	4630251288	4630252029	4630269268	4630269912	4630293091	4630293479	4630350607	4630351339	4630386983	4630387992	4630455849	4630456555	4630499207	4630499607	4630564825	4630565276	4630611564	4630611942	4630648972	4630649357	4630719647	4630720007	4630794796	4630795223
4630795740	4631411201	4631411526	15	4630833418	4630835896	4630860942	4630862785	4630930995	4630931606	4630968569	4630969263	4631022538	4631023481	4631061034	4631061439	4631086600	4631086908	4631146114	4631146504	4631174535	4631176440	4631225234	4631242382	4631274463	4631275576	4631298897	4631299284	4631339307	4631339698	4631386373	4631387662	4631411171	4631411469
4631411855	4632098258	4632099223	15	4631452617	4631468908	4631505020	4631505432	4631533039	4631535416	4631610617	4631611116	4631646503	4631648061	4631711726	4631712099	4631743039	4631743453	4631772564	4631772981	4631842867	4631843440	4631879727	4631880708	4631944524	4631945216	4631973839	4631974205	4631994878	4631995269	4632057234	4632058655	4632098224	4632098681
4632099573	4632557241	4632557667	15	4632162914	4632164842	4632198959	4632199559	4632256448	4632257261	4632296935	4632297277	4632325982	4632326636	4632391048	4632391405	4632412851	4632413201	4632441433	4632452106	4632444682	4632453530	4632447915	4632454899	4632452308	4632456358	4632456547	4632457699	4632491963	4632492495	4632524050	4632524375	4632557208	4632557629
4632558079	4633199640	4633200222	15	4632612768	4632614700	4632633582	4632633973	4632653668	4632655167	4632679681	4632680078	4632731223	4632732694	4632750731	4632751470	4632771922	4632772312	4632829904	4632831261	4632868747	4632869850	4632932937	4632933289	4632976880	4632977302	4633005091	4633005774	4633075076	4633075485	4633122095	4633122447	4633199606	4633199962
4633200637	4633876705	4633877513	15	4633236595	4633238866	4633295840	4633296869	4633331496	4633332153	4633387653	4633388270	4633431687	4633432369	4633453987	4633454357	4633509671	4633510004	4633547106	4633547454	4633577820	4633580267	4633629272	4633629902	4633669655	4633670202	4633736227	4633736685	4633784049	4633784463	4633839709	4633840310	4633876674	4633877463
4633878192	4634306887	4634307312	15	4633890023	4633896845	4633894181	4633897873	4633899478	4633901812	4633930272	4633930620	4633950033	4633952971	4633952575	4633953873	4633986386	4633986654	4634009063	4634009345	4634029227	4634030882	4634092657	4634093182	4634123026	4634124479	4634183368	4634184714	4634218768	4634219155	4634249155	4634249537	4634306853	4634307266
4634307677	4634895905	4634896242	15	4634326526	4634326906	4634347393	4634347812	4634404602	4634405188	4634433666	4634434092	4634470788	4634472649	4634532574	4634533049	4634568644	4634569523	4634595855	4634611483	4634664931	4634665548	4634685833	4634688779	4634745473	4634745803	4634779005	4634780224	4634800387	4634800769	4634857262	4634857652	4634895873	4634896201
4634896781	4635457688	4635458606	15	4634915482	4634915852	4634949034	4634950247	4634993992	4634995149	4635015496	4635015824	4635041322	4635042661	4635099912	4635100365	4635133084	4635136064	4635164440	4635164900	4635214725	4635215753	4635241678	4635242119	4635309532	4635309976	4635333347	4635333741	4635358437	4635359039	4635387122	4635387535	4635457654	4635458036
4635459050	4636109015	4636109050	15	4635491430	4635494203	4635557355	4635560107	4635590525	4635591831	4635649970	4635657177	4635678448	4635678920	4635698673	4635699270	4635765328	4635765755	4635800521	4635801000	4635820125	4635821210	4635843104	4635843716	4635919279	4635919816	4635980338	4635980803	4636020376	4636020791	4636042596	4636042975	4636108471	4636108964
4636109396	4636585582	4636586734	15	4636136498	4636136861	4636157083	4636158092	4636212370	4636213092	4636247299	4636247965	4636273110	4636273577	4636328377	4636335352	4636360214	4636360557	4636389253	4636389646	4636451700	4636454801	4636484717	4636485657	4636517902	4636518280	4636535661	4636540923	4636538698	4636542412	4636543410	4636543774	4636585557	4636586662
4636587060	4637044055	4637044974	15	4636592294	4636596819	4636595063	4636597755	4636597983	4636598686	4636618245	4636618456	4636677626	4636678195	4636708121	4636709308	4636733971	4636734263	4636756464	4636756855	4636806514	4636807564	4636835470	4636835903	4636891195	4636892273	4636916914	4636918325	4636939526	4636939868	4636973595	4636973936	4637044025	4637044434
4637045416	4637720943	4637721679	15	4637068238	4637068639	4637137586	4637141628	4637167021	4637168056	4637202088	4637202481	4637271817	4637272700	4637334201	4637334651	4637374631	4637374945	4637406458	4637407628	4637476708	4637479423	4637495431	4637496805	4637528103	4637528511	4637598907	4637599291	4637628871	4637629252	4637691771	4637692304	4637720905	4637721635
4637722028	4638300025	4638300679	15	4637741294	4637741710	4637803528	4637804025	4637827030	4637836503	4637831657	4637838197	4637837942	4637839928	4637859254	4637860425	4637917802	4637918221	4637953033	4637953712	4638015744	4638016249	4638044173	4638045372	4638069572	4638070912	4638118211	4638119070	4638177732	4638178112	4638248428	4638248822	4638299990	4638300332
4638301092	4638842324	4638847859	15	4638368056	4638368706	4638393492	4638394188	4638419501	4638421116	4638495198	4638495612	4638524648	4638525173	4638592446	4638592856	4638624953	4638625403	4638645467	4638645945	4638711781	4638713561	4638737181	4638737584	4638765358	4638766190	4638811583	4638812255	4638838150	4638845914	4638840072	4638846799	4638842306	4638847841
4638848331	4639432488	4639433376	15	4638868539	4638869847	4638929268	4638930537	4638958470	4638959129	4638984996	4638985925	4639049209	4639050770	4639071971	4639072224	4639110207	4639110993	4639183199	4639183799	4639216106	4639217101	4639278660	4639279346	4639301521	4639302220	4639327675	4639328721	4639351989	4639352614	4639404242	4639404963	4639432459	4639432868
4639433852	4640093848	4640096065	15	4639505366	4639505902	4639530484	4639531168	4639569147	4639570300	4639635557	4639636005	4639662338	4639662999	4639732194	4639732640	4639754991	4639755489	4639782130	4639782807	4639848794	4639849746	4639874311	4639874726	4639939759	4639940236	4639973601	4639974051	4639990668	4639991020	4640056322	4640056996	4640093815	4640096017
4640096470	4640795980	4640797573	15	4640127604	4640129153	4640193059	4640194514	4640222116	4640222724	4640298097	4640298491	4640323515	4640326638	4640410373	4640411510	4640432048	4640432493	4640466797	4640467403	4640527426	4640528562	4640563193	4640563643	4640641189	4640642864	4640665112	4640665903	4640728893	4640729272	4640759113	4640759648	4640795841	4640797315
4640797970	4641536954	4641537310	15	4640874193	4640876326	4640903392	4640903790	4640975247	4640975866	4640995510	4640995913	4641071905	4641074765	4641103411	4641103805	4641139364	4641139705	4641199687	4641200251	4641226322	4641227065	4641300424	4641300823	4641332809	4641333179	4641408524	4641408890	4641432088	4641432540	4641459801	4641460183	4641536834	4641537267
4641537734	4642117642	4642118280	15	4641563330	4641563727	4641643093	4641643675	4641661769	4641662976	4641683854	4641684172	4641754000	4641756493	4641782406	4641782817	4641835488	4641836560	4641896836	4641897346	4641925074	4641926087	4641974069	4641974684	4641996992	4641997410	4642011510	4642012934	4642030717	4642030962	4642088430	4642089380	4642117602	4642118214
4642118625	4642751305	4642752267	15	4642144595	4642145287	4642210270	4642210623	4642235433	4642236767	4642281433	4642281762	4642328378	4642328822	4642352218	4642352625	4642410985	4642411473	4642453867	4642454730	4642472866	4642473526	4642539014	4642539437	4642564736	4642565081	4642599234	4642599571	4642663830	4642664230	4642683775	4642684072	4642751275	4642751654
4642752833	4643336277	4643336643	15	4642789114	4642790551	4642831886	4642832304	4642888719	4642889437	4642907826	4642908118	4642923908	4642924260	4642980726	4642981145	4643001864	4643002252	4643020849	4643021170	4643045198	4643047364	4643109506	4643110215	4643135822	4643136183	4643162652	4643162968	4643227778	4643228363	4643254681	4643255056	4643336244	4643336604
4643338940	4643955082	4643955118	15	4643379205	4643379615	4643446809	4643447391	4643482428	4643483474	4643552861	4643553490	4643575403	4643576527	4643593261	4643594186	4643658953	4643659869	4643690795	4643691548	4643710590	4643711726	4643732997	4643733464	4643793540	4643794183	4643819481	4643819952	4643887011	4643888438	4643912858	4643913248	4643953779	4643955023
4643955575	4644672984	4644680194	15	4644018802	4644020046	4644061435	4644062600	4644131122	4644131795	4644148935	4644149267	4644179338	4644181525	4644237296	4644237946	4644262747	4644263247	4644295480	4644297829	4644358189	4644360317	4644400161	4644400611	4644464763	4644465143	4644491234	4644492014	4644576636	4644579736	4644605015	4644605785	4644672951	4644679425
4644680698	4645190853	4645191176	15	4644705746	4644706134	4644734707	4644735114	4644789411	4644791962	4644813691	4644814068	4644832793	4644833167	4644855485	4644856740	4644911862	4644913282	4644931293	4644931642	4644950656	4644951062	4644989916	4644990687	4645036026	4645036407	4645057065	4645057401	4645121127	4645121536	4645158888	4645159286	4645190816	4645191138
4645191584	4645804068	4645804754	15	4645244758	4645245292	4645273364	4645274633	4645313632	4645315205	4645372539	4645372959	4645409944	4645411960	4645481364	4645482169	4645515758	4645517802	4645584007	4645584668	4645610792	4645612095	4645645023	4645652729	4645648455	4645654073	4645651679	4645655326	4645691925	4645694200	4645724532	4645724929	4645804030	4645804443
4645805171	4646276396	4646277310	15	4645830798	4645831495	4645863413	4645864006	4645926378	4645934104	4645930179	4645935569	4645936442	4645936948	4645964364	4645964649	4645986116	4645990263	4646027987	4646028300	4646053525	4646054451	4646084773	4646085043	4646139495	4646140170	4646163661	4646164027	4646193049	4646193435	4646246921	4646247344	4646276367	4646276719
4646277661	4646939526	4646939887	15	4646299325	4646300636	4646325663	4646326323	4646389983	4646390721	4646420875	4646421675	4646485039	4646485446	4646509351	4646509798	4646543106	4646543645	4646607044	4646608433	4646639906	4646642854	4646713206	4646713573	4646742882	4646743265	4646774804	4646775705	4646834267	4646834881	4646865658	4646866086	4646939493	4646939844
4646940243	4647568204	4647568982	15	4646966085	4646966494	4647000444	4647000866	4647059572	4647061745	4647090850	4647091208	4647150950	4647158411	4647192204	4647192582	4647228372	4647228852	4647293240	4647293673	4647324567	4647326829	4647390041	4647391051	4647415237	4647415646	4647452759	4647453227	4647508071	4647508698	4647535363	4647535895	4647568171	4647568916
4647569330	4648222116	4648222746	15	4647625819	4647626690	4647658175	4647659209	4647696298	4647696782	4647735997	4647736419	4647762282	4647764610	4647790958	4647791775	4647846290	4647847136	4647877659	4647878040	4647943248	4647943760	4647970636	4647971293	4647992667	4647993062	4648019224	4648019639	4648094338	4648094727	4648149874	4648167981	4648221956	4648222506
4648223158	4648865744	4648866483	15	4648281771	4648283161	4648307036	4648308484	4648328524	4648331201	4648352313	4648352704	4648409612	4648410429	4648437366	4648437841	4648464023	4648464700	4648536197	4648536596	4648573029	4648574397	4648632389	4648634600	4648652275	4648653193	4648688694	4648689769	4648758427	4648758880	4648797959	4648798635	4648865714	4648866055
4648866902	4649473799	4649474640	15	4648906501	4648907144	4648972244	4648973253	4649004974	4649006089	4649022634	4649022979	4649080115	4649082829	4649111065	4649111567	4649141577	4649141967	4649205850	4649206369	4649222551	4649222911	4649245061	4649245368	4649301408	4649301793	4649326647	4649327085	4649363681	4649364745	4649431254	4649432322	4649473768	4649474082
4649475010	4650021102	4650021541	15	4649524447	4649524838	4649565168	4649566054	4649589201	4649589828	4649657074	4649657521	4649699918	4649700500	4649762857	4649763292	4649790311	4649791418	4649811333	4649811725	4649870084	4649871624	4649892329	4649892728	4649920692	4649921199	4649926119	4649928788	4649936074	4649936265	4649989543	4649990762	4650021077	4650021330
4650021868	4650570247	4650570651	15	4650041185	4650041435	4650091871	4650092369	4650109333	4650109714	4650134203	4650134700	4650156031	4650157243	4650221194	4650221645	4650255805	4650256647	4650292387	4650294791	4650352071	4650353965	4650381187	4650381526	4650447037	4650447407	4650468682	4650469044	4650489535	4650489946	4650545845	4650546484	4650570217	4650570617
4650571002	4651178852	4651179200	15	4650588214	4650588633	4650607110	4650608157	4650669003	4650671292	4650704751	4650705690	4650747159	4650747508	4650788214	4650789455	4650823746	4650824153	4650890335	4650890804	4650925821	4650926436	4650972979	4650974113	4651015889	4651016229	4651046165	4651046573	4651111065	4651111389	4651143728	4651144132	4651178823	4651179162
4651179556	4651846517	4651846554	15	4651245812	4651247361	4651277199	4651277884	4651346602	4651347611	4651381483	4651381855	4651419398	4651437517	4651469812	4651472186	4651498821	4651499507	4651559867	4651560252	4651582911	4651584517	4651617715	4651618122	4651668868	4651669635	4651709309	4651709727	4651739554	4651739925	4651803917	4651804511	4651845561	4651846476
4651846915	4652578845	4652579245	15	4651906949	4651907777	4651950026	4651950731	4652018683	4652019481	4652052449	4652052856	4652073434	4652074909	4652151960	4652152396	4652191857	4652192390	4652270546	4652270989	4652305244	4652308184	4652394401	4652394901	4652455329	4652456190	4652480291	4652480658	4652500495	4652500887	4652519070	4652519455	4652578805	4652579196
4652579670	4653266673	4653267026	15	4652608876	4652610389	4652640327	4652640966	4652719916	4652721439	4652746315	4652747872	4652808644	4652809743	4652840591	4652840966	4652865664	4652866000	4652929469	4652929878	4652964713	4652965496	4653030965	4653031443	4653068356	4653068730	4653091013	4653091867	4653158143	4653158708	4653190738	4653191433	4653266643	4653266979
4653268687	4653878888	4653879098	15	4653304618	4653305631	4653356613	4653358856	4653401649	4653402248	4653425398	4653425782	4653504301	4653505288	4653538557	4653539288	4653612399	4653613642	4653641629	4653642053	4653701481	4653702784	4653744339	4653744902	4653785900	4653786376	4653806101	4653808338	4653849907	4653850657	4653862937	4653865726	4653878868	4653879075
4653879546	4654522596	4654523287	15	4653901839	4653902236	4653966009	4653967001	4653982803	4653983053	4654010790	4654011181	4654073332	4654074081	4654098852	4654099233	4654168700	4654169103	4654197694	4654198132	4654214176	4654214719	4654277195	4654277574	4654310151	4654311178	4654344159	4654344564	4654402323	4654406966	4654431980	4654432368	4654522558	4654522941
4654523684	4655221913	4655222245	15	4654551743	4654553201	4654633593	4654636625	4654661878	4654664642	4654749888	4654750293	4654780375	4654782668	4654857138	4654857550	4654883983	4654884366	4654958471	4654959258	4654987337	4654987956	4655016462	4655016862	4655077432	4655077869	4655097799	4655098289	4655125028	4655125603	4655193990	4655194367	4655221883	4655222208
4655222598	4655972017	4655972499	15	4655281346	4655282014	4655321089	4655322319	4655351835	4655352404	4655425303	4655426232	4655452354	4655453667	4655528771	4655529981	4655555306	4655555699	4655621792	4655622395	4655656519	4655657693	4655693198	4655693608	4655765503	4655765947	4655788763	4655789151	4655859184	4655863329	4655891379	4655891825	4655971985	4655972428
4655972882	4656656615	4656657207	15	4655995241	4655995603	4656014318	4656014626	4656092036	4656094411	4656121378	4656121870	4656151364	4656165250	4656217722	4656218101	4656244481	4656244879	4656315589	4656316001	4656332163	4656332851	4656371763	4656372213	4656446360	4656446793	4656474710	4656475180	4656543475	4656543878	4656571097	4656572177	4656656580	4656656949
4656657712	4657314551	4657314872	15	4656682667	4656683572	4656753397	4656755641	4656787288	4656787957	4656806337	4656806695	4656872781	4656873460	4656903463	4656903900	4656973546	4656975859	4657017983	4657018387	4657091833	4657092497	4657125400	4657125842	4657177690	4657178180	4657231152	4657233902	4657262069	4657265205	4657293150	4657296450	4657314508	4657314831
4657315281	4657916433	4657916796	15	4657347275	4657348942	4657358414	4657359685	4657426806	4657428118	4657459039	4657459408	4657480531	4657480926	4657539030	4657539495	4657564355	4657564750	4657587153	4657587496	4657648320	4657650644	4657684027	4657684529	4657702849	4657703206	4657724212	4657724530	4657800056	4657800417	4657843052	4657844012	4657916403	4657916753
4657917151	4658513143	4658513179	15	4657943843	4657944914	4657988375	4657988844	4658013949	4658015594	4658035492	4658035785	4658096006	4658103111	4658133360	4658133734	4658162061	4658162458	4658233260	4658234060	4658259657	4658260987	4658282139	4658283715	4658346574	4658347014	4658374836	4658375277	4658438711	4658439145	4658479421	4658479919	4658512335	4658513098
4658513533	4659179633	4659181844	15	4658577557	4658577988	4658598751	4658599353	4658620255	4658620790	4658688222	4658688627	4658716637	4658717339	4658794369	4658794908	4658817550	4658818007	4658850971	4658851718	4658913976	4658915374	4658939045	4658939475	4659009208	4659009871	4659042116	4659042468	4659081310	4659082032	4659144676	4659146585	4659179599	4659179981
4659182595	4659850888	4659851227	15	4659253383	4659253878	4659285370	4659286165	4659349795	4659351312	4659375473	4659375868	4659407156	4659408872	4659469995	4659470383	4659492679	4659493580	4659542541	4659542850	4659601575	4659602214	4659636866	4659637271	4659703480	4659703877	4659729961	4659730339	4659800003	4659800362	4659825400	4659825838	4659850858	4659851191
4659851592	4660497538	4660497889	15	4659909413	4659909757	4659930651	4659931140	4659956253	4659958537	4660030123	4660030556	4660056694	4660057299	4660132536	4660133021	4660153470	4660154167	4660173378	4660173760	4660205129	4660207145	4660273592	4660273991	4660291612	4660292053	4660349390	4660349844	4660385307	4660385711	4660425431	4660425822	4660497496	4660497843
4660498661	4661172773	4661173578	15	4660517264	4660517644	4660537974	4660538658	4660599627	4660601847	4660642610	4660643025	4660717822	4660718900	4660742994	4660743311	4660803309	4660803711	4660841550	4660841921	4660871361	4660871878	4660934899	4660935661	4660956730	4660957338	4660986238	4660986812	4661062306	4661063216	4661097753	4661098139	4661172739	4661173265
4661173930	4661826069	4661826104	15	4661211608	4661212112	4661278150	4661278785	4661297761	4661299192	4661328364	4661329679	4661398626	4661399383	4661420186	4661421103	4661480153	4661487399	4661519390	4661519714	4661558574	4661559226	4661624278	4661624797	4661647916	4661648322	4661706793	4661707446	4661738813	4661739283	4661761010	4661762176	4661825135	4661826006
4661826433	4662277383	4662278224	15	4661850112	4661850599	4661873195	4661874288	4661916215	4661918639	4661945565	4661946678	4661963434	4661965631	4661980283	4661980732	4662007997	4662008789	4662017519	4662019833	4662020040	4662020707	4662065896	4662066151	4662089571	4662089978	4662118172	4662118552	4662184332	4662184815	4662209884	4662210299	4662277351	4662277820
4662278554	4662873276	4662873563	15	4662305655	4662306530	4662338795	4662339362	4662394724	4662402755	4662433679	4662437403	4662507973	4662508482	4662529797	4662530830	4662550141	4662553019	4662610762	4662611304	4662637356	4662637706	4662668742	4662669230	4662740623	4662741048	4662766089	4662766787	4662797146	4662797546	4662853106	4662853570	4662873249	4662873530
4662874408	4663467619	4663467944	15	4662895077	4662895468	4662959683	4662961282	4662987097	4662987536	4663019110	4663019705	4663074847	4663075904	4663096090	4663096451	4663123294	4663123682	4663192010	4663192576	4663211427	4663211838	4663244195	4663244589	4663311189	4663311619	4663333145	4663333732	4663362391	4663364274	4663432422	4663432796	4663467589	4663467906
4663469369	4664149392	4664150246	15	4663537901	4663538794	4663559077	4663560312	4663588590	4663590702	4663655227	4663655787	4663693450	4663693966	4663764830	4663765379	4663800343	4663801242	4663865409	4663865818	4663891398	4663892040	4663921040	4663922289	4663987366	4663988542	4664008869	4664009296	4664043170	4664043594	4664105629	4664106521	4664149297	4664149727
4664150800	4664789613	4664789919	15	4664219833	4664222393	4664260463	4664262164	4664322654	4664323609	4664342639	4664343021	4664371139	4664371525	4664438166	4664438967	4664466800	4664468391	4664494277	4664494674	4664561720	4664562582	4664588347	4664588671	4664640615	4664640953	4664669480	4664669977	4664702637	4664703002	4664752062	4664752404	4664789582	4664789884
4664790271	4665460625	4665461863	15	4664825446	4664826058	4664893782	4664894542	4664929115	4664930186	4664995750	4664996172	4665014688	4665016878	4665040075	4665041544	4665097036	4665097922	4665133997	4665134698	4665168787	4665169366	4665233893	4665234282	4665270167	4665270620	4665337129	4665338165	4665371165	4665371429	4665394344	4665394736	4665460597	4665460884
4665462236	4665957056	4665959263	15	4665484897	4665485324	4665545765	4665552641	4665581560	4665582298	4665616882	4665617326	4665680298	4665681877	4665699689	4665701037	4665723233	4665725015	4665778633	4665778986	4665804999	4665805641	4665845168	4665845840	4665896955	4665903933	4665900355	4665905523	4665910680	4665911055	4665941016	4665941434	4665957031	4665959202
4665960293	4666614047	4666614757	15	4666010610	4666011893	4666037064	4666037556	4666063878	4666065210	4666126207	4666126634	4666161772	4666162292	4666218506	4666218938	4666248207	4666248564	4666278061	4666278394	4666339724	4666340183	4666389430	4666389788	4666444405	4666444783	4666485083	4666485461	4666519722	4666520423	4666579459	4666579945	4666613851	4666614713
4666615111	4667261715	4667262871	15	4666685272	4666685700	4666709271	4666711697	4666739161	4666739618	4666804008	4666804423	4666837071	4666839112	4666899516	4666899915	4666925379	4666925753	4666960648	4666961290	4667022111	4667023413	4667053286	4667053935	4667071594	4667071955	4667117552	4667117923	4667150950	4667151360	4667194235	4667194893	4667261636	4667262162
4667263482	4667876868	4667877466	15	4667292768	4667293100	4667314454	4667331616	4667392070	4667394075	4667424265	4667424792	4667483327	4667485235	4667523510	4667523842	4667587831	4667588405	4667618315	4667618754	4667650020	4667650782	4667718569	4667720341	4667740056	4667740408	4667765645	4667766130	4667835005	4667837111	4667854378	4667854729	4667876758	4667877415
4667877818	4668517886	4668517921	15	4667955751	4667956168	4667983107	4667984165	4668052662	4668054050	4668083105	4668083492	4668143434	4668144748	4668174589	4668174939	4668202614	4668202963	4668265680	4668266107	4668295888	4668296441	4668312944	4668313284	4668375764	4668376203	4668396439	4668397038	4668423038	4668423385	4668478066	4668478427	4668517184	4668517830
4668518671	4669184795	4669185201	15	4668551744	4668553747	4668632615	4668634436	4668682998	4668684183	4668733499	4668734188	4668750788	4668751195	4668770948	4668771337	4668829060	4668829649	4668860569	4668860969	4668885326	4668886640	4668954585	4668954991	4668986151	4668988553	4669055362	4669056012	4669084976	4669085287	4669107237	4669107577	4669184764	4669185157
4669185772	4669852471	4669852503	15	4669211881	4669212314	4669269480	4669270196	4669326598	4669327666	4669391456	4669392092	4669420468	4669422453	4669453535	4669454052	4669519179	4669520048	4669550411	4669551062	4669608690	4669616434	4669648701	4669649086	4669677877	4669679224	4669760625	4669761472	4669793812	4669794371	4669837307	4669840534	4669850571	4669852414
4669852855	4670335049	4670337018	15	4669877621	4669878382	4669891159	4669895608	4669893074	4669896627	4669896034	4669897866	4669903127	4669903520	4669957898	4669958222	4669989560	4669989881	4670016455	4670016968	4670084250	4670085688	4670114068	4670114593	4670177717	4670178157	4670204113	4670204482	4670231748	4670232341	4670305393	4670305772	4670335020	4670336975
4670337569	4671010067	4671010407	15	4670404403	4670404846	4670439802	4670440293	4670460545	4670461514	4670516708	4670517063	4670557176	4670557718	4670598347	4670598775	4670671695	4670672120	4670742902	4670743373	4670766918	4670768466	4670786282	4670786718	4670849806	4670850684	4670883125	4670883851	4670907891	4670908163	4670965252	4670965607	4671010038	4671010368
4671010821	4671791361	4671792134	15	4671076076	4671076921	4671122781	4671124366	4671151415	4671152853	4671218426	4671218851	4671244868	4671245613	4671325229	4671325646	4671362195	4671362584	4671448048	4671448482	4671483200	4671485531	4671548720	4671549390	4671568961	4671569373	4671593810	4671594240	4671667511	4671667904	4671712153	4671712504	4671791327	4671791871
4671792549	4672482885	4672483620	15	4671867650	4671869295	4671896771	4671897336	4671922216	4671924212	4671994221	4671994864	4672025281	4672026433	4672098696	4672099244	4672131950	4672132325	4672169474	4672169989	4672243682	4672244438	4672282242	4672282665	4672345692	4672346863	4672366013	4672366408	4672394477	4672394856	4672453594	4672454283	4672482853	4672483175
4672484332	4673232418	4673233157	15	4672553511	4672557849	4672594574	4672595477	4672654174	4672656220	4672690435	4672690872	4672731725	4672732381	4672799038	4672799440	4672829300	4672829943	4672906912	4672907321	4672940629	4672943278	4673015383	4673017435	4673033945	4673034746	4673060464	4673060698	4673129186	4673129560	4673160126	4673160620	4673232390	4673232720
4673234092	4673862973	4673863607	15	4673252776	4673253256	4673270435	4673271078	4673337436	4673339398	4673369726	4673370086	4673390834	4673391417	4673449692	4673451176	4673481459	4673481827	4673500479	4673500817	4673571676	4673573431	4673606280	4673607060	4673675805	4673676314	4673715928	4673716324	4673745652	4673746065	4673819249	4673819956	4673862942	4673863271
4673866024	4674295382	4674295768	15	4673931750	4673932531	4673943703	4673946649	4673951945	4673952487	4674006730	4674008873	4674028063	4674030299	4674053045	4674057722	4674054875	4674058621	4674059379	4674059864	4674124712	4674125781	4674155872	4674156245	4674175836	4674176221	4674196866	4674198404	4674251035	4674251508	4674269652	4674270023	4674295348	4674295725
4674296496	4674930204	4674930742	15	4674361052	4674361695	4674381380	4674381793	4674407180	4674407872	4674442197	4674459160	4674488988	4674489411	4674510493	4674510857	4674584140	4674587040	4674604479	4674604831	4674623317	4674623970	4674701480	4674701881	4674732418	4674732705	4674791919	4674792741	4674826649	4674827036	4674857547	4674858523	4674930172	4674930523
4674931120	4675537685	4675538083	15	4674955561	4674956690	4675027801	4675029214	4675068649	4675069383	4675112204	4675112569	4675152902	4675153430	4675175822	4675176577	4675229714	4675230414	4675281472	4675282298	4675302069	4675303100	4675324971	4675338678	4675387387	4675388010	4675412410	4675414536	4675485354	4675485761	4675515930	4675516359	4675537657	4675537969
4675538417	4676266233	4676267347	15	4675603664	4675604070	4675632128	4675632831	4675713482	4675714707	4675742475	4675742868	4675764749	4675765371	4675825091	4675825677	4675846363	4675846687	4675876992	4675880243	4675950075	4675950642	4675974421	4675974804	4676049957	4676050362	4676076929	4676077396	4676144360	4676144883	4676194261	4676194704	4676266204	4676267281
4676267910	4676868927	4676869431	15	4676295556	4676296002	4676312814	4676313938	4676385106	4676385606	4676415247	4676415780	4676447580	4676448980	4676521260	4676521612	4676557347	4676557818	4676622388	4676622801	4676641471	4676642490	4676664229	4676665490	4676726691	4676727073	4676756843	4676757370	4676790619	4676790998	4676844470	4676844867	4676868898	4676869394
4676869839	4677512217	4677512582	15	4676886377	4676886806	4676949131	4676951854	4676981834	4676982544	4677050093	4677057937	4677079282	4677081134	4677102674	4677103194	4677169705	4677170023	4677196066	4677196416	4677234506	4677235183	4677306441	4677306903	4677335321	4677335740	4677396533	4677397540	4677413982	4677414321	4677434475	4677435060	4677512187	4677512544
4677512928	4678101334	4678108128	15	4677540447	4677540852	4677572292	4677572960	4677636742	4677637153	4677658076	4677658490	4677725972	4677726497	4677770179	4677770529	4677800999	4677801348	4677862563	4677863472	4677885967	4677887907	4677927506	4677930531	4677991923	4677992326	4678016762	4678017156	4678024651	4678028112	4678075785	4678076179	4678101310	4678108087
4678108658	4678685095	4678685468	15	4678132022	4678132289	4678193514	4678194234	4678212978	4678213252	4678230432	4678230921	4678296062	4678296602	4678324466	4678324956	4678358939	4678359296	4678415540	4678416732	4678433534	4678434084	4678461468	4678461804	4678523256	4678523637	4678545113	4678546862	4678570526	4678570904	4678648259	4678648702	4678685004	4678685428
4678685813	4679332688	4679333337	15	4678760872	4678761306	4678796668	4678796997	4678861187	4678863441	4678894326	4678894909	4678922991	4678923769	4678988306	4678988745	4679008299	4679008676	4679035043	4679035427	4679105238	4679105942	4679130363	4679130749	4679156550	4679157330	4679216737	4679217463	4679242246	4679242603	4679273771	4679274274	4679332561	4679332980
4679333689	4680057421	4680057765	15	4679363334	4679363794	4679440514	4679441073	4679471871	4679473273	4679528392	4679529944	4679562990	4679564189	4679599634	4679600264	4679677890	4679678546	4679706906	4679707250	4679773943	4679775004	4679805350	4679805736	4679834869	4679835267	4679902789	4679903165	4679941246	4679942759	4680018488	4680018917	4680057386	4680057725
4680058170	4680715240	4680715732	15	4680122901	4680124142	4680148236	4680148881	4680163671	4680164350	4680209085	4680209465	4680239817	4680240274	4680270809	4680271714	4680344106	4680344469	4680379429	4680379917	4680454399	4680455325	4680486382	4680489227	4680513210	4680514355	4680580146	4680580538	4680608357	4680608708	4680678747	4680679172	4680715204	4680715656
4680716134	4681390085	4681390426	15	4680781177	4680782260	4680800906	4680801294	4680831418	4680832106	4680897063	4680897436	4680915456	4680916961	4680949653	4680950012	4681015344	4681016688	4681043450	4681043861	4681118036	4681118580	4681144596	4681144895	4681185726	4681186282	4681259157	4681259761	4681290902	4681292482	4681360065	4681360451	4681390055	4681390387
4681391155	4682053838	4682055469	15	4681449766	4681450106	4681489284	4681491172	4681523790	4681524198	4681587052	4681587434	4681617193	4681617809	4681679995	4681686879	4681712126	4681712500	4681737807	4681738165	4681768545	4681783838	4681820723	4681821069	4681854201	4681854502	4681922081	4681922510	4681950402	4681950799	4682014026	4682014482	4682053801	4682054174
4682055889	4682315815	4682316056	15	4682090172	4682090567	4682150862	4682158764	4682154341	4682160395	4682158375	4682161846	4682171195	4682171901	4682189089	4682189414	4682211092	4682214277	4682214030	4682215308	4682254680	4682255931	4682266269	4682270852	4682268303	4682271880	4682270389	4682272659	4682279748	4682279964	4682298498	4682298724	4682315795	4682316037
4682316329	4682934892	4682935556	15	4682377474	4682378652	4682400859	4682403109	4682419100	4682419590	4682465615	4682466592	4682493696	4682494264	4682519044	4682519404	4682539064	4682539434	4682602477	4682602963	4682627240	4682628772	4682701071	4682701495	4682739074	4682739886	4682796302	4682797153	4682846014	4682846427	4682874615	4682875008	4682934858	4682935485
4682935909	4683519276	4683520158	15	4682959529	4682959937	4682990092	4682990571	4683054128	4683054938	4683089211	4683089641	4683151618	4683153423	4683176706	4683177034	4683199183	4683201049	4683256063	4683256534	4683283547	4683284174	4683305809	4683306111	4683331882	4683332118	4683393819	4683394311	4683424266	4683425004	4683480355	4683480675	4683519245	4683520117
4683520626	4684181442	4684182074	15	4683548246	4683548571	4683611318	4683612402	4683642056	4683642824	4683664532	4683665121	4683733994	4683734607	4683771408	4683771820	4683801422	4683802339	4683843905	4683844759	4683879710	4683881139	4683943158	4683943632	4683967373	4683967772	4684011834	4684012222	4684080399	4684081760	4684108564	4684109156	4684181407	4684182002
4684182417	4684890922	4684891478	15	4684215933	4684216330	4684287947	4684289160	4684313784	4684314345	4684331236	4684331582	4684389528	4684390018	4684422474	4684424188	4684459084	4684459435	4684529975	4684530408	4684565647	4684566286	4684629002	4684629447	4684655059	4684655460	4684703104	4684703623	4684759449	4684760073	4684800768	4684801509	4684890887	4684891220
4684891895	4685541400	4685543037	15	4684952676	4684953834	4684977844	4684978393	4685016024	4685018188	4685075950	4685076313	4685114315	4685115436	4685139434	4685140220	4685208601	4685209002	4685236260	4685236665	4685289582	4685295840	4685327128	4685327484	4685358284	4685358834	4685417201	4685417620	4685447571	4685447951	4685473938	4685474456	4685541369	4685542966
4685545858	4686149207	4686150026	15	4685564069	4685564426	4685586038	4685586434	4685656620	4685659161	4685685121	4685685475	4685754899	4685756530	4685789153	4685789542	4685812461	4685813080	4685880755	4685881185	4685913190	4685913936	4685974736	4685975572	4685998672	4685999250	4686018030	4686018412	4686041473	4686041843	4686108791	4686109226	4686149175	4686149837
4686150440	4686562007	4686562041	15	4686231177	4686232137	4686255147	4686264526	4686260959	4686266052	4686282921	4686283271	4686316098	4686321419	4686318846	4686322636	4686322019	4686323726	4686335536	4686335788	4686354348	4686354764	4686375572	4686375831	4686435627	4686436466	4686458522	4686458884	4686475169	4686475882	4686523340	4686523800	4686559866	4686561941
4686562388	4687082664	4687083409	15	4686579240	4686579574	4686596695	4686597419	4686663698	4686665174	4686686693	4686687107	4686705042	4686706122	4686711356	4686715334	4686714695	4686716642	4686766312	4686766808	4686796749	4686797994	4686825593	4686826110	4686887413	4686889372	4686919655	4686920011	4686994301	4686994769	4687036311	4687036894	4687082630	4687083368
4687096921	4687778600	4687778975	15	4687141598	4687141941	4687169885	4687178574	4687243462	4687246119	4687276135	4687276520	4687335289	4687336920	4687375508	4687375917	4687433950	4687434517	4687466039	4687466361	4687494310	4687495083	4687556859	4687557335	4687591887	4687592214	4687621265	4687621675	4687693514	4687693911	4687721881	4687722620	4687778569	4687778932
4687779637	4688500236	4688502132	15	4687807975	4687808845	4687836444	4687837041	4687915740	4687916560	4687945000	4687945405	4688023796	4688025730	4688058747	4688059080	4688127611	4688128043	4688170115	4688170482	4688249093	4688249577	4688265906	4688266277	4688286235	4688286620	4688351194	4688351682	4688393612	4688393983	4688458749	4688459109	4688500134	4688501249
4688502930	4689249293	4689251844	15	4688549149	4688564258	4688618874	4688619727	4688682623	4688683263	4688729373	4688730870	4688794690	4688795616	4688819748	4688820172	4688846483	4688846831	4688904749	4688905146	4688939401	4688942180	4688981873	4688982574	4689051852	4689053413	4689078810	4689079853	4689149641	4689150035	4689177548	4689177884	4689249258	4689249644
4689253003	4689967341	4689967640	15	4689289329	4689290414	4689359989	4689360772	4689402426	4689404155	4689472645	4689473770	4689511795	4689513527	4689582135	4689582575	4689609115	4689609487	4689638467	4689639238	4689700224	4689703215	4689735949	4689736324	4689768200	4689768615	4689833612	4689834031	4689863203	4689863686	4689935564	4689936519	4689967309	4689967603
